
 /----------------------------------------------------------------------------\
 |                                                                            |
 |  yosys -- Yosys Open SYnthesis Suite                                       |
 |                                                                            |
 |  Copyright (C) 2012 - 2020  Claire Xenia Wolf <claire@yosyshq.com>         |
 |                                                                            |
 |  Permission to use, copy, modify, and/or distribute this software for any  |
 |  purpose with or without fee is hereby granted, provided that the above    |
 |  copyright notice and this permission notice appear in all copies.         |
 |                                                                            |
 |  THE SOFTWARE IS PROVIDED "AS IS" AND THE AUTHOR DISCLAIMS ALL WARRANTIES  |
 |  WITH REGARD TO THIS SOFTWARE INCLUDING ALL IMPLIED WARRANTIES OF          |
 |  MERCHANTABILITY AND FITNESS. IN NO EVENT SHALL THE AUTHOR BE LIABLE FOR   |
 |  ANY SPECIAL, DIRECT, INDIRECT, OR CONSEQUENTIAL DAMAGES OR ANY DAMAGES    |
 |  WHATSOEVER RESULTING FROM LOSS OF USE, DATA OR PROFITS, WHETHER IN AN     |
 |  ACTION OF CONTRACT, NEGLIGENCE OR OTHER TORTIOUS ACTION, ARISING OUT OF   |
 |  OR IN CONNECTION WITH THE USE OR PERFORMANCE OF THIS SOFTWARE.            |
 |                                                                            |
 \----------------------------------------------------------------------------/

 Yosys 0.30+48 (git sha1 14d50a176d5, gcc 8.3.1 -fPIC -Os)

[TCL: yosys -import] Command name collision: found pre-existing command `cd' -> skip.
[TCL: yosys -import] Command name collision: found pre-existing command `eval' -> skip.
[TCL: yosys -import] Command name collision: found pre-existing command `exec' -> skip.
[TCL: yosys -import] Command name collision: found pre-existing command `read' -> skip.
[TCL: yosys -import] Command name collision: found pre-existing command `trace' -> skip.

1. Executing Liberty frontend: /openlane/designs/bist_top/macros/sram_64x4.lib
Imported 1 cell types from liberty file.

2. Executing Verilog-2005 frontend: /openlane/designs/bist_top/src/pattern_generator.v
Parsing SystemVerilog input from `/openlane/designs/bist_top/src/pattern_generator.v' to AST representation.
Generating RTLIL representation for module `\pattern_generator'.
Successfully finished Verilog frontend.

3. Executing Verilog-2005 frontend: /openlane/designs/bist_top/src/test_engine.v
Parsing SystemVerilog input from `/openlane/designs/bist_top/src/test_engine.v' to AST representation.
Generating RTLIL representation for module `\test_engine'.
Successfully finished Verilog frontend.

4. Executing Verilog-2005 frontend: /openlane/designs/bist_top/src/data_comparator.v
Parsing SystemVerilog input from `/openlane/designs/bist_top/src/data_comparator.v' to AST representation.
Generating RTLIL representation for module `\data_comparator'.
Successfully finished Verilog frontend.

5. Executing Verilog-2005 frontend: /openlane/designs/bist_top/src/bist_top.v
Parsing SystemVerilog input from `/openlane/designs/bist_top/src/bist_top.v' to AST representation.
Generating RTLIL representation for module `\bist_top'.
Successfully finished Verilog frontend.

6. Executing Verilog-2005 frontend: /openlane/designs/bist_top/src/sram_wrapper.v
Parsing SystemVerilog input from `/openlane/designs/bist_top/src/sram_wrapper.v' to AST representation.
Warning: Encountered `translate_off' comment! Such legacy hot comments are supported by Yosys, but are not part of any formal language specification. Using a portable and standards-compliant construct such as `ifdef is recommended!
Generating RTLIL representation for module `\sram_wrapper'.
Warning: Replacing memory \mem with list of registers. See /openlane/designs/bist_top/src/sram_wrapper.v:54
Successfully finished Verilog frontend.

7. Executing Verilog-2005 frontend: /openlane/designs/bist_top/src/add_gen.v
Parsing SystemVerilog input from `/openlane/designs/bist_top/src/add_gen.v' to AST representation.
Generating RTLIL representation for module `\add_gen'.
Successfully finished Verilog frontend.

8. Executing Verilog-2005 frontend: /openlane/designs/bist_top/macros/sram_64x4.v
Parsing SystemVerilog input from `/openlane/designs/bist_top/macros/sram_64x4.v' to AST representation.
Replacing existing blackbox module `\sram_64x4' at /openlane/designs/bist_top/macros/sram_64x4.v:9.1-23.10.
Generating RTLIL representation for module `\sram_64x4'.
Successfully finished Verilog frontend.

9. Generating Graphviz representation of design.
Writing dot description to `/openlane/designs/bist_top/runs/RUN_2026.07.07_06.59.45/tmp/synthesis/hierarchy.dot'.
Dumping module bist_top to page 1.

10. Executing HIERARCHY pass (managing design hierarchy).

10.1. Analyzing design hierarchy..
Top module:  \bist_top
Used module:     \test_engine
Used module:     \data_comparator
Used module:     \sram_wrapper
Used module:     \pattern_generator
Used module:     \add_gen
Parameter \ADDR_WIDTH = 6
Parameter \DATA_WIDTH = 4

10.2. Executing AST frontend in derive mode using pre-parsed AST for module `\sram_wrapper'.
Parameter \ADDR_WIDTH = 6
Parameter \DATA_WIDTH = 4
Generating RTLIL representation for module `$paramod$68405b8dfca755b266af259f9da6c1ca0c28e767\sram_wrapper'.
Warning: Replacing memory \mem with list of registers. See /openlane/designs/bist_top/src/sram_wrapper.v:54

10.3. Analyzing design hierarchy..
Top module:  \bist_top
Used module:     \test_engine
Used module:     \data_comparator
Used module:     $paramod$68405b8dfca755b266af259f9da6c1ca0c28e767\sram_wrapper
Used module:     \pattern_generator
Used module:     \add_gen

10.4. Analyzing design hierarchy..
Top module:  \bist_top
Used module:     \test_engine
Used module:     \data_comparator
Used module:     $paramod$68405b8dfca755b266af259f9da6c1ca0c28e767\sram_wrapper
Used module:     \pattern_generator
Used module:     \add_gen
Removing unused module `\sram_wrapper'.
Removed 1 unused modules.

11. Executing TRIBUF pass.

12. Executing HIERARCHY pass (managing design hierarchy).

12.1. Analyzing design hierarchy..
Top module:  \bist_top
Used module:     \test_engine
Used module:     \data_comparator
Used module:     $paramod$68405b8dfca755b266af259f9da6c1ca0c28e767\sram_wrapper
Used module:     \pattern_generator
Used module:     \add_gen

12.2. Analyzing design hierarchy..
Top module:  \bist_top
Used module:     \test_engine
Used module:     \data_comparator
Used module:     $paramod$68405b8dfca755b266af259f9da6c1ca0c28e767\sram_wrapper
Used module:     \pattern_generator
Used module:     \add_gen
Removed 0 unused modules.

13. Executing PROC_CLEAN pass (remove empty switches from decision trees).
Cleaned up 0 empty switches.

14. Executing PROC_RMDEAD pass (remove dead branches from decision trees).
Removed 1 dead cases from process $proc$/openlane/designs/bist_top/src/sram_wrapper.v:41$82 in module $paramod$68405b8dfca755b266af259f9da6c1ca0c28e767\sram_wrapper.
Marked 6 switch rules as full_case in process $proc$/openlane/designs/bist_top/src/sram_wrapper.v:41$82 in module $paramod$68405b8dfca755b266af259f9da6c1ca0c28e767\sram_wrapper.
Marked 2 switch rules as full_case in process $proc$/openlane/designs/bist_top/src/data_comparator.v:19$19 in module data_comparator.
Marked 1 switch rules as full_case in process $proc$/openlane/designs/bist_top/src/test_engine.v:100$18 in module test_engine.
Marked 6 switch rules as full_case in process $proc$/openlane/designs/bist_top/src/test_engine.v:85$17 in module test_engine.
Marked 1 switch rules as full_case in process $proc$/openlane/designs/bist_top/src/test_engine.v:40$5 in module test_engine.
Removed 1 dead cases from process $proc$/openlane/designs/bist_top/src/pattern_generator.v:29$4 in module pattern_generator.
Marked 1 switch rules as full_case in process $proc$/openlane/designs/bist_top/src/pattern_generator.v:29$4 in module pattern_generator.
Marked 1 switch rules as full_case in process $proc$/openlane/designs/bist_top/src/pattern_generator.v:22$1 in module pattern_generator.
Marked 3 switch rules as full_case in process $proc$/openlane/designs/bist_top/src/add_gen.v:26$67 in module add_gen.
Removed a total of 2 dead cases.

15. Executing PROC_PRUNE pass (remove redundant assignments in processes).
Removed 7 redundant assignments.
Promoted 11 assignments to connections.

16. Executing PROC_INIT pass (extract init attributes).

17. Executing PROC_ARST pass (detect async resets in processes).
Found async reset \rst_n in `$paramod$68405b8dfca755b266af259f9da6c1ca0c28e767\sram_wrapper.$proc$/openlane/designs/bist_top/src/sram_wrapper.v:41$82'.
Found async reset \rst_n in `\data_comparator.$proc$/openlane/designs/bist_top/src/data_comparator.v:19$19'.
Found async reset \rst_n in `\test_engine.$proc$/openlane/designs/bist_top/src/test_engine.v:40$5'.
Found async reset \rst_n in `\pattern_generator.$proc$/openlane/designs/bist_top/src/pattern_generator.v:22$1'.
Found async reset \rst_n in `\add_gen.$proc$/openlane/designs/bist_top/src/add_gen.v:26$67'.

18. Executing PROC_ROM pass (convert switches to ROMs).
Converted 0 switches.
<suppressed ~30 debug messages>

19. Executing PROC_MUX pass (convert decision trees to multiplexers).
Creating decoders for process `$paramod$68405b8dfca755b266af259f9da6c1ca0c28e767\sram_wrapper.$proc$/openlane/designs/bist_top/src/sram_wrapper.v:41$82'.
     1/82: $4$mem2reg_rd$\mem$/openlane/designs/bist_top/src/sram_wrapper.v:61$76_DATA[3:0]$104
     2/82: $0\rdata[3:0]
     3/82: $3$mem2reg_rd$\mem$/openlane/designs/bist_top/src/sram_wrapper.v:61$76_DATA[3:0]$103
     4/82: $3$mem2reg_rd$\mem$/openlane/designs/bist_top/src/sram_wrapper.v:61$76_ADDR[5:0]$102
     5/82: $3$mem2reg_wr$\mem$/openlane/designs/bist_top/src/sram_wrapper.v:54$75_ADDR[5:0]$100
     6/82: $3$mem2reg_wr$\mem$/openlane/designs/bist_top/src/sram_wrapper.v:54$75_DATA[3:0]$101
     7/82: $2$mem2reg_rd$\mem$/openlane/designs/bist_top/src/sram_wrapper.v:61$76_DATA[3:0]$96
     8/82: $2$mem2reg_rd$\mem$/openlane/designs/bist_top/src/sram_wrapper.v:61$76_ADDR[5:0]$95
     9/82: $0\re_r[0:0]
    10/82: $2$mem2reg_wr$\mem$/openlane/designs/bist_top/src/sram_wrapper.v:54$75_DATA[3:0]$94
    11/82: $2$mem2reg_wr$\mem$/openlane/designs/bist_top/src/sram_wrapper.v:54$75_ADDR[5:0]$93
    12/82: $0\rvalid[0:0]
    13/82: $1$mem2reg_rd$\mem$/openlane/designs/bist_top/src/sram_wrapper.v:61$76_DATA[3:0]$91
    14/82: $1$mem2reg_rd$\mem$/openlane/designs/bist_top/src/sram_wrapper.v:61$76_ADDR[5:0]$90
    15/82: $1$mem2reg_wr$\mem$/openlane/designs/bist_top/src/sram_wrapper.v:54$75_DATA[3:0]$89
    16/82: $1$mem2reg_wr$\mem$/openlane/designs/bist_top/src/sram_wrapper.v:54$75_ADDR[5:0]$88
    17/82: $0\mem[63][3:0]
    18/82: $0\mem[62][3:0]
    19/82: $0\mem[61][3:0]
    20/82: $0\mem[60][3:0]
    21/82: $0\mem[59][3:0]
    22/82: $0\mem[58][3:0]
    23/82: $0\mem[57][3:0]
    24/82: $0\mem[56][3:0]
    25/82: $0\mem[55][3:0]
    26/82: $0\mem[54][3:0]
    27/82: $0\mem[53][3:0]
    28/82: $0\mem[52][3:0]
    29/82: $0\mem[51][3:0]
    30/82: $0\mem[50][3:0]
    31/82: $0\mem[49][3:0]
    32/82: $0\mem[48][3:0]
    33/82: $0\mem[47][3:0]
    34/82: $0\mem[46][3:0]
    35/82: $0\mem[45][3:0]
    36/82: $0\mem[44][3:0]
    37/82: $0\mem[43][3:0]
    38/82: $0\mem[42][3:0]
    39/82: $0\mem[41][3:0]
    40/82: $0\mem[40][3:0]
    41/82: $0\mem[39][3:0]
    42/82: $0\mem[38][3:0]
    43/82: $0\mem[37][3:0]
    44/82: $0\mem[36][3:0]
    45/82: $0\mem[35][3:0]
    46/82: $0\mem[34][3:0]
    47/82: $0\mem[33][3:0]
    48/82: $0\mem[32][3:0]
    49/82: $0\mem[31][3:0]
    50/82: $0\mem[30][3:0]
    51/82: $0\mem[29][3:0]
    52/82: $0\mem[28][3:0]
    53/82: $0\mem[27][3:0]
    54/82: $0\mem[26][3:0]
    55/82: $0\mem[25][3:0]
    56/82: $0\mem[24][3:0]
    57/82: $0\mem[23][3:0]
    58/82: $0\mem[22][3:0]
    59/82: $0\mem[21][3:0]
    60/82: $0\mem[20][3:0]
    61/82: $0\mem[19][3:0]
    62/82: $0\mem[18][3:0]
    63/82: $0\mem[17][3:0]
    64/82: $0\mem[16][3:0]
    65/82: $0\mem[15][3:0]
    66/82: $0\mem[14][3:0]
    67/82: $0\mem[13][3:0]
    68/82: $0\mem[12][3:0]
    69/82: $0\mem[11][3:0]
    70/82: $0\mem[10][3:0]
    71/82: $0\mem[9][3:0]
    72/82: $0\mem[8][3:0]
    73/82: $0\mem[7][3:0]
    74/82: $0\mem[6][3:0]
    75/82: $0\mem[5][3:0]
    76/82: $0\mem[4][3:0]
    77/82: $0\mem[3][3:0]
    78/82: $0\mem[2][3:0]
    79/82: $0\mem[1][3:0]
    80/82: $0\mem[0][3:0]
    81/82: $0\addr_r[5:0]
    82/82: $0\protocol_error[0:0]
Creating decoders for process `\data_comparator.$proc$/openlane/designs/bist_top/src/data_comparator.v:19$19'.
     1/3: $0\compare_done[0:0]
     2/3: $0\fail_code[3:0]
     3/3: $0\pass_fail[0:0]
Creating decoders for process `\test_engine.$proc$/openlane/designs/bist_top/src/test_engine.v:100$18'.
     1/5: $1\compare_enable[0:0]
     2/5: $1\read_enable[0:0]
     3/5: $1\write_enable[0:0]
     4/5: $1\pattern_enable[0:0]
     5/5: $1\addr_enable[0:0]
Creating decoders for process `\test_engine.$proc$/openlane/designs/bist_top/src/test_engine.v:85$17'.
     1/6: $6\next_state[2:0]
     2/6: $5\next_state[2:0]
     3/6: $4\next_state[2:0]
     4/6: $3\next_state[2:0]
     5/6: $2\next_state[2:0]
     6/6: $1\next_state[2:0]
Creating decoders for process `\test_engine.$proc$/openlane/designs/bist_top/src/test_engine.v:40$5'.
     1/7: $0\test_done[0:0]
     2/7: $0\state[2:0]
     3/7: $0\addr_start[0:0]
     4/7: $0\addr_done_seen[0:0]
     5/7: $0\fail_latch[0:0]
     6/7: $0\overall_fail[0:0]
     7/7: $0\overall_pass[0:0]
Creating decoders for process `\pattern_generator.$proc$/openlane/designs/bist_top/src/pattern_generator.v:29$4'.
     1/1: $1\pattern[3:0]
Creating decoders for process `\pattern_generator.$proc$/openlane/designs/bist_top/src/pattern_generator.v:22$1'.
     1/1: $0\state_r[1:0]
Creating decoders for process `\add_gen.$proc$/openlane/designs/bist_top/src/add_gen.v:26$67'.
     1/4: $0\addr_valid[0:0]
     2/4: $0\addr[5:0]
     3/4: $0\done[0:0]
     4/4: $0\state[1:0]

20. Executing PROC_DLATCH pass (convert process syncs to latches).
No latch inferred for signal `\test_engine.\addr_enable' from process `\test_engine.$proc$/openlane/designs/bist_top/src/test_engine.v:100$18'.
No latch inferred for signal `\test_engine.\pattern_enable' from process `\test_engine.$proc$/openlane/designs/bist_top/src/test_engine.v:100$18'.
No latch inferred for signal `\test_engine.\write_enable' from process `\test_engine.$proc$/openlane/designs/bist_top/src/test_engine.v:100$18'.
No latch inferred for signal `\test_engine.\read_enable' from process `\test_engine.$proc$/openlane/designs/bist_top/src/test_engine.v:100$18'.
No latch inferred for signal `\test_engine.\compare_enable' from process `\test_engine.$proc$/openlane/designs/bist_top/src/test_engine.v:100$18'.
No latch inferred for signal `\test_engine.\next_state' from process `\test_engine.$proc$/openlane/designs/bist_top/src/test_engine.v:85$17'.
No latch inferred for signal `\pattern_generator.\pattern' from process `\pattern_generator.$proc$/openlane/designs/bist_top/src/pattern_generator.v:29$4'.

21. Executing PROC_DFF pass (convert process syncs to FFs).
Creating register for signal `$paramod$68405b8dfca755b266af259f9da6c1ca0c28e767\sram_wrapper.\rvalid' using process `$paramod$68405b8dfca755b266af259f9da6c1ca0c28e767\sram_wrapper.$proc$/openlane/designs/bist_top/src/sram_wrapper.v:41$82'.
  created $adff cell `$procdff$2927' with positive edge clock and negative level reset.
Creating register for signal `$paramod$68405b8dfca755b266af259f9da6c1ca0c28e767\sram_wrapper.\protocol_error' using process `$paramod$68405b8dfca755b266af259f9da6c1ca0c28e767\sram_wrapper.$proc$/openlane/designs/bist_top/src/sram_wrapper.v:41$82'.
  created $adff cell `$procdff$2928' with positive edge clock and negative level reset.
Creating register for signal `$paramod$68405b8dfca755b266af259f9da6c1ca0c28e767\sram_wrapper.\rdata' using process `$paramod$68405b8dfca755b266af259f9da6c1ca0c28e767\sram_wrapper.$proc$/openlane/designs/bist_top/src/sram_wrapper.v:41$82'.
  created $adff cell `$procdff$2929' with positive edge clock and negative level reset.
Creating register for signal `$paramod$68405b8dfca755b266af259f9da6c1ca0c28e767\sram_wrapper.\re_r' using process `$paramod$68405b8dfca755b266af259f9da6c1ca0c28e767\sram_wrapper.$proc$/openlane/designs/bist_top/src/sram_wrapper.v:41$82'.
  created $adff cell `$procdff$2930' with positive edge clock and negative level reset.
Creating register for signal `$paramod$68405b8dfca755b266af259f9da6c1ca0c28e767\sram_wrapper.\addr_r' using process `$paramod$68405b8dfca755b266af259f9da6c1ca0c28e767\sram_wrapper.$proc$/openlane/designs/bist_top/src/sram_wrapper.v:41$82'.
  created $adff cell `$procdff$2931' with positive edge clock and negative level reset.
Creating register for signal `$paramod$68405b8dfca755b266af259f9da6c1ca0c28e767\sram_wrapper.\mem[0]' using process `$paramod$68405b8dfca755b266af259f9da6c1ca0c28e767\sram_wrapper.$proc$/openlane/designs/bist_top/src/sram_wrapper.v:41$82'.
  created $dff cell `$procdff$2934' with positive edge clock.
Creating register for signal `$paramod$68405b8dfca755b266af259f9da6c1ca0c28e767\sram_wrapper.\mem[1]' using process `$paramod$68405b8dfca755b266af259f9da6c1ca0c28e767\sram_wrapper.$proc$/openlane/designs/bist_top/src/sram_wrapper.v:41$82'.
  created $dff cell `$procdff$2937' with positive edge clock.
Creating register for signal `$paramod$68405b8dfca755b266af259f9da6c1ca0c28e767\sram_wrapper.\mem[2]' using process `$paramod$68405b8dfca755b266af259f9da6c1ca0c28e767\sram_wrapper.$proc$/openlane/designs/bist_top/src/sram_wrapper.v:41$82'.
  created $dff cell `$procdff$2940' with positive edge clock.
Creating register for signal `$paramod$68405b8dfca755b266af259f9da6c1ca0c28e767\sram_wrapper.\mem[3]' using process `$paramod$68405b8dfca755b266af259f9da6c1ca0c28e767\sram_wrapper.$proc$/openlane/designs/bist_top/src/sram_wrapper.v:41$82'.
  created $dff cell `$procdff$2943' with positive edge clock.
Creating register for signal `$paramod$68405b8dfca755b266af259f9da6c1ca0c28e767\sram_wrapper.\mem[4]' using process `$paramod$68405b8dfca755b266af259f9da6c1ca0c28e767\sram_wrapper.$proc$/openlane/designs/bist_top/src/sram_wrapper.v:41$82'.
  created $dff cell `$procdff$2946' with positive edge clock.
Creating register for signal `$paramod$68405b8dfca755b266af259f9da6c1ca0c28e767\sram_wrapper.\mem[5]' using process `$paramod$68405b8dfca755b266af259f9da6c1ca0c28e767\sram_wrapper.$proc$/openlane/designs/bist_top/src/sram_wrapper.v:41$82'.
  created $dff cell `$procdff$2949' with positive edge clock.
Creating register for signal `$paramod$68405b8dfca755b266af259f9da6c1ca0c28e767\sram_wrapper.\mem[6]' using process `$paramod$68405b8dfca755b266af259f9da6c1ca0c28e767\sram_wrapper.$proc$/openlane/designs/bist_top/src/sram_wrapper.v:41$82'.
  created $dff cell `$procdff$2952' with positive edge clock.
Creating register for signal `$paramod$68405b8dfca755b266af259f9da6c1ca0c28e767\sram_wrapper.\mem[7]' using process `$paramod$68405b8dfca755b266af259f9da6c1ca0c28e767\sram_wrapper.$proc$/openlane/designs/bist_top/src/sram_wrapper.v:41$82'.
  created $dff cell `$procdff$2955' with positive edge clock.
Creating register for signal `$paramod$68405b8dfca755b266af259f9da6c1ca0c28e767\sram_wrapper.\mem[8]' using process `$paramod$68405b8dfca755b266af259f9da6c1ca0c28e767\sram_wrapper.$proc$/openlane/designs/bist_top/src/sram_wrapper.v:41$82'.
  created $dff cell `$procdff$2958' with positive edge clock.
Creating register for signal `$paramod$68405b8dfca755b266af259f9da6c1ca0c28e767\sram_wrapper.\mem[9]' using process `$paramod$68405b8dfca755b266af259f9da6c1ca0c28e767\sram_wrapper.$proc$/openlane/designs/bist_top/src/sram_wrapper.v:41$82'.
  created $dff cell `$procdff$2961' with positive edge clock.
Creating register for signal `$paramod$68405b8dfca755b266af259f9da6c1ca0c28e767\sram_wrapper.\mem[10]' using process `$paramod$68405b8dfca755b266af259f9da6c1ca0c28e767\sram_wrapper.$proc$/openlane/designs/bist_top/src/sram_wrapper.v:41$82'.
  created $dff cell `$procdff$2964' with positive edge clock.
Creating register for signal `$paramod$68405b8dfca755b266af259f9da6c1ca0c28e767\sram_wrapper.\mem[11]' using process `$paramod$68405b8dfca755b266af259f9da6c1ca0c28e767\sram_wrapper.$proc$/openlane/designs/bist_top/src/sram_wrapper.v:41$82'.
  created $dff cell `$procdff$2967' with positive edge clock.
Creating register for signal `$paramod$68405b8dfca755b266af259f9da6c1ca0c28e767\sram_wrapper.\mem[12]' using process `$paramod$68405b8dfca755b266af259f9da6c1ca0c28e767\sram_wrapper.$proc$/openlane/designs/bist_top/src/sram_wrapper.v:41$82'.
  created $dff cell `$procdff$2970' with positive edge clock.
Creating register for signal `$paramod$68405b8dfca755b266af259f9da6c1ca0c28e767\sram_wrapper.\mem[13]' using process `$paramod$68405b8dfca755b266af259f9da6c1ca0c28e767\sram_wrapper.$proc$/openlane/designs/bist_top/src/sram_wrapper.v:41$82'.
  created $dff cell `$procdff$2973' with positive edge clock.
Creating register for signal `$paramod$68405b8dfca755b266af259f9da6c1ca0c28e767\sram_wrapper.\mem[14]' using process `$paramod$68405b8dfca755b266af259f9da6c1ca0c28e767\sram_wrapper.$proc$/openlane/designs/bist_top/src/sram_wrapper.v:41$82'.
  created $dff cell `$procdff$2976' with positive edge clock.
Creating register for signal `$paramod$68405b8dfca755b266af259f9da6c1ca0c28e767\sram_wrapper.\mem[15]' using process `$paramod$68405b8dfca755b266af259f9da6c1ca0c28e767\sram_wrapper.$proc$/openlane/designs/bist_top/src/sram_wrapper.v:41$82'.
  created $dff cell `$procdff$2979' with positive edge clock.
Creating register for signal `$paramod$68405b8dfca755b266af259f9da6c1ca0c28e767\sram_wrapper.\mem[16]' using process `$paramod$68405b8dfca755b266af259f9da6c1ca0c28e767\sram_wrapper.$proc$/openlane/designs/bist_top/src/sram_wrapper.v:41$82'.
  created $dff cell `$procdff$2982' with positive edge clock.
Creating register for signal `$paramod$68405b8dfca755b266af259f9da6c1ca0c28e767\sram_wrapper.\mem[17]' using process `$paramod$68405b8dfca755b266af259f9da6c1ca0c28e767\sram_wrapper.$proc$/openlane/designs/bist_top/src/sram_wrapper.v:41$82'.
  created $dff cell `$procdff$2985' with positive edge clock.
Creating register for signal `$paramod$68405b8dfca755b266af259f9da6c1ca0c28e767\sram_wrapper.\mem[18]' using process `$paramod$68405b8dfca755b266af259f9da6c1ca0c28e767\sram_wrapper.$proc$/openlane/designs/bist_top/src/sram_wrapper.v:41$82'.
  created $dff cell `$procdff$2988' with positive edge clock.
Creating register for signal `$paramod$68405b8dfca755b266af259f9da6c1ca0c28e767\sram_wrapper.\mem[19]' using process `$paramod$68405b8dfca755b266af259f9da6c1ca0c28e767\sram_wrapper.$proc$/openlane/designs/bist_top/src/sram_wrapper.v:41$82'.
  created $dff cell `$procdff$2991' with positive edge clock.
Creating register for signal `$paramod$68405b8dfca755b266af259f9da6c1ca0c28e767\sram_wrapper.\mem[20]' using process `$paramod$68405b8dfca755b266af259f9da6c1ca0c28e767\sram_wrapper.$proc$/openlane/designs/bist_top/src/sram_wrapper.v:41$82'.
  created $dff cell `$procdff$2994' with positive edge clock.
Creating register for signal `$paramod$68405b8dfca755b266af259f9da6c1ca0c28e767\sram_wrapper.\mem[21]' using process `$paramod$68405b8dfca755b266af259f9da6c1ca0c28e767\sram_wrapper.$proc$/openlane/designs/bist_top/src/sram_wrapper.v:41$82'.
  created $dff cell `$procdff$2997' with positive edge clock.
Creating register for signal `$paramod$68405b8dfca755b266af259f9da6c1ca0c28e767\sram_wrapper.\mem[22]' using process `$paramod$68405b8dfca755b266af259f9da6c1ca0c28e767\sram_wrapper.$proc$/openlane/designs/bist_top/src/sram_wrapper.v:41$82'.
  created $dff cell `$procdff$3000' with positive edge clock.
Creating register for signal `$paramod$68405b8dfca755b266af259f9da6c1ca0c28e767\sram_wrapper.\mem[23]' using process `$paramod$68405b8dfca755b266af259f9da6c1ca0c28e767\sram_wrapper.$proc$/openlane/designs/bist_top/src/sram_wrapper.v:41$82'.
  created $dff cell `$procdff$3003' with positive edge clock.
Creating register for signal `$paramod$68405b8dfca755b266af259f9da6c1ca0c28e767\sram_wrapper.\mem[24]' using process `$paramod$68405b8dfca755b266af259f9da6c1ca0c28e767\sram_wrapper.$proc$/openlane/designs/bist_top/src/sram_wrapper.v:41$82'.
  created $dff cell `$procdff$3006' with positive edge clock.
Creating register for signal `$paramod$68405b8dfca755b266af259f9da6c1ca0c28e767\sram_wrapper.\mem[25]' using process `$paramod$68405b8dfca755b266af259f9da6c1ca0c28e767\sram_wrapper.$proc$/openlane/designs/bist_top/src/sram_wrapper.v:41$82'.
  created $dff cell `$procdff$3009' with positive edge clock.
Creating register for signal `$paramod$68405b8dfca755b266af259f9da6c1ca0c28e767\sram_wrapper.\mem[26]' using process `$paramod$68405b8dfca755b266af259f9da6c1ca0c28e767\sram_wrapper.$proc$/openlane/designs/bist_top/src/sram_wrapper.v:41$82'.
  created $dff cell `$procdff$3012' with positive edge clock.
Creating register for signal `$paramod$68405b8dfca755b266af259f9da6c1ca0c28e767\sram_wrapper.\mem[27]' using process `$paramod$68405b8dfca755b266af259f9da6c1ca0c28e767\sram_wrapper.$proc$/openlane/designs/bist_top/src/sram_wrapper.v:41$82'.
  created $dff cell `$procdff$3015' with positive edge clock.
Creating register for signal `$paramod$68405b8dfca755b266af259f9da6c1ca0c28e767\sram_wrapper.\mem[28]' using process `$paramod$68405b8dfca755b266af259f9da6c1ca0c28e767\sram_wrapper.$proc$/openlane/designs/bist_top/src/sram_wrapper.v:41$82'.
  created $dff cell `$procdff$3018' with positive edge clock.
Creating register for signal `$paramod$68405b8dfca755b266af259f9da6c1ca0c28e767\sram_wrapper.\mem[29]' using process `$paramod$68405b8dfca755b266af259f9da6c1ca0c28e767\sram_wrapper.$proc$/openlane/designs/bist_top/src/sram_wrapper.v:41$82'.
  created $dff cell `$procdff$3021' with positive edge clock.
Creating register for signal `$paramod$68405b8dfca755b266af259f9da6c1ca0c28e767\sram_wrapper.\mem[30]' using process `$paramod$68405b8dfca755b266af259f9da6c1ca0c28e767\sram_wrapper.$proc$/openlane/designs/bist_top/src/sram_wrapper.v:41$82'.
  created $dff cell `$procdff$3024' with positive edge clock.
Creating register for signal `$paramod$68405b8dfca755b266af259f9da6c1ca0c28e767\sram_wrapper.\mem[31]' using process `$paramod$68405b8dfca755b266af259f9da6c1ca0c28e767\sram_wrapper.$proc$/openlane/designs/bist_top/src/sram_wrapper.v:41$82'.
  created $dff cell `$procdff$3027' with positive edge clock.
Creating register for signal `$paramod$68405b8dfca755b266af259f9da6c1ca0c28e767\sram_wrapper.\mem[32]' using process `$paramod$68405b8dfca755b266af259f9da6c1ca0c28e767\sram_wrapper.$proc$/openlane/designs/bist_top/src/sram_wrapper.v:41$82'.
  created $dff cell `$procdff$3030' with positive edge clock.
Creating register for signal `$paramod$68405b8dfca755b266af259f9da6c1ca0c28e767\sram_wrapper.\mem[33]' using process `$paramod$68405b8dfca755b266af259f9da6c1ca0c28e767\sram_wrapper.$proc$/openlane/designs/bist_top/src/sram_wrapper.v:41$82'.
  created $dff cell `$procdff$3033' with positive edge clock.
Creating register for signal `$paramod$68405b8dfca755b266af259f9da6c1ca0c28e767\sram_wrapper.\mem[34]' using process `$paramod$68405b8dfca755b266af259f9da6c1ca0c28e767\sram_wrapper.$proc$/openlane/designs/bist_top/src/sram_wrapper.v:41$82'.
  created $dff cell `$procdff$3036' with positive edge clock.
Creating register for signal `$paramod$68405b8dfca755b266af259f9da6c1ca0c28e767\sram_wrapper.\mem[35]' using process `$paramod$68405b8dfca755b266af259f9da6c1ca0c28e767\sram_wrapper.$proc$/openlane/designs/bist_top/src/sram_wrapper.v:41$82'.
  created $dff cell `$procdff$3039' with positive edge clock.
Creating register for signal `$paramod$68405b8dfca755b266af259f9da6c1ca0c28e767\sram_wrapper.\mem[36]' using process `$paramod$68405b8dfca755b266af259f9da6c1ca0c28e767\sram_wrapper.$proc$/openlane/designs/bist_top/src/sram_wrapper.v:41$82'.
  created $dff cell `$procdff$3042' with positive edge clock.
Creating register for signal `$paramod$68405b8dfca755b266af259f9da6c1ca0c28e767\sram_wrapper.\mem[37]' using process `$paramod$68405b8dfca755b266af259f9da6c1ca0c28e767\sram_wrapper.$proc$/openlane/designs/bist_top/src/sram_wrapper.v:41$82'.
  created $dff cell `$procdff$3045' with positive edge clock.
Creating register for signal `$paramod$68405b8dfca755b266af259f9da6c1ca0c28e767\sram_wrapper.\mem[38]' using process `$paramod$68405b8dfca755b266af259f9da6c1ca0c28e767\sram_wrapper.$proc$/openlane/designs/bist_top/src/sram_wrapper.v:41$82'.
  created $dff cell `$procdff$3048' with positive edge clock.
Creating register for signal `$paramod$68405b8dfca755b266af259f9da6c1ca0c28e767\sram_wrapper.\mem[39]' using process `$paramod$68405b8dfca755b266af259f9da6c1ca0c28e767\sram_wrapper.$proc$/openlane/designs/bist_top/src/sram_wrapper.v:41$82'.
  created $dff cell `$procdff$3051' with positive edge clock.
Creating register for signal `$paramod$68405b8dfca755b266af259f9da6c1ca0c28e767\sram_wrapper.\mem[40]' using process `$paramod$68405b8dfca755b266af259f9da6c1ca0c28e767\sram_wrapper.$proc$/openlane/designs/bist_top/src/sram_wrapper.v:41$82'.
  created $dff cell `$procdff$3054' with positive edge clock.
Creating register for signal `$paramod$68405b8dfca755b266af259f9da6c1ca0c28e767\sram_wrapper.\mem[41]' using process `$paramod$68405b8dfca755b266af259f9da6c1ca0c28e767\sram_wrapper.$proc$/openlane/designs/bist_top/src/sram_wrapper.v:41$82'.
  created $dff cell `$procdff$3057' with positive edge clock.
Creating register for signal `$paramod$68405b8dfca755b266af259f9da6c1ca0c28e767\sram_wrapper.\mem[42]' using process `$paramod$68405b8dfca755b266af259f9da6c1ca0c28e767\sram_wrapper.$proc$/openlane/designs/bist_top/src/sram_wrapper.v:41$82'.
  created $dff cell `$procdff$3060' with positive edge clock.
Creating register for signal `$paramod$68405b8dfca755b266af259f9da6c1ca0c28e767\sram_wrapper.\mem[43]' using process `$paramod$68405b8dfca755b266af259f9da6c1ca0c28e767\sram_wrapper.$proc$/openlane/designs/bist_top/src/sram_wrapper.v:41$82'.
  created $dff cell `$procdff$3063' with positive edge clock.
Creating register for signal `$paramod$68405b8dfca755b266af259f9da6c1ca0c28e767\sram_wrapper.\mem[44]' using process `$paramod$68405b8dfca755b266af259f9da6c1ca0c28e767\sram_wrapper.$proc$/openlane/designs/bist_top/src/sram_wrapper.v:41$82'.
  created $dff cell `$procdff$3066' with positive edge clock.
Creating register for signal `$paramod$68405b8dfca755b266af259f9da6c1ca0c28e767\sram_wrapper.\mem[45]' using process `$paramod$68405b8dfca755b266af259f9da6c1ca0c28e767\sram_wrapper.$proc$/openlane/designs/bist_top/src/sram_wrapper.v:41$82'.
  created $dff cell `$procdff$3069' with positive edge clock.
Creating register for signal `$paramod$68405b8dfca755b266af259f9da6c1ca0c28e767\sram_wrapper.\mem[46]' using process `$paramod$68405b8dfca755b266af259f9da6c1ca0c28e767\sram_wrapper.$proc$/openlane/designs/bist_top/src/sram_wrapper.v:41$82'.
  created $dff cell `$procdff$3072' with positive edge clock.
Creating register for signal `$paramod$68405b8dfca755b266af259f9da6c1ca0c28e767\sram_wrapper.\mem[47]' using process `$paramod$68405b8dfca755b266af259f9da6c1ca0c28e767\sram_wrapper.$proc$/openlane/designs/bist_top/src/sram_wrapper.v:41$82'.
  created $dff cell `$procdff$3075' with positive edge clock.
Creating register for signal `$paramod$68405b8dfca755b266af259f9da6c1ca0c28e767\sram_wrapper.\mem[48]' using process `$paramod$68405b8dfca755b266af259f9da6c1ca0c28e767\sram_wrapper.$proc$/openlane/designs/bist_top/src/sram_wrapper.v:41$82'.
  created $dff cell `$procdff$3078' with positive edge clock.
Creating register for signal `$paramod$68405b8dfca755b266af259f9da6c1ca0c28e767\sram_wrapper.\mem[49]' using process `$paramod$68405b8dfca755b266af259f9da6c1ca0c28e767\sram_wrapper.$proc$/openlane/designs/bist_top/src/sram_wrapper.v:41$82'.
  created $dff cell `$procdff$3081' with positive edge clock.
Creating register for signal `$paramod$68405b8dfca755b266af259f9da6c1ca0c28e767\sram_wrapper.\mem[50]' using process `$paramod$68405b8dfca755b266af259f9da6c1ca0c28e767\sram_wrapper.$proc$/openlane/designs/bist_top/src/sram_wrapper.v:41$82'.
  created $dff cell `$procdff$3084' with positive edge clock.
Creating register for signal `$paramod$68405b8dfca755b266af259f9da6c1ca0c28e767\sram_wrapper.\mem[51]' using process `$paramod$68405b8dfca755b266af259f9da6c1ca0c28e767\sram_wrapper.$proc$/openlane/designs/bist_top/src/sram_wrapper.v:41$82'.
  created $dff cell `$procdff$3087' with positive edge clock.
Creating register for signal `$paramod$68405b8dfca755b266af259f9da6c1ca0c28e767\sram_wrapper.\mem[52]' using process `$paramod$68405b8dfca755b266af259f9da6c1ca0c28e767\sram_wrapper.$proc$/openlane/designs/bist_top/src/sram_wrapper.v:41$82'.
  created $dff cell `$procdff$3090' with positive edge clock.
Creating register for signal `$paramod$68405b8dfca755b266af259f9da6c1ca0c28e767\sram_wrapper.\mem[53]' using process `$paramod$68405b8dfca755b266af259f9da6c1ca0c28e767\sram_wrapper.$proc$/openlane/designs/bist_top/src/sram_wrapper.v:41$82'.
  created $dff cell `$procdff$3093' with positive edge clock.
Creating register for signal `$paramod$68405b8dfca755b266af259f9da6c1ca0c28e767\sram_wrapper.\mem[54]' using process `$paramod$68405b8dfca755b266af259f9da6c1ca0c28e767\sram_wrapper.$proc$/openlane/designs/bist_top/src/sram_wrapper.v:41$82'.
  created $dff cell `$procdff$3096' with positive edge clock.
Creating register for signal `$paramod$68405b8dfca755b266af259f9da6c1ca0c28e767\sram_wrapper.\mem[55]' using process `$paramod$68405b8dfca755b266af259f9da6c1ca0c28e767\sram_wrapper.$proc$/openlane/designs/bist_top/src/sram_wrapper.v:41$82'.
  created $dff cell `$procdff$3099' with positive edge clock.
Creating register for signal `$paramod$68405b8dfca755b266af259f9da6c1ca0c28e767\sram_wrapper.\mem[56]' using process `$paramod$68405b8dfca755b266af259f9da6c1ca0c28e767\sram_wrapper.$proc$/openlane/designs/bist_top/src/sram_wrapper.v:41$82'.
  created $dff cell `$procdff$3102' with positive edge clock.
Creating register for signal `$paramod$68405b8dfca755b266af259f9da6c1ca0c28e767\sram_wrapper.\mem[57]' using process `$paramod$68405b8dfca755b266af259f9da6c1ca0c28e767\sram_wrapper.$proc$/openlane/designs/bist_top/src/sram_wrapper.v:41$82'.
  created $dff cell `$procdff$3105' with positive edge clock.
Creating register for signal `$paramod$68405b8dfca755b266af259f9da6c1ca0c28e767\sram_wrapper.\mem[58]' using process `$paramod$68405b8dfca755b266af259f9da6c1ca0c28e767\sram_wrapper.$proc$/openlane/designs/bist_top/src/sram_wrapper.v:41$82'.
  created $dff cell `$procdff$3108' with positive edge clock.
Creating register for signal `$paramod$68405b8dfca755b266af259f9da6c1ca0c28e767\sram_wrapper.\mem[59]' using process `$paramod$68405b8dfca755b266af259f9da6c1ca0c28e767\sram_wrapper.$proc$/openlane/designs/bist_top/src/sram_wrapper.v:41$82'.
  created $dff cell `$procdff$3111' with positive edge clock.
Creating register for signal `$paramod$68405b8dfca755b266af259f9da6c1ca0c28e767\sram_wrapper.\mem[60]' using process `$paramod$68405b8dfca755b266af259f9da6c1ca0c28e767\sram_wrapper.$proc$/openlane/designs/bist_top/src/sram_wrapper.v:41$82'.
  created $dff cell `$procdff$3114' with positive edge clock.
Creating register for signal `$paramod$68405b8dfca755b266af259f9da6c1ca0c28e767\sram_wrapper.\mem[61]' using process `$paramod$68405b8dfca755b266af259f9da6c1ca0c28e767\sram_wrapper.$proc$/openlane/designs/bist_top/src/sram_wrapper.v:41$82'.
  created $dff cell `$procdff$3117' with positive edge clock.
Creating register for signal `$paramod$68405b8dfca755b266af259f9da6c1ca0c28e767\sram_wrapper.\mem[62]' using process `$paramod$68405b8dfca755b266af259f9da6c1ca0c28e767\sram_wrapper.$proc$/openlane/designs/bist_top/src/sram_wrapper.v:41$82'.
  created $dff cell `$procdff$3120' with positive edge clock.
Creating register for signal `$paramod$68405b8dfca755b266af259f9da6c1ca0c28e767\sram_wrapper.\mem[63]' using process `$paramod$68405b8dfca755b266af259f9da6c1ca0c28e767\sram_wrapper.$proc$/openlane/designs/bist_top/src/sram_wrapper.v:41$82'.
  created $dff cell `$procdff$3123' with positive edge clock.
Creating register for signal `$paramod$68405b8dfca755b266af259f9da6c1ca0c28e767\sram_wrapper.$mem2reg_wr$\mem$/openlane/designs/bist_top/src/sram_wrapper.v:54$75_ADDR' using process `$paramod$68405b8dfca755b266af259f9da6c1ca0c28e767\sram_wrapper.$proc$/openlane/designs/bist_top/src/sram_wrapper.v:41$82'.
  created $adff cell `$procdff$3124' with positive edge clock and negative level reset.
Creating register for signal `$paramod$68405b8dfca755b266af259f9da6c1ca0c28e767\sram_wrapper.$mem2reg_wr$\mem$/openlane/designs/bist_top/src/sram_wrapper.v:54$75_DATA' using process `$paramod$68405b8dfca755b266af259f9da6c1ca0c28e767\sram_wrapper.$proc$/openlane/designs/bist_top/src/sram_wrapper.v:41$82'.
  created $adff cell `$procdff$3125' with positive edge clock and negative level reset.
Creating register for signal `$paramod$68405b8dfca755b266af259f9da6c1ca0c28e767\sram_wrapper.$mem2reg_rd$\mem$/openlane/designs/bist_top/src/sram_wrapper.v:61$76_ADDR' using process `$paramod$68405b8dfca755b266af259f9da6c1ca0c28e767\sram_wrapper.$proc$/openlane/designs/bist_top/src/sram_wrapper.v:41$82'.
  created $adff cell `$procdff$3126' with positive edge clock and negative level reset.
Creating register for signal `$paramod$68405b8dfca755b266af259f9da6c1ca0c28e767\sram_wrapper.$mem2reg_rd$\mem$/openlane/designs/bist_top/src/sram_wrapper.v:61$76_DATA' using process `$paramod$68405b8dfca755b266af259f9da6c1ca0c28e767\sram_wrapper.$proc$/openlane/designs/bist_top/src/sram_wrapper.v:41$82'.
  created $adff cell `$procdff$3127' with positive edge clock and negative level reset.
Creating register for signal `\data_comparator.\compare_done' using process `\data_comparator.$proc$/openlane/designs/bist_top/src/data_comparator.v:19$19'.
  created $adff cell `$procdff$3128' with positive edge clock and negative level reset.
Creating register for signal `\data_comparator.\pass_fail' using process `\data_comparator.$proc$/openlane/designs/bist_top/src/data_comparator.v:19$19'.
  created $adff cell `$procdff$3129' with positive edge clock and negative level reset.
Creating register for signal `\data_comparator.\fail_code' using process `\data_comparator.$proc$/openlane/designs/bist_top/src/data_comparator.v:19$19'.
  created $adff cell `$procdff$3130' with positive edge clock and negative level reset.
Creating register for signal `\test_engine.\test_done' using process `\test_engine.$proc$/openlane/designs/bist_top/src/test_engine.v:40$5'.
  created $adff cell `$procdff$3131' with positive edge clock and negative level reset.
Creating register for signal `\test_engine.\overall_pass' using process `\test_engine.$proc$/openlane/designs/bist_top/src/test_engine.v:40$5'.
  created $adff cell `$procdff$3132' with positive edge clock and negative level reset.
Creating register for signal `\test_engine.\overall_fail' using process `\test_engine.$proc$/openlane/designs/bist_top/src/test_engine.v:40$5'.
  created $adff cell `$procdff$3133' with positive edge clock and negative level reset.
Creating register for signal `\test_engine.\addr_start' using process `\test_engine.$proc$/openlane/designs/bist_top/src/test_engine.v:40$5'.
  created $adff cell `$procdff$3134' with positive edge clock and negative level reset.
Creating register for signal `\test_engine.\state' using process `\test_engine.$proc$/openlane/designs/bist_top/src/test_engine.v:40$5'.
  created $adff cell `$procdff$3135' with positive edge clock and negative level reset.
Creating register for signal `\test_engine.\fail_latch' using process `\test_engine.$proc$/openlane/designs/bist_top/src/test_engine.v:40$5'.
  created $adff cell `$procdff$3136' with positive edge clock and negative level reset.
Creating register for signal `\test_engine.\addr_done_seen' using process `\test_engine.$proc$/openlane/designs/bist_top/src/test_engine.v:40$5'.
  created $adff cell `$procdff$3137' with positive edge clock and negative level reset.
Creating register for signal `\pattern_generator.\state_r' using process `\pattern_generator.$proc$/openlane/designs/bist_top/src/pattern_generator.v:22$1'.
  created $adff cell `$procdff$3138' with positive edge clock and negative level reset.
Creating register for signal `\add_gen.\state' using process `\add_gen.$proc$/openlane/designs/bist_top/src/add_gen.v:26$67'.
  created $adff cell `$procdff$3139' with positive edge clock and negative level reset.
Creating register for signal `\add_gen.\done' using process `\add_gen.$proc$/openlane/designs/bist_top/src/add_gen.v:26$67'.
  created $adff cell `$procdff$3140' with positive edge clock and negative level reset.
Creating register for signal `\add_gen.\addr' using process `\add_gen.$proc$/openlane/designs/bist_top/src/add_gen.v:26$67'.
  created $adff cell `$procdff$3141' with positive edge clock and negative level reset.
Creating register for signal `\add_gen.\addr_valid' using process `\add_gen.$proc$/openlane/designs/bist_top/src/add_gen.v:26$67'.
  created $adff cell `$procdff$3142' with positive edge clock and negative level reset.

22. Executing PROC_MEMWR pass (convert process memory writes to cells).

23. Executing PROC_CLEAN pass (remove empty switches from decision trees).
Found and cleaned up 6 empty switches in `$paramod$68405b8dfca755b266af259f9da6c1ca0c28e767\sram_wrapper.$proc$/openlane/designs/bist_top/src/sram_wrapper.v:41$82'.
Removing empty process `$paramod$68405b8dfca755b266af259f9da6c1ca0c28e767\sram_wrapper.$proc$/openlane/designs/bist_top/src/sram_wrapper.v:41$82'.
Found and cleaned up 2 empty switches in `\data_comparator.$proc$/openlane/designs/bist_top/src/data_comparator.v:19$19'.
Removing empty process `data_comparator.$proc$/openlane/designs/bist_top/src/data_comparator.v:19$19'.
Found and cleaned up 1 empty switch in `\test_engine.$proc$/openlane/designs/bist_top/src/test_engine.v:100$18'.
Removing empty process `test_engine.$proc$/openlane/designs/bist_top/src/test_engine.v:100$18'.
Found and cleaned up 6 empty switches in `\test_engine.$proc$/openlane/designs/bist_top/src/test_engine.v:85$17'.
Removing empty process `test_engine.$proc$/openlane/designs/bist_top/src/test_engine.v:85$17'.
Found and cleaned up 7 empty switches in `\test_engine.$proc$/openlane/designs/bist_top/src/test_engine.v:40$5'.
Removing empty process `test_engine.$proc$/openlane/designs/bist_top/src/test_engine.v:40$5'.
Found and cleaned up 1 empty switch in `\pattern_generator.$proc$/openlane/designs/bist_top/src/pattern_generator.v:29$4'.
Removing empty process `pattern_generator.$proc$/openlane/designs/bist_top/src/pattern_generator.v:29$4'.
Found and cleaned up 1 empty switch in `\pattern_generator.$proc$/openlane/designs/bist_top/src/pattern_generator.v:22$1'.
Removing empty process `pattern_generator.$proc$/openlane/designs/bist_top/src/pattern_generator.v:22$1'.
Found and cleaned up 6 empty switches in `\add_gen.$proc$/openlane/designs/bist_top/src/add_gen.v:26$67'.
Removing empty process `add_gen.$proc$/openlane/designs/bist_top/src/add_gen.v:26$67'.
Cleaned up 30 empty switches.

24. Executing CHECK pass (checking for obvious problems).
Checking module $paramod$68405b8dfca755b266af259f9da6c1ca0c28e767\sram_wrapper...
Checking module bist_top...
Checking module data_comparator...
Checking module test_engine...
Checking module pattern_generator...
Checking module add_gen...
Found and reported 0 problems.

25. Executing OPT_EXPR pass (perform const folding).
Optimizing module $paramod$68405b8dfca755b266af259f9da6c1ca0c28e767\sram_wrapper.
<suppressed ~81 debug messages>
Optimizing module bist_top.
<suppressed ~1 debug messages>
Optimizing module data_comparator.
Optimizing module test_engine.
<suppressed ~4 debug messages>
Optimizing module pattern_generator.
<suppressed ~1 debug messages>
Optimizing module add_gen.
<suppressed ~13 debug messages>

26. Executing FLATTEN pass (flatten design).
Deleting now unused module $paramod$68405b8dfca755b266af259f9da6c1ca0c28e767\sram_wrapper.
Deleting now unused module data_comparator.
Deleting now unused module test_engine.
Deleting now unused module pattern_generator.
Deleting now unused module add_gen.
<suppressed ~5 debug messages>

27. Executing OPT_EXPR pass (perform const folding).
Optimizing module bist_top.
<suppressed ~89 debug messages>

28. Executing OPT_CLEAN pass (remove unused cells and wires).
Finding unused cells or wires in module \bist_top..
Removed 20 unused cells and 427 unused wires.
<suppressed ~25 debug messages>

29. Executing OPT pass (performing simple optimizations).

29.1. Executing OPT_EXPR pass (perform const folding).
Optimizing module bist_top.

29.2. Executing OPT_MERGE pass (detect identical cells).
Finding identical cells in module `\bist_top'.
<suppressed ~72 debug messages>
Removed a total of 24 cells.

29.3. Executing OPT_MUXTREE pass (detect dead branches in mux trees).
Running muxtree optimizer on module \bist_top..
  Creating internal representation of mux trees.
  Evaluating internal representation of mux trees.
  Analyzing evaluation results.
    dead port 2/2 on $mux $flatten\u_fsm.$procmux$2812.
    dead port 2/2 on $mux $flatten\u_fsm.$procmux$2819.
    dead port 2/2 on $mux $flatten\u_fsm.$procmux$2827.
    dead port 2/2 on $mux $flatten\u_fsm.$procmux$2836.
    dead port 2/2 on $mux $flatten\u_fsm.$procmux$2848.
    dead port 2/2 on $mux $flatten\u_sram.$procmux$175.
Removed 6 multiplexer ports.
<suppressed ~86 debug messages>

29.4. Executing OPT_REDUCE pass (consolidate $*mux and $reduce_* inputs).
  Optimizing cells in module \bist_top.
Performed a total of 0 changes.

29.5. Executing OPT_MERGE pass (detect identical cells).
Finding identical cells in module `\bist_top'.
Removed a total of 0 cells.

29.6. Executing OPT_DFF pass (perform DFF optimizations).

29.7. Executing OPT_CLEAN pass (remove unused cells and wires).
Finding unused cells or wires in module \bist_top..
Removed 0 unused cells and 30 unused wires.
<suppressed ~1 debug messages>

29.8. Executing OPT_EXPR pass (perform const folding).
Optimizing module bist_top.

29.9. Rerunning OPT passes. (Maybe there is more to do..)

29.10. Executing OPT_MUXTREE pass (detect dead branches in mux trees).
Running muxtree optimizer on module \bist_top..
  Creating internal representation of mux trees.
  Evaluating internal representation of mux trees.
  Analyzing evaluation results.
Removed 0 multiplexer ports.
<suppressed ~86 debug messages>

29.11. Executing OPT_REDUCE pass (consolidate $*mux and $reduce_* inputs).
  Optimizing cells in module \bist_top.
Performed a total of 0 changes.

29.12. Executing OPT_MERGE pass (detect identical cells).
Finding identical cells in module `\bist_top'.
Removed a total of 0 cells.

29.13. Executing OPT_DFF pass (perform DFF optimizations).

29.14. Executing OPT_CLEAN pass (remove unused cells and wires).
Finding unused cells or wires in module \bist_top..

29.15. Executing OPT_EXPR pass (perform const folding).
Optimizing module bist_top.

29.16. Finished OPT passes. (There is nothing left to do.)

30. Executing FSM pass (extract and optimize FSM).

30.1. Executing FSM_DETECT pass (finding FSMs in design).
Found FSM state register bist_top.u_addr_gen.state.
Not marking bist_top.u_fsm.state as FSM state register:
    Circuit seems to be self-resetting.
Not marking bist_top.u_sram.mem[0] as FSM state register:
    Users of register don't seem to benefit from recoding.
Not marking bist_top.u_sram.mem[10] as FSM state register:
    Users of register don't seem to benefit from recoding.
Not marking bist_top.u_sram.mem[11] as FSM state register:
    Users of register don't seem to benefit from recoding.
Not marking bist_top.u_sram.mem[12] as FSM state register:
    Users of register don't seem to benefit from recoding.
Not marking bist_top.u_sram.mem[13] as FSM state register:
    Users of register don't seem to benefit from recoding.
Not marking bist_top.u_sram.mem[14] as FSM state register:
    Users of register don't seem to benefit from recoding.
Not marking bist_top.u_sram.mem[15] as FSM state register:
    Users of register don't seem to benefit from recoding.
Not marking bist_top.u_sram.mem[16] as FSM state register:
    Users of register don't seem to benefit from recoding.
Not marking bist_top.u_sram.mem[17] as FSM state register:
    Users of register don't seem to benefit from recoding.
Not marking bist_top.u_sram.mem[18] as FSM state register:
    Users of register don't seem to benefit from recoding.
Not marking bist_top.u_sram.mem[19] as FSM state register:
    Users of register don't seem to benefit from recoding.
Not marking bist_top.u_sram.mem[1] as FSM state register:
    Users of register don't seem to benefit from recoding.
Not marking bist_top.u_sram.mem[20] as FSM state register:
    Users of register don't seem to benefit from recoding.
Not marking bist_top.u_sram.mem[21] as FSM state register:
    Users of register don't seem to benefit from recoding.
Not marking bist_top.u_sram.mem[22] as FSM state register:
    Users of register don't seem to benefit from recoding.
Not marking bist_top.u_sram.mem[23] as FSM state register:
    Users of register don't seem to benefit from recoding.
Not marking bist_top.u_sram.mem[24] as FSM state register:
    Users of register don't seem to benefit from recoding.
Not marking bist_top.u_sram.mem[25] as FSM state register:
    Users of register don't seem to benefit from recoding.
Not marking bist_top.u_sram.mem[26] as FSM state register:
    Users of register don't seem to benefit from recoding.
Not marking bist_top.u_sram.mem[27] as FSM state register:
    Users of register don't seem to benefit from recoding.
Not marking bist_top.u_sram.mem[28] as FSM state register:
    Users of register don't seem to benefit from recoding.
Not marking bist_top.u_sram.mem[29] as FSM state register:
    Users of register don't seem to benefit from recoding.
Not marking bist_top.u_sram.mem[2] as FSM state register:
    Users of register don't seem to benefit from recoding.
Not marking bist_top.u_sram.mem[30] as FSM state register:
    Users of register don't seem to benefit from recoding.
Not marking bist_top.u_sram.mem[31] as FSM state register:
    Users of register don't seem to benefit from recoding.
Not marking bist_top.u_sram.mem[32] as FSM state register:
    Users of register don't seem to benefit from recoding.
Not marking bist_top.u_sram.mem[33] as FSM state register:
    Users of register don't seem to benefit from recoding.
Not marking bist_top.u_sram.mem[34] as FSM state register:
    Users of register don't seem to benefit from recoding.
Not marking bist_top.u_sram.mem[35] as FSM state register:
    Users of register don't seem to benefit from recoding.
Not marking bist_top.u_sram.mem[36] as FSM state register:
    Users of register don't seem to benefit from recoding.
Not marking bist_top.u_sram.mem[37] as FSM state register:
    Users of register don't seem to benefit from recoding.
Not marking bist_top.u_sram.mem[38] as FSM state register:
    Users of register don't seem to benefit from recoding.
Not marking bist_top.u_sram.mem[39] as FSM state register:
    Users of register don't seem to benefit from recoding.
Not marking bist_top.u_sram.mem[3] as FSM state register:
    Users of register don't seem to benefit from recoding.
Not marking bist_top.u_sram.mem[40] as FSM state register:
    Users of register don't seem to benefit from recoding.
Not marking bist_top.u_sram.mem[41] as FSM state register:
    Users of register don't seem to benefit from recoding.
Not marking bist_top.u_sram.mem[42] as FSM state register:
    Users of register don't seem to benefit from recoding.
Not marking bist_top.u_sram.mem[43] as FSM state register:
    Users of register don't seem to benefit from recoding.
Not marking bist_top.u_sram.mem[44] as FSM state register:
    Users of register don't seem to benefit from recoding.
Not marking bist_top.u_sram.mem[45] as FSM state register:
    Users of register don't seem to benefit from recoding.
Not marking bist_top.u_sram.mem[46] as FSM state register:
    Users of register don't seem to benefit from recoding.
Not marking bist_top.u_sram.mem[47] as FSM state register:
    Users of register don't seem to benefit from recoding.
Not marking bist_top.u_sram.mem[48] as FSM state register:
    Users of register don't seem to benefit from recoding.
Not marking bist_top.u_sram.mem[49] as FSM state register:
    Users of register don't seem to benefit from recoding.
Not marking bist_top.u_sram.mem[4] as FSM state register:
    Users of register don't seem to benefit from recoding.
Not marking bist_top.u_sram.mem[50] as FSM state register:
    Users of register don't seem to benefit from recoding.
Not marking bist_top.u_sram.mem[51] as FSM state register:
    Users of register don't seem to benefit from recoding.
Not marking bist_top.u_sram.mem[52] as FSM state register:
    Users of register don't seem to benefit from recoding.
Not marking bist_top.u_sram.mem[53] as FSM state register:
    Users of register don't seem to benefit from recoding.
Not marking bist_top.u_sram.mem[54] as FSM state register:
    Users of register don't seem to benefit from recoding.
Not marking bist_top.u_sram.mem[55] as FSM state register:
    Users of register don't seem to benefit from recoding.
Not marking bist_top.u_sram.mem[56] as FSM state register:
    Users of register don't seem to benefit from recoding.
Not marking bist_top.u_sram.mem[57] as FSM state register:
    Users of register don't seem to benefit from recoding.
Not marking bist_top.u_sram.mem[58] as FSM state register:
    Users of register don't seem to benefit from recoding.
Not marking bist_top.u_sram.mem[59] as FSM state register:
    Users of register don't seem to benefit from recoding.
Not marking bist_top.u_sram.mem[5] as FSM state register:
    Users of register don't seem to benefit from recoding.
Not marking bist_top.u_sram.mem[60] as FSM state register:
    Users of register don't seem to benefit from recoding.
Not marking bist_top.u_sram.mem[61] as FSM state register:
    Users of register don't seem to benefit from recoding.
Not marking bist_top.u_sram.mem[62] as FSM state register:
    Users of register don't seem to benefit from recoding.
Not marking bist_top.u_sram.mem[63] as FSM state register:
    Users of register don't seem to benefit from recoding.
Not marking bist_top.u_sram.mem[6] as FSM state register:
    Users of register don't seem to benefit from recoding.
Not marking bist_top.u_sram.mem[7] as FSM state register:
    Users of register don't seem to benefit from recoding.
Not marking bist_top.u_sram.mem[8] as FSM state register:
    Users of register don't seem to benefit from recoding.
Not marking bist_top.u_sram.mem[9] as FSM state register:
    Users of register don't seem to benefit from recoding.

30.2. Executing FSM_EXTRACT pass (extracting FSM from design).
Extracting FSM `\u_addr_gen.state' from module `\bist_top'.
  found $adff cell for state register: $flatten\u_addr_gen.$procdff$3139
  root of input selection tree: $flatten\u_addr_gen.$0\state[1:0]
  found reset state: 2'00 (from async reset)
  found ctrl input: $flatten\u_addr_gen.$logic_and$/openlane/designs/bist_top/src/add_gen.v:69$72_Y
  found ctrl input: $flatten\u_addr_gen.$eq$/openlane/designs/bist_top/src/add_gen.v:69$71_Y
  found ctrl input: $flatten\u_addr_gen.$procmux$2892_CMP
  found ctrl input: \u_fsm.addr_start
  found state code: 2'01
  found ctrl output: $flatten\u_addr_gen.$procmux$2892_CMP
  found ctrl output: $flatten\u_addr_gen.$eq$/openlane/designs/bist_top/src/add_gen.v:69$71_Y
  ctrl inputs: { \u_fsm.addr_start $flatten\u_addr_gen.$logic_and$/openlane/designs/bist_top/src/add_gen.v:69$72_Y }
  ctrl outputs: { $flatten\u_addr_gen.$0\state[1:0] $flatten\u_addr_gen.$eq$/openlane/designs/bist_top/src/add_gen.v:69$71_Y $flatten\u_addr_gen.$procmux$2892_CMP }
  transition:       2'00 2'00 ->       2'00 4'0001
  transition:       2'00 2'10 ->       2'01 4'0101
  transition:       2'00 2'-1 ->       2'01 4'0101
  transition:       2'01 2'-0 ->       2'01 4'0110
  transition:       2'01 2'-1 ->       2'01 4'0110

30.3. Executing FSM_OPT pass (simple optimizations of FSMs).
Optimizing FSM `$fsm$\u_addr_gen.state$3143' from module `\bist_top'.
  Merging pattern 2'-0 and 2'-1 from group (1 1 4'0110).
  Merging pattern 2'-1 and 2'-0 from group (1 1 4'0110).

30.4. Executing OPT_CLEAN pass (remove unused cells and wires).
Finding unused cells or wires in module \bist_top..
Removed 6 unused cells and 6 unused wires.
<suppressed ~7 debug messages>

30.5. Executing FSM_OPT pass (simple optimizations of FSMs).
Optimizing FSM `$fsm$\u_addr_gen.state$3143' from module `\bist_top'.
  Removing unused output signal $flatten\u_addr_gen.$0\state[1:0] [0].
  Removing unused output signal $flatten\u_addr_gen.$0\state[1:0] [1].

30.6. Executing FSM_RECODE pass (re-assigning FSM state encoding).
Recoding FSM `$fsm$\u_addr_gen.state$3143' from module `\bist_top' using `auto' encoding:
  mapping auto encoding to `one-hot` for this FSM.
  00 -> -1
  01 -> 1-

30.7. Executing FSM_INFO pass (dumping all available information on FSM cells).

FSM `$fsm$\u_addr_gen.state$3143' from module `bist_top':
-------------------------------------

  Information on FSM $fsm$\u_addr_gen.state$3143 (\u_addr_gen.state):

  Number of input signals:    2
  Number of output signals:   2
  Number of state bits:       2

  Input signals:
    0: $flatten\u_addr_gen.$logic_and$/openlane/designs/bist_top/src/add_gen.v:69$72_Y
    1: \u_fsm.addr_start

  Output signals:
    0: $flatten\u_addr_gen.$procmux$2892_CMP
    1: $flatten\u_addr_gen.$eq$/openlane/designs/bist_top/src/add_gen.v:69$71_Y

  State encoding:
    0:       2'-1  <RESET STATE>
    1:       2'1-

  Transition Table (state_in, ctrl_in, state_out, ctrl_out):
      0:     0 2'00   ->     0 2'01
      1:     0 2'10   ->     1 2'01
      2:     0 2'-1   ->     1 2'01
      3:     1 2'--   ->     1 2'10

-------------------------------------

30.8. Executing FSM_MAP pass (mapping FSMs to basic logic).
Mapping FSM `$fsm$\u_addr_gen.state$3143' from module `\bist_top'.

31. Executing OPT pass (performing simple optimizations).

31.1. Executing OPT_EXPR pass (perform const folding).
Optimizing module bist_top.
<suppressed ~2 debug messages>

31.2. Executing OPT_MERGE pass (detect identical cells).
Finding identical cells in module `\bist_top'.
Removed a total of 0 cells.

31.3. Executing OPT_MUXTREE pass (detect dead branches in mux trees).
Running muxtree optimizer on module \bist_top..
  Creating internal representation of mux trees.
  Evaluating internal representation of mux trees.
  Analyzing evaluation results.
Removed 0 multiplexer ports.
<suppressed ~85 debug messages>

31.4. Executing OPT_REDUCE pass (consolidate $*mux and $reduce_* inputs).
  Optimizing cells in module \bist_top.
Performed a total of 0 changes.

31.5. Executing OPT_MERGE pass (detect identical cells).
Finding identical cells in module `\bist_top'.
Removed a total of 0 cells.

31.6. Executing OPT_DFF pass (perform DFF optimizations).
Adding EN signal on $flatten\u_sram.$procdff$3123 ($dff) from module bist_top (D = \u_comparator.expected_data, Q = \u_sram.mem[63]).
Adding EN signal on $flatten\u_sram.$procdff$3120 ($dff) from module bist_top (D = \u_comparator.expected_data, Q = \u_sram.mem[62]).
Adding EN signal on $flatten\u_sram.$procdff$3117 ($dff) from module bist_top (D = \u_comparator.expected_data, Q = \u_sram.mem[61]).
Adding EN signal on $flatten\u_sram.$procdff$3114 ($dff) from module bist_top (D = \u_comparator.expected_data, Q = \u_sram.mem[60]).
Adding EN signal on $flatten\u_sram.$procdff$3111 ($dff) from module bist_top (D = \u_comparator.expected_data, Q = \u_sram.mem[59]).
Adding EN signal on $flatten\u_sram.$procdff$3108 ($dff) from module bist_top (D = \u_comparator.expected_data, Q = \u_sram.mem[58]).
Adding EN signal on $flatten\u_sram.$procdff$3105 ($dff) from module bist_top (D = \u_comparator.expected_data, Q = \u_sram.mem[57]).
Adding EN signal on $flatten\u_sram.$procdff$3102 ($dff) from module bist_top (D = \u_comparator.expected_data, Q = \u_sram.mem[56]).
Adding EN signal on $flatten\u_sram.$procdff$3099 ($dff) from module bist_top (D = \u_comparator.expected_data, Q = \u_sram.mem[55]).
Adding EN signal on $flatten\u_sram.$procdff$3096 ($dff) from module bist_top (D = \u_comparator.expected_data, Q = \u_sram.mem[54]).
Adding EN signal on $flatten\u_sram.$procdff$3093 ($dff) from module bist_top (D = \u_comparator.expected_data, Q = \u_sram.mem[53]).
Adding EN signal on $flatten\u_sram.$procdff$3090 ($dff) from module bist_top (D = \u_comparator.expected_data, Q = \u_sram.mem[52]).
Adding EN signal on $flatten\u_sram.$procdff$3087 ($dff) from module bist_top (D = \u_comparator.expected_data, Q = \u_sram.mem[51]).
Adding EN signal on $flatten\u_sram.$procdff$3084 ($dff) from module bist_top (D = \u_comparator.expected_data, Q = \u_sram.mem[50]).
Adding EN signal on $flatten\u_sram.$procdff$3081 ($dff) from module bist_top (D = \u_comparator.expected_data, Q = \u_sram.mem[49]).
Adding EN signal on $flatten\u_sram.$procdff$3078 ($dff) from module bist_top (D = \u_comparator.expected_data, Q = \u_sram.mem[48]).
Adding EN signal on $flatten\u_sram.$procdff$3075 ($dff) from module bist_top (D = \u_comparator.expected_data, Q = \u_sram.mem[47]).
Adding EN signal on $flatten\u_sram.$procdff$3072 ($dff) from module bist_top (D = \u_comparator.expected_data, Q = \u_sram.mem[46]).
Adding EN signal on $flatten\u_sram.$procdff$3069 ($dff) from module bist_top (D = \u_comparator.expected_data, Q = \u_sram.mem[45]).
Adding EN signal on $flatten\u_sram.$procdff$3066 ($dff) from module bist_top (D = \u_comparator.expected_data, Q = \u_sram.mem[44]).
Adding EN signal on $flatten\u_sram.$procdff$3063 ($dff) from module bist_top (D = \u_comparator.expected_data, Q = \u_sram.mem[43]).
Adding EN signal on $flatten\u_sram.$procdff$3060 ($dff) from module bist_top (D = \u_comparator.expected_data, Q = \u_sram.mem[42]).
Adding EN signal on $flatten\u_sram.$procdff$3057 ($dff) from module bist_top (D = \u_comparator.expected_data, Q = \u_sram.mem[41]).
Adding EN signal on $flatten\u_sram.$procdff$3054 ($dff) from module bist_top (D = \u_comparator.expected_data, Q = \u_sram.mem[40]).
Adding EN signal on $flatten\u_sram.$procdff$3051 ($dff) from module bist_top (D = \u_comparator.expected_data, Q = \u_sram.mem[39]).
Adding EN signal on $flatten\u_sram.$procdff$3048 ($dff) from module bist_top (D = \u_comparator.expected_data, Q = \u_sram.mem[38]).
Adding EN signal on $flatten\u_sram.$procdff$3045 ($dff) from module bist_top (D = \u_comparator.expected_data, Q = \u_sram.mem[37]).
Adding EN signal on $flatten\u_sram.$procdff$3042 ($dff) from module bist_top (D = \u_comparator.expected_data, Q = \u_sram.mem[36]).
Adding EN signal on $flatten\u_sram.$procdff$3039 ($dff) from module bist_top (D = \u_comparator.expected_data, Q = \u_sram.mem[35]).
Adding EN signal on $flatten\u_sram.$procdff$3036 ($dff) from module bist_top (D = \u_comparator.expected_data, Q = \u_sram.mem[34]).
Adding EN signal on $flatten\u_sram.$procdff$3033 ($dff) from module bist_top (D = \u_comparator.expected_data, Q = \u_sram.mem[33]).
Adding EN signal on $flatten\u_sram.$procdff$3030 ($dff) from module bist_top (D = \u_comparator.expected_data, Q = \u_sram.mem[32]).
Adding EN signal on $flatten\u_sram.$procdff$3027 ($dff) from module bist_top (D = \u_comparator.expected_data, Q = \u_sram.mem[31]).
Adding EN signal on $flatten\u_sram.$procdff$3024 ($dff) from module bist_top (D = \u_comparator.expected_data, Q = \u_sram.mem[30]).
Adding EN signal on $flatten\u_sram.$procdff$3021 ($dff) from module bist_top (D = \u_comparator.expected_data, Q = \u_sram.mem[29]).
Adding EN signal on $flatten\u_sram.$procdff$3018 ($dff) from module bist_top (D = \u_comparator.expected_data, Q = \u_sram.mem[28]).
Adding EN signal on $flatten\u_sram.$procdff$3015 ($dff) from module bist_top (D = \u_comparator.expected_data, Q = \u_sram.mem[27]).
Adding EN signal on $flatten\u_sram.$procdff$3012 ($dff) from module bist_top (D = \u_comparator.expected_data, Q = \u_sram.mem[26]).
Adding EN signal on $flatten\u_sram.$procdff$3009 ($dff) from module bist_top (D = \u_comparator.expected_data, Q = \u_sram.mem[25]).
Adding EN signal on $flatten\u_sram.$procdff$3006 ($dff) from module bist_top (D = \u_comparator.expected_data, Q = \u_sram.mem[24]).
Adding EN signal on $flatten\u_sram.$procdff$3003 ($dff) from module bist_top (D = \u_comparator.expected_data, Q = \u_sram.mem[23]).
Adding EN signal on $flatten\u_sram.$procdff$3000 ($dff) from module bist_top (D = \u_comparator.expected_data, Q = \u_sram.mem[22]).
Adding EN signal on $flatten\u_sram.$procdff$2997 ($dff) from module bist_top (D = \u_comparator.expected_data, Q = \u_sram.mem[21]).
Adding EN signal on $flatten\u_sram.$procdff$2994 ($dff) from module bist_top (D = \u_comparator.expected_data, Q = \u_sram.mem[20]).
Adding EN signal on $flatten\u_sram.$procdff$2991 ($dff) from module bist_top (D = \u_comparator.expected_data, Q = \u_sram.mem[19]).
Adding EN signal on $flatten\u_sram.$procdff$2988 ($dff) from module bist_top (D = \u_comparator.expected_data, Q = \u_sram.mem[18]).
Adding EN signal on $flatten\u_sram.$procdff$2985 ($dff) from module bist_top (D = \u_comparator.expected_data, Q = \u_sram.mem[17]).
Adding EN signal on $flatten\u_sram.$procdff$2982 ($dff) from module bist_top (D = \u_comparator.expected_data, Q = \u_sram.mem[16]).
Adding EN signal on $flatten\u_sram.$procdff$2979 ($dff) from module bist_top (D = \u_comparator.expected_data, Q = \u_sram.mem[15]).
Adding EN signal on $flatten\u_sram.$procdff$2976 ($dff) from module bist_top (D = \u_comparator.expected_data, Q = \u_sram.mem[14]).
Adding EN signal on $flatten\u_sram.$procdff$2973 ($dff) from module bist_top (D = \u_comparator.expected_data, Q = \u_sram.mem[13]).
Adding EN signal on $flatten\u_sram.$procdff$2970 ($dff) from module bist_top (D = \u_comparator.expected_data, Q = \u_sram.mem[12]).
Adding EN signal on $flatten\u_sram.$procdff$2967 ($dff) from module bist_top (D = \u_comparator.expected_data, Q = \u_sram.mem[11]).
Adding EN signal on $flatten\u_sram.$procdff$2964 ($dff) from module bist_top (D = \u_comparator.expected_data, Q = \u_sram.mem[10]).
Adding EN signal on $flatten\u_sram.$procdff$2961 ($dff) from module bist_top (D = \u_comparator.expected_data, Q = \u_sram.mem[9]).
Adding EN signal on $flatten\u_sram.$procdff$2958 ($dff) from module bist_top (D = \u_comparator.expected_data, Q = \u_sram.mem[8]).
Adding EN signal on $flatten\u_sram.$procdff$2955 ($dff) from module bist_top (D = \u_comparator.expected_data, Q = \u_sram.mem[7]).
Adding EN signal on $flatten\u_sram.$procdff$2952 ($dff) from module bist_top (D = \u_comparator.expected_data, Q = \u_sram.mem[6]).
Adding EN signal on $flatten\u_sram.$procdff$2949 ($dff) from module bist_top (D = \u_comparator.expected_data, Q = \u_sram.mem[5]).
Adding EN signal on $flatten\u_sram.$procdff$2946 ($dff) from module bist_top (D = \u_comparator.expected_data, Q = \u_sram.mem[4]).
Adding EN signal on $flatten\u_sram.$procdff$2943 ($dff) from module bist_top (D = \u_comparator.expected_data, Q = \u_sram.mem[3]).
Adding EN signal on $flatten\u_sram.$procdff$2940 ($dff) from module bist_top (D = \u_comparator.expected_data, Q = \u_sram.mem[2]).
Adding EN signal on $flatten\u_sram.$procdff$2937 ($dff) from module bist_top (D = \u_comparator.expected_data, Q = \u_sram.mem[1]).
Adding EN signal on $flatten\u_sram.$procdff$2934 ($dff) from module bist_top (D = \u_comparator.expected_data, Q = \u_sram.mem[0]).
Adding EN signal on $flatten\u_sram.$procdff$2928 ($adff) from module bist_top (D = 1'1, Q = \u_sram.protocol_error).
Adding EN signal on $flatten\u_pattern_gen.$procdff$3138 ($adff) from module bist_top (D = $flatten\u_pattern_gen.$add$/openlane/designs/bist_top/src/pattern_generator.v:26$3_Y, Q = \u_pattern_gen.state_r).
Adding EN signal on $flatten\u_fsm.$procdff$3137 ($adff) from module bist_top (D = $flatten\u_fsm.$0\addr_done_seen[0:0], Q = \u_fsm.addr_done_seen).
Adding EN signal on $flatten\u_fsm.$procdff$3136 ($adff) from module bist_top (D = $flatten\u_fsm.$0\fail_latch[0:0], Q = \u_fsm.fail_latch).
Adding EN signal on $flatten\u_fsm.$procdff$3132 ($adff) from module bist_top (D = $flatten\u_fsm.$logic_not$/openlane/designs/bist_top/src/test_engine.v:74$14_Y, Q = \u_fsm.overall_pass).
Adding EN signal on $flatten\u_comparator.$procdff$3129 ($adff) from module bist_top (D = $flatten\u_comparator.$procmux$2774_Y, Q = \u_comparator.pass_fail).
Adding EN signal on $flatten\u_addr_gen.$procdff$3142 ($adff) from module bist_top (D = $flatten\u_addr_gen.$0\addr_valid[0:0], Q = \u_addr_gen.addr_valid).
Adding EN signal on $flatten\u_addr_gen.$procdff$3141 ($adff) from module bist_top (D = $flatten\u_addr_gen.$0\addr[5:0], Q = \u_addr_gen.addr).

31.7. Executing OPT_CLEAN pass (remove unused cells and wires).
Finding unused cells or wires in module \bist_top..
Removed 196 unused cells and 202 unused wires.
<suppressed ~197 debug messages>

31.8. Executing OPT_EXPR pass (perform const folding).
Optimizing module bist_top.
<suppressed ~2 debug messages>

31.9. Rerunning OPT passes. (Maybe there is more to do..)

31.10. Executing OPT_MUXTREE pass (detect dead branches in mux trees).
Running muxtree optimizer on module \bist_top..
  Creating internal representation of mux trees.
  Evaluating internal representation of mux trees.
  Analyzing evaluation results.
Removed 0 multiplexer ports.
<suppressed ~18 debug messages>

31.11. Executing OPT_REDUCE pass (consolidate $*mux and $reduce_* inputs).
  Optimizing cells in module \bist_top.
Performed a total of 0 changes.

31.12. Executing OPT_MERGE pass (detect identical cells).
Finding identical cells in module `\bist_top'.
<suppressed ~3 debug messages>
Removed a total of 1 cells.

31.13. Executing OPT_DFF pass (perform DFF optimizations).

31.14. Executing OPT_CLEAN pass (remove unused cells and wires).
Finding unused cells or wires in module \bist_top..
Removed 0 unused cells and 1 unused wires.
<suppressed ~1 debug messages>

31.15. Executing OPT_EXPR pass (perform const folding).
Optimizing module bist_top.

31.16. Rerunning OPT passes. (Maybe there is more to do..)

31.17. Executing OPT_MUXTREE pass (detect dead branches in mux trees).
Running muxtree optimizer on module \bist_top..
  Creating internal representation of mux trees.
  Evaluating internal representation of mux trees.
  Analyzing evaluation results.
Removed 0 multiplexer ports.
<suppressed ~18 debug messages>

31.18. Executing OPT_REDUCE pass (consolidate $*mux and $reduce_* inputs).
  Optimizing cells in module \bist_top.
Performed a total of 0 changes.

31.19. Executing OPT_MERGE pass (detect identical cells).
Finding identical cells in module `\bist_top'.
Removed a total of 0 cells.

31.20. Executing OPT_DFF pass (perform DFF optimizations).

31.21. Executing OPT_CLEAN pass (remove unused cells and wires).
Finding unused cells or wires in module \bist_top..

31.22. Executing OPT_EXPR pass (perform const folding).
Optimizing module bist_top.

31.23. Finished OPT passes. (There is nothing left to do.)

32. Executing WREDUCE pass (reducing word size of cells).
Removed top 5 bits (of 6) from port B of cell bist_top.$flatten\u_addr_gen.$add$/openlane/designs/bist_top/src/add_gen.v:24$64 ($add).
Removed top 1 bits (of 2) from port B of cell bist_top.$flatten\u_pattern_gen.$procmux$2878_CMP0 ($eq).
Removed top 1 bits (of 2) from port B of cell bist_top.$flatten\u_pattern_gen.$add$/openlane/designs/bist_top/src/pattern_generator.v:26$3 ($add).
Removed top 2 bits (of 3) from port B of cell bist_top.$auto$opt_dff.cc:195:make_patterns_logic$3371 ($ne).
Removed top 2 bits (of 3) from port B of cell bist_top.$auto$opt_dff.cc:195:make_patterns_logic$3364 ($ne).
Removed top 5 bits (of 6) from port B of cell bist_top.$flatten\u_sram.$procmux$2682_CMP0 ($eq).
Removed top 4 bits (of 6) from port B of cell bist_top.$flatten\u_sram.$procmux$2612_CMP0 ($eq).
Removed top 4 bits (of 6) from port B of cell bist_top.$flatten\u_sram.$procmux$2543_CMP0 ($eq).
Removed top 3 bits (of 6) from port B of cell bist_top.$flatten\u_sram.$procmux$2475_CMP0 ($eq).
Removed top 3 bits (of 6) from port B of cell bist_top.$flatten\u_sram.$procmux$2408_CMP0 ($eq).
Removed top 3 bits (of 6) from port B of cell bist_top.$flatten\u_sram.$procmux$2342_CMP0 ($eq).
Removed top 3 bits (of 6) from port B of cell bist_top.$flatten\u_sram.$procmux$2277_CMP0 ($eq).
Removed top 2 bits (of 6) from port B of cell bist_top.$flatten\u_sram.$procmux$2213_CMP0 ($eq).
Removed top 2 bits (of 6) from port B of cell bist_top.$flatten\u_sram.$procmux$2150_CMP0 ($eq).
Removed top 2 bits (of 6) from port B of cell bist_top.$flatten\u_sram.$procmux$2088_CMP0 ($eq).
Removed top 2 bits (of 6) from port B of cell bist_top.$flatten\u_sram.$procmux$2027_CMP0 ($eq).
Removed top 2 bits (of 6) from port B of cell bist_top.$flatten\u_sram.$procmux$1967_CMP0 ($eq).
Removed top 2 bits (of 6) from port B of cell bist_top.$flatten\u_sram.$procmux$1908_CMP0 ($eq).
Removed top 2 bits (of 6) from port B of cell bist_top.$flatten\u_sram.$procmux$1850_CMP0 ($eq).
Removed top 2 bits (of 6) from port B of cell bist_top.$flatten\u_sram.$procmux$1793_CMP0 ($eq).
Removed top 1 bits (of 6) from port B of cell bist_top.$flatten\u_sram.$procmux$1737_CMP0 ($eq).
Removed top 1 bits (of 6) from port B of cell bist_top.$flatten\u_sram.$procmux$1682_CMP0 ($eq).
Removed top 1 bits (of 6) from port B of cell bist_top.$flatten\u_sram.$procmux$1628_CMP0 ($eq).
Removed top 1 bits (of 6) from port B of cell bist_top.$flatten\u_sram.$procmux$1575_CMP0 ($eq).
Removed top 1 bits (of 6) from port B of cell bist_top.$flatten\u_sram.$procmux$1523_CMP0 ($eq).
Removed top 1 bits (of 6) from port B of cell bist_top.$flatten\u_sram.$procmux$1472_CMP0 ($eq).
Removed top 1 bits (of 6) from port B of cell bist_top.$flatten\u_sram.$procmux$1422_CMP0 ($eq).
Removed top 1 bits (of 6) from port B of cell bist_top.$flatten\u_sram.$procmux$1373_CMP0 ($eq).
Removed top 1 bits (of 6) from port B of cell bist_top.$flatten\u_sram.$procmux$1325_CMP0 ($eq).
Removed top 1 bits (of 6) from port B of cell bist_top.$flatten\u_sram.$procmux$1278_CMP0 ($eq).
Removed top 1 bits (of 6) from port B of cell bist_top.$flatten\u_sram.$procmux$1232_CMP0 ($eq).
Removed top 1 bits (of 6) from port B of cell bist_top.$flatten\u_sram.$procmux$1187_CMP0 ($eq).
Removed top 1 bits (of 6) from port B of cell bist_top.$flatten\u_sram.$procmux$1143_CMP0 ($eq).
Removed top 1 bits (of 6) from port B of cell bist_top.$flatten\u_sram.$procmux$1100_CMP0 ($eq).
Removed top 1 bits (of 6) from port B of cell bist_top.$flatten\u_sram.$procmux$1058_CMP0 ($eq).
Removed top 1 bits (of 6) from port B of cell bist_top.$flatten\u_sram.$procmux$1017_CMP0 ($eq).
Removed top 5 bits (of 6) from port B of cell bist_top.$flatten\u_sram.$procmux$173_CMP0 ($eq).
Removed top 4 bits (of 6) from port B of cell bist_top.$flatten\u_sram.$procmux$172_CMP0 ($eq).
Removed top 4 bits (of 6) from port B of cell bist_top.$flatten\u_sram.$procmux$171_CMP0 ($eq).
Removed top 3 bits (of 6) from port B of cell bist_top.$flatten\u_sram.$procmux$170_CMP0 ($eq).
Removed top 3 bits (of 6) from port B of cell bist_top.$flatten\u_sram.$procmux$169_CMP0 ($eq).
Removed top 3 bits (of 6) from port B of cell bist_top.$flatten\u_sram.$procmux$168_CMP0 ($eq).
Removed top 3 bits (of 6) from port B of cell bist_top.$flatten\u_sram.$procmux$167_CMP0 ($eq).
Removed top 2 bits (of 6) from port B of cell bist_top.$flatten\u_sram.$procmux$166_CMP0 ($eq).
Removed top 2 bits (of 6) from port B of cell bist_top.$flatten\u_sram.$procmux$165_CMP0 ($eq).
Removed top 2 bits (of 6) from port B of cell bist_top.$flatten\u_sram.$procmux$164_CMP0 ($eq).
Removed top 2 bits (of 6) from port B of cell bist_top.$flatten\u_sram.$procmux$163_CMP0 ($eq).
Removed top 2 bits (of 6) from port B of cell bist_top.$flatten\u_sram.$procmux$162_CMP0 ($eq).
Removed top 2 bits (of 6) from port B of cell bist_top.$flatten\u_sram.$procmux$161_CMP0 ($eq).
Removed top 2 bits (of 6) from port B of cell bist_top.$flatten\u_sram.$procmux$160_CMP0 ($eq).
Removed top 2 bits (of 6) from port B of cell bist_top.$flatten\u_sram.$procmux$159_CMP0 ($eq).
Removed top 1 bits (of 6) from port B of cell bist_top.$flatten\u_sram.$procmux$158_CMP0 ($eq).
Removed top 1 bits (of 6) from port B of cell bist_top.$flatten\u_sram.$procmux$157_CMP0 ($eq).
Removed top 1 bits (of 6) from port B of cell bist_top.$flatten\u_sram.$procmux$156_CMP0 ($eq).
Removed top 1 bits (of 6) from port B of cell bist_top.$flatten\u_sram.$procmux$155_CMP0 ($eq).
Removed top 1 bits (of 6) from port B of cell bist_top.$flatten\u_sram.$procmux$154_CMP0 ($eq).
Removed top 1 bits (of 6) from port B of cell bist_top.$flatten\u_sram.$procmux$153_CMP0 ($eq).
Removed top 1 bits (of 6) from port B of cell bist_top.$flatten\u_sram.$procmux$152_CMP0 ($eq).
Removed top 1 bits (of 6) from port B of cell bist_top.$flatten\u_sram.$procmux$151_CMP0 ($eq).
Removed top 1 bits (of 6) from port B of cell bist_top.$flatten\u_sram.$procmux$150_CMP0 ($eq).
Removed top 1 bits (of 6) from port B of cell bist_top.$flatten\u_sram.$procmux$149_CMP0 ($eq).
Removed top 1 bits (of 6) from port B of cell bist_top.$flatten\u_sram.$procmux$148_CMP0 ($eq).
Removed top 1 bits (of 6) from port B of cell bist_top.$flatten\u_sram.$procmux$147_CMP0 ($eq).
Removed top 1 bits (of 6) from port B of cell bist_top.$flatten\u_sram.$procmux$146_CMP0 ($eq).
Removed top 1 bits (of 6) from port B of cell bist_top.$flatten\u_sram.$procmux$145_CMP0 ($eq).
Removed top 1 bits (of 6) from port B of cell bist_top.$flatten\u_sram.$procmux$144_CMP0 ($eq).
Removed top 1 bits (of 6) from port B of cell bist_top.$flatten\u_sram.$procmux$143_CMP0 ($eq).
Removed top 2 bits (of 3) from mux cell bist_top.$flatten\u_fsm.$procmux$2825 ($mux).
Removed top 2 bits (of 3) from port B of cell bist_top.$flatten\u_fsm.$procmux$2803_CMP0 ($eq).
Removed top 1 bits (of 3) from port B of cell bist_top.$flatten\u_fsm.$procmux$2795_CMP0 ($eq).
Removed top 1 bits (of 3) from port B of cell bist_top.$flatten\u_fsm.$procmux$2788_CMP0 ($eq).
Removed top 2 bits (of 3) from wire bist_top.$flatten\u_fsm.$4\next_state[2:0].

33. Executing PEEPOPT pass (run peephole optimizers).

34. Executing OPT_CLEAN pass (remove unused cells and wires).
Finding unused cells or wires in module \bist_top..
Removed 0 unused cells and 1 unused wires.
<suppressed ~1 debug messages>

35. Executing ALUMACC pass (create $alu and $macc cells).
Extracting $alu and $macc cells in module bist_top:
  creating $macc model for $flatten\u_addr_gen.$add$/openlane/designs/bist_top/src/add_gen.v:24$64 ($add).
  creating $macc model for $flatten\u_pattern_gen.$add$/openlane/designs/bist_top/src/pattern_generator.v:26$3 ($add).
  creating $alu model for $macc $flatten\u_pattern_gen.$add$/openlane/designs/bist_top/src/pattern_generator.v:26$3.
  creating $alu model for $macc $flatten\u_addr_gen.$add$/openlane/designs/bist_top/src/add_gen.v:24$64.
  creating $alu cell for $flatten\u_addr_gen.$add$/openlane/designs/bist_top/src/add_gen.v:24$64: $auto$alumacc.cc:485:replace_alu$3375
  creating $alu cell for $flatten\u_pattern_gen.$add$/openlane/designs/bist_top/src/pattern_generator.v:26$3: $auto$alumacc.cc:485:replace_alu$3378
  created 2 $alu and 0 $macc cells.

36. Executing SHARE pass (SAT-based resource sharing).

37. Executing OPT pass (performing simple optimizations).

37.1. Executing OPT_EXPR pass (perform const folding).
Optimizing module bist_top.

37.2. Executing OPT_MERGE pass (detect identical cells).
Finding identical cells in module `\bist_top'.
Removed a total of 0 cells.

37.3. Executing OPT_MUXTREE pass (detect dead branches in mux trees).
Running muxtree optimizer on module \bist_top..
  Creating internal representation of mux trees.
  Evaluating internal representation of mux trees.
  Analyzing evaluation results.
Removed 0 multiplexer ports.
<suppressed ~18 debug messages>

37.4. Executing OPT_REDUCE pass (consolidate $*mux and $reduce_* inputs).
  Optimizing cells in module \bist_top.
Performed a total of 0 changes.

37.5. Executing OPT_MERGE pass (detect identical cells).
Finding identical cells in module `\bist_top'.
Removed a total of 0 cells.

37.6. Executing OPT_DFF pass (perform DFF optimizations).

37.7. Executing OPT_CLEAN pass (remove unused cells and wires).
Finding unused cells or wires in module \bist_top..

37.8. Executing OPT_EXPR pass (perform const folding).
Optimizing module bist_top.

37.9. Finished OPT passes. (There is nothing left to do.)

38. Executing MEMORY pass.

38.1. Executing OPT_MEM pass (optimize memories).
Performed a total of 0 transformations.

38.2. Executing OPT_MEM_PRIORITY pass (removing unnecessary memory write priority relations).
Performed a total of 0 transformations.

38.3. Executing OPT_MEM_FEEDBACK pass (finding memory read-to-write feedback paths).

38.4. Executing MEMORY_BMUX2ROM pass (converting muxes to ROMs).

38.5. Executing MEMORY_DFF pass (merging $dff cells to $memrd).

38.6. Executing OPT_CLEAN pass (remove unused cells and wires).
Finding unused cells or wires in module \bist_top..

38.7. Executing MEMORY_SHARE pass (consolidating $memrd/$memwr cells).

38.8. Executing OPT_MEM_WIDEN pass (optimize memories where all ports are wide).
Performed a total of 0 transformations.

38.9. Executing OPT_CLEAN pass (remove unused cells and wires).
Finding unused cells or wires in module \bist_top..

38.10. Executing MEMORY_COLLECT pass (generating $mem cells).

39. Executing OPT_CLEAN pass (remove unused cells and wires).
Finding unused cells or wires in module \bist_top..

40. Executing OPT pass (performing simple optimizations).

40.1. Executing OPT_EXPR pass (perform const folding).
Optimizing module bist_top.
<suppressed ~26 debug messages>

40.2. Executing OPT_MERGE pass (detect identical cells).
Finding identical cells in module `\bist_top'.
Removed a total of 0 cells.

40.3. Executing OPT_DFF pass (perform DFF optimizations).

40.4. Executing OPT_CLEAN pass (remove unused cells and wires).
Finding unused cells or wires in module \bist_top..
Removed 2 unused cells and 20 unused wires.
<suppressed ~3 debug messages>

40.5. Finished fast OPT passes.

41. Executing MEMORY_MAP pass (converting memories to logic and flip-flops).

42. Executing OPT pass (performing simple optimizations).

42.1. Executing OPT_EXPR pass (perform const folding).
Optimizing module bist_top.

42.2. Executing OPT_MERGE pass (detect identical cells).
Finding identical cells in module `\bist_top'.
Removed a total of 0 cells.

42.3. Executing OPT_MUXTREE pass (detect dead branches in mux trees).
Running muxtree optimizer on module \bist_top..
  Creating internal representation of mux trees.
  Evaluating internal representation of mux trees.
  Analyzing evaluation results.
Removed 0 multiplexer ports.
<suppressed ~7 debug messages>

42.4. Executing OPT_REDUCE pass (consolidate $*mux and $reduce_* inputs).
  Optimizing cells in module \bist_top.
    New ctrl vector for $pmux cell $flatten\u_addr_gen.$procmux$2901: \u_addr_gen.state [1]
    Consolidated identical input bits for $mux cell $flatten\u_fsm.$procmux$2817:
      Old ports: A=3'001, B=3'110, Y=$flatten\u_fsm.$5\next_state[2:0]
      New ports: A=2'01, B=2'10, Y=$flatten\u_fsm.$5\next_state[2:0] [1:0]
      New connections: $flatten\u_fsm.$5\next_state[2:0] [2] = $flatten\u_fsm.$5\next_state[2:0] [1]
    Consolidated identical input bits for $mux cell $flatten\u_fsm.$procmux$2834:
      Old ports: A=3'011, B=3'100, Y=$flatten\u_fsm.$3\next_state[2:0]
      New ports: A=2'01, B=2'10, Y={ $flatten\u_fsm.$3\next_state[2:0] [2] $flatten\u_fsm.$3\next_state[2:0] [0] }
      New connections: $flatten\u_fsm.$3\next_state[2:0] [1] = $flatten\u_fsm.$3\next_state[2:0] [0]
    Consolidated identical input bits for $pmux cell $flatten\u_pattern_gen.$procmux$2875:
      Old ports: A=4'0000, B=12'111110100101, Y=\u_comparator.expected_data
      New ports: A=2'00, B=6'111001, Y=\u_comparator.expected_data [1:0]
      New connections: \u_comparator.expected_data [3:2] = \u_comparator.expected_data [1:0]
  Optimizing cells in module \bist_top.
Performed a total of 4 changes.

42.5. Executing OPT_MERGE pass (detect identical cells).
Finding identical cells in module `\bist_top'.
Removed a total of 0 cells.

42.6. Executing OPT_SHARE pass.

42.7. Executing OPT_DFF pass (perform DFF optimizations).

42.8. Executing OPT_CLEAN pass (remove unused cells and wires).
Finding unused cells or wires in module \bist_top..

42.9. Executing OPT_EXPR pass (perform const folding).
Optimizing module bist_top.

42.10. Rerunning OPT passes. (Maybe there is more to do..)

42.11. Executing OPT_MUXTREE pass (detect dead branches in mux trees).
Running muxtree optimizer on module \bist_top..
  Creating internal representation of mux trees.
  Evaluating internal representation of mux trees.
  Analyzing evaluation results.
Removed 0 multiplexer ports.
<suppressed ~7 debug messages>

42.12. Executing OPT_REDUCE pass (consolidate $*mux and $reduce_* inputs).
  Optimizing cells in module \bist_top.
Performed a total of 0 changes.

42.13. Executing OPT_MERGE pass (detect identical cells).
Finding identical cells in module `\bist_top'.
Removed a total of 0 cells.

42.14. Executing OPT_SHARE pass.

42.15. Executing OPT_DFF pass (perform DFF optimizations).

42.16. Executing OPT_CLEAN pass (remove unused cells and wires).
Finding unused cells or wires in module \bist_top..

42.17. Executing OPT_EXPR pass (perform const folding).
Optimizing module bist_top.

42.18. Finished OPT passes. (There is nothing left to do.)

43. Executing TECHMAP pass (map to technology primitives).

43.1. Executing Verilog-2005 frontend: /build/bin/../share/yosys/techmap.v
Parsing Verilog input from `/build/bin/../share/yosys/techmap.v' to AST representation.
Generating RTLIL representation for module `\_90_simplemap_bool_ops'.
Generating RTLIL representation for module `\_90_simplemap_reduce_ops'.
Generating RTLIL representation for module `\_90_simplemap_logic_ops'.
Generating RTLIL representation for module `\_90_simplemap_compare_ops'.
Generating RTLIL representation for module `\_90_simplemap_various'.
Generating RTLIL representation for module `\_90_simplemap_registers'.
Generating RTLIL representation for module `\_90_shift_ops_shr_shl_sshl_sshr'.
Generating RTLIL representation for module `\_90_shift_shiftx'.
Generating RTLIL representation for module `\_90_fa'.
Generating RTLIL representation for module `\_90_lcu'.
Generating RTLIL representation for module `\_90_alu'.
Generating RTLIL representation for module `\_90_macc'.
Generating RTLIL representation for module `\_90_alumacc'.
Generating RTLIL representation for module `\$__div_mod_u'.
Generating RTLIL representation for module `\$__div_mod_trunc'.
Generating RTLIL representation for module `\_90_div'.
Generating RTLIL representation for module `\_90_mod'.
Generating RTLIL representation for module `\$__div_mod_floor'.
Generating RTLIL representation for module `\_90_divfloor'.
Generating RTLIL representation for module `\_90_modfloor'.
Generating RTLIL representation for module `\_90_pow'.
Generating RTLIL representation for module `\_90_pmux'.
Generating RTLIL representation for module `\_90_demux'.
Generating RTLIL representation for module `\_90_lut'.
Successfully finished Verilog frontend.

43.2. Continuing TECHMAP pass.
Using extmapper simplemap for cells of type $reduce_and.
Using extmapper simplemap for cells of type $reduce_or.
Using extmapper simplemap for cells of type $dffe.
Using extmapper simplemap for cells of type $logic_or.
Using extmapper simplemap for cells of type $logic_and.
Using extmapper simplemap for cells of type $adff.
Using extmapper simplemap for cells of type $adffe.
Using extmapper simplemap for cells of type $eq.
Using extmapper simplemap for cells of type $and.
Using template $paramod$c5c783b17ab1d780abfad8cfe6563a0a7b47a3b0\_90_pmux for cells of type $pmux.
Using extmapper simplemap for cells of type $mux.
Using extmapper simplemap for cells of type $or.
Using extmapper simplemap for cells of type $not.
Using extmapper simplemap for cells of type $logic_not.
Using template $paramod$175e67c02b86e96b1288b9dc100122520d7240d8\_90_alu for cells of type $alu.
Using template $paramod$97565c3687be688407d1272a293bd9d0ae6852dc\_90_pmux for cells of type $pmux.
Using extmapper simplemap for cells of type $ne.
Using extmapper simplemap for cells of type $reduce_bool.
Using template $paramod$97c51e5ae7609c7e32682811ab4ad267375f2fde\_90_pmux for cells of type $pmux.
Using template $paramod$32efbfac1c4dc57230cf86180788fdfd12e3b511\_90_alu for cells of type $alu.
Using template $paramod$a285b5a57fe61eabc57c91b8c412748ee1151a85\_90_pmux for cells of type $pmux.
Using extmapper simplemap for cells of type $pos.
Using template $paramod\_90_lcu\WIDTH=32'00000000000000000000000000000010 for cells of type $lcu.
Using extmapper simplemap for cells of type $xor.
Using template $paramod\_90_lcu\WIDTH=32'00000000000000000000000000000110 for cells of type $lcu.
No more expansions possible.
<suppressed ~848 debug messages>

44. Executing OPT pass (performing simple optimizations).

44.1. Executing OPT_EXPR pass (perform const folding).
Optimizing module bist_top.
<suppressed ~870 debug messages>

44.2. Executing OPT_MERGE pass (detect identical cells).
Finding identical cells in module `\bist_top'.
<suppressed ~3723 debug messages>
Removed a total of 1241 cells.

44.3. Executing OPT_DFF pass (perform DFF optimizations).

44.4. Executing OPT_CLEAN pass (remove unused cells and wires).
Finding unused cells or wires in module \bist_top..
Removed 3 unused cells and 1237 unused wires.
<suppressed ~4 debug messages>

44.5. Finished fast OPT passes.

45. Executing ABC pass (technology mapping using ABC).

45.1. Extracting gate netlist of module `\bist_top' to `<abc-temp-dir>/input.blif'..
Extracted 920 gates and 1083 wires to a netlist network with 161 inputs and 97 outputs.

45.1.1. Executing ABC.
Running ABC command: "<yosys-exe-dir>/yosys-abc" -s -f <abc-temp-dir>/abc.script 2>&1
ABC: ABC command line: "source <abc-temp-dir>/abc.script".
ABC: 
ABC: + read_blif <abc-temp-dir>/input.blif 
ABC: + read_library <abc-temp-dir>/stdcells.genlib 
ABC: Entered genlib library with 13 gates from file "<abc-temp-dir>/stdcells.genlib".
ABC: + strash 
ABC: + dretime 
ABC: + map 
ABC: + write_blif <abc-temp-dir>/output.blif 

45.1.2. Re-integrating ABC results.
ABC RESULTS:              XNOR cells:        1
ABC RESULTS:               XOR cells:        6
ABC RESULTS:              NAND cells:       38
ABC RESULTS:             ORNOT cells:       25
ABC RESULTS:               NOT cells:       10
ABC RESULTS:               MUX cells:        3
ABC RESULTS:               AND cells:       15
ABC RESULTS:               NOR cells:       10
ABC RESULTS:            ANDNOT cells:      246
ABC RESULTS:                OR cells:      397
ABC RESULTS:        internal signals:      825
ABC RESULTS:           input signals:      161
ABC RESULTS:          output signals:       97
Removing temp directory.

46. Executing OPT pass (performing simple optimizations).

46.1. Executing OPT_EXPR pass (perform const folding).
Optimizing module bist_top.
<suppressed ~3 debug messages>

46.2. Executing OPT_MERGE pass (detect identical cells).
Finding identical cells in module `\bist_top'.
Removed a total of 0 cells.

46.3. Executing OPT_DFF pass (perform DFF optimizations).

46.4. Executing OPT_CLEAN pass (remove unused cells and wires).
Finding unused cells or wires in module \bist_top..
Removed 2 unused cells and 665 unused wires.
<suppressed ~8 debug messages>

46.5. Finished fast OPT passes.

47. Executing HIERARCHY pass (managing design hierarchy).

47.1. Analyzing design hierarchy..
Top module:  \bist_top

47.2. Analyzing design hierarchy..
Top module:  \bist_top
Removed 0 unused modules.

48. Printing statistics.

=== bist_top ===

   Number of wires:                884
   Number of wire bits:           1125
   Number of public wires:         142
   Number of public wire bits:     381
   Number of memories:               0
   Number of memory bits:            0
   Number of processes:              0
   Number of cells:                910
     $_ANDNOT_                     246
     $_AND_                         15
     $_DFFE_PN0P_                   13
     $_DFFE_PN1P_                    1
     $_DFFE_PP_                    128
     $_DFF_PN0_                     18
     $_DFF_PN1_                      1
     $_MUX_                          3
     $_NAND_                        38
     $_NOR_                         10
     $_NOT_                          8
     $_ORNOT_                       25
     $_OR_                         397
     $_XNOR_                         1
     $_XOR_                          6

49. Executing CHECK pass (checking for obvious problems).
Checking module bist_top...
Found and reported 0 problems.

50. Generating Graphviz representation of design.
Writing dot description to `/openlane/designs/bist_top/runs/RUN_2026.07.07_06.59.45/tmp/synthesis/post_techmap.dot'.
Dumping module bist_top to page 1.

51. Executing SHARE pass (SAT-based resource sharing).

52. Executing OPT pass (performing simple optimizations).

52.1. Executing OPT_EXPR pass (perform const folding).
Optimizing module bist_top.

52.2. Executing OPT_MERGE pass (detect identical cells).
Finding identical cells in module `\bist_top'.
Removed a total of 0 cells.

52.3. Executing OPT_MUXTREE pass (detect dead branches in mux trees).
Running muxtree optimizer on module \bist_top..
  Creating internal representation of mux trees.
  No muxes found in this module.
Removed 0 multiplexer ports.

52.4. Executing OPT_REDUCE pass (consolidate $*mux and $reduce_* inputs).
  Optimizing cells in module \bist_top.
Performed a total of 0 changes.

52.5. Executing OPT_MERGE pass (detect identical cells).
Finding identical cells in module `\bist_top'.
Removed a total of 0 cells.

52.6. Executing OPT_DFF pass (perform DFF optimizations).

52.7. Executing OPT_CLEAN pass (remove unused cells and wires).
Finding unused cells or wires in module \bist_top..

52.8. Executing OPT_EXPR pass (perform const folding).
Optimizing module bist_top.

52.9. Finished OPT passes. (There is nothing left to do.)

53. Executing OPT_CLEAN pass (remove unused cells and wires).
Finding unused cells or wires in module \bist_top..
Removed 0 unused cells and 53 unused wires.
<suppressed ~53 debug messages>

54. Printing statistics.

=== bist_top ===

   Number of wires:                831
   Number of wire bits:           1047
   Number of public wires:          89
   Number of public wire bits:     303
   Number of memories:               0
   Number of memory bits:            0
   Number of processes:              0
   Number of cells:                910
     $_ANDNOT_                     246
     $_AND_                         15
     $_DFFE_PN0P_                   13
     $_DFFE_PN1P_                    1
     $_DFFE_PP_                    128
     $_DFF_PN0_                     18
     $_DFF_PN1_                      1
     $_MUX_                          3
     $_NAND_                        38
     $_NOR_                         10
     $_NOT_                          8
     $_ORNOT_                       25
     $_OR_                         397
     $_XNOR_                         1
     $_XOR_                          6

mapping tbuf

55. Executing TECHMAP pass (map to technology primitives).

55.1. Executing Verilog-2005 frontend: /root/.ciel/sky130A/libs.tech/openlane/sky130_fd_sc_hd/tribuff_map.v
Parsing Verilog input from `/root/.ciel/sky130A/libs.tech/openlane/sky130_fd_sc_hd/tribuff_map.v' to AST representation.
Generating RTLIL representation for module `\$_TBUF_'.
Successfully finished Verilog frontend.

55.2. Continuing TECHMAP pass.
No more expansions possible.
<suppressed ~3 debug messages>

56. Executing SIMPLEMAP pass (map simple cells to gate primitives).

57. Executing TECHMAP pass (map to technology primitives).

57.1. Executing Verilog-2005 frontend: /root/.ciel/sky130A/libs.tech/openlane/sky130_fd_sc_hd/latch_map.v
Parsing Verilog input from `/root/.ciel/sky130A/libs.tech/openlane/sky130_fd_sc_hd/latch_map.v' to AST representation.
Generating RTLIL representation for module `\$_DLATCH_P_'.
Generating RTLIL representation for module `\$_DLATCH_N_'.
Successfully finished Verilog frontend.

57.2. Continuing TECHMAP pass.
No more expansions possible.
<suppressed ~4 debug messages>

58. Executing SIMPLEMAP pass (map simple cells to gate primitives).

59. Executing DFFLIBMAP pass (mapping DFF cells to sequential cells from liberty file).
  cell sky130_fd_sc_hd__dfxtp_2 (noninv, pins=3, area=21.27) is a direct match for cell type $_DFF_P_.
  cell sky130_fd_sc_hd__dfrtp_2 (noninv, pins=4, area=26.28) is a direct match for cell type $_DFF_PN0_.
  cell sky130_fd_sc_hd__dfstp_2 (noninv, pins=4, area=26.28) is a direct match for cell type $_DFF_PN1_.
  cell sky130_fd_sc_hd__dfbbn_2 (noninv, pins=6, area=35.03) is a direct match for cell type $_DFFSR_NNN_.
  final dff cell mappings:
    unmapped dff cell: $_DFF_N_
    \sky130_fd_sc_hd__dfxtp_2 _DFF_P_ (.CLK( C), .D( D), .Q( Q));
    unmapped dff cell: $_DFF_NN0_
    unmapped dff cell: $_DFF_NN1_
    unmapped dff cell: $_DFF_NP0_
    unmapped dff cell: $_DFF_NP1_
    \sky130_fd_sc_hd__dfrtp_2 _DFF_PN0_ (.CLK( C), .D( D), .Q( Q), .RESET_B( R));
    \sky130_fd_sc_hd__dfstp_2 _DFF_PN1_ (.CLK( C), .D( D), .Q( Q), .SET_B( R));
    unmapped dff cell: $_DFF_PP0_
    unmapped dff cell: $_DFF_PP1_
    \sky130_fd_sc_hd__dfbbn_2 _DFFSR_NNN_ (.CLK_N( C), .D( D), .Q( Q), .Q_N(~Q), .RESET_B( R), .SET_B( S));
    unmapped dff cell: $_DFFSR_NNP_
    unmapped dff cell: $_DFFSR_NPN_
    unmapped dff cell: $_DFFSR_NPP_
    unmapped dff cell: $_DFFSR_PNN_
    unmapped dff cell: $_DFFSR_PNP_
    unmapped dff cell: $_DFFSR_PPN_
    unmapped dff cell: $_DFFSR_PPP_

59.1. Executing DFFLEGALIZE pass (convert FFs to types supported by the target).
Mapping DFF cells in module `\bist_top':
  mapped 31 $_DFF_PN0_ cells to \sky130_fd_sc_hd__dfrtp_2 cells.
  mapped 2 $_DFF_PN1_ cells to \sky130_fd_sc_hd__dfstp_2 cells.
  mapped 128 $_DFF_P_ cells to \sky130_fd_sc_hd__dfxtp_2 cells.

60. Printing statistics.

=== bist_top ===

   Number of wires:                973
   Number of wire bits:           1189
   Number of public wires:          89
   Number of public wire bits:     303
   Number of memories:               0
   Number of memory bits:            0
   Number of processes:              0
   Number of cells:               1052
     $_ANDNOT_                     246
     $_AND_                         15
     $_MUX_                        145
     $_NAND_                        38
     $_NOR_                         10
     $_NOT_                          8
     $_ORNOT_                       25
     $_OR_                         397
     $_XNOR_                         1
     $_XOR_                          6
     sky130_fd_sc_hd__dfrtp_2       31
     sky130_fd_sc_hd__dfstp_2        2
     sky130_fd_sc_hd__dfxtp_2      128

[INFO]: USING STRATEGY AREA 0

61. Executing ABC pass (technology mapping using ABC).

61.1. Extracting gate netlist of module `\bist_top' to `/tmp/yosys-abc-agVkWi/input.blif'..
Extracted 891 gates and 1054 wires to a netlist network with 162 inputs and 154 outputs.

61.1.1. Executing ABC.
Running ABC command: "/build/bin/yosys-abc" -s -f /tmp/yosys-abc-agVkWi/abc.script 2>&1
ABC: ABC command line: "source /tmp/yosys-abc-agVkWi/abc.script".
ABC: 
ABC: + read_blif /tmp/yosys-abc-agVkWi/input.blif 
ABC: + read_lib -w /openlane/designs/bist_top/runs/RUN_2026.07.07_06.59.45/tmp/synthesis/trimmed.lib 
ABC: Parsing finished successfully.  Parsing time =     0.07 sec
ABC: Scl_LibertyReadGenlib() skipped sequential cell "sky130_fd_sc_hd__dfbbn_2".
ABC: Scl_LibertyReadGenlib() skipped sequential cell "sky130_fd_sc_hd__dfrbp_2".
ABC: Scl_LibertyReadGenlib() skipped sequential cell "sky130_fd_sc_hd__dfrtp_2".
ABC: Scl_LibertyReadGenlib() skipped sequential cell "sky130_fd_sc_hd__dfrtp_4".
ABC: Scl_LibertyReadGenlib() skipped sequential cell "sky130_fd_sc_hd__dfsbp_2".
ABC: Scl_LibertyReadGenlib() skipped sequential cell "sky130_fd_sc_hd__dfstp_2".
ABC: Scl_LibertyReadGenlib() skipped sequential cell "sky130_fd_sc_hd__dfstp_4".
ABC: Scl_LibertyReadGenlib() skipped sequential cell "sky130_fd_sc_hd__dfxbp_2".
ABC: Scl_LibertyReadGenlib() skipped sequential cell "sky130_fd_sc_hd__dfxtp_2".
ABC: Scl_LibertyReadGenlib() skipped sequential cell "sky130_fd_sc_hd__dfxtp_4".
ABC: Scl_LibertyReadGenlib() skipped sequential cell "sky130_fd_sc_hd__dlxtn_1".
ABC: Scl_LibertyReadGenlib() skipped sequential cell "sky130_fd_sc_hd__dlxtn_2".
ABC: Scl_LibertyReadGenlib() skipped sequential cell "sky130_fd_sc_hd__dlxtn_4".
ABC: Scl_LibertyReadGenlib() skipped sequential cell "sky130_fd_sc_hd__dlxtp_1".
ABC: Scl_LibertyReadGenlib() skipped three-state cell "sky130_fd_sc_hd__ebufn_2".
ABC: Scl_LibertyReadGenlib() skipped three-state cell "sky130_fd_sc_hd__ebufn_4".
ABC: Scl_LibertyReadGenlib() skipped three-state cell "sky130_fd_sc_hd__ebufn_8".
ABC: Library "sky130A_merged" from "/openlane/designs/bist_top/runs/RUN_2026.07.07_06.59.45/tmp/synthesis/trimmed.lib" has 175 cells (17 skipped: 14 seq; 3 tri-state; 0 no func; 0 dont_use).  Time =     0.10 sec
ABC: Memory =    9.54 MB. Time =     0.10 sec
ABC: Warning: Detected 2 multi-output gates (for example, "sky130_fd_sc_hd__fa_1").
ABC: + read_constr -v /openlane/designs/bist_top/runs/RUN_2026.07.07_06.59.45/tmp/synthesis/synthesis.sdc 
ABC: Setting driving cell to be "sky130_fd_sc_hd__inv_2".
ABC: Setting output load to be 33.442001.
ABC: + read_constr /openlane/designs/bist_top/runs/RUN_2026.07.07_06.59.45/tmp/synthesis/synthesis.sdc 
ABC: + fx 
ABC: + mfs 
ABC: + strash 
ABC: + refactor 
ABC: + balance 
ABC: + rewrite 
ABC: + refactor 
ABC: + balance 
ABC: + rewrite 
ABC: + rewrite -z 
ABC: + balance 
ABC: + refactor -z 
ABC: + rewrite -z 
ABC: + balance 
ABC: + retime -D -D 10000 -M 5 
ABC: + scleanup 
ABC: Error: The network is combinational.
ABC: + fraig_store 
ABC: + balance 
ABC: + fraig_store 
ABC: + balance 
ABC: + rewrite 
ABC: + refactor 
ABC: + balance 
ABC: + rewrite 
ABC: + rewrite -z 
ABC: + balance 
ABC: + refactor -z 
ABC: + rewrite -z 
ABC: + balance 
ABC: + fraig_store 
ABC: + balance 
ABC: + rewrite 
ABC: + refactor 
ABC: + balance 
ABC: + rewrite 
ABC: + rewrite -z 
ABC: + balance 
ABC: + refactor -z 
ABC: + rewrite -z 
ABC: + balance 
ABC: + fraig_store 
ABC: + balance 
ABC: + rewrite 
ABC: + refactor 
ABC: + balance 
ABC: + rewrite 
ABC: + rewrite -z 
ABC: + balance 
ABC: + refactor -z 
ABC: + rewrite -z 
ABC: + balance 
ABC: + fraig_store 
ABC: + fraig_restore 
ABC: + amap -m -Q 0.1 -F 20 -A 20 -C 5000 
ABC: + retime -D -D 10000 
ABC: + &get -n 
ABC: + &st 
ABC: + &dch 
ABC: + &nf 
ABC: + &put 
ABC: + buffer -N 10 -S 750.0 
ABC: + upsize -D 10000 
ABC: Current delay (2612.09 ps) does not exceed the target delay (10000.00 ps). Upsizing is not performed.
ABC: + dnsize -D 10000 
ABC: + stime -p 
ABC: WireLoad = "none"  Gates =    587 ( 30.8 %)   Cap = 11.2 ff (  7.6 %)   Area =     4535.60 ( 69.0 %)   Delay =  2769.64 ps  (  3.1 %)               
ABC: Path  0 --      30 : 0    7 pi                        A =   0.00  Df =  49.0  -27.4 ps  S =  73.8 ps  Cin =  0.0 ff  Cout =  14.7 ff  Cmax =   0.0 ff  G =    0  
ABC: Path  1 --     340 : 1   10 sky130_fd_sc_hd__buf_1    A =   3.75  Df = 313.2 -125.9 ps  S = 298.2 ps  Cin =  2.1 ff  Cout =  24.8 ff  Cmax = 130.0 ff  G = 1114  
ABC: Path  2 --     363 : 4    8 sky130_fd_sc_hd__nor4b_2  A =  15.01  Df = 643.2 -205.0 ps  S = 448.1 ps  Cin =  3.7 ff  Cout =  15.5 ff  Cmax =  65.0 ff  G =  402  
ABC: Path  3 --     445 : 3    1 sky130_fd_sc_hd__and3_2   A =   7.51  Df = 876.6 -222.8 ps  S =  40.7 ps  Cin =  1.5 ff  Cout =   1.5 ff  Cmax = 309.5 ff  G =   95  
ABC: Path  4 --     449 : 4    1 sky130_fd_sc_hd__or4_2    A =   8.76  Df =1290.2 -317.2 ps  S =  92.2 ps  Cin =  1.5 ff  Cout =   1.8 ff  Cmax = 310.4 ff  G =  114  
ABC: Path  5 --     452 : 4    1 sky130_fd_sc_hd__or4_2    A =   8.76  Df =1931.8 -863.6 ps  S =  96.0 ps  Cin =  1.5 ff  Cout =   2.6 ff  Cmax = 310.4 ff  G =  163  
ABC: Path  6 --     461 : 5    1 sky130_fd_sc_hd__a2111o_2 A =  12.51  Df =2333.7-1006.8 ps  S =  58.7 ps  Cin =  2.4 ff  Cout =   2.5 ff  Cmax = 324.1 ff  G =   98  
ABC: Path  7 --     480 : 4    1 sky130_fd_sc_hd__o31a_2   A =  10.01  Df =2769.6-1196.4 ps  S = 190.4 ps  Cin =  2.3 ff  Cout =  33.4 ff  Cmax = 285.7 ff  G = 1425  
ABC: Start-point = pi29 (\u_sram.addr_r [2]).  End-point = po9 ($abc$8484$flatten\u_sram.$0\rdata[3:0][2]).
ABC: + print_stats -m 
ABC: netlist                       : i/o =  162/  154  lat =    0  nd =   587  edge =   1438  area =4535.34  delay = 8.00  lev = 8
ABC: + write_blif /tmp/yosys-abc-agVkWi/output.blif 

61.1.2. Re-integrating ABC results.
ABC RESULTS:   sky130_fd_sc_hd__a211oi_2 cells:        1
ABC RESULTS:   sky130_fd_sc_hd__and3b_2 cells:        2
ABC RESULTS:   sky130_fd_sc_hd__nor4_2 cells:        1
ABC RESULTS:   sky130_fd_sc_hd__nor2b_2 cells:        1
ABC RESULTS:   sky130_fd_sc_hd__and2b_2 cells:        1
ABC RESULTS:   sky130_fd_sc_hd__nor4b_2 cells:        4
ABC RESULTS:   sky130_fd_sc_hd__and4bb_2 cells:        7
ABC RESULTS:   sky130_fd_sc_hd__and4b_2 cells:        4
ABC RESULTS:   sky130_fd_sc_hd__o221a_2 cells:        1
ABC RESULTS:   sky130_fd_sc_hd__a311o_2 cells:        3
ABC RESULTS:   sky130_fd_sc_hd__a2111o_2 cells:        2
ABC RESULTS:   sky130_fd_sc_hd__a211o_2 cells:        8
ABC RESULTS:   sky130_fd_sc_hd__o31a_2 cells:        3
ABC RESULTS:   sky130_fd_sc_hd__and4_2 cells:        3
ABC RESULTS:   sky130_fd_sc_hd__a32o_2 cells:        3
ABC RESULTS:   sky130_fd_sc_hd__xor2_2 cells:        1
ABC RESULTS:   sky130_fd_sc_hd__and3_2 cells:       28
ABC RESULTS:   sky130_fd_sc_hd__nand3_2 cells:        1
ABC RESULTS:   sky130_fd_sc_hd__o21ba_2 cells:        1
ABC RESULTS:   sky130_fd_sc_hd__o21a_2 cells:        5
ABC RESULTS:   sky130_fd_sc_hd__a31o_2 cells:       14
ABC RESULTS:   sky130_fd_sc_hd__a21bo_2 cells:        1
ABC RESULTS:   sky130_fd_sc_hd__a21o_2 cells:        5
ABC RESULTS:   sky130_fd_sc_hd__and2_2 cells:        7
ABC RESULTS:   sky130_fd_sc_hd__a2bb2o_2 cells:        3
ABC RESULTS:   sky130_fd_sc_hd__o21bai_2 cells:        1
ABC RESULTS:   sky130_fd_sc_hd__or2b_2 cells:        2
ABC RESULTS:   sky130_fd_sc_hd__nand2_2 cells:        7
ABC RESULTS:   sky130_fd_sc_hd__or4b_2 cells:        6
ABC RESULTS:   sky130_fd_sc_hd__or4_2 cells:        8
ABC RESULTS:   sky130_fd_sc_hd__nand3b_2 cells:        2
ABC RESULTS:   sky130_fd_sc_hd__or3b_2 cells:        6
ABC RESULTS:   sky130_fd_sc_hd__or3_2 cells:       11
ABC RESULTS:   sky130_fd_sc_hd__nor2_2 cells:       28
ABC RESULTS:   sky130_fd_sc_hd__or2_2 cells:       44
ABC RESULTS:   sky130_fd_sc_hd__a22o_2 cells:       34
ABC RESULTS:   sky130_fd_sc_hd__a221o_2 cells:        9
ABC RESULTS:   sky130_fd_sc_hd__inv_2 cells:        8
ABC RESULTS:   sky130_fd_sc_hd__xnor2_2 cells:        2
ABC RESULTS:   sky130_fd_sc_hd__o21ai_2 cells:        4
ABC RESULTS:   sky130_fd_sc_hd__a21oi_2 cells:        1
ABC RESULTS:   sky130_fd_sc_hd__mux2_2 cells:      131
ABC RESULTS:   sky130_fd_sc_hd__buf_1 cells:      173
ABC RESULTS:        internal signals:      738
ABC RESULTS:           input signals:      162
ABC RESULTS:          output signals:      154
Removing temp directory.

62. Executing SETUNDEF pass (replace undef values with defined constants).

63. Executing HILOMAP pass (mapping to constant drivers).

64. Executing SPLITNETS pass (splitting up multi-bit signals).

65. Executing OPT_CLEAN pass (remove unused cells and wires).
Finding unused cells or wires in module \bist_top..
Removed 0 unused cells and 1187 unused wires.
<suppressed ~135 debug messages>

66. Executing INSBUF pass (insert buffer cells for connected wires).

67. Executing CHECK pass (checking for obvious problems).
Checking module bist_top...
Warning: Wire bist_top.\pass_fail is used but has no driver.
Warning: Wire bist_top.\done is used but has no driver.
Found and reported 2 problems.

68. Printing statistics.

=== bist_top ===

   Number of wires:                751
   Number of wire bits:            751
   Number of public wires:         169
   Number of public wire bits:     169
   Number of memories:               0
   Number of memory bits:            0
   Number of processes:              0
   Number of cells:                748
     sky130_fd_sc_hd__a2111o_2       2
     sky130_fd_sc_hd__a211o_2        8
     sky130_fd_sc_hd__a211oi_2       1
     sky130_fd_sc_hd__a21bo_2        1
     sky130_fd_sc_hd__a21o_2         5
     sky130_fd_sc_hd__a21oi_2        1
     sky130_fd_sc_hd__a221o_2        9
     sky130_fd_sc_hd__a22o_2        34
     sky130_fd_sc_hd__a2bb2o_2       3
     sky130_fd_sc_hd__a311o_2        3
     sky130_fd_sc_hd__a31o_2        14
     sky130_fd_sc_hd__a32o_2         3
     sky130_fd_sc_hd__and2_2         7
     sky130_fd_sc_hd__and2b_2        1
     sky130_fd_sc_hd__and3_2        28
     sky130_fd_sc_hd__and3b_2        2
     sky130_fd_sc_hd__and4_2         3
     sky130_fd_sc_hd__and4b_2        4
     sky130_fd_sc_hd__and4bb_2       7
     sky130_fd_sc_hd__buf_1        173
     sky130_fd_sc_hd__dfrtp_2       31
     sky130_fd_sc_hd__dfstp_2        2
     sky130_fd_sc_hd__dfxtp_2      128
     sky130_fd_sc_hd__inv_2          8
     sky130_fd_sc_hd__mux2_2       131
     sky130_fd_sc_hd__nand2_2        7
     sky130_fd_sc_hd__nand3_2        1
     sky130_fd_sc_hd__nand3b_2       2
     sky130_fd_sc_hd__nor2_2        28
     sky130_fd_sc_hd__nor2b_2        1
     sky130_fd_sc_hd__nor4_2         1
     sky130_fd_sc_hd__nor4b_2        4
     sky130_fd_sc_hd__o21a_2         5
     sky130_fd_sc_hd__o21ai_2        4
     sky130_fd_sc_hd__o21ba_2        1
     sky130_fd_sc_hd__o21bai_2       1
     sky130_fd_sc_hd__o221a_2        1
     sky130_fd_sc_hd__o31a_2         3
     sky130_fd_sc_hd__or2_2         44
     sky130_fd_sc_hd__or2b_2         2
     sky130_fd_sc_hd__or3_2         11
     sky130_fd_sc_hd__or3b_2         6
     sky130_fd_sc_hd__or4_2          8
     sky130_fd_sc_hd__or4b_2         6
     sky130_fd_sc_hd__xnor2_2        2
     sky130_fd_sc_hd__xor2_2         1

   Chip area for module '\bist_top': 8125.292800

69. Executing Verilog backend.
Dumping module `\bist_top'.

Warnings: 4 unique messages, 5 total
End of script. Logfile hash: dc40d85a79, CPU: user 1.45s system 0.01s, MEM: 32.48 MB peak
Yosys 0.30+48 (git sha1 14d50a176d5, gcc 8.3.1 -fPIC -Os)
Time spent: 48% 2x abc (1 sec), 14% 23x opt_expr (0 sec), ...
