
===========================================================================
report_checks -path_delay min (Hold)
============================================================================
======================= Typical Corner ===================================

Startpoint: _1314_ (rising edge-triggered flip-flop clocked by clk)
Endpoint: _1319_ (rising edge-triggered flip-flop clocked by clk)
Path Group: clk
Path Type: min

Fanout     Cap    Slew   Delay    Time   Description
-----------------------------------------------------------------------------
                          0.00    0.00   clock clk (rise edge)
                          0.00    0.00   clock source latency
                  0.12    0.08    0.08 ^ clk (in)
     1    0.02                           clk (net)
                  0.12    0.00    0.08 ^ clkbuf_0_clk/A (sky130_fd_sc_hd__clkbuf_16)
                  0.14    0.22    0.29 ^ clkbuf_0_clk/X (sky130_fd_sc_hd__clkbuf_16)
    16    0.12                           clknet_0_clk (net)
                  0.14    0.00    0.30 ^ clkbuf_4_11_0_clk/A (sky130_fd_sc_hd__clkbuf_8)
                  0.08    0.18    0.47 ^ clkbuf_4_11_0_clk/X (sky130_fd_sc_hd__clkbuf_8)
    12    0.04                           clknet_4_11_0_clk (net)
                  0.08    0.00    0.47 ^ _1314_/CLK (sky130_fd_sc_hd__dfrtp_1)
                  0.05    0.31    0.78 ^ _1314_/Q (sky130_fd_sc_hd__dfrtp_1)
     1    0.00                           u_sram.re_r (net)
                  0.05    0.00    0.78 ^ hold2/A (sky130_fd_sc_hd__buf_1)
                  0.14    0.14    0.92 ^ hold2/X (sky130_fd_sc_hd__buf_1)
     3    0.01                           net18 (net)
                  0.14    0.00    0.92 ^ _1319_/D (sky130_fd_sc_hd__dfrtp_1)
                                  0.92   data arrival time

                          0.00    0.00   clock clk (rise edge)
                          0.00    0.00   clock source latency
                  0.12    0.08    0.08 ^ clk (in)
     1    0.02                           clk (net)
                  0.12    0.00    0.08 ^ clkbuf_0_clk/A (sky130_fd_sc_hd__clkbuf_16)
                  0.14    0.24    0.32 ^ clkbuf_0_clk/X (sky130_fd_sc_hd__clkbuf_16)
    16    0.12                           clknet_0_clk (net)
                  0.14    0.00    0.33 ^ clkbuf_4_11_0_clk/A (sky130_fd_sc_hd__clkbuf_8)
                  0.08    0.19    0.52 ^ clkbuf_4_11_0_clk/X (sky130_fd_sc_hd__clkbuf_8)
    12    0.04                           clknet_4_11_0_clk (net)
                  0.08    0.00    0.52 ^ _1319_/CLK (sky130_fd_sc_hd__dfrtp_1)
                          0.25    0.77   clock uncertainty
                         -0.05    0.72   clock reconvergence pessimism
                         -0.05    0.67   library hold time
                                  0.67   data required time
-----------------------------------------------------------------------------
                                  0.67   data required time
                                 -0.92   data arrival time
-----------------------------------------------------------------------------
                                  0.25   slack (MET)


Startpoint: _1172_ (rising edge-triggered flip-flop clocked by clk)
Endpoint: _1172_ (rising edge-triggered flip-flop clocked by clk)
Path Group: clk
Path Type: min

Fanout     Cap    Slew   Delay    Time   Description
-----------------------------------------------------------------------------
                          0.00    0.00   clock clk (rise edge)
                          0.00    0.00   clock source latency
                  0.12    0.08    0.08 ^ clk (in)
     1    0.02                           clk (net)
                  0.12    0.00    0.08 ^ clkbuf_0_clk/A (sky130_fd_sc_hd__clkbuf_16)
                  0.14    0.22    0.29 ^ clkbuf_0_clk/X (sky130_fd_sc_hd__clkbuf_16)
    16    0.12                           clknet_0_clk (net)
                  0.14    0.00    0.30 ^ clkbuf_4_14_0_clk/A (sky130_fd_sc_hd__clkbuf_8)
                  0.06    0.16    0.46 ^ clkbuf_4_14_0_clk/X (sky130_fd_sc_hd__clkbuf_8)
     8    0.03                           clknet_4_14_0_clk (net)
                  0.06    0.00    0.46 ^ _1172_/CLK (sky130_fd_sc_hd__dfrtp_1)
                  0.12    0.36    0.83 ^ _1172_/Q (sky130_fd_sc_hd__dfrtp_1)
     5    0.01                           u_addr_gen.state[1] (net)
                  0.12    0.00    0.83 ^ _0703_/A (sky130_fd_sc_hd__or2_1)
                  0.04    0.11    0.93 ^ _0703_/X (sky130_fd_sc_hd__or2_1)
     1    0.00                           _0157_ (net)
                  0.04    0.00    0.93 ^ _0704_/A (sky130_fd_sc_hd__clkbuf_1)
                  0.04    0.07    1.00 ^ _0704_/X (sky130_fd_sc_hd__clkbuf_1)
     1    0.00                           _0001_ (net)
                  0.04    0.00    1.00 ^ _1172_/D (sky130_fd_sc_hd__dfrtp_1)
                                  1.00   data arrival time

                          0.00    0.00   clock clk (rise edge)
                          0.00    0.00   clock source latency
                  0.12    0.08    0.08 ^ clk (in)
     1    0.02                           clk (net)
                  0.12    0.00    0.08 ^ clkbuf_0_clk/A (sky130_fd_sc_hd__clkbuf_16)
                  0.14    0.24    0.32 ^ clkbuf_0_clk/X (sky130_fd_sc_hd__clkbuf_16)
    16    0.12                           clknet_0_clk (net)
                  0.14    0.00    0.33 ^ clkbuf_4_14_0_clk/A (sky130_fd_sc_hd__clkbuf_8)
                  0.06    0.18    0.51 ^ clkbuf_4_14_0_clk/X (sky130_fd_sc_hd__clkbuf_8)
     8    0.03                           clknet_4_14_0_clk (net)
                  0.06    0.00    0.51 ^ _1172_/CLK (sky130_fd_sc_hd__dfrtp_1)
                          0.25    0.76   clock uncertainty
                         -0.05    0.71   clock reconvergence pessimism
                         -0.03    0.68   library hold time
                                  0.68   data required time
-----------------------------------------------------------------------------
                                  0.68   data required time
                                 -1.00   data arrival time
-----------------------------------------------------------------------------
                                  0.32   slack (MET)


Startpoint: _1326_ (rising edge-triggered flip-flop clocked by clk)
Endpoint: _1324_ (rising edge-triggered flip-flop clocked by clk)
Path Group: clk
Path Type: min

Fanout     Cap    Slew   Delay    Time   Description
-----------------------------------------------------------------------------
                          0.00    0.00   clock clk (rise edge)
                          0.00    0.00   clock source latency
                  0.12    0.08    0.08 ^ clk (in)
     1    0.02                           clk (net)
                  0.12    0.00    0.08 ^ clkbuf_0_clk/A (sky130_fd_sc_hd__clkbuf_16)
                  0.14    0.22    0.29 ^ clkbuf_0_clk/X (sky130_fd_sc_hd__clkbuf_16)
    16    0.12                           clknet_0_clk (net)
                  0.14    0.00    0.30 ^ clkbuf_4_11_0_clk/A (sky130_fd_sc_hd__clkbuf_8)
                  0.08    0.18    0.47 ^ clkbuf_4_11_0_clk/X (sky130_fd_sc_hd__clkbuf_8)
    12    0.04                           clknet_4_11_0_clk (net)
                  0.08    0.00    0.48 ^ _1326_/CLK (sky130_fd_sc_hd__dfrtp_4)
                  0.11    0.44    0.91 ^ _1326_/Q (sky130_fd_sc_hd__dfrtp_4)
    10    0.03                           u_fsm.state[2] (net)
                  0.11    0.00    0.91 ^ _0709_/A1 (sky130_fd_sc_hd__a31o_1)
                  0.04    0.14    1.05 ^ _0709_/X (sky130_fd_sc_hd__a31o_1)
     1    0.00                           u_fsm.next_state[0] (net)
                  0.04    0.00    1.05 ^ _1324_/D (sky130_fd_sc_hd__dfrtp_2)
                                  1.05   data arrival time

                          0.00    0.00   clock clk (rise edge)
                          0.00    0.00   clock source latency
                  0.12    0.08    0.08 ^ clk (in)
     1    0.02                           clk (net)
                  0.12    0.00    0.08 ^ clkbuf_0_clk/A (sky130_fd_sc_hd__clkbuf_16)
                  0.14    0.24    0.32 ^ clkbuf_0_clk/X (sky130_fd_sc_hd__clkbuf_16)
    16    0.12                           clknet_0_clk (net)
                  0.14    0.00    0.33 ^ clkbuf_4_11_0_clk/A (sky130_fd_sc_hd__clkbuf_8)
                  0.08    0.19    0.52 ^ clkbuf_4_11_0_clk/X (sky130_fd_sc_hd__clkbuf_8)
    12    0.04                           clknet_4_11_0_clk (net)
                  0.08    0.00    0.53 ^ _1324_/CLK (sky130_fd_sc_hd__dfrtp_2)
                          0.25    0.78   clock uncertainty
                         -0.05    0.73   clock reconvergence pessimism
                         -0.03    0.70   library hold time
                                  0.70   data required time
-----------------------------------------------------------------------------
                                  0.70   data required time
                                 -1.05   data arrival time
-----------------------------------------------------------------------------
                                  0.36   slack (MET)


Startpoint: _1326_ (rising edge-triggered flip-flop clocked by clk)
Endpoint: _1326_ (rising edge-triggered flip-flop clocked by clk)
Path Group: clk
Path Type: min

Fanout     Cap    Slew   Delay    Time   Description
-----------------------------------------------------------------------------
                          0.00    0.00   clock clk (rise edge)
                          0.00    0.00   clock source latency
                  0.12    0.08    0.08 ^ clk (in)
     1    0.02                           clk (net)
                  0.12    0.00    0.08 ^ clkbuf_0_clk/A (sky130_fd_sc_hd__clkbuf_16)
                  0.14    0.22    0.29 ^ clkbuf_0_clk/X (sky130_fd_sc_hd__clkbuf_16)
    16    0.12                           clknet_0_clk (net)
                  0.14    0.00    0.30 ^ clkbuf_4_11_0_clk/A (sky130_fd_sc_hd__clkbuf_8)
                  0.08    0.18    0.47 ^ clkbuf_4_11_0_clk/X (sky130_fd_sc_hd__clkbuf_8)
    12    0.04                           clknet_4_11_0_clk (net)
                  0.08    0.00    0.48 ^ _1326_/CLK (sky130_fd_sc_hd__dfrtp_4)
                  0.11    0.44    0.91 ^ _1326_/Q (sky130_fd_sc_hd__dfrtp_4)
    10    0.03                           u_fsm.state[2] (net)
                  0.11    0.00    0.91 ^ _0698_/B2 (sky130_fd_sc_hd__a221o_1)
                  0.04    0.14    1.05 ^ _0698_/X (sky130_fd_sc_hd__a221o_1)
     1    0.00                           u_fsm.next_state[2] (net)
                  0.04    0.00    1.05 ^ _1326_/D (sky130_fd_sc_hd__dfrtp_4)
                                  1.05   data arrival time

                          0.00    0.00   clock clk (rise edge)
                          0.00    0.00   clock source latency
                  0.12    0.08    0.08 ^ clk (in)
     1    0.02                           clk (net)
                  0.12    0.00    0.08 ^ clkbuf_0_clk/A (sky130_fd_sc_hd__clkbuf_16)
                  0.14    0.24    0.32 ^ clkbuf_0_clk/X (sky130_fd_sc_hd__clkbuf_16)
    16    0.12                           clknet_0_clk (net)
                  0.14    0.00    0.33 ^ clkbuf_4_11_0_clk/A (sky130_fd_sc_hd__clkbuf_8)
                  0.08    0.19    0.52 ^ clkbuf_4_11_0_clk/X (sky130_fd_sc_hd__clkbuf_8)
    12    0.04                           clknet_4_11_0_clk (net)
                  0.08    0.00    0.53 ^ _1326_/CLK (sky130_fd_sc_hd__dfrtp_4)
                          0.25    0.78   clock uncertainty
                         -0.05    0.73   clock reconvergence pessimism
                         -0.03    0.70   library hold time
                                  0.70   data required time
-----------------------------------------------------------------------------
                                  0.70   data required time
                                 -1.05   data arrival time
-----------------------------------------------------------------------------
                                  0.36   slack (MET)


Startpoint: _1314_ (rising edge-triggered flip-flop clocked by clk)
Endpoint: _1315_ (rising edge-triggered flip-flop clocked by clk)
Path Group: clk
Path Type: min

Fanout     Cap    Slew   Delay    Time   Description
-----------------------------------------------------------------------------
                          0.00    0.00   clock clk (rise edge)
                          0.00    0.00   clock source latency
                  0.12    0.08    0.08 ^ clk (in)
     1    0.02                           clk (net)
                  0.12    0.00    0.08 ^ clkbuf_0_clk/A (sky130_fd_sc_hd__clkbuf_16)
                  0.14    0.22    0.29 ^ clkbuf_0_clk/X (sky130_fd_sc_hd__clkbuf_16)
    16    0.12                           clknet_0_clk (net)
                  0.14    0.00    0.30 ^ clkbuf_4_11_0_clk/A (sky130_fd_sc_hd__clkbuf_8)
                  0.08    0.18    0.47 ^ clkbuf_4_11_0_clk/X (sky130_fd_sc_hd__clkbuf_8)
    12    0.04                           clknet_4_11_0_clk (net)
                  0.08    0.00    0.47 ^ _1314_/CLK (sky130_fd_sc_hd__dfrtp_1)
                  0.04    0.34    0.82 v _1314_/Q (sky130_fd_sc_hd__dfrtp_1)
     1    0.00                           u_sram.re_r (net)
                  0.04    0.00    0.82 v hold2/A (sky130_fd_sc_hd__buf_1)
                  0.07    0.11    0.93 v hold2/X (sky130_fd_sc_hd__buf_1)
     3    0.01                           net18 (net)
                  0.07    0.00    0.93 v _0798_/C1 (sky130_fd_sc_hd__o221a_1)
                  0.04    0.12    1.05 v _0798_/X (sky130_fd_sc_hd__o221a_1)
     1    0.00                           _0005_ (net)
                  0.04    0.00    1.05 v _1315_/D (sky130_fd_sc_hd__dfrtp_1)
                                  1.05   data arrival time

                          0.00    0.00   clock clk (rise edge)
                          0.00    0.00   clock source latency
                  0.12    0.08    0.08 ^ clk (in)
     1    0.02                           clk (net)
                  0.12    0.00    0.08 ^ clkbuf_0_clk/A (sky130_fd_sc_hd__clkbuf_16)
                  0.14    0.24    0.32 ^ clkbuf_0_clk/X (sky130_fd_sc_hd__clkbuf_16)
    16    0.12                           clknet_0_clk (net)
                  0.14    0.00    0.33 ^ clkbuf_4_11_0_clk/A (sky130_fd_sc_hd__clkbuf_8)
                  0.08    0.19    0.52 ^ clkbuf_4_11_0_clk/X (sky130_fd_sc_hd__clkbuf_8)
    12    0.04                           clknet_4_11_0_clk (net)
                  0.08    0.00    0.52 ^ _1315_/CLK (sky130_fd_sc_hd__dfrtp_1)
                          0.25    0.77   clock uncertainty
                         -0.05    0.72   clock reconvergence pessimism
                         -0.04    0.69   library hold time
                                  0.69   data required time
-----------------------------------------------------------------------------
                                  0.69   data required time
                                 -1.05   data arrival time
-----------------------------------------------------------------------------
                                  0.36   slack (MET)


Startpoint: _1318_ (rising edge-triggered flip-flop clocked by clk)
Endpoint: _1318_ (rising edge-triggered flip-flop clocked by clk)
Path Group: clk
Path Type: min

Fanout     Cap    Slew   Delay    Time   Description
-----------------------------------------------------------------------------
                          0.00    0.00   clock clk (rise edge)
                          0.00    0.00   clock source latency
                  0.12    0.08    0.08 ^ clk (in)
     1    0.02                           clk (net)
                  0.12    0.00    0.08 ^ clkbuf_0_clk/A (sky130_fd_sc_hd__clkbuf_16)
                  0.14    0.22    0.29 ^ clkbuf_0_clk/X (sky130_fd_sc_hd__clkbuf_16)
    16    0.12                           clknet_0_clk (net)
                  0.14    0.00    0.30 ^ clkbuf_4_10_0_clk/A (sky130_fd_sc_hd__clkbuf_8)
                  0.09    0.19    0.48 ^ clkbuf_4_10_0_clk/X (sky130_fd_sc_hd__clkbuf_8)
    15    0.04                           clknet_4_10_0_clk (net)
                  0.09    0.00    0.48 ^ _1318_/CLK (sky130_fd_sc_hd__dfrtp_1)
                  0.12    0.38    0.86 ^ _1318_/Q (sky130_fd_sc_hd__dfrtp_1)
     2    0.01                           u_pattern_gen.state_r[1] (net)
                  0.12    0.00    0.86 ^ _0675_/A1 (sky130_fd_sc_hd__mux2_1)
                  0.04    0.14    1.00 ^ _0675_/X (sky130_fd_sc_hd__mux2_1)
     1    0.00                           _0570_ (net)
                  0.04    0.00    1.00 ^ _0676_/A (sky130_fd_sc_hd__clkbuf_1)
                  0.04    0.08    1.08 ^ _0676_/X (sky130_fd_sc_hd__clkbuf_1)
     1    0.00                           _0143_ (net)
                  0.04    0.00    1.08 ^ _1318_/D (sky130_fd_sc_hd__dfrtp_1)
                                  1.08   data arrival time

                          0.00    0.00   clock clk (rise edge)
                          0.00    0.00   clock source latency
                  0.12    0.08    0.08 ^ clk (in)
     1    0.02                           clk (net)
                  0.12    0.00    0.08 ^ clkbuf_0_clk/A (sky130_fd_sc_hd__clkbuf_16)
                  0.14    0.24    0.32 ^ clkbuf_0_clk/X (sky130_fd_sc_hd__clkbuf_16)
    16    0.12                           clknet_0_clk (net)
                  0.14    0.00    0.33 ^ clkbuf_4_10_0_clk/A (sky130_fd_sc_hd__clkbuf_8)
                  0.09    0.21    0.53 ^ clkbuf_4_10_0_clk/X (sky130_fd_sc_hd__clkbuf_8)
    15    0.04                           clknet_4_10_0_clk (net)
                  0.09    0.00    0.54 ^ _1318_/CLK (sky130_fd_sc_hd__dfrtp_1)
                          0.25    0.79   clock uncertainty
                         -0.05    0.73   clock reconvergence pessimism
                         -0.03    0.71   library hold time
                                  0.71   data required time
-----------------------------------------------------------------------------
                                  0.71   data required time
                                 -1.08   data arrival time
-----------------------------------------------------------------------------
                                  0.37   slack (MET)


Startpoint: _1327_ (rising edge-triggered flip-flop clocked by clk)
Endpoint: _1179_ (rising edge-triggered flip-flop clocked by clk)
Path Group: clk
Path Type: min

Fanout     Cap    Slew   Delay    Time   Description
-----------------------------------------------------------------------------
                          0.00    0.00   clock clk (rise edge)
                          0.00    0.00   clock source latency
                  0.12    0.08    0.08 ^ clk (in)
     1    0.02                           clk (net)
                  0.12    0.00    0.08 ^ clkbuf_0_clk/A (sky130_fd_sc_hd__clkbuf_16)
                  0.14    0.22    0.29 ^ clkbuf_0_clk/X (sky130_fd_sc_hd__clkbuf_16)
    16    0.12                           clknet_0_clk (net)
                  0.14    0.00    0.30 ^ clkbuf_4_14_0_clk/A (sky130_fd_sc_hd__clkbuf_8)
                  0.06    0.16    0.46 ^ clkbuf_4_14_0_clk/X (sky130_fd_sc_hd__clkbuf_8)
     8    0.03                           clknet_4_14_0_clk (net)
                  0.06    0.00    0.46 ^ _1327_/CLK (sky130_fd_sc_hd__dfrtp_1)
                  0.06    0.37    0.83 v _1327_/Q (sky130_fd_sc_hd__dfrtp_1)
     2    0.01                           u_addr_gen.start (net)
                  0.06    0.00    0.83 v _0855_/A (sky130_fd_sc_hd__inv_2)
                  0.07    0.08    0.91 ^ _0855_/Y (sky130_fd_sc_hd__inv_2)
     5    0.01                           _0302_ (net)
                  0.07    0.00    0.91 ^ _0859_/A1 (sky130_fd_sc_hd__a32o_1)
                  0.05    0.14    1.05 ^ _0859_/X (sky130_fd_sc_hd__a32o_1)
     1    0.00                           _0581_ (net)
                  0.05    0.00    1.05 ^ _1179_/D (sky130_fd_sc_hd__dfrtp_1)
                                  1.05   data arrival time

                          0.00    0.00   clock clk (rise edge)
                          0.00    0.00   clock source latency
                  0.12    0.08    0.08 ^ clk (in)
     1    0.02                           clk (net)
                  0.12    0.00    0.08 ^ clkbuf_0_clk/A (sky130_fd_sc_hd__clkbuf_16)
                  0.14    0.24    0.32 ^ clkbuf_0_clk/X (sky130_fd_sc_hd__clkbuf_16)
    16    0.12                           clknet_0_clk (net)
                  0.14    0.00    0.33 ^ clkbuf_4_14_0_clk/A (sky130_fd_sc_hd__clkbuf_8)
                  0.06    0.18    0.51 ^ clkbuf_4_14_0_clk/X (sky130_fd_sc_hd__clkbuf_8)
     8    0.03                           clknet_4_14_0_clk (net)
                  0.06    0.00    0.51 ^ _1179_/CLK (sky130_fd_sc_hd__dfrtp_1)
                          0.25    0.76   clock uncertainty
                         -0.05    0.71   clock reconvergence pessimism
                         -0.03    0.68   library hold time
                                  0.68   data required time
-----------------------------------------------------------------------------
                                  0.68   data required time
                                 -1.05   data arrival time
-----------------------------------------------------------------------------
                                  0.37   slack (MET)


Startpoint: _1171_ (rising edge-triggered flip-flop clocked by clk)
Endpoint: _1171_ (rising edge-triggered flip-flop clocked by clk)
Path Group: clk
Path Type: min

Fanout     Cap    Slew   Delay    Time   Description
-----------------------------------------------------------------------------
                          0.00    0.00   clock clk (rise edge)
                          0.00    0.00   clock source latency
                  0.12    0.08    0.08 ^ clk (in)
     1    0.02                           clk (net)
                  0.12    0.00    0.08 ^ clkbuf_0_clk/A (sky130_fd_sc_hd__clkbuf_16)
                  0.14    0.22    0.29 ^ clkbuf_0_clk/X (sky130_fd_sc_hd__clkbuf_16)
    16    0.12                           clknet_0_clk (net)
                  0.14    0.00    0.30 ^ clkbuf_4_14_0_clk/A (sky130_fd_sc_hd__clkbuf_8)
                  0.06    0.16    0.46 ^ clkbuf_4_14_0_clk/X (sky130_fd_sc_hd__clkbuf_8)
     8    0.03                           clknet_4_14_0_clk (net)
                  0.06    0.00    0.46 ^ _1171_/CLK (sky130_fd_sc_hd__dfstp_1)
                  0.05    0.35    0.82 v _1171_/Q (sky130_fd_sc_hd__dfstp_1)
     3    0.01                           u_addr_gen.state[0] (net)
                  0.05    0.00    0.82 v _0860_/B (sky130_fd_sc_hd__and2_1)
                  0.03    0.14    0.96 v _0860_/X (sky130_fd_sc_hd__and2_1)
     1    0.00                           _0306_ (net)
                  0.03    0.00    0.96 v _0861_/A (sky130_fd_sc_hd__buf_1)
                  0.07    0.11    1.07 v _0861_/X (sky130_fd_sc_hd__buf_1)
     3    0.01                           _0000_ (net)
                  0.07    0.00    1.07 v _1171_/D (sky130_fd_sc_hd__dfstp_1)
                                  1.07   data arrival time

                          0.00    0.00   clock clk (rise edge)
                          0.00    0.00   clock source latency
                  0.12    0.08    0.08 ^ clk (in)
     1    0.02                           clk (net)
                  0.12    0.00    0.08 ^ clkbuf_0_clk/A (sky130_fd_sc_hd__clkbuf_16)
                  0.14    0.24    0.32 ^ clkbuf_0_clk/X (sky130_fd_sc_hd__clkbuf_16)
    16    0.12                           clknet_0_clk (net)
                  0.14    0.00    0.33 ^ clkbuf_4_14_0_clk/A (sky130_fd_sc_hd__clkbuf_8)
                  0.06    0.18    0.51 ^ clkbuf_4_14_0_clk/X (sky130_fd_sc_hd__clkbuf_8)
     8    0.03                           clknet_4_14_0_clk (net)
                  0.06    0.00    0.51 ^ _1171_/CLK (sky130_fd_sc_hd__dfstp_1)
                          0.25    0.76   clock uncertainty
                         -0.05    0.71   clock reconvergence pessimism
                         -0.02    0.70   library hold time
                                  0.70   data required time
-----------------------------------------------------------------------------
                                  0.70   data required time
                                 -1.07   data arrival time
-----------------------------------------------------------------------------
                                  0.37   slack (MET)


Startpoint: _1180_ (rising edge-triggered flip-flop clocked by clk)
Endpoint: _1329_ (rising edge-triggered flip-flop clocked by clk)
Path Group: clk
Path Type: min

Fanout     Cap    Slew   Delay    Time   Description
-----------------------------------------------------------------------------
                          0.00    0.00   clock clk (rise edge)
                          0.00    0.00   clock source latency
                  0.12    0.08    0.08 ^ clk (in)
     1    0.02                           clk (net)
                  0.12    0.00    0.08 ^ clkbuf_0_clk/A (sky130_fd_sc_hd__clkbuf_16)
                  0.14    0.22    0.29 ^ clkbuf_0_clk/X (sky130_fd_sc_hd__clkbuf_16)
    16    0.12                           clknet_0_clk (net)
                  0.14    0.00    0.30 ^ clkbuf_4_11_0_clk/A (sky130_fd_sc_hd__clkbuf_8)
                  0.08    0.18    0.47 ^ clkbuf_4_11_0_clk/X (sky130_fd_sc_hd__clkbuf_8)
    12    0.04                           clknet_4_11_0_clk (net)
                  0.08    0.00    0.48 ^ _1180_/CLK (sky130_fd_sc_hd__dfrtp_1)
                  0.09    0.35    0.82 ^ _1180_/Q (sky130_fd_sc_hd__dfrtp_1)
     2    0.01                           u_fsm.addr_done_seen (net)
                  0.09    0.00    0.82 ^ _0696_/A1 (sky130_fd_sc_hd__a21o_1)
                  0.04    0.11    0.93 ^ _0696_/X (sky130_fd_sc_hd__a21o_1)
     1    0.00                           _0153_ (net)
                  0.04    0.00    0.93 ^ _0697_/A (sky130_fd_sc_hd__clkbuf_2)
                  0.12    0.15    1.08 ^ _0697_/X (sky130_fd_sc_hd__clkbuf_2)
     5    0.02                           _0003_ (net)
                  0.12    0.00    1.08 ^ _1329_/D (sky130_fd_sc_hd__dfrtp_1)
                                  1.08   data arrival time

                          0.00    0.00   clock clk (rise edge)
                          0.00    0.00   clock source latency
                  0.12    0.08    0.08 ^ clk (in)
     1    0.02                           clk (net)
                  0.12    0.00    0.08 ^ clkbuf_0_clk/A (sky130_fd_sc_hd__clkbuf_16)
                  0.14    0.24    0.32 ^ clkbuf_0_clk/X (sky130_fd_sc_hd__clkbuf_16)
    16    0.12                           clknet_0_clk (net)
                  0.14    0.00    0.33 ^ clkbuf_4_10_0_clk/A (sky130_fd_sc_hd__clkbuf_8)
                  0.09    0.21    0.53 ^ clkbuf_4_10_0_clk/X (sky130_fd_sc_hd__clkbuf_8)
    15    0.04                           clknet_4_10_0_clk (net)
                  0.09    0.00    0.54 ^ _1329_/CLK (sky130_fd_sc_hd__dfrtp_1)
                          0.25    0.79   clock uncertainty
                         -0.03    0.76   clock reconvergence pessimism
                         -0.05    0.71   library hold time
                                  0.71   data required time
-----------------------------------------------------------------------------
                                  0.71   data required time
                                 -1.08   data arrival time
-----------------------------------------------------------------------------
                                  0.37   slack (MET)


Startpoint: _1322_ (rising edge-triggered flip-flop clocked by clk)
Endpoint: _1323_ (rising edge-triggered flip-flop clocked by clk)
Path Group: clk
Path Type: min

Fanout     Cap    Slew   Delay    Time   Description
-----------------------------------------------------------------------------
                          0.00    0.00   clock clk (rise edge)
                          0.00    0.00   clock source latency
                  0.12    0.08    0.08 ^ clk (in)
     1    0.02                           clk (net)
                  0.12    0.00    0.08 ^ clkbuf_0_clk/A (sky130_fd_sc_hd__clkbuf_16)
                  0.14    0.22    0.29 ^ clkbuf_0_clk/X (sky130_fd_sc_hd__clkbuf_16)
    16    0.12                           clknet_0_clk (net)
                  0.14    0.00    0.30 ^ clkbuf_4_10_0_clk/A (sky130_fd_sc_hd__clkbuf_8)
                  0.09    0.19    0.48 ^ clkbuf_4_10_0_clk/X (sky130_fd_sc_hd__clkbuf_8)
    15    0.04                           clknet_4_10_0_clk (net)
                  0.09    0.00    0.49 ^ _1322_/CLK (sky130_fd_sc_hd__dfrtp_1)
                  0.06    0.38    0.86 v _1322_/Q (sky130_fd_sc_hd__dfrtp_1)
     2    0.01                           u_fsm.fail_latch (net)
                  0.06    0.00    0.86 v _0682_/A (sky130_fd_sc_hd__inv_2)
                  0.03    0.05    0.91 ^ _0682_/Y (sky130_fd_sc_hd__inv_2)
     1    0.00                           _0574_ (net)
                  0.03    0.00    0.91 ^ _0683_/A1 (sky130_fd_sc_hd__mux2_1)
                  0.04    0.11    1.02 ^ _0683_/X (sky130_fd_sc_hd__mux2_1)
     1    0.00                           _0575_ (net)
                  0.04    0.00    1.02 ^ _0684_/A (sky130_fd_sc_hd__clkbuf_1)
                  0.04    0.07    1.10 ^ _0684_/X (sky130_fd_sc_hd__clkbuf_1)
     1    0.00                           _0146_ (net)
                  0.04    0.00    1.10 ^ _1323_/D (sky130_fd_sc_hd__dfrtp_1)
                                  1.10   data arrival time

                          0.00    0.00   clock clk (rise edge)
                          0.00    0.00   clock source latency
                  0.12    0.08    0.08 ^ clk (in)
     1    0.02                           clk (net)
                  0.12    0.00    0.08 ^ clkbuf_0_clk/A (sky130_fd_sc_hd__clkbuf_16)
                  0.14    0.24    0.32 ^ clkbuf_0_clk/X (sky130_fd_sc_hd__clkbuf_16)
    16    0.12                           clknet_0_clk (net)
                  0.14    0.00    0.33 ^ clkbuf_4_11_0_clk/A (sky130_fd_sc_hd__clkbuf_8)
                  0.08    0.19    0.52 ^ clkbuf_4_11_0_clk/X (sky130_fd_sc_hd__clkbuf_8)
    12    0.04                           clknet_4_11_0_clk (net)
                  0.08    0.00    0.53 ^ _1323_/CLK (sky130_fd_sc_hd__dfrtp_1)
                          0.25    0.78   clock uncertainty
                         -0.03    0.74   clock reconvergence pessimism
                         -0.03    0.71   library hold time
                                  0.71   data required time
-----------------------------------------------------------------------------
                                  0.71   data required time
                                 -1.10   data arrival time
-----------------------------------------------------------------------------
                                  0.38   slack (MET)


Startpoint: _1327_ (rising edge-triggered flip-flop clocked by clk)
Endpoint: _1320_ (rising edge-triggered flip-flop clocked by clk)
Path Group: clk
Path Type: min

Fanout     Cap    Slew   Delay    Time   Description
-----------------------------------------------------------------------------
                          0.00    0.00   clock clk (rise edge)
                          0.00    0.00   clock source latency
                  0.12    0.08    0.08 ^ clk (in)
     1    0.02                           clk (net)
                  0.12    0.00    0.08 ^ clkbuf_0_clk/A (sky130_fd_sc_hd__clkbuf_16)
                  0.14    0.22    0.29 ^ clkbuf_0_clk/X (sky130_fd_sc_hd__clkbuf_16)
    16    0.12                           clknet_0_clk (net)
                  0.14    0.00    0.30 ^ clkbuf_4_14_0_clk/A (sky130_fd_sc_hd__clkbuf_8)
                  0.06    0.16    0.46 ^ clkbuf_4_14_0_clk/X (sky130_fd_sc_hd__clkbuf_8)
     8    0.03                           clknet_4_14_0_clk (net)
                  0.06    0.00    0.46 ^ _1327_/CLK (sky130_fd_sc_hd__dfrtp_1)
                  0.08    0.34    0.80 ^ _1327_/Q (sky130_fd_sc_hd__dfrtp_1)
     2    0.01                           u_addr_gen.start (net)
                  0.08    0.00    0.80 ^ _0855_/A (sky130_fd_sc_hd__inv_2)
                  0.04    0.06    0.86 v _0855_/Y (sky130_fd_sc_hd__inv_2)
     5    0.01                           _0302_ (net)
                  0.04    0.00    0.86 v _0677_/B1 (sky130_fd_sc_hd__o21ai_1)
                  0.11    0.09    0.95 ^ _0677_/Y (sky130_fd_sc_hd__o21ai_1)
     1    0.01                           _0571_ (net)
                  0.11    0.00    0.95 ^ _0678_/B1 (sky130_fd_sc_hd__a22o_1)
                  0.04    0.12    1.07 ^ _0678_/X (sky130_fd_sc_hd__a22o_1)
     1    0.00                           _0144_ (net)
                  0.04    0.00    1.07 ^ _1320_/D (sky130_fd_sc_hd__dfrtp_1)
                                  1.07   data arrival time

                          0.00    0.00   clock clk (rise edge)
                          0.00    0.00   clock source latency
                  0.12    0.08    0.08 ^ clk (in)
     1    0.02                           clk (net)
                  0.12    0.00    0.08 ^ clkbuf_0_clk/A (sky130_fd_sc_hd__clkbuf_16)
                  0.14    0.24    0.32 ^ clkbuf_0_clk/X (sky130_fd_sc_hd__clkbuf_16)
    16    0.12                           clknet_0_clk (net)
                  0.14    0.00    0.33 ^ clkbuf_4_14_0_clk/A (sky130_fd_sc_hd__clkbuf_8)
                  0.06    0.18    0.51 ^ clkbuf_4_14_0_clk/X (sky130_fd_sc_hd__clkbuf_8)
     8    0.03                           clknet_4_14_0_clk (net)
                  0.06    0.00    0.51 ^ _1320_/CLK (sky130_fd_sc_hd__dfrtp_1)
                          0.25    0.76   clock uncertainty
                         -0.05    0.71   clock reconvergence pessimism
                         -0.03    0.68   library hold time
                                  0.68   data required time
-----------------------------------------------------------------------------
                                  0.68   data required time
                                 -1.07   data arrival time
-----------------------------------------------------------------------------
                                  0.39   slack (MET)


Startpoint: _1319_ (rising edge-triggered flip-flop clocked by clk)
Endpoint: _1321_ (rising edge-triggered flip-flop clocked by clk)
Path Group: clk
Path Type: min

Fanout     Cap    Slew   Delay    Time   Description
-----------------------------------------------------------------------------
                          0.00    0.00   clock clk (rise edge)
                          0.00    0.00   clock source latency
                  0.12    0.08    0.08 ^ clk (in)
     1    0.02                           clk (net)
                  0.12    0.00    0.08 ^ clkbuf_0_clk/A (sky130_fd_sc_hd__clkbuf_16)
                  0.14    0.22    0.29 ^ clkbuf_0_clk/X (sky130_fd_sc_hd__clkbuf_16)
    16    0.12                           clknet_0_clk (net)
                  0.14    0.00    0.30 ^ clkbuf_4_11_0_clk/A (sky130_fd_sc_hd__clkbuf_8)
                  0.08    0.18    0.47 ^ clkbuf_4_11_0_clk/X (sky130_fd_sc_hd__clkbuf_8)
    12    0.04                           clknet_4_11_0_clk (net)
                  0.08    0.00    0.47 ^ _1319_/CLK (sky130_fd_sc_hd__dfrtp_1)
                  0.09    0.35    0.83 ^ _1319_/Q (sky130_fd_sc_hd__dfrtp_1)
     3    0.01                           u_fsm.rvalid (net)
                  0.09    0.00    0.83 ^ _0710_/B (sky130_fd_sc_hd__and3_1)
                  0.07    0.16    0.99 ^ _0710_/X (sky130_fd_sc_hd__and3_1)
     1    0.00                           _0161_ (net)
                  0.07    0.00    0.99 ^ _0711_/A (sky130_fd_sc_hd__clkbuf_1)
                  0.09    0.12    1.10 ^ _0711_/X (sky130_fd_sc_hd__clkbuf_1)
     2    0.01                           u_comparator.enable (net)
                  0.09    0.00    1.10 ^ _1321_/D (sky130_fd_sc_hd__dfrtp_1)
                                  1.10   data arrival time

                          0.00    0.00   clock clk (rise edge)
                          0.00    0.00   clock source latency
                  0.12    0.08    0.08 ^ clk (in)
     1    0.02                           clk (net)
                  0.12    0.00    0.08 ^ clkbuf_0_clk/A (sky130_fd_sc_hd__clkbuf_16)
                  0.14    0.24    0.32 ^ clkbuf_0_clk/X (sky130_fd_sc_hd__clkbuf_16)
    16    0.12                           clknet_0_clk (net)
                  0.14    0.00    0.33 ^ clkbuf_4_10_0_clk/A (sky130_fd_sc_hd__clkbuf_8)
                  0.09    0.21    0.53 ^ clkbuf_4_10_0_clk/X (sky130_fd_sc_hd__clkbuf_8)
    15    0.04                           clknet_4_10_0_clk (net)
                  0.09    0.00    0.54 ^ _1321_/CLK (sky130_fd_sc_hd__dfrtp_1)
                          0.25    0.79   clock uncertainty
                         -0.03    0.76   clock reconvergence pessimism
                         -0.04    0.72   library hold time
                                  0.72   data required time
-----------------------------------------------------------------------------
                                  0.72   data required time
                                 -1.10   data arrival time
-----------------------------------------------------------------------------
                                  0.39   slack (MET)


Startpoint: _1178_ (rising edge-triggered flip-flop clocked by clk)
Endpoint: _1178_ (rising edge-triggered flip-flop clocked by clk)
Path Group: clk
Path Type: min

Fanout     Cap    Slew   Delay    Time   Description
-----------------------------------------------------------------------------
                          0.00    0.00   clock clk (rise edge)
                          0.00    0.00   clock source latency
                  0.12    0.08    0.08 ^ clk (in)
     1    0.02                           clk (net)
                  0.12    0.00    0.08 ^ clkbuf_0_clk/A (sky130_fd_sc_hd__clkbuf_16)
                  0.14    0.22    0.29 ^ clkbuf_0_clk/X (sky130_fd_sc_hd__clkbuf_16)
    16    0.12                           clknet_0_clk (net)
                  0.14    0.00    0.30 ^ clkbuf_4_15_0_clk/A (sky130_fd_sc_hd__clkbuf_8)
                  0.05    0.16    0.45 ^ clkbuf_4_15_0_clk/X (sky130_fd_sc_hd__clkbuf_8)
     6    0.02                           clknet_4_15_0_clk (net)
                  0.05    0.00    0.45 ^ _1178_/CLK (sky130_fd_sc_hd__dfrtp_4)
                  0.16    0.47    0.92 ^ _1178_/Q (sky130_fd_sc_hd__dfrtp_4)
     9    0.05                           u_addr_gen.addr[5] (net)
                  0.16    0.00    0.92 ^ _0904_/B2 (sky130_fd_sc_hd__a2bb2o_1)
                  0.04    0.14    1.07 ^ _0904_/X (sky130_fd_sc_hd__a2bb2o_1)
     1    0.00                           _0013_ (net)
                  0.04    0.00    1.07 ^ _1178_/D (sky130_fd_sc_hd__dfrtp_4)
                                  1.07   data arrival time

                          0.00    0.00   clock clk (rise edge)
                          0.00    0.00   clock source latency
                  0.12    0.08    0.08 ^ clk (in)
     1    0.02                           clk (net)
                  0.12    0.00    0.08 ^ clkbuf_0_clk/A (sky130_fd_sc_hd__clkbuf_16)
                  0.14    0.24    0.32 ^ clkbuf_0_clk/X (sky130_fd_sc_hd__clkbuf_16)
    16    0.12                           clknet_0_clk (net)
                  0.14    0.00    0.33 ^ clkbuf_4_15_0_clk/A (sky130_fd_sc_hd__clkbuf_8)
                  0.05    0.17    0.50 ^ clkbuf_4_15_0_clk/X (sky130_fd_sc_hd__clkbuf_8)
     6    0.02                           clknet_4_15_0_clk (net)
                  0.05    0.00    0.50 ^ _1178_/CLK (sky130_fd_sc_hd__dfrtp_4)
                          0.25    0.75   clock uncertainty
                         -0.05    0.70   clock reconvergence pessimism
                         -0.03    0.67   library hold time
                                  0.67   data required time
-----------------------------------------------------------------------------
                                  0.67   data required time
                                 -1.07   data arrival time
-----------------------------------------------------------------------------
                                  0.40   slack (MET)


Startpoint: _1325_ (rising edge-triggered flip-flop clocked by clk)
Endpoint: _1317_ (rising edge-triggered flip-flop clocked by clk)
Path Group: clk
Path Type: min

Fanout     Cap    Slew   Delay    Time   Description
-----------------------------------------------------------------------------
                          0.00    0.00   clock clk (rise edge)
                          0.00    0.00   clock source latency
                  0.12    0.08    0.08 ^ clk (in)
     1    0.02                           clk (net)
                  0.12    0.00    0.08 ^ clkbuf_0_clk/A (sky130_fd_sc_hd__clkbuf_16)
                  0.14    0.22    0.29 ^ clkbuf_0_clk/X (sky130_fd_sc_hd__clkbuf_16)
    16    0.12                           clknet_0_clk (net)
                  0.14    0.00    0.30 ^ clkbuf_4_11_0_clk/A (sky130_fd_sc_hd__clkbuf_8)
                  0.08    0.18    0.47 ^ clkbuf_4_11_0_clk/X (sky130_fd_sc_hd__clkbuf_8)
    12    0.04                           clknet_4_11_0_clk (net)
                  0.08    0.00    0.47 ^ _1325_/CLK (sky130_fd_sc_hd__dfrtp_1)
                  0.16    0.40    0.87 ^ _1325_/Q (sky130_fd_sc_hd__dfrtp_1)
     5    0.02                           u_fsm.state[1] (net)
                  0.16    0.00    0.87 ^ _0700_/B (sky130_fd_sc_hd__or3b_2)
                  0.11    0.19    1.06 ^ _0700_/X (sky130_fd_sc_hd__or3b_2)
     3    0.02                           _0155_ (net)
                  0.11    0.00    1.06 ^ _0674_/B (sky130_fd_sc_hd__xnor2_1)
                  0.03    0.07    1.13 v _0674_/Y (sky130_fd_sc_hd__xnor2_1)
     1    0.00                           _0142_ (net)
                  0.03    0.00    1.13 v _1317_/D (sky130_fd_sc_hd__dfrtp_4)
                                  1.13   data arrival time

                          0.00    0.00   clock clk (rise edge)
                          0.00    0.00   clock source latency
                  0.12    0.08    0.08 ^ clk (in)
     1    0.02                           clk (net)
                  0.12    0.00    0.08 ^ clkbuf_0_clk/A (sky130_fd_sc_hd__clkbuf_16)
                  0.14    0.24    0.32 ^ clkbuf_0_clk/X (sky130_fd_sc_hd__clkbuf_16)
    16    0.12                           clknet_0_clk (net)
                  0.14    0.00    0.33 ^ clkbuf_4_10_0_clk/A (sky130_fd_sc_hd__clkbuf_8)
                  0.09    0.21    0.53 ^ clkbuf_4_10_0_clk/X (sky130_fd_sc_hd__clkbuf_8)
    15    0.04                           clknet_4_10_0_clk (net)
                  0.09    0.00    0.54 ^ _1317_/CLK (sky130_fd_sc_hd__dfrtp_4)
                          0.25    0.79   clock uncertainty
                         -0.03    0.75   clock reconvergence pessimism
                         -0.03    0.73   library hold time
                                  0.73   data required time
-----------------------------------------------------------------------------
                                  0.73   data required time
                                 -1.13   data arrival time
-----------------------------------------------------------------------------
                                  0.40   slack (MET)


Startpoint: _1314_ (rising edge-triggered flip-flop clocked by clk)
Endpoint: _1316_ (rising edge-triggered flip-flop clocked by clk)
Path Group: clk
Path Type: min

Fanout     Cap    Slew   Delay    Time   Description
-----------------------------------------------------------------------------
                          0.00    0.00   clock clk (rise edge)
                          0.00    0.00   clock source latency
                  0.12    0.08    0.08 ^ clk (in)
     1    0.02                           clk (net)
                  0.12    0.00    0.08 ^ clkbuf_0_clk/A (sky130_fd_sc_hd__clkbuf_16)
                  0.14    0.22    0.29 ^ clkbuf_0_clk/X (sky130_fd_sc_hd__clkbuf_16)
    16    0.12                           clknet_0_clk (net)
                  0.14    0.00    0.30 ^ clkbuf_4_11_0_clk/A (sky130_fd_sc_hd__clkbuf_8)
                  0.08    0.18    0.47 ^ clkbuf_4_11_0_clk/X (sky130_fd_sc_hd__clkbuf_8)
    12    0.04                           clknet_4_11_0_clk (net)
                  0.08    0.00    0.47 ^ _1314_/CLK (sky130_fd_sc_hd__dfrtp_1)
                  0.04    0.34    0.82 v _1314_/Q (sky130_fd_sc_hd__dfrtp_1)
     1    0.00                           u_sram.re_r (net)
                  0.04    0.00    0.82 v hold2/A (sky130_fd_sc_hd__buf_1)
                  0.07    0.11    0.93 v hold2/X (sky130_fd_sc_hd__buf_1)
     3    0.01                           net18 (net)
                  0.07    0.00    0.93 v _0853_/B1 (sky130_fd_sc_hd__o21a_1)
                  0.04    0.11    1.05 v _0853_/X (sky130_fd_sc_hd__o21a_1)
     1    0.00                           _0301_ (net)
                  0.04    0.00    1.05 v _0854_/B1 (sky130_fd_sc_hd__o31a_1)
                  0.04    0.10    1.15 v _0854_/X (sky130_fd_sc_hd__o31a_1)
     1    0.01                           _0004_ (net)
                  0.04    0.00    1.15 v _1316_/D (sky130_fd_sc_hd__dfrtp_1)
                                  1.15   data arrival time

                          0.00    0.00   clock clk (rise edge)
                          0.00    0.00   clock source latency
                  0.12    0.08    0.08 ^ clk (in)
     1    0.02                           clk (net)
                  0.12    0.00    0.08 ^ clkbuf_0_clk/A (sky130_fd_sc_hd__clkbuf_16)
                  0.14    0.24    0.32 ^ clkbuf_0_clk/X (sky130_fd_sc_hd__clkbuf_16)
    16    0.12                           clknet_0_clk (net)
                  0.14    0.00    0.33 ^ clkbuf_4_10_0_clk/A (sky130_fd_sc_hd__clkbuf_8)
                  0.09    0.21    0.53 ^ clkbuf_4_10_0_clk/X (sky130_fd_sc_hd__clkbuf_8)
    15    0.04                           clknet_4_10_0_clk (net)
                  0.09    0.00    0.53 ^ _1316_/CLK (sky130_fd_sc_hd__dfrtp_1)
                          0.25    0.78   clock uncertainty
                         -0.03    0.75   clock reconvergence pessimism
                         -0.03    0.72   library hold time
                                  0.72   data required time
-----------------------------------------------------------------------------
                                  0.72   data required time
                                 -1.15   data arrival time
-----------------------------------------------------------------------------
                                  0.43   slack (MET)


Startpoint: _1315_ (rising edge-triggered flip-flop clocked by clk)
Endpoint: _1328_ (rising edge-triggered flip-flop clocked by clk)
Path Group: clk
Path Type: min

Fanout     Cap    Slew   Delay    Time   Description
-----------------------------------------------------------------------------
                          0.00    0.00   clock clk (rise edge)
                          0.00    0.00   clock source latency
                  0.12    0.08    0.08 ^ clk (in)
     1    0.02                           clk (net)
                  0.12    0.00    0.08 ^ clkbuf_0_clk/A (sky130_fd_sc_hd__clkbuf_16)
                  0.14    0.22    0.29 ^ clkbuf_0_clk/X (sky130_fd_sc_hd__clkbuf_16)
    16    0.12                           clknet_0_clk (net)
                  0.14    0.00    0.30 ^ clkbuf_4_11_0_clk/A (sky130_fd_sc_hd__clkbuf_8)
                  0.08    0.18    0.47 ^ clkbuf_4_11_0_clk/X (sky130_fd_sc_hd__clkbuf_8)
    12    0.04                           clknet_4_11_0_clk (net)
                  0.08    0.00    0.47 ^ _1315_/CLK (sky130_fd_sc_hd__dfrtp_1)
                  0.06    0.33    0.80 ^ _1315_/Q (sky130_fd_sc_hd__dfrtp_1)
     1    0.01                           u_comparator.read_data[1] (net)
                  0.06    0.00    0.80 ^ _0685_/A (sky130_fd_sc_hd__inv_2)
                  0.02    0.03    0.84 v _0685_/Y (sky130_fd_sc_hd__inv_2)
     2    0.01                           _0576_ (net)
                  0.02    0.00    0.84 v _0688_/A1 (sky130_fd_sc_hd__a21oi_1)
                  0.10    0.11    0.95 ^ _0688_/Y (sky130_fd_sc_hd__a21oi_1)
     1    0.00                           _0579_ (net)
                  0.10    0.00    0.95 ^ _0689_/A1 (sky130_fd_sc_hd__mux2_1)
                  0.05    0.13    1.08 ^ _0689_/X (sky130_fd_sc_hd__mux2_1)
     1    0.00                           _0580_ (net)
                  0.05    0.00    1.08 ^ _0690_/A (sky130_fd_sc_hd__clkbuf_1)
                  0.05    0.08    1.16 ^ _0690_/X (sky130_fd_sc_hd__clkbuf_1)
     1    0.00                           _0147_ (net)
                  0.05    0.00    1.16 ^ _1328_/D (sky130_fd_sc_hd__dfstp_1)
                                  1.16   data arrival time

                          0.00    0.00   clock clk (rise edge)
                          0.00    0.00   clock source latency
                  0.12    0.08    0.08 ^ clk (in)
     1    0.02                           clk (net)
                  0.12    0.00    0.08 ^ clkbuf_0_clk/A (sky130_fd_sc_hd__clkbuf_16)
                  0.14    0.24    0.32 ^ clkbuf_0_clk/X (sky130_fd_sc_hd__clkbuf_16)
    16    0.12                           clknet_0_clk (net)
                  0.14    0.00    0.33 ^ clkbuf_4_10_0_clk/A (sky130_fd_sc_hd__clkbuf_8)
                  0.09    0.21    0.53 ^ clkbuf_4_10_0_clk/X (sky130_fd_sc_hd__clkbuf_8)
    15    0.04                           clknet_4_10_0_clk (net)
                  0.09    0.00    0.54 ^ _1328_/CLK (sky130_fd_sc_hd__dfstp_1)
                          0.25    0.79   clock uncertainty
                         -0.03    0.76   clock reconvergence pessimism
                         -0.03    0.73   library hold time
                                  0.73   data required time
-----------------------------------------------------------------------------
                                  0.73   data required time
                                 -1.16   data arrival time
-----------------------------------------------------------------------------
                                  0.44   slack (MET)


Startpoint: _1172_ (rising edge-triggered flip-flop clocked by clk)
Endpoint: _1173_ (rising edge-triggered flip-flop clocked by clk)
Path Group: clk
Path Type: min

Fanout     Cap    Slew   Delay    Time   Description
-----------------------------------------------------------------------------
                          0.00    0.00   clock clk (rise edge)
                          0.00    0.00   clock source latency
                  0.12    0.08    0.08 ^ clk (in)
     1    0.02                           clk (net)
                  0.12    0.00    0.08 ^ clkbuf_0_clk/A (sky130_fd_sc_hd__clkbuf_16)
                  0.14    0.22    0.29 ^ clkbuf_0_clk/X (sky130_fd_sc_hd__clkbuf_16)
    16    0.12                           clknet_0_clk (net)
                  0.14    0.00    0.30 ^ clkbuf_4_14_0_clk/A (sky130_fd_sc_hd__clkbuf_8)
                  0.06    0.16    0.46 ^ clkbuf_4_14_0_clk/X (sky130_fd_sc_hd__clkbuf_8)
     8    0.03                           clknet_4_14_0_clk (net)
                  0.06    0.00    0.46 ^ _1172_/CLK (sky130_fd_sc_hd__dfrtp_1)
                  0.08    0.38    0.85 v _1172_/Q (sky130_fd_sc_hd__dfrtp_1)
     5    0.01                           u_addr_gen.state[1] (net)
                  0.08    0.00    0.85 v _0879_/A (sky130_fd_sc_hd__nand2_1)
                  0.13    0.13    0.98 ^ _0879_/Y (sky130_fd_sc_hd__nand2_1)
     3    0.01                           _0322_ (net)
                  0.13    0.00    0.98 ^ _0884_/A2 (sky130_fd_sc_hd__o21ai_1)
                  0.06    0.09    1.07 v _0884_/Y (sky130_fd_sc_hd__o21ai_1)
     2    0.01                           _0327_ (net)
                  0.06    0.00    1.07 v _0885_/B1 (sky130_fd_sc_hd__o21a_1)
                  0.03    0.10    1.17 v _0885_/X (sky130_fd_sc_hd__o21a_1)
     1    0.00                           _0008_ (net)
                  0.03    0.00    1.17 v _1173_/D (sky130_fd_sc_hd__dfrtp_1)
                                  1.17   data arrival time

                          0.00    0.00   clock clk (rise edge)
                          0.00    0.00   clock source latency
                  0.12    0.08    0.08 ^ clk (in)
     1    0.02                           clk (net)
                  0.12    0.00    0.08 ^ clkbuf_0_clk/A (sky130_fd_sc_hd__clkbuf_16)
                  0.14    0.24    0.32 ^ clkbuf_0_clk/X (sky130_fd_sc_hd__clkbuf_16)
    16    0.12                           clknet_0_clk (net)
                  0.14    0.00    0.33 ^ clkbuf_4_13_0_clk/A (sky130_fd_sc_hd__clkbuf_8)
                  0.06    0.18    0.51 ^ clkbuf_4_13_0_clk/X (sky130_fd_sc_hd__clkbuf_8)
     9    0.03                           clknet_4_13_0_clk (net)
                  0.06    0.00    0.51 ^ _1173_/CLK (sky130_fd_sc_hd__dfrtp_1)
                          0.25    0.76   clock uncertainty
                         -0.03    0.73   clock reconvergence pessimism
                         -0.03    0.70   library hold time
                                  0.70   data required time
-----------------------------------------------------------------------------
                                  0.70   data required time
                                 -1.17   data arrival time
-----------------------------------------------------------------------------
                                  0.47   slack (MET)


Startpoint: _1174_ (rising edge-triggered flip-flop clocked by clk)
Endpoint: _1174_ (rising edge-triggered flip-flop clocked by clk)
Path Group: clk
Path Type: min

Fanout     Cap    Slew   Delay    Time   Description
-----------------------------------------------------------------------------
                          0.00    0.00   clock clk (rise edge)
                          0.00    0.00   clock source latency
                  0.12    0.08    0.08 ^ clk (in)
     1    0.02                           clk (net)
                  0.12    0.00    0.08 ^ clkbuf_0_clk/A (sky130_fd_sc_hd__clkbuf_16)
                  0.14    0.22    0.29 ^ clkbuf_0_clk/X (sky130_fd_sc_hd__clkbuf_16)
    16    0.12                           clknet_0_clk (net)
                  0.14    0.00    0.30 ^ clkbuf_4_13_0_clk/A (sky130_fd_sc_hd__clkbuf_8)
                  0.06    0.17    0.46 ^ clkbuf_4_13_0_clk/X (sky130_fd_sc_hd__clkbuf_8)
     9    0.03                           clknet_4_13_0_clk (net)
                  0.06    0.00    0.46 ^ _1174_/CLK (sky130_fd_sc_hd__dfrtp_1)
                  0.09    0.35    0.81 ^ _1174_/Q (sky130_fd_sc_hd__dfrtp_1)
     3    0.01                           u_addr_gen.addr[1] (net)
                  0.09    0.00    0.81 ^ _0866_/A (sky130_fd_sc_hd__clkbuf_2)
                  0.16    0.20    1.01 ^ _0866_/X (sky130_fd_sc_hd__clkbuf_2)
    10    0.03                           _0311_ (net)
                  0.16    0.00    1.01 ^ _0889_/B1 (sky130_fd_sc_hd__a2bb2o_1)
                  0.05    0.15    1.16 ^ _0889_/X (sky130_fd_sc_hd__a2bb2o_1)
     1    0.00                           _0009_ (net)
                  0.05    0.00    1.16 ^ _1174_/D (sky130_fd_sc_hd__dfrtp_1)
                                  1.16   data arrival time

                          0.00    0.00   clock clk (rise edge)
                          0.00    0.00   clock source latency
                  0.12    0.08    0.08 ^ clk (in)
     1    0.02                           clk (net)
                  0.12    0.00    0.08 ^ clkbuf_0_clk/A (sky130_fd_sc_hd__clkbuf_16)
                  0.14    0.24    0.32 ^ clkbuf_0_clk/X (sky130_fd_sc_hd__clkbuf_16)
    16    0.12                           clknet_0_clk (net)
                  0.14    0.00    0.33 ^ clkbuf_4_13_0_clk/A (sky130_fd_sc_hd__clkbuf_8)
                  0.06    0.18    0.51 ^ clkbuf_4_13_0_clk/X (sky130_fd_sc_hd__clkbuf_8)
     9    0.03                           clknet_4_13_0_clk (net)
                  0.06    0.00    0.51 ^ _1174_/CLK (sky130_fd_sc_hd__dfrtp_1)
                          0.25    0.76   clock uncertainty
                         -0.05    0.71   clock reconvergence pessimism
                         -0.03    0.68   library hold time
                                  0.68   data required time
-----------------------------------------------------------------------------
                                  0.68   data required time
                                 -1.16   data arrival time
-----------------------------------------------------------------------------
                                  0.48   slack (MET)


Startpoint: _1177_ (rising edge-triggered flip-flop clocked by clk)
Endpoint: _1177_ (rising edge-triggered flip-flop clocked by clk)
Path Group: clk
Path Type: min

Fanout     Cap    Slew   Delay    Time   Description
-----------------------------------------------------------------------------
                          0.00    0.00   clock clk (rise edge)
                          0.00    0.00   clock source latency
                  0.12    0.08    0.08 ^ clk (in)
     1    0.02                           clk (net)
                  0.12    0.00    0.08 ^ clkbuf_0_clk/A (sky130_fd_sc_hd__clkbuf_16)
                  0.14    0.22    0.29 ^ clkbuf_0_clk/X (sky130_fd_sc_hd__clkbuf_16)
    16    0.12                           clknet_0_clk (net)
                  0.14    0.00    0.30 ^ clkbuf_4_15_0_clk/A (sky130_fd_sc_hd__clkbuf_8)
                  0.05    0.16    0.45 ^ clkbuf_4_15_0_clk/X (sky130_fd_sc_hd__clkbuf_8)
     6    0.02                           clknet_4_15_0_clk (net)
                  0.05    0.00    0.45 ^ _1177_/CLK (sky130_fd_sc_hd__dfrtp_4)
                  0.16    0.47    0.92 ^ _1177_/Q (sky130_fd_sc_hd__dfrtp_4)
     8    0.05                           u_addr_gen.addr[4] (net)
                  0.16    0.00    0.92 ^ _0900_/B1 (sky130_fd_sc_hd__a21o_1)
                  0.04    0.10    1.02 ^ _0900_/X (sky130_fd_sc_hd__a21o_1)
     1    0.00                           _0339_ (net)
                  0.04    0.00    1.02 ^ _0901_/B (sky130_fd_sc_hd__and2_1)
                  0.05    0.11    1.13 ^ _0901_/X (sky130_fd_sc_hd__and2_1)
     1    0.00                           _0340_ (net)
                  0.05    0.00    1.13 ^ _0902_/A (sky130_fd_sc_hd__clkbuf_1)
                  0.05    0.08    1.21 ^ _0902_/X (sky130_fd_sc_hd__clkbuf_1)
     1    0.00                           _0012_ (net)
                  0.05    0.00    1.21 ^ _1177_/D (sky130_fd_sc_hd__dfrtp_4)
                                  1.21   data arrival time

                          0.00    0.00   clock clk (rise edge)
                          0.00    0.00   clock source latency
                  0.12    0.08    0.08 ^ clk (in)
     1    0.02                           clk (net)
                  0.12    0.00    0.08 ^ clkbuf_0_clk/A (sky130_fd_sc_hd__clkbuf_16)
                  0.14    0.24    0.32 ^ clkbuf_0_clk/X (sky130_fd_sc_hd__clkbuf_16)
    16    0.12                           clknet_0_clk (net)
                  0.14    0.00    0.33 ^ clkbuf_4_15_0_clk/A (sky130_fd_sc_hd__clkbuf_8)
                  0.05    0.17    0.50 ^ clkbuf_4_15_0_clk/X (sky130_fd_sc_hd__clkbuf_8)
     6    0.02                           clknet_4_15_0_clk (net)
                  0.05    0.00    0.50 ^ _1177_/CLK (sky130_fd_sc_hd__dfrtp_4)
                          0.25    0.75   clock uncertainty
                         -0.05    0.70   clock reconvergence pessimism
                         -0.03    0.67   library hold time
                                  0.67   data required time
-----------------------------------------------------------------------------
                                  0.67   data required time
                                 -1.21   data arrival time
-----------------------------------------------------------------------------
                                  0.55   slack (MET)


Startpoint: _1172_ (rising edge-triggered flip-flop clocked by clk)
Endpoint: _1176_ (rising edge-triggered flip-flop clocked by clk)
Path Group: clk
Path Type: min

Fanout     Cap    Slew   Delay    Time   Description
-----------------------------------------------------------------------------
                          0.00    0.00   clock clk (rise edge)
                          0.00    0.00   clock source latency
                  0.12    0.08    0.08 ^ clk (in)
     1    0.02                           clk (net)
                  0.12    0.00    0.08 ^ clkbuf_0_clk/A (sky130_fd_sc_hd__clkbuf_16)
                  0.14    0.22    0.29 ^ clkbuf_0_clk/X (sky130_fd_sc_hd__clkbuf_16)
    16    0.12                           clknet_0_clk (net)
                  0.14    0.00    0.30 ^ clkbuf_4_14_0_clk/A (sky130_fd_sc_hd__clkbuf_8)
                  0.06    0.16    0.46 ^ clkbuf_4_14_0_clk/X (sky130_fd_sc_hd__clkbuf_8)
     8    0.03                           clknet_4_14_0_clk (net)
                  0.06    0.00    0.46 ^ _1172_/CLK (sky130_fd_sc_hd__dfrtp_1)
                  0.12    0.36    0.83 ^ _1172_/Q (sky130_fd_sc_hd__dfrtp_1)
     5    0.01                           u_addr_gen.state[1] (net)
                  0.12    0.00    0.83 ^ _0879_/A (sky130_fd_sc_hd__nand2_1)
                  0.10    0.12    0.94 v _0879_/Y (sky130_fd_sc_hd__nand2_1)
     3    0.01                           _0322_ (net)
                  0.10    0.00    0.94 v _0890_/A2 (sky130_fd_sc_hd__o21ai_1)
                  0.12    0.17    1.11 ^ _0890_/Y (sky130_fd_sc_hd__o21ai_1)
     2    0.01                           _0331_ (net)
                  0.12    0.00    1.11 ^ _0898_/B1 (sky130_fd_sc_hd__a2bb2o_1)
                  0.04    0.13    1.25 ^ _0898_/X (sky130_fd_sc_hd__a2bb2o_1)
     1    0.00                           _0011_ (net)
                  0.04    0.00    1.25 ^ _1176_/D (sky130_fd_sc_hd__dfrtp_4)
                                  1.25   data arrival time

                          0.00    0.00   clock clk (rise edge)
                          0.00    0.00   clock source latency
                  0.12    0.08    0.08 ^ clk (in)
     1    0.02                           clk (net)
                  0.12    0.00    0.08 ^ clkbuf_0_clk/A (sky130_fd_sc_hd__clkbuf_16)
                  0.14    0.24    0.32 ^ clkbuf_0_clk/X (sky130_fd_sc_hd__clkbuf_16)
    16    0.12                           clknet_0_clk (net)
                  0.14    0.00    0.33 ^ clkbuf_4_12_0_clk/A (sky130_fd_sc_hd__clkbuf_8)
                  0.06    0.18    0.51 ^ clkbuf_4_12_0_clk/X (sky130_fd_sc_hd__clkbuf_8)
     7    0.03                           clknet_4_12_0_clk (net)
                  0.06    0.00    0.51 ^ _1176_/CLK (sky130_fd_sc_hd__dfrtp_4)
                          0.25    0.76   clock uncertainty
                         -0.03    0.73   clock reconvergence pessimism
                         -0.03    0.70   library hold time
                                  0.70   data required time
-----------------------------------------------------------------------------
                                  0.70   data required time
                                 -1.25   data arrival time
-----------------------------------------------------------------------------
                                  0.55   slack (MET)


Startpoint: _1324_ (rising edge-triggered flip-flop clocked by clk)
Endpoint: _1314_ (rising edge-triggered flip-flop clocked by clk)
Path Group: clk
Path Type: min

Fanout     Cap    Slew   Delay    Time   Description
-----------------------------------------------------------------------------
                          0.00    0.00   clock clk (rise edge)
                          0.00    0.00   clock source latency
                  0.12    0.08    0.08 ^ clk (in)
     1    0.02                           clk (net)
                  0.12    0.00    0.08 ^ clkbuf_0_clk/A (sky130_fd_sc_hd__clkbuf_16)
                  0.14    0.22    0.29 ^ clkbuf_0_clk/X (sky130_fd_sc_hd__clkbuf_16)
    16    0.12                           clknet_0_clk (net)
                  0.14    0.00    0.30 ^ clkbuf_4_11_0_clk/A (sky130_fd_sc_hd__clkbuf_8)
                  0.08    0.18    0.47 ^ clkbuf_4_11_0_clk/X (sky130_fd_sc_hd__clkbuf_8)
    12    0.04                           clknet_4_11_0_clk (net)
                  0.08    0.00    0.48 ^ _1324_/CLK (sky130_fd_sc_hd__dfrtp_2)
                  0.11    0.39    0.87 ^ _1324_/Q (sky130_fd_sc_hd__dfrtp_2)
     7    0.02                           u_fsm.state[0] (net)
                  0.11    0.00    0.87 ^ _0691_/B (sky130_fd_sc_hd__and3b_1)
                  0.09    0.18    1.05 ^ _0691_/X (sky130_fd_sc_hd__and3b_1)
     2    0.01                           _0148_ (net)
                  0.09    0.00    1.06 ^ _0712_/B (sky130_fd_sc_hd__and2_1)
                  0.04    0.12    1.17 ^ _0712_/X (sky130_fd_sc_hd__and2_1)
     1    0.00                           _0162_ (net)
                  0.04    0.00    1.17 ^ _0713_/A (sky130_fd_sc_hd__clkbuf_1)
                  0.04    0.07    1.25 ^ _0713_/X (sky130_fd_sc_hd__clkbuf_1)
     1    0.00                           u_sram.read_req (net)
                  0.04    0.00    1.25 ^ _1314_/D (sky130_fd_sc_hd__dfrtp_1)
                                  1.25   data arrival time

                          0.00    0.00   clock clk (rise edge)
                          0.00    0.00   clock source latency
                  0.12    0.08    0.08 ^ clk (in)
     1    0.02                           clk (net)
                  0.12    0.00    0.08 ^ clkbuf_0_clk/A (sky130_fd_sc_hd__clkbuf_16)
                  0.14    0.24    0.32 ^ clkbuf_0_clk/X (sky130_fd_sc_hd__clkbuf_16)
    16    0.12                           clknet_0_clk (net)
                  0.14    0.00    0.33 ^ clkbuf_4_11_0_clk/A (sky130_fd_sc_hd__clkbuf_8)
                  0.08    0.19    0.52 ^ clkbuf_4_11_0_clk/X (sky130_fd_sc_hd__clkbuf_8)
    12    0.04                           clknet_4_11_0_clk (net)
                  0.08    0.00    0.52 ^ _1314_/CLK (sky130_fd_sc_hd__dfrtp_1)
                          0.25    0.77   clock uncertainty
                         -0.05    0.72   clock reconvergence pessimism
                         -0.03    0.69   library hold time
                                  0.69   data required time
-----------------------------------------------------------------------------
                                  0.69   data required time
                                 -1.25   data arrival time
-----------------------------------------------------------------------------
                                  0.55   slack (MET)


Startpoint: _1326_ (rising edge-triggered flip-flop clocked by clk)
Endpoint: _1327_ (rising edge-triggered flip-flop clocked by clk)
Path Group: clk
Path Type: min

Fanout     Cap    Slew   Delay    Time   Description
-----------------------------------------------------------------------------
                          0.00    0.00   clock clk (rise edge)
                          0.00    0.00   clock source latency
                  0.12    0.08    0.08 ^ clk (in)
     1    0.02                           clk (net)
                  0.12    0.00    0.08 ^ clkbuf_0_clk/A (sky130_fd_sc_hd__clkbuf_16)
                  0.14    0.22    0.29 ^ clkbuf_0_clk/X (sky130_fd_sc_hd__clkbuf_16)
    16    0.12                           clknet_0_clk (net)
                  0.14    0.00    0.30 ^ clkbuf_4_11_0_clk/A (sky130_fd_sc_hd__clkbuf_8)
                  0.08    0.18    0.47 ^ clkbuf_4_11_0_clk/X (sky130_fd_sc_hd__clkbuf_8)
    12    0.04                           clknet_4_11_0_clk (net)
                  0.08    0.00    0.48 ^ _1326_/CLK (sky130_fd_sc_hd__dfrtp_4)
                  0.11    0.44    0.91 ^ _1326_/Q (sky130_fd_sc_hd__dfrtp_4)
    10    0.03                           u_fsm.state[2] (net)
                  0.11    0.00    0.91 ^ _0705_/A_N (sky130_fd_sc_hd__and3b_1)
                  0.04    0.18    1.09 v _0705_/X (sky130_fd_sc_hd__and3b_1)
     1    0.00                           _0158_ (net)
                  0.04    0.00    1.09 v _0706_/A (sky130_fd_sc_hd__buf_1)
                  0.09    0.13    1.22 v _0706_/X (sky130_fd_sc_hd__buf_1)
     3    0.01                           _0002_ (net)
                  0.09    0.00    1.22 v _1327_/D (sky130_fd_sc_hd__dfrtp_1)
                                  1.22   data arrival time

                          0.00    0.00   clock clk (rise edge)
                          0.00    0.00   clock source latency
                  0.12    0.08    0.08 ^ clk (in)
     1    0.02                           clk (net)
                  0.12    0.00    0.08 ^ clkbuf_0_clk/A (sky130_fd_sc_hd__clkbuf_16)
                  0.14    0.24    0.32 ^ clkbuf_0_clk/X (sky130_fd_sc_hd__clkbuf_16)
    16    0.12                           clknet_0_clk (net)
                  0.14    0.00    0.33 ^ clkbuf_4_14_0_clk/A (sky130_fd_sc_hd__clkbuf_8)
                  0.06    0.18    0.51 ^ clkbuf_4_14_0_clk/X (sky130_fd_sc_hd__clkbuf_8)
     8    0.03                           clknet_4_14_0_clk (net)
                  0.06    0.00    0.51 ^ _1327_/CLK (sky130_fd_sc_hd__dfrtp_1)
                          0.25    0.76   clock uncertainty
                         -0.03    0.73   clock reconvergence pessimism
                         -0.06    0.67   library hold time
                                  0.67   data required time
-----------------------------------------------------------------------------
                                  0.67   data required time
                                 -1.22   data arrival time
-----------------------------------------------------------------------------
                                  0.55   slack (MET)


Startpoint: _1172_ (rising edge-triggered flip-flop clocked by clk)
Endpoint: _1175_ (rising edge-triggered flip-flop clocked by clk)
Path Group: clk
Path Type: min

Fanout     Cap    Slew   Delay    Time   Description
-----------------------------------------------------------------------------
                          0.00    0.00   clock clk (rise edge)
                          0.00    0.00   clock source latency
                  0.12    0.08    0.08 ^ clk (in)
     1    0.02                           clk (net)
                  0.12    0.00    0.08 ^ clkbuf_0_clk/A (sky130_fd_sc_hd__clkbuf_16)
                  0.14    0.22    0.29 ^ clkbuf_0_clk/X (sky130_fd_sc_hd__clkbuf_16)
    16    0.12                           clknet_0_clk (net)
                  0.14    0.00    0.30 ^ clkbuf_4_14_0_clk/A (sky130_fd_sc_hd__clkbuf_8)
                  0.06    0.16    0.46 ^ clkbuf_4_14_0_clk/X (sky130_fd_sc_hd__clkbuf_8)
     8    0.03                           clknet_4_14_0_clk (net)
                  0.06    0.00    0.46 ^ _1172_/CLK (sky130_fd_sc_hd__dfrtp_1)
                  0.08    0.38    0.85 v _1172_/Q (sky130_fd_sc_hd__dfrtp_1)
     5    0.01                           u_addr_gen.state[1] (net)
                  0.08    0.00    0.85 v _0879_/A (sky130_fd_sc_hd__nand2_1)
                  0.13    0.13    0.98 ^ _0879_/Y (sky130_fd_sc_hd__nand2_1)
     3    0.01                           _0322_ (net)
                  0.13    0.00    0.98 ^ _0890_/A2 (sky130_fd_sc_hd__o21ai_1)
                  0.06    0.09    1.07 v _0890_/Y (sky130_fd_sc_hd__o21ai_1)
     2    0.01                           _0331_ (net)
                  0.06    0.00    1.07 v _0893_/A (sky130_fd_sc_hd__and2_1)
                  0.04    0.14    1.20 v _0893_/X (sky130_fd_sc_hd__and2_1)
     1    0.00                           _0334_ (net)
                  0.04    0.00    1.20 v _0894_/A (sky130_fd_sc_hd__clkbuf_1)
                  0.03    0.08    1.28 v _0894_/X (sky130_fd_sc_hd__clkbuf_1)
     1    0.00                           _0010_ (net)
                  0.03    0.00    1.28 v _1175_/D (sky130_fd_sc_hd__dfrtp_2)
                                  1.28   data arrival time

                          0.00    0.00   clock clk (rise edge)
                          0.00    0.00   clock source latency
                  0.12    0.08    0.08 ^ clk (in)
     1    0.02                           clk (net)
                  0.12    0.00    0.08 ^ clkbuf_0_clk/A (sky130_fd_sc_hd__clkbuf_16)
                  0.14    0.24    0.32 ^ clkbuf_0_clk/X (sky130_fd_sc_hd__clkbuf_16)
    16    0.12                           clknet_0_clk (net)
                  0.14    0.00    0.33 ^ clkbuf_4_13_0_clk/A (sky130_fd_sc_hd__clkbuf_8)
                  0.06    0.18    0.51 ^ clkbuf_4_13_0_clk/X (sky130_fd_sc_hd__clkbuf_8)
     9    0.03                           clknet_4_13_0_clk (net)
                  0.06    0.00    0.51 ^ _1175_/CLK (sky130_fd_sc_hd__dfrtp_2)
                          0.25    0.76   clock uncertainty
                         -0.03    0.73   clock reconvergence pessimism
                         -0.03    0.70   library hold time
                                  0.70   data required time
-----------------------------------------------------------------------------
                                  0.70   data required time
                                 -1.28   data arrival time
-----------------------------------------------------------------------------
                                  0.58   slack (MET)


Startpoint: _1180_ (rising edge-triggered flip-flop clocked by clk)
Endpoint: _1325_ (rising edge-triggered flip-flop clocked by clk)
Path Group: clk
Path Type: min

Fanout     Cap    Slew   Delay    Time   Description
-----------------------------------------------------------------------------
                          0.00    0.00   clock clk (rise edge)
                          0.00    0.00   clock source latency
                  0.12    0.08    0.08 ^ clk (in)
     1    0.02                           clk (net)
                  0.12    0.00    0.08 ^ clkbuf_0_clk/A (sky130_fd_sc_hd__clkbuf_16)
                  0.14    0.22    0.29 ^ clkbuf_0_clk/X (sky130_fd_sc_hd__clkbuf_16)
    16    0.12                           clknet_0_clk (net)
                  0.14    0.00    0.30 ^ clkbuf_4_11_0_clk/A (sky130_fd_sc_hd__clkbuf_8)
                  0.08    0.18    0.47 ^ clkbuf_4_11_0_clk/X (sky130_fd_sc_hd__clkbuf_8)
    12    0.04                           clknet_4_11_0_clk (net)
                  0.08    0.00    0.48 ^ _1180_/CLK (sky130_fd_sc_hd__dfrtp_1)
                  0.09    0.35    0.82 ^ _1180_/Q (sky130_fd_sc_hd__dfrtp_1)
     2    0.01                           u_fsm.addr_done_seen (net)
                  0.09    0.00    0.82 ^ _0696_/A1 (sky130_fd_sc_hd__a21o_1)
                  0.04    0.11    0.93 ^ _0696_/X (sky130_fd_sc_hd__a21o_1)
     1    0.00                           _0153_ (net)
                  0.04    0.00    0.93 ^ _0697_/A (sky130_fd_sc_hd__clkbuf_2)
                  0.12    0.15    1.08 ^ _0697_/X (sky130_fd_sc_hd__clkbuf_2)
     5    0.02                           _0003_ (net)
                  0.12    0.00    1.08 ^ _0701_/A (sky130_fd_sc_hd__or3b_1)
                  0.04    0.12    1.20 ^ _0701_/X (sky130_fd_sc_hd__or3b_1)
     1    0.00                           _0156_ (net)
                  0.04    0.00    1.20 ^ _0702_/A (sky130_fd_sc_hd__clkbuf_1)
                  0.04    0.07    1.28 ^ _0702_/X (sky130_fd_sc_hd__clkbuf_1)
     1    0.00                           u_fsm.next_state[1] (net)
                  0.04    0.00    1.28 ^ _1325_/D (sky130_fd_sc_hd__dfrtp_1)
                                  1.28   data arrival time

                          0.00    0.00   clock clk (rise edge)
                          0.00    0.00   clock source latency
                  0.12    0.08    0.08 ^ clk (in)
     1    0.02                           clk (net)
                  0.12    0.00    0.08 ^ clkbuf_0_clk/A (sky130_fd_sc_hd__clkbuf_16)
                  0.14    0.24    0.32 ^ clkbuf_0_clk/X (sky130_fd_sc_hd__clkbuf_16)
    16    0.12                           clknet_0_clk (net)
                  0.14    0.00    0.33 ^ clkbuf_4_11_0_clk/A (sky130_fd_sc_hd__clkbuf_8)
                  0.08    0.19    0.52 ^ clkbuf_4_11_0_clk/X (sky130_fd_sc_hd__clkbuf_8)
    12    0.04                           clknet_4_11_0_clk (net)
                  0.08    0.00    0.52 ^ _1325_/CLK (sky130_fd_sc_hd__dfrtp_1)
                          0.25    0.77   clock uncertainty
                         -0.05    0.72   clock reconvergence pessimism
                         -0.03    0.69   library hold time
                                  0.69   data required time
-----------------------------------------------------------------------------
                                  0.69   data required time
                                 -1.28   data arrival time
-----------------------------------------------------------------------------
                                  0.58   slack (MET)


Startpoint: _1174_ (rising edge-triggered flip-flop clocked by clk)
Endpoint: _1309_ (rising edge-triggered flip-flop clocked by clk)
Path Group: clk
Path Type: min

Fanout     Cap    Slew   Delay    Time   Description
-----------------------------------------------------------------------------
                          0.00    0.00   clock clk (rise edge)
                          0.00    0.00   clock source latency
                  0.12    0.08    0.08 ^ clk (in)
     1    0.02                           clk (net)
                  0.12    0.00    0.08 ^ clkbuf_0_clk/A (sky130_fd_sc_hd__clkbuf_16)
                  0.14    0.22    0.29 ^ clkbuf_0_clk/X (sky130_fd_sc_hd__clkbuf_16)
    16    0.12                           clknet_0_clk (net)
                  0.14    0.00    0.30 ^ clkbuf_4_13_0_clk/A (sky130_fd_sc_hd__clkbuf_8)
                  0.06    0.17    0.46 ^ clkbuf_4_13_0_clk/X (sky130_fd_sc_hd__clkbuf_8)
     9    0.03                           clknet_4_13_0_clk (net)
                  0.06    0.00    0.46 ^ _1174_/CLK (sky130_fd_sc_hd__dfrtp_1)
                  0.09    0.35    0.81 ^ _1174_/Q (sky130_fd_sc_hd__dfrtp_1)
     3    0.01                           u_addr_gen.addr[1] (net)
                  0.09    0.00    0.81 ^ hold1/A (sky130_fd_sc_hd__dlygate4sd3_1)
                  0.05    0.52    1.33 ^ hold1/X (sky130_fd_sc_hd__dlygate4sd3_1)
     1    0.00                           net17 (net)
                  0.05    0.00    1.33 ^ _1309_/D (sky130_fd_sc_hd__dfrtp_4)
                                  1.33   data arrival time

                          0.00    0.00   clock clk (rise edge)
                          0.00    0.00   clock source latency
                  0.12    0.08    0.08 ^ clk (in)
     1    0.02                           clk (net)
                  0.12    0.00    0.08 ^ clkbuf_0_clk/A (sky130_fd_sc_hd__clkbuf_16)
                  0.14    0.24    0.32 ^ clkbuf_0_clk/X (sky130_fd_sc_hd__clkbuf_16)
    16    0.12                           clknet_0_clk (net)
                  0.14    0.00    0.33 ^ clkbuf_4_15_0_clk/A (sky130_fd_sc_hd__clkbuf_8)
                  0.05    0.17    0.50 ^ clkbuf_4_15_0_clk/X (sky130_fd_sc_hd__clkbuf_8)
     6    0.02                           clknet_4_15_0_clk (net)
                  0.05    0.00    0.50 ^ _1309_/CLK (sky130_fd_sc_hd__dfrtp_4)
                          0.25    0.75   clock uncertainty
                         -0.03    0.72   clock reconvergence pessimism
                         -0.04    0.68   library hold time
                                  0.68   data required time
-----------------------------------------------------------------------------
                                  0.68   data required time
                                 -1.33   data arrival time
-----------------------------------------------------------------------------
                                  0.65   slack (MET)


Startpoint: _1317_ (rising edge-triggered flip-flop clocked by clk)
Endpoint: _1284_ (rising edge-triggered flip-flop clocked by clk)
Path Group: clk
Path Type: min

Fanout     Cap    Slew   Delay    Time   Description
-----------------------------------------------------------------------------
                          0.00    0.00   clock clk (rise edge)
                          0.00    0.00   clock source latency
                  0.12    0.08    0.08 ^ clk (in)
     1    0.02                           clk (net)
                  0.12    0.00    0.08 ^ clkbuf_0_clk/A (sky130_fd_sc_hd__clkbuf_16)
                  0.14    0.22    0.29 ^ clkbuf_0_clk/X (sky130_fd_sc_hd__clkbuf_16)
    16    0.12                           clknet_0_clk (net)
                  0.14    0.00    0.30 ^ clkbuf_4_10_0_clk/A (sky130_fd_sc_hd__clkbuf_8)
                  0.09    0.19    0.48 ^ clkbuf_4_10_0_clk/X (sky130_fd_sc_hd__clkbuf_8)
    15    0.04                           clknet_4_10_0_clk (net)
                  0.09    0.00    0.48 ^ _1317_/CLK (sky130_fd_sc_hd__dfrtp_4)
                  0.10    0.44    0.92 ^ _1317_/Q (sky130_fd_sc_hd__dfrtp_4)
     4    0.03                           u_pattern_gen.state_r[0] (net)
                  0.10    0.00    0.93 ^ _0915_/A (sky130_fd_sc_hd__clkbuf_4)
                  0.17    0.23    1.16 ^ _0915_/X (sky130_fd_sc_hd__clkbuf_4)
    10    0.05                           _0350_ (net)
                  0.17    0.00    1.16 ^ _0615_/A1 (sky130_fd_sc_hd__mux2_1)
                  0.04    0.15    1.31 ^ _0615_/X (sky130_fd_sc_hd__mux2_1)
     1    0.00                           _0535_ (net)
                  0.04    0.00    1.31 ^ _0616_/A (sky130_fd_sc_hd__clkbuf_1)
                  0.04    0.07    1.38 ^ _0616_/X (sky130_fd_sc_hd__clkbuf_1)
     1    0.00                           _0118_ (net)
                  0.04    0.00    1.38 ^ _1284_/D (sky130_fd_sc_hd__dfxtp_1)
                                  1.38   data arrival time

                          0.00    0.00   clock clk (rise edge)
                          0.00    0.00   clock source latency
                  0.12    0.08    0.08 ^ clk (in)
     1    0.02                           clk (net)
                  0.12    0.00    0.08 ^ clkbuf_0_clk/A (sky130_fd_sc_hd__clkbuf_16)
                  0.14    0.24    0.32 ^ clkbuf_0_clk/X (sky130_fd_sc_hd__clkbuf_16)
    16    0.12                           clknet_0_clk (net)
                  0.14    0.00    0.33 ^ clkbuf_4_1_0_clk/A (sky130_fd_sc_hd__clkbuf_8)
                  0.07    0.19    0.52 ^ clkbuf_4_1_0_clk/X (sky130_fd_sc_hd__clkbuf_8)
    10    0.03                           clknet_4_1_0_clk (net)
                  0.07    0.00    0.52 ^ _1284_/CLK (sky130_fd_sc_hd__dfxtp_1)
                          0.25    0.77   clock uncertainty
                         -0.03    0.74   clock reconvergence pessimism
                         -0.03    0.71   library hold time
                                  0.71   data required time
-----------------------------------------------------------------------------
                                  0.71   data required time
                                 -1.38   data arrival time
-----------------------------------------------------------------------------
                                  0.67   slack (MET)


Startpoint: _1317_ (rising edge-triggered flip-flop clocked by clk)
Endpoint: _1292_ (rising edge-triggered flip-flop clocked by clk)
Path Group: clk
Path Type: min

Fanout     Cap    Slew   Delay    Time   Description
-----------------------------------------------------------------------------
                          0.00    0.00   clock clk (rise edge)
                          0.00    0.00   clock source latency
                  0.12    0.08    0.08 ^ clk (in)
     1    0.02                           clk (net)
                  0.12    0.00    0.08 ^ clkbuf_0_clk/A (sky130_fd_sc_hd__clkbuf_16)
                  0.14    0.22    0.29 ^ clkbuf_0_clk/X (sky130_fd_sc_hd__clkbuf_16)
    16    0.12                           clknet_0_clk (net)
                  0.14    0.00    0.30 ^ clkbuf_4_10_0_clk/A (sky130_fd_sc_hd__clkbuf_8)
                  0.09    0.19    0.48 ^ clkbuf_4_10_0_clk/X (sky130_fd_sc_hd__clkbuf_8)
    15    0.04                           clknet_4_10_0_clk (net)
                  0.09    0.00    0.48 ^ _1317_/CLK (sky130_fd_sc_hd__dfrtp_4)
                  0.10    0.44    0.92 ^ _1317_/Q (sky130_fd_sc_hd__dfrtp_4)
     4    0.03                           u_pattern_gen.state_r[0] (net)
                  0.10    0.00    0.93 ^ _0915_/A (sky130_fd_sc_hd__clkbuf_4)
                  0.17    0.23    1.16 ^ _0915_/X (sky130_fd_sc_hd__clkbuf_4)
    10    0.05                           _0350_ (net)
                  0.17    0.00    1.16 ^ _0635_/A1 (sky130_fd_sc_hd__mux2_1)
                  0.05    0.15    1.31 ^ _0635_/X (sky130_fd_sc_hd__mux2_1)
     1    0.00                           _0547_ (net)
                  0.05    0.00    1.31 ^ _0636_/A (sky130_fd_sc_hd__clkbuf_1)
                  0.04    0.07    1.38 ^ _0636_/X (sky130_fd_sc_hd__clkbuf_1)
     1    0.00                           _0126_ (net)
                  0.04    0.00    1.38 ^ _1292_/D (sky130_fd_sc_hd__dfxtp_1)
                                  1.38   data arrival time

                          0.00    0.00   clock clk (rise edge)
                          0.00    0.00   clock source latency
                  0.12    0.08    0.08 ^ clk (in)
     1    0.02                           clk (net)
                  0.12    0.00    0.08 ^ clkbuf_0_clk/A (sky130_fd_sc_hd__clkbuf_16)
                  0.14    0.24    0.32 ^ clkbuf_0_clk/X (sky130_fd_sc_hd__clkbuf_16)
    16    0.12                           clknet_0_clk (net)
                  0.14    0.00    0.33 ^ clkbuf_4_0_0_clk/A (sky130_fd_sc_hd__clkbuf_8)
                  0.07    0.19    0.52 ^ clkbuf_4_0_0_clk/X (sky130_fd_sc_hd__clkbuf_8)
    10    0.03                           clknet_4_0_0_clk (net)
                  0.07    0.00    0.52 ^ _1292_/CLK (sky130_fd_sc_hd__dfxtp_1)
                          0.25    0.77   clock uncertainty
                         -0.03    0.74   clock reconvergence pessimism
                         -0.03    0.71   library hold time
                                  0.71   data required time
-----------------------------------------------------------------------------
                                  0.71   data required time
                                 -1.38   data arrival time
-----------------------------------------------------------------------------
                                  0.67   slack (MET)


Startpoint: _1173_ (rising edge-triggered flip-flop clocked by clk)
Endpoint: _1308_ (rising edge-triggered flip-flop clocked by clk)
Path Group: clk
Path Type: min

Fanout     Cap    Slew   Delay    Time   Description
-----------------------------------------------------------------------------
                          0.00    0.00   clock clk (rise edge)
                          0.00    0.00   clock source latency
                  0.12    0.08    0.08 ^ clk (in)
     1    0.02                           clk (net)
                  0.12    0.00    0.08 ^ clkbuf_0_clk/A (sky130_fd_sc_hd__clkbuf_16)
                  0.14    0.22    0.29 ^ clkbuf_0_clk/X (sky130_fd_sc_hd__clkbuf_16)
    16    0.12                           clknet_0_clk (net)
                  0.14    0.00    0.30 ^ clkbuf_4_13_0_clk/A (sky130_fd_sc_hd__clkbuf_8)
                  0.06    0.17    0.46 ^ clkbuf_4_13_0_clk/X (sky130_fd_sc_hd__clkbuf_8)
     9    0.03                           clknet_4_13_0_clk (net)
                  0.06    0.00    0.46 ^ _1173_/CLK (sky130_fd_sc_hd__dfrtp_1)
                  0.12    0.36    0.83 ^ _1173_/Q (sky130_fd_sc_hd__dfrtp_1)
     4    0.01                           u_addr_gen.addr[0] (net)
                  0.12    0.00    0.83 ^ hold3/A (sky130_fd_sc_hd__dlygate4sd3_1)
                  0.06    0.53    1.36 ^ hold3/X (sky130_fd_sc_hd__dlygate4sd3_1)
     1    0.00                           net19 (net)
                  0.06    0.00    1.36 ^ _1308_/D (sky130_fd_sc_hd__dfrtp_4)
                                  1.36   data arrival time

                          0.00    0.00   clock clk (rise edge)
                          0.00    0.00   clock source latency
                  0.12    0.08    0.08 ^ clk (in)
     1    0.02                           clk (net)
                  0.12    0.00    0.08 ^ clkbuf_0_clk/A (sky130_fd_sc_hd__clkbuf_16)
                  0.14    0.24    0.32 ^ clkbuf_0_clk/X (sky130_fd_sc_hd__clkbuf_16)
    16    0.12                           clknet_0_clk (net)
                  0.14    0.00    0.33 ^ clkbuf_4_13_0_clk/A (sky130_fd_sc_hd__clkbuf_8)
                  0.06    0.18    0.51 ^ clkbuf_4_13_0_clk/X (sky130_fd_sc_hd__clkbuf_8)
     9    0.03                           clknet_4_13_0_clk (net)
                  0.06    0.00    0.51 ^ _1308_/CLK (sky130_fd_sc_hd__dfrtp_4)
                          0.25    0.76   clock uncertainty
                         -0.05    0.71   clock reconvergence pessimism
                         -0.04    0.68   library hold time
                                  0.68   data required time
-----------------------------------------------------------------------------
                                  0.68   data required time
                                 -1.36   data arrival time
-----------------------------------------------------------------------------
                                  0.68   slack (MET)


Startpoint: _1317_ (rising edge-triggered flip-flop clocked by clk)
Endpoint: _1294_ (rising edge-triggered flip-flop clocked by clk)
Path Group: clk
Path Type: min

Fanout     Cap    Slew   Delay    Time   Description
-----------------------------------------------------------------------------
                          0.00    0.00   clock clk (rise edge)
                          0.00    0.00   clock source latency
                  0.12    0.08    0.08 ^ clk (in)
     1    0.02                           clk (net)
                  0.12    0.00    0.08 ^ clkbuf_0_clk/A (sky130_fd_sc_hd__clkbuf_16)
                  0.14    0.22    0.29 ^ clkbuf_0_clk/X (sky130_fd_sc_hd__clkbuf_16)
    16    0.12                           clknet_0_clk (net)
                  0.14    0.00    0.30 ^ clkbuf_4_10_0_clk/A (sky130_fd_sc_hd__clkbuf_8)
                  0.09    0.19    0.48 ^ clkbuf_4_10_0_clk/X (sky130_fd_sc_hd__clkbuf_8)
    15    0.04                           clknet_4_10_0_clk (net)
                  0.09    0.00    0.48 ^ _1317_/CLK (sky130_fd_sc_hd__dfrtp_4)
                  0.10    0.44    0.92 ^ _1317_/Q (sky130_fd_sc_hd__dfrtp_4)
     4    0.03                           u_pattern_gen.state_r[0] (net)
                  0.10    0.00    0.93 ^ _0876_/A (sky130_fd_sc_hd__buf_2)
                  0.24    0.25    1.18 ^ _0876_/X (sky130_fd_sc_hd__buf_2)
    10    0.05                           _0320_ (net)
                  0.24    0.00    1.18 ^ _0640_/A0 (sky130_fd_sc_hd__mux2_1)
                  0.04    0.16    1.34 ^ _0640_/X (sky130_fd_sc_hd__mux2_1)
     1    0.00                           _0550_ (net)
                  0.04    0.00    1.34 ^ _0641_/A (sky130_fd_sc_hd__clkbuf_1)
                  0.04    0.07    1.41 ^ _0641_/X (sky130_fd_sc_hd__clkbuf_1)
     1    0.00                           _0128_ (net)
                  0.04    0.00    1.41 ^ _1294_/D (sky130_fd_sc_hd__dfxtp_1)
                                  1.41   data arrival time

                          0.00    0.00   clock clk (rise edge)
                          0.00    0.00   clock source latency
                  0.12    0.08    0.08 ^ clk (in)
     1    0.02                           clk (net)
                  0.12    0.00    0.08 ^ clkbuf_0_clk/A (sky130_fd_sc_hd__clkbuf_16)
                  0.14    0.24    0.32 ^ clkbuf_0_clk/X (sky130_fd_sc_hd__clkbuf_16)
    16    0.12                           clknet_0_clk (net)
                  0.14    0.00    0.33 ^ clkbuf_4_2_0_clk/A (sky130_fd_sc_hd__clkbuf_8)
                  0.08    0.20    0.53 ^ clkbuf_4_2_0_clk/X (sky130_fd_sc_hd__clkbuf_8)
    14    0.04                           clknet_4_2_0_clk (net)
                  0.08    0.00    0.53 ^ _1294_/CLK (sky130_fd_sc_hd__dfxtp_1)
                          0.25    0.78   clock uncertainty
                         -0.03    0.75   clock reconvergence pessimism
                         -0.03    0.72   library hold time
                                  0.72   data required time
-----------------------------------------------------------------------------
                                  0.72   data required time
                                 -1.41   data arrival time
-----------------------------------------------------------------------------
                                  0.69   slack (MET)


Startpoint: _1317_ (rising edge-triggered flip-flop clocked by clk)
Endpoint: _1298_ (rising edge-triggered flip-flop clocked by clk)
Path Group: clk
Path Type: min

Fanout     Cap    Slew   Delay    Time   Description
-----------------------------------------------------------------------------
                          0.00    0.00   clock clk (rise edge)
                          0.00    0.00   clock source latency
                  0.12    0.08    0.08 ^ clk (in)
     1    0.02                           clk (net)
                  0.12    0.00    0.08 ^ clkbuf_0_clk/A (sky130_fd_sc_hd__clkbuf_16)
                  0.14    0.22    0.29 ^ clkbuf_0_clk/X (sky130_fd_sc_hd__clkbuf_16)
    16    0.12                           clknet_0_clk (net)
                  0.14    0.00    0.30 ^ clkbuf_4_10_0_clk/A (sky130_fd_sc_hd__clkbuf_8)
                  0.09    0.19    0.48 ^ clkbuf_4_10_0_clk/X (sky130_fd_sc_hd__clkbuf_8)
    15    0.04                           clknet_4_10_0_clk (net)
                  0.09    0.00    0.48 ^ _1317_/CLK (sky130_fd_sc_hd__dfrtp_4)
                  0.10    0.44    0.92 ^ _1317_/Q (sky130_fd_sc_hd__dfrtp_4)
     4    0.03                           u_pattern_gen.state_r[0] (net)
                  0.10    0.00    0.93 ^ _0876_/A (sky130_fd_sc_hd__buf_2)
                  0.24    0.25    1.18 ^ _0876_/X (sky130_fd_sc_hd__buf_2)
    10    0.05                           _0320_ (net)
                  0.24    0.00    1.18 ^ _0650_/A0 (sky130_fd_sc_hd__mux2_1)
                  0.04    0.16    1.34 ^ _0650_/X (sky130_fd_sc_hd__mux2_1)
     1    0.00                           _0556_ (net)
                  0.04    0.00    1.34 ^ _0651_/A (sky130_fd_sc_hd__clkbuf_1)
                  0.04    0.07    1.41 ^ _0651_/X (sky130_fd_sc_hd__clkbuf_1)
     1    0.00                           _0132_ (net)
                  0.04    0.00    1.41 ^ _1298_/D (sky130_fd_sc_hd__dfxtp_1)
                                  1.41   data arrival time

                          0.00    0.00   clock clk (rise edge)
                          0.00    0.00   clock source latency
                  0.12    0.08    0.08 ^ clk (in)
     1    0.02                           clk (net)
                  0.12    0.00    0.08 ^ clkbuf_0_clk/A (sky130_fd_sc_hd__clkbuf_16)
                  0.14    0.24    0.32 ^ clkbuf_0_clk/X (sky130_fd_sc_hd__clkbuf_16)
    16    0.12                           clknet_0_clk (net)
                  0.14    0.00    0.33 ^ clkbuf_4_2_0_clk/A (sky130_fd_sc_hd__clkbuf_8)
                  0.08    0.20    0.53 ^ clkbuf_4_2_0_clk/X (sky130_fd_sc_hd__clkbuf_8)
    14    0.04                           clknet_4_2_0_clk (net)
                  0.08    0.00    0.53 ^ _1298_/CLK (sky130_fd_sc_hd__dfxtp_1)
                          0.25    0.78   clock uncertainty
                         -0.03    0.75   clock reconvergence pessimism
                         -0.03    0.72   library hold time
                                  0.72   data required time
-----------------------------------------------------------------------------
                                  0.72   data required time
                                 -1.41   data arrival time
-----------------------------------------------------------------------------
                                  0.69   slack (MET)


Startpoint: _1317_ (rising edge-triggered flip-flop clocked by clk)
Endpoint: _1170_ (rising edge-triggered flip-flop clocked by clk)
Path Group: clk
Path Type: min

Fanout     Cap    Slew   Delay    Time   Description
-----------------------------------------------------------------------------
                          0.00    0.00   clock clk (rise edge)
                          0.00    0.00   clock source latency
                  0.12    0.08    0.08 ^ clk (in)
     1    0.02                           clk (net)
                  0.12    0.00    0.08 ^ clkbuf_0_clk/A (sky130_fd_sc_hd__clkbuf_16)
                  0.14    0.22    0.29 ^ clkbuf_0_clk/X (sky130_fd_sc_hd__clkbuf_16)
    16    0.12                           clknet_0_clk (net)
                  0.14    0.00    0.30 ^ clkbuf_4_10_0_clk/A (sky130_fd_sc_hd__clkbuf_8)
                  0.09    0.19    0.48 ^ clkbuf_4_10_0_clk/X (sky130_fd_sc_hd__clkbuf_8)
    15    0.04                           clknet_4_10_0_clk (net)
                  0.09    0.00    0.48 ^ _1317_/CLK (sky130_fd_sc_hd__dfrtp_4)
                  0.10    0.44    0.92 ^ _1317_/Q (sky130_fd_sc_hd__dfrtp_4)
     4    0.03                           u_pattern_gen.state_r[0] (net)
                  0.10    0.00    0.93 ^ _0876_/A (sky130_fd_sc_hd__buf_2)
                  0.24    0.25    1.18 ^ _0876_/X (sky130_fd_sc_hd__buf_2)
    10    0.05                           _0320_ (net)
                  0.24    0.00    1.18 ^ _0877_/A1 (sky130_fd_sc_hd__mux2_1)
                  0.04    0.16    1.34 ^ _0877_/X (sky130_fd_sc_hd__mux2_1)
     1    0.00                           _0321_ (net)
                  0.04    0.00    1.34 ^ _0878_/A (sky130_fd_sc_hd__clkbuf_1)
                  0.04    0.07    1.41 ^ _0878_/X (sky130_fd_sc_hd__clkbuf_1)
     1    0.00                           _0007_ (net)
                  0.04    0.00    1.41 ^ _1170_/D (sky130_fd_sc_hd__dfxtp_1)
                                  1.41   data arrival time

                          0.00    0.00   clock clk (rise edge)
                          0.00    0.00   clock source latency
                  0.12    0.08    0.08 ^ clk (in)
     1    0.02                           clk (net)
                  0.12    0.00    0.08 ^ clkbuf_0_clk/A (sky130_fd_sc_hd__clkbuf_16)
                  0.14    0.24    0.32 ^ clkbuf_0_clk/X (sky130_fd_sc_hd__clkbuf_16)
    16    0.12                           clknet_0_clk (net)
                  0.14    0.00    0.33 ^ clkbuf_4_2_0_clk/A (sky130_fd_sc_hd__clkbuf_8)
                  0.08    0.20    0.53 ^ clkbuf_4_2_0_clk/X (sky130_fd_sc_hd__clkbuf_8)
    14    0.04                           clknet_4_2_0_clk (net)
                  0.08    0.00    0.53 ^ _1170_/CLK (sky130_fd_sc_hd__dfxtp_1)
                          0.25    0.78   clock uncertainty
                         -0.03    0.75   clock reconvergence pessimism
                         -0.03    0.72   library hold time
                                  0.72   data required time
-----------------------------------------------------------------------------
                                  0.72   data required time
                                 -1.41   data arrival time
-----------------------------------------------------------------------------
                                  0.69   slack (MET)


Startpoint: _1317_ (rising edge-triggered flip-flop clocked by clk)
Endpoint: _1300_ (rising edge-triggered flip-flop clocked by clk)
Path Group: clk
Path Type: min

Fanout     Cap    Slew   Delay    Time   Description
-----------------------------------------------------------------------------
                          0.00    0.00   clock clk (rise edge)
                          0.00    0.00   clock source latency
                  0.12    0.08    0.08 ^ clk (in)
     1    0.02                           clk (net)
                  0.12    0.00    0.08 ^ clkbuf_0_clk/A (sky130_fd_sc_hd__clkbuf_16)
                  0.14    0.22    0.29 ^ clkbuf_0_clk/X (sky130_fd_sc_hd__clkbuf_16)
    16    0.12                           clknet_0_clk (net)
                  0.14    0.00    0.30 ^ clkbuf_4_10_0_clk/A (sky130_fd_sc_hd__clkbuf_8)
                  0.09    0.19    0.48 ^ clkbuf_4_10_0_clk/X (sky130_fd_sc_hd__clkbuf_8)
    15    0.04                           clknet_4_10_0_clk (net)
                  0.09    0.00    0.48 ^ _1317_/CLK (sky130_fd_sc_hd__dfrtp_4)
                  0.10    0.44    0.92 ^ _1317_/Q (sky130_fd_sc_hd__dfrtp_4)
     4    0.03                           u_pattern_gen.state_r[0] (net)
                  0.10    0.00    0.93 ^ _0876_/A (sky130_fd_sc_hd__buf_2)
                  0.24    0.25    1.18 ^ _0876_/X (sky130_fd_sc_hd__buf_2)
    10    0.05                           _0320_ (net)
                  0.24    0.00    1.18 ^ _0655_/A0 (sky130_fd_sc_hd__mux2_1)
                  0.04    0.16    1.34 ^ _0655_/X (sky130_fd_sc_hd__mux2_1)
     1    0.00                           _0559_ (net)
                  0.04    0.00    1.34 ^ _0656_/A (sky130_fd_sc_hd__clkbuf_1)
                  0.04    0.07    1.41 ^ _0656_/X (sky130_fd_sc_hd__clkbuf_1)
     1    0.00                           _0134_ (net)
                  0.04    0.00    1.41 ^ _1300_/D (sky130_fd_sc_hd__dfxtp_1)
                                  1.41   data arrival time

                          0.00    0.00   clock clk (rise edge)
                          0.00    0.00   clock source latency
                  0.12    0.08    0.08 ^ clk (in)
     1    0.02                           clk (net)
                  0.12    0.00    0.08 ^ clkbuf_0_clk/A (sky130_fd_sc_hd__clkbuf_16)
                  0.14    0.24    0.32 ^ clkbuf_0_clk/X (sky130_fd_sc_hd__clkbuf_16)
    16    0.12                           clknet_0_clk (net)
                  0.14    0.00    0.33 ^ clkbuf_4_2_0_clk/A (sky130_fd_sc_hd__clkbuf_8)
                  0.08    0.20    0.53 ^ clkbuf_4_2_0_clk/X (sky130_fd_sc_hd__clkbuf_8)
    14    0.04                           clknet_4_2_0_clk (net)
                  0.08    0.00    0.53 ^ _1300_/CLK (sky130_fd_sc_hd__dfxtp_1)
                          0.25    0.78   clock uncertainty
                         -0.03    0.75   clock reconvergence pessimism
                         -0.02    0.72   library hold time
                                  0.72   data required time
-----------------------------------------------------------------------------
                                  0.72   data required time
                                 -1.41   data arrival time
-----------------------------------------------------------------------------
                                  0.69   slack (MET)


Startpoint: _1175_ (rising edge-triggered flip-flop clocked by clk)
Endpoint: _1193_ (rising edge-triggered flip-flop clocked by clk)
Path Group: clk
Path Type: min

Fanout     Cap    Slew   Delay    Time   Description
-----------------------------------------------------------------------------
                          0.00    0.00   clock clk (rise edge)
                          0.00    0.00   clock source latency
                  0.12    0.08    0.08 ^ clk (in)
     1    0.02                           clk (net)
                  0.12    0.00    0.08 ^ clkbuf_0_clk/A (sky130_fd_sc_hd__clkbuf_16)
                  0.14    0.22    0.29 ^ clkbuf_0_clk/X (sky130_fd_sc_hd__clkbuf_16)
    16    0.12                           clknet_0_clk (net)
                  0.14    0.00    0.30 ^ clkbuf_4_13_0_clk/A (sky130_fd_sc_hd__clkbuf_8)
                  0.06    0.17    0.46 ^ clkbuf_4_13_0_clk/X (sky130_fd_sc_hd__clkbuf_8)
     9    0.03                           clknet_4_13_0_clk (net)
                  0.06    0.00    0.46 ^ _1175_/CLK (sky130_fd_sc_hd__dfrtp_2)
                  0.13    0.40    0.87 ^ _1175_/Q (sky130_fd_sc_hd__dfrtp_2)
     8    0.03                           u_addr_gen.addr[2] (net)
                  0.13    0.00    0.87 ^ _0952_/C (sky130_fd_sc_hd__or4b_2)
                  0.12    0.19    1.06 ^ _0952_/X (sky130_fd_sc_hd__or4b_2)
     4    0.02                           _0376_ (net)
                  0.12    0.00    1.06 ^ _0953_/C (sky130_fd_sc_hd__or3_2)
                  0.08    0.16    1.22 ^ _0953_/X (sky130_fd_sc_hd__or3_2)
     2    0.01                           _0377_ (net)
                  0.08    0.00    1.22 ^ _0954_/S (sky130_fd_sc_hd__mux2_1)
                  0.04    0.12    1.35 ^ _0954_/X (sky130_fd_sc_hd__mux2_1)
     1    0.00                           _0378_ (net)
                  0.04    0.00    1.35 ^ _0955_/A (sky130_fd_sc_hd__clkbuf_1)
                  0.04    0.07    1.42 ^ _0955_/X (sky130_fd_sc_hd__clkbuf_1)
     1    0.00                           _0027_ (net)
                  0.04    0.00    1.42 ^ _1193_/D (sky130_fd_sc_hd__dfxtp_1)
                                  1.42   data arrival time

                          0.00    0.00   clock clk (rise edge)
                          0.00    0.00   clock source latency
                  0.12    0.08    0.08 ^ clk (in)
     1    0.02                           clk (net)
                  0.12    0.00    0.08 ^ clkbuf_0_clk/A (sky130_fd_sc_hd__clkbuf_16)
                  0.14    0.24    0.32 ^ clkbuf_0_clk/X (sky130_fd_sc_hd__clkbuf_16)
    16    0.12                           clknet_0_clk (net)
                  0.14    0.00    0.33 ^ clkbuf_4_2_0_clk/A (sky130_fd_sc_hd__clkbuf_8)
                  0.08    0.20    0.53 ^ clkbuf_4_2_0_clk/X (sky130_fd_sc_hd__clkbuf_8)
    14    0.04                           clknet_4_2_0_clk (net)
                  0.08    0.00    0.53 ^ _1193_/CLK (sky130_fd_sc_hd__dfxtp_1)
                          0.25    0.78   clock uncertainty
                         -0.03    0.75   clock reconvergence pessimism
                         -0.03    0.72   library hold time
                                  0.72   data required time
-----------------------------------------------------------------------------
                                  0.72   data required time
                                 -1.42   data arrival time
-----------------------------------------------------------------------------
                                  0.69   slack (MET)


Startpoint: _1317_ (rising edge-triggered flip-flop clocked by clk)
Endpoint: _1264_ (rising edge-triggered flip-flop clocked by clk)
Path Group: clk
Path Type: min

Fanout     Cap    Slew   Delay    Time   Description
-----------------------------------------------------------------------------
                          0.00    0.00   clock clk (rise edge)
                          0.00    0.00   clock source latency
                  0.12    0.08    0.08 ^ clk (in)
     1    0.02                           clk (net)
                  0.12    0.00    0.08 ^ clkbuf_0_clk/A (sky130_fd_sc_hd__clkbuf_16)
                  0.14    0.22    0.29 ^ clkbuf_0_clk/X (sky130_fd_sc_hd__clkbuf_16)
    16    0.12                           clknet_0_clk (net)
                  0.14    0.00    0.30 ^ clkbuf_4_10_0_clk/A (sky130_fd_sc_hd__clkbuf_8)
                  0.09    0.19    0.48 ^ clkbuf_4_10_0_clk/X (sky130_fd_sc_hd__clkbuf_8)
    15    0.04                           clknet_4_10_0_clk (net)
                  0.09    0.00    0.48 ^ _1317_/CLK (sky130_fd_sc_hd__dfrtp_4)
                  0.10    0.44    0.92 ^ _1317_/Q (sky130_fd_sc_hd__dfrtp_4)
     4    0.03                           u_pattern_gen.state_r[0] (net)
                  0.10    0.00    0.93 ^ _0915_/A (sky130_fd_sc_hd__clkbuf_4)
                  0.17    0.23    1.16 ^ _0915_/X (sky130_fd_sc_hd__clkbuf_4)
    10    0.05                           _0350_ (net)
                  0.17    0.01    1.17 ^ _1149_/A1 (sky130_fd_sc_hd__mux2_1)
                  0.05    0.16    1.32 ^ _1149_/X (sky130_fd_sc_hd__mux2_1)
     1    0.00                           _0502_ (net)
                  0.05    0.00    1.32 ^ _1150_/A (sky130_fd_sc_hd__clkbuf_1)
                  0.04    0.07    1.40 ^ _1150_/X (sky130_fd_sc_hd__clkbuf_1)
     1    0.00                           _0098_ (net)
                  0.04    0.00    1.40 ^ _1264_/D (sky130_fd_sc_hd__dfxtp_1)
                                  1.40   data arrival time

                          0.00    0.00   clock clk (rise edge)
                          0.00    0.00   clock source latency
                  0.12    0.08    0.08 ^ clk (in)
     1    0.02                           clk (net)
                  0.12    0.00    0.08 ^ clkbuf_0_clk/A (sky130_fd_sc_hd__clkbuf_16)
                  0.14    0.24    0.32 ^ clkbuf_0_clk/X (sky130_fd_sc_hd__clkbuf_16)
    16    0.12                           clknet_0_clk (net)
                  0.14    0.00    0.33 ^ clkbuf_4_4_0_clk/A (sky130_fd_sc_hd__clkbuf_8)
                  0.06    0.18    0.51 ^ clkbuf_4_4_0_clk/X (sky130_fd_sc_hd__clkbuf_8)
     9    0.03                           clknet_4_4_0_clk (net)
                  0.06    0.00    0.51 ^ _1264_/CLK (sky130_fd_sc_hd__dfxtp_1)
                          0.25    0.76   clock uncertainty
                         -0.03    0.73   clock reconvergence pessimism
                         -0.03    0.70   library hold time
                                  0.70   data required time
-----------------------------------------------------------------------------
                                  0.70   data required time
                                 -1.40   data arrival time
-----------------------------------------------------------------------------
                                  0.69   slack (MET)


Startpoint: _1317_ (rising edge-triggered flip-flop clocked by clk)
Endpoint: _1296_ (rising edge-triggered flip-flop clocked by clk)
Path Group: clk
Path Type: min

Fanout     Cap    Slew   Delay    Time   Description
-----------------------------------------------------------------------------
                          0.00    0.00   clock clk (rise edge)
                          0.00    0.00   clock source latency
                  0.12    0.08    0.08 ^ clk (in)
     1    0.02                           clk (net)
                  0.12    0.00    0.08 ^ clkbuf_0_clk/A (sky130_fd_sc_hd__clkbuf_16)
                  0.14    0.22    0.29 ^ clkbuf_0_clk/X (sky130_fd_sc_hd__clkbuf_16)
    16    0.12                           clknet_0_clk (net)
                  0.14    0.00    0.30 ^ clkbuf_4_10_0_clk/A (sky130_fd_sc_hd__clkbuf_8)
                  0.09    0.19    0.48 ^ clkbuf_4_10_0_clk/X (sky130_fd_sc_hd__clkbuf_8)
    15    0.04                           clknet_4_10_0_clk (net)
                  0.09    0.00    0.48 ^ _1317_/CLK (sky130_fd_sc_hd__dfrtp_4)
                  0.10    0.44    0.92 ^ _1317_/Q (sky130_fd_sc_hd__dfrtp_4)
     4    0.03                           u_pattern_gen.state_r[0] (net)
                  0.10    0.00    0.93 ^ _0876_/A (sky130_fd_sc_hd__buf_2)
                  0.24    0.25    1.18 ^ _0876_/X (sky130_fd_sc_hd__buf_2)
    10    0.05                           _0320_ (net)
                  0.24    0.00    1.18 ^ _0645_/A0 (sky130_fd_sc_hd__mux2_1)
                  0.05    0.17    1.35 ^ _0645_/X (sky130_fd_sc_hd__mux2_1)
     1    0.00                           _0553_ (net)
                  0.05    0.00    1.35 ^ _0646_/A (sky130_fd_sc_hd__clkbuf_1)
                  0.04    0.07    1.42 ^ _0646_/X (sky130_fd_sc_hd__clkbuf_1)
     1    0.00                           _0130_ (net)
                  0.04    0.00    1.42 ^ _1296_/D (sky130_fd_sc_hd__dfxtp_1)
                                  1.42   data arrival time

                          0.00    0.00   clock clk (rise edge)
                          0.00    0.00   clock source latency
                  0.12    0.08    0.08 ^ clk (in)
     1    0.02                           clk (net)
                  0.12    0.00    0.08 ^ clkbuf_0_clk/A (sky130_fd_sc_hd__clkbuf_16)
                  0.14    0.24    0.32 ^ clkbuf_0_clk/X (sky130_fd_sc_hd__clkbuf_16)
    16    0.12                           clknet_0_clk (net)
                  0.14    0.00    0.33 ^ clkbuf_4_2_0_clk/A (sky130_fd_sc_hd__clkbuf_8)
                  0.08    0.20    0.53 ^ clkbuf_4_2_0_clk/X (sky130_fd_sc_hd__clkbuf_8)
    14    0.04                           clknet_4_2_0_clk (net)
                  0.08    0.00    0.53 ^ _1296_/CLK (sky130_fd_sc_hd__dfxtp_1)
                          0.25    0.78   clock uncertainty
                         -0.03    0.75   clock reconvergence pessimism
                         -0.02    0.72   library hold time
                                  0.72   data required time
-----------------------------------------------------------------------------
                                  0.72   data required time
                                 -1.42   data arrival time
-----------------------------------------------------------------------------
                                  0.70   slack (MET)


Startpoint: _1176_ (rising edge-triggered flip-flop clocked by clk)
Endpoint: _1210_ (rising edge-triggered flip-flop clocked by clk)
Path Group: clk
Path Type: min

Fanout     Cap    Slew   Delay    Time   Description
-----------------------------------------------------------------------------
                          0.00    0.00   clock clk (rise edge)
                          0.00    0.00   clock source latency
                  0.12    0.08    0.08 ^ clk (in)
     1    0.02                           clk (net)
                  0.12    0.00    0.08 ^ clkbuf_0_clk/A (sky130_fd_sc_hd__clkbuf_16)
                  0.14    0.22    0.29 ^ clkbuf_0_clk/X (sky130_fd_sc_hd__clkbuf_16)
    16    0.12                           clknet_0_clk (net)
                  0.14    0.00    0.30 ^ clkbuf_4_12_0_clk/A (sky130_fd_sc_hd__clkbuf_8)
                  0.06    0.17    0.46 ^ clkbuf_4_12_0_clk/X (sky130_fd_sc_hd__clkbuf_8)
     7    0.03                           clknet_4_12_0_clk (net)
                  0.06    0.00    0.46 ^ _1176_/CLK (sky130_fd_sc_hd__dfrtp_4)
                  0.10    0.43    0.89 ^ _1176_/Q (sky130_fd_sc_hd__dfrtp_4)
     8    0.02                           u_addr_gen.addr[3] (net)
                  0.10    0.00    0.89 ^ _0999_/C (sky130_fd_sc_hd__or4_2)
                  0.12    0.19    1.08 ^ _0999_/X (sky130_fd_sc_hd__or4_2)
     4    0.02                           _0407_ (net)
                  0.12    0.00    1.08 ^ _1000_/B (sky130_fd_sc_hd__or2_1)
                  0.09    0.14    1.22 ^ _1000_/X (sky130_fd_sc_hd__or2_1)
     2    0.01                           _0408_ (net)
                  0.09    0.00    1.22 ^ _1003_/S (sky130_fd_sc_hd__mux2_1)
                  0.04    0.13    1.35 ^ _1003_/X (sky130_fd_sc_hd__mux2_1)
     1    0.00                           _0410_ (net)
                  0.04    0.00    1.35 ^ _1004_/A (sky130_fd_sc_hd__clkbuf_1)
                  0.04    0.08    1.43 ^ _1004_/X (sky130_fd_sc_hd__clkbuf_1)
     1    0.00                           _0044_ (net)
                  0.04    0.00    1.43 ^ _1210_/D (sky130_fd_sc_hd__dfxtp_1)
                                  1.43   data arrival time

                          0.00    0.00   clock clk (rise edge)
                          0.00    0.00   clock source latency
                  0.12    0.08    0.08 ^ clk (in)
     1    0.02                           clk (net)
                  0.12    0.00    0.08 ^ clkbuf_0_clk/A (sky130_fd_sc_hd__clkbuf_16)
                  0.14    0.24    0.32 ^ clkbuf_0_clk/X (sky130_fd_sc_hd__clkbuf_16)
    16    0.12                           clknet_0_clk (net)
                  0.14    0.00    0.33 ^ clkbuf_4_10_0_clk/A (sky130_fd_sc_hd__clkbuf_8)
                  0.09    0.21    0.53 ^ clkbuf_4_10_0_clk/X (sky130_fd_sc_hd__clkbuf_8)
    15    0.04                           clknet_4_10_0_clk (net)
                  0.09    0.00    0.54 ^ _1210_/CLK (sky130_fd_sc_hd__dfxtp_1)
                          0.25    0.79   clock uncertainty
                         -0.03    0.75   clock reconvergence pessimism
                         -0.03    0.73   library hold time
                                  0.73   data required time
-----------------------------------------------------------------------------
                                  0.73   data required time
                                 -1.43   data arrival time
-----------------------------------------------------------------------------
                                  0.70   slack (MET)


Startpoint: _1175_ (rising edge-triggered flip-flop clocked by clk)
Endpoint: _1289_ (rising edge-triggered flip-flop clocked by clk)
Path Group: clk
Path Type: min

Fanout     Cap    Slew   Delay    Time   Description
-----------------------------------------------------------------------------
                          0.00    0.00   clock clk (rise edge)
                          0.00    0.00   clock source latency
                  0.12    0.08    0.08 ^ clk (in)
     1    0.02                           clk (net)
                  0.12    0.00    0.08 ^ clkbuf_0_clk/A (sky130_fd_sc_hd__clkbuf_16)
                  0.14    0.22    0.29 ^ clkbuf_0_clk/X (sky130_fd_sc_hd__clkbuf_16)
    16    0.12                           clknet_0_clk (net)
                  0.14    0.00    0.30 ^ clkbuf_4_13_0_clk/A (sky130_fd_sc_hd__clkbuf_8)
                  0.06    0.17    0.46 ^ clkbuf_4_13_0_clk/X (sky130_fd_sc_hd__clkbuf_8)
     9    0.03                           clknet_4_13_0_clk (net)
                  0.06    0.00    0.46 ^ _1175_/CLK (sky130_fd_sc_hd__dfrtp_2)
                  0.13    0.40    0.87 ^ _1175_/Q (sky130_fd_sc_hd__dfrtp_2)
     8    0.03                           u_addr_gen.addr[2] (net)
                  0.13    0.00    0.87 ^ _0952_/C (sky130_fd_sc_hd__or4b_2)
                  0.12    0.19    1.06 ^ _0952_/X (sky130_fd_sc_hd__or4b_2)
     4    0.02                           _0376_ (net)
                  0.12    0.00    1.06 ^ _0627_/B (sky130_fd_sc_hd__or3_1)
                  0.09    0.15    1.21 ^ _0627_/X (sky130_fd_sc_hd__or3_1)
     2    0.01                           _0542_ (net)
                  0.09    0.00    1.21 ^ _0628_/S (sky130_fd_sc_hd__mux2_1)
                  0.04    0.13    1.34 ^ _0628_/X (sky130_fd_sc_hd__mux2_1)
     1    0.00                           _0543_ (net)
                  0.04    0.00    1.34 ^ _0629_/A (sky130_fd_sc_hd__clkbuf_1)
                  0.04    0.07    1.41 ^ _0629_/X (sky130_fd_sc_hd__clkbuf_1)
     1    0.00                           _0123_ (net)
                  0.04    0.00    1.41 ^ _1289_/D (sky130_fd_sc_hd__dfxtp_1)
                                  1.41   data arrival time

                          0.00    0.00   clock clk (rise edge)
                          0.00    0.00   clock source latency
                  0.12    0.08    0.08 ^ clk (in)
     1    0.02                           clk (net)
                  0.12    0.00    0.08 ^ clkbuf_0_clk/A (sky130_fd_sc_hd__clkbuf_16)
                  0.14    0.24    0.32 ^ clkbuf_0_clk/X (sky130_fd_sc_hd__clkbuf_16)
    16    0.12                           clknet_0_clk (net)
                  0.14    0.00    0.33 ^ clkbuf_4_9_0_clk/A (sky130_fd_sc_hd__clkbuf_8)
                  0.07    0.19    0.51 ^ clkbuf_4_9_0_clk/X (sky130_fd_sc_hd__clkbuf_8)
     8    0.03                           clknet_4_9_0_clk (net)
                  0.07    0.00    0.52 ^ _1289_/CLK (sky130_fd_sc_hd__dfxtp_1)
                          0.25    0.77   clock uncertainty
                         -0.03    0.73   clock reconvergence pessimism
                         -0.03    0.71   library hold time
                                  0.71   data required time
-----------------------------------------------------------------------------
                                  0.71   data required time
                                 -1.41   data arrival time
-----------------------------------------------------------------------------
                                  0.70   slack (MET)


Startpoint: _1317_ (rising edge-triggered flip-flop clocked by clk)
Endpoint: _1262_ (rising edge-triggered flip-flop clocked by clk)
Path Group: clk
Path Type: min

Fanout     Cap    Slew   Delay    Time   Description
-----------------------------------------------------------------------------
                          0.00    0.00   clock clk (rise edge)
                          0.00    0.00   clock source latency
                  0.12    0.08    0.08 ^ clk (in)
     1    0.02                           clk (net)
                  0.12    0.00    0.08 ^ clkbuf_0_clk/A (sky130_fd_sc_hd__clkbuf_16)
                  0.14    0.22    0.29 ^ clkbuf_0_clk/X (sky130_fd_sc_hd__clkbuf_16)
    16    0.12                           clknet_0_clk (net)
                  0.14    0.00    0.30 ^ clkbuf_4_10_0_clk/A (sky130_fd_sc_hd__clkbuf_8)
                  0.09    0.19    0.48 ^ clkbuf_4_10_0_clk/X (sky130_fd_sc_hd__clkbuf_8)
    15    0.04                           clknet_4_10_0_clk (net)
                  0.09    0.00    0.48 ^ _1317_/CLK (sky130_fd_sc_hd__dfrtp_4)
                  0.10    0.44    0.92 ^ _1317_/Q (sky130_fd_sc_hd__dfrtp_4)
     4    0.03                           u_pattern_gen.state_r[0] (net)
                  0.10    0.00    0.93 ^ _0915_/A (sky130_fd_sc_hd__clkbuf_4)
                  0.17    0.23    1.16 ^ _0915_/X (sky130_fd_sc_hd__clkbuf_4)
    10    0.05                           _0350_ (net)
                  0.17    0.01    1.17 ^ _1144_/A1 (sky130_fd_sc_hd__mux2_1)
                  0.05    0.16    1.32 ^ _1144_/X (sky130_fd_sc_hd__mux2_1)
     1    0.00                           _0499_ (net)
                  0.05    0.00    1.32 ^ _1145_/A (sky130_fd_sc_hd__clkbuf_1)
                  0.04    0.08    1.40 ^ _1145_/X (sky130_fd_sc_hd__clkbuf_1)
     1    0.00                           _0096_ (net)
                  0.04    0.00    1.40 ^ _1262_/D (sky130_fd_sc_hd__dfxtp_1)
                                  1.40   data arrival time

                          0.00    0.00   clock clk (rise edge)
                          0.00    0.00   clock source latency
                  0.12    0.08    0.08 ^ clk (in)
     1    0.02                           clk (net)
                  0.12    0.00    0.08 ^ clkbuf_0_clk/A (sky130_fd_sc_hd__clkbuf_16)
                  0.14    0.24    0.32 ^ clkbuf_0_clk/X (sky130_fd_sc_hd__clkbuf_16)
    16    0.12                           clknet_0_clk (net)
                  0.14    0.00    0.33 ^ clkbuf_4_4_0_clk/A (sky130_fd_sc_hd__clkbuf_8)
                  0.06    0.18    0.51 ^ clkbuf_4_4_0_clk/X (sky130_fd_sc_hd__clkbuf_8)
     9    0.03                           clknet_4_4_0_clk (net)
                  0.06    0.00    0.51 ^ _1262_/CLK (sky130_fd_sc_hd__dfxtp_1)
                          0.25    0.76   clock uncertainty
                         -0.03    0.73   clock reconvergence pessimism
                         -0.03    0.70   library hold time
                                  0.70   data required time
-----------------------------------------------------------------------------
                                  0.70   data required time
                                 -1.40   data arrival time
-----------------------------------------------------------------------------
                                  0.70   slack (MET)


Startpoint: _1176_ (rising edge-triggered flip-flop clocked by clk)
Endpoint: _1233_ (rising edge-triggered flip-flop clocked by clk)
Path Group: clk
Path Type: min

Fanout     Cap    Slew   Delay    Time   Description
-----------------------------------------------------------------------------
                          0.00    0.00   clock clk (rise edge)
                          0.00    0.00   clock source latency
                  0.12    0.08    0.08 ^ clk (in)
     1    0.02                           clk (net)
                  0.12    0.00    0.08 ^ clkbuf_0_clk/A (sky130_fd_sc_hd__clkbuf_16)
                  0.14    0.22    0.29 ^ clkbuf_0_clk/X (sky130_fd_sc_hd__clkbuf_16)
    16    0.12                           clknet_0_clk (net)
                  0.14    0.00    0.30 ^ clkbuf_4_12_0_clk/A (sky130_fd_sc_hd__clkbuf_8)
                  0.06    0.17    0.46 ^ clkbuf_4_12_0_clk/X (sky130_fd_sc_hd__clkbuf_8)
     7    0.03                           clknet_4_12_0_clk (net)
                  0.06    0.00    0.46 ^ _1176_/CLK (sky130_fd_sc_hd__dfrtp_4)
                  0.10    0.43    0.89 ^ _1176_/Q (sky130_fd_sc_hd__dfrtp_4)
     8    0.02                           u_addr_gen.addr[3] (net)
                  0.10    0.00    0.89 ^ _0975_/C (sky130_fd_sc_hd__or4b_4)
                  0.13    0.20    1.08 ^ _0975_/X (sky130_fd_sc_hd__or4b_4)
     4    0.04                           _0391_ (net)
                  0.13    0.00    1.09 ^ _1067_/A (sky130_fd_sc_hd__or2_1)
                  0.08    0.14    1.23 ^ _1067_/X (sky130_fd_sc_hd__or2_1)
     2    0.01                           _0451_ (net)
                  0.08    0.00    1.23 ^ _1068_/S (sky130_fd_sc_hd__mux2_1)
                  0.04    0.13    1.35 ^ _1068_/X (sky130_fd_sc_hd__mux2_1)
     1    0.00                           _0452_ (net)
                  0.04    0.00    1.35 ^ _1069_/A (sky130_fd_sc_hd__clkbuf_1)
                  0.04    0.07    1.42 ^ _1069_/X (sky130_fd_sc_hd__clkbuf_1)
     1    0.00                           _0067_ (net)
                  0.04    0.00    1.42 ^ _1233_/D (sky130_fd_sc_hd__dfxtp_1)
                                  1.42   data arrival time

                          0.00    0.00   clock clk (rise edge)
                          0.00    0.00   clock source latency
                  0.12    0.08    0.08 ^ clk (in)
     1    0.02                           clk (net)
                  0.12    0.00    0.08 ^ clkbuf_0_clk/A (sky130_fd_sc_hd__clkbuf_16)
                  0.14    0.24    0.32 ^ clkbuf_0_clk/X (sky130_fd_sc_hd__clkbuf_16)
    16    0.12                           clknet_0_clk (net)
                  0.14    0.00    0.33 ^ clkbuf_4_7_0_clk/A (sky130_fd_sc_hd__clkbuf_8)
                  0.08    0.20    0.53 ^ clkbuf_4_7_0_clk/X (sky130_fd_sc_hd__clkbuf_8)
    13    0.04                           clknet_4_7_0_clk (net)
                  0.08    0.00    0.53 ^ _1233_/CLK (sky130_fd_sc_hd__dfxtp_1)
                          0.25    0.78   clock uncertainty
                         -0.03    0.75   clock reconvergence pessimism
                         -0.02    0.72   library hold time
                                  0.72   data required time
-----------------------------------------------------------------------------
                                  0.72   data required time
                                 -1.42   data arrival time
-----------------------------------------------------------------------------
                                  0.70   slack (MET)


Startpoint: _1317_ (rising edge-triggered flip-flop clocked by clk)
Endpoint: _1268_ (rising edge-triggered flip-flop clocked by clk)
Path Group: clk
Path Type: min

Fanout     Cap    Slew   Delay    Time   Description
-----------------------------------------------------------------------------
                          0.00    0.00   clock clk (rise edge)
                          0.00    0.00   clock source latency
                  0.12    0.08    0.08 ^ clk (in)
     1    0.02                           clk (net)
                  0.12    0.00    0.08 ^ clkbuf_0_clk/A (sky130_fd_sc_hd__clkbuf_16)
                  0.14    0.22    0.29 ^ clkbuf_0_clk/X (sky130_fd_sc_hd__clkbuf_16)
    16    0.12                           clknet_0_clk (net)
                  0.14    0.00    0.30 ^ clkbuf_4_10_0_clk/A (sky130_fd_sc_hd__clkbuf_8)
                  0.09    0.19    0.48 ^ clkbuf_4_10_0_clk/X (sky130_fd_sc_hd__clkbuf_8)
    15    0.04                           clknet_4_10_0_clk (net)
                  0.09    0.00    0.48 ^ _1317_/CLK (sky130_fd_sc_hd__dfrtp_4)
                  0.10    0.44    0.92 ^ _1317_/Q (sky130_fd_sc_hd__dfrtp_4)
     4    0.03                           u_pattern_gen.state_r[0] (net)
                  0.10    0.00    0.93 ^ _0915_/A (sky130_fd_sc_hd__clkbuf_4)
                  0.17    0.23    1.16 ^ _0915_/X (sky130_fd_sc_hd__clkbuf_4)
    10    0.05                           _0350_ (net)
                  0.17    0.01    1.17 ^ _1160_/A1 (sky130_fd_sc_hd__mux2_1)
                  0.05    0.15    1.32 ^ _1160_/X (sky130_fd_sc_hd__mux2_1)
     1    0.00                           _0509_ (net)
                  0.05    0.00    1.32 ^ _1161_/A (sky130_fd_sc_hd__clkbuf_1)
                  0.05    0.08    1.40 ^ _1161_/X (sky130_fd_sc_hd__clkbuf_1)
     1    0.00                           _0102_ (net)
                  0.05    0.00    1.40 ^ _1268_/D (sky130_fd_sc_hd__dfxtp_1)
                                  1.40   data arrival time

                          0.00    0.00   clock clk (rise edge)
                          0.00    0.00   clock source latency
                  0.12    0.08    0.08 ^ clk (in)
     1    0.02                           clk (net)
                  0.12    0.00    0.08 ^ clkbuf_0_clk/A (sky130_fd_sc_hd__clkbuf_16)
                  0.14    0.24    0.32 ^ clkbuf_0_clk/X (sky130_fd_sc_hd__clkbuf_16)
    16    0.12                           clknet_0_clk (net)
                  0.14    0.00    0.33 ^ clkbuf_4_12_0_clk/A (sky130_fd_sc_hd__clkbuf_8)
                  0.06    0.18    0.51 ^ clkbuf_4_12_0_clk/X (sky130_fd_sc_hd__clkbuf_8)
     7    0.03                           clknet_4_12_0_clk (net)
                  0.06    0.00    0.51 ^ _1268_/CLK (sky130_fd_sc_hd__dfxtp_1)
                          0.25    0.76   clock uncertainty
                         -0.03    0.73   clock reconvergence pessimism
                         -0.03    0.70   library hold time
                                  0.70   data required time
-----------------------------------------------------------------------------
                                  0.70   data required time
                                 -1.40   data arrival time
-----------------------------------------------------------------------------
                                  0.70   slack (MET)


Startpoint: _1175_ (rising edge-triggered flip-flop clocked by clk)
Endpoint: _1194_ (rising edge-triggered flip-flop clocked by clk)
Path Group: clk
Path Type: min

Fanout     Cap    Slew   Delay    Time   Description
-----------------------------------------------------------------------------
                          0.00    0.00   clock clk (rise edge)
                          0.00    0.00   clock source latency
                  0.12    0.08    0.08 ^ clk (in)
     1    0.02                           clk (net)
                  0.12    0.00    0.08 ^ clkbuf_0_clk/A (sky130_fd_sc_hd__clkbuf_16)
                  0.14    0.22    0.29 ^ clkbuf_0_clk/X (sky130_fd_sc_hd__clkbuf_16)
    16    0.12                           clknet_0_clk (net)
                  0.14    0.00    0.30 ^ clkbuf_4_13_0_clk/A (sky130_fd_sc_hd__clkbuf_8)
                  0.06    0.17    0.46 ^ clkbuf_4_13_0_clk/X (sky130_fd_sc_hd__clkbuf_8)
     9    0.03                           clknet_4_13_0_clk (net)
                  0.06    0.00    0.46 ^ _1175_/CLK (sky130_fd_sc_hd__dfrtp_2)
                  0.13    0.40    0.87 ^ _1175_/Q (sky130_fd_sc_hd__dfrtp_2)
     8    0.03                           u_addr_gen.addr[2] (net)
                  0.13    0.00    0.87 ^ _0952_/C (sky130_fd_sc_hd__or4b_2)
                  0.12    0.19    1.06 ^ _0952_/X (sky130_fd_sc_hd__or4b_2)
     4    0.02                           _0376_ (net)
                  0.12    0.00    1.06 ^ _0953_/C (sky130_fd_sc_hd__or3_2)
                  0.08    0.16    1.22 ^ _0953_/X (sky130_fd_sc_hd__or3_2)
     2    0.01                           _0377_ (net)
                  0.08    0.00    1.22 ^ _0956_/S (sky130_fd_sc_hd__mux2_1)
                  0.05    0.13    1.35 ^ _0956_/X (sky130_fd_sc_hd__mux2_1)
     1    0.00                           _0379_ (net)
                  0.05    0.00    1.35 ^ _0957_/A (sky130_fd_sc_hd__clkbuf_1)
                  0.04    0.07    1.43 ^ _0957_/X (sky130_fd_sc_hd__clkbuf_1)
     1    0.00                           _0028_ (net)
                  0.04    0.00    1.43 ^ _1194_/D (sky130_fd_sc_hd__dfxtp_1)
                                  1.43   data arrival time

                          0.00    0.00   clock clk (rise edge)
                          0.00    0.00   clock source latency
                  0.12    0.08    0.08 ^ clk (in)
     1    0.02                           clk (net)
                  0.12    0.00    0.08 ^ clkbuf_0_clk/A (sky130_fd_sc_hd__clkbuf_16)
                  0.14    0.24    0.32 ^ clkbuf_0_clk/X (sky130_fd_sc_hd__clkbuf_16)
    16    0.12                           clknet_0_clk (net)
                  0.14    0.00    0.33 ^ clkbuf_4_2_0_clk/A (sky130_fd_sc_hd__clkbuf_8)
                  0.08    0.20    0.53 ^ clkbuf_4_2_0_clk/X (sky130_fd_sc_hd__clkbuf_8)
    14    0.04                           clknet_4_2_0_clk (net)
                  0.08    0.00    0.53 ^ _1194_/CLK (sky130_fd_sc_hd__dfxtp_1)
                          0.25    0.78   clock uncertainty
                         -0.03    0.75   clock reconvergence pessimism
                         -0.03    0.72   library hold time
                                  0.72   data required time
-----------------------------------------------------------------------------
                                  0.72   data required time
                                 -1.43   data arrival time
-----------------------------------------------------------------------------
                                  0.70   slack (MET)


Startpoint: _1317_ (rising edge-triggered flip-flop clocked by clk)
Endpoint: _1288_ (rising edge-triggered flip-flop clocked by clk)
Path Group: clk
Path Type: min

Fanout     Cap    Slew   Delay    Time   Description
-----------------------------------------------------------------------------
                          0.00    0.00   clock clk (rise edge)
                          0.00    0.00   clock source latency
                  0.12    0.08    0.08 ^ clk (in)
     1    0.02                           clk (net)
                  0.12    0.00    0.08 ^ clkbuf_0_clk/A (sky130_fd_sc_hd__clkbuf_16)
                  0.14    0.22    0.29 ^ clkbuf_0_clk/X (sky130_fd_sc_hd__clkbuf_16)
    16    0.12                           clknet_0_clk (net)
                  0.14    0.00    0.30 ^ clkbuf_4_10_0_clk/A (sky130_fd_sc_hd__clkbuf_8)
                  0.09    0.19    0.48 ^ clkbuf_4_10_0_clk/X (sky130_fd_sc_hd__clkbuf_8)
    15    0.04                           clknet_4_10_0_clk (net)
                  0.09    0.00    0.48 ^ _1317_/CLK (sky130_fd_sc_hd__dfrtp_4)
                  0.10    0.44    0.92 ^ _1317_/Q (sky130_fd_sc_hd__dfrtp_4)
     4    0.03                           u_pattern_gen.state_r[0] (net)
                  0.10    0.00    0.93 ^ _0876_/A (sky130_fd_sc_hd__buf_2)
                  0.24    0.25    1.18 ^ _0876_/X (sky130_fd_sc_hd__buf_2)
    10    0.05                           _0320_ (net)
                  0.24    0.00    1.18 ^ _0625_/A0 (sky130_fd_sc_hd__mux2_1)
                  0.05    0.17    1.35 ^ _0625_/X (sky130_fd_sc_hd__mux2_1)
     1    0.00                           _0541_ (net)
                  0.05    0.00    1.35 ^ _0626_/A (sky130_fd_sc_hd__clkbuf_1)
                  0.04    0.07    1.42 ^ _0626_/X (sky130_fd_sc_hd__clkbuf_1)
     1    0.00                           _0122_ (net)
                  0.04    0.00    1.42 ^ _1288_/D (sky130_fd_sc_hd__dfxtp_1)
                                  1.42   data arrival time

                          0.00    0.00   clock clk (rise edge)
                          0.00    0.00   clock source latency
                  0.12    0.08    0.08 ^ clk (in)
     1    0.02                           clk (net)
                  0.12    0.00    0.08 ^ clkbuf_0_clk/A (sky130_fd_sc_hd__clkbuf_16)
                  0.14    0.24    0.32 ^ clkbuf_0_clk/X (sky130_fd_sc_hd__clkbuf_16)
    16    0.12                           clknet_0_clk (net)
                  0.14    0.00    0.33 ^ clkbuf_4_1_0_clk/A (sky130_fd_sc_hd__clkbuf_8)
                  0.07    0.19    0.52 ^ clkbuf_4_1_0_clk/X (sky130_fd_sc_hd__clkbuf_8)
    10    0.03                           clknet_4_1_0_clk (net)
                  0.07    0.00    0.52 ^ _1288_/CLK (sky130_fd_sc_hd__dfxtp_1)
                          0.25    0.77   clock uncertainty
                         -0.03    0.74   clock reconvergence pessimism
                         -0.03    0.71   library hold time
                                  0.71   data required time
-----------------------------------------------------------------------------
                                  0.71   data required time
                                 -1.42   data arrival time
-----------------------------------------------------------------------------
                                  0.70   slack (MET)


Startpoint: _1175_ (rising edge-triggered flip-flop clocked by clk)
Endpoint: _1257_ (rising edge-triggered flip-flop clocked by clk)
Path Group: clk
Path Type: min

Fanout     Cap    Slew   Delay    Time   Description
-----------------------------------------------------------------------------
                          0.00    0.00   clock clk (rise edge)
                          0.00    0.00   clock source latency
                  0.12    0.08    0.08 ^ clk (in)
     1    0.02                           clk (net)
                  0.12    0.00    0.08 ^ clkbuf_0_clk/A (sky130_fd_sc_hd__clkbuf_16)
                  0.14    0.22    0.29 ^ clkbuf_0_clk/X (sky130_fd_sc_hd__clkbuf_16)
    16    0.12                           clknet_0_clk (net)
                  0.14    0.00    0.30 ^ clkbuf_4_13_0_clk/A (sky130_fd_sc_hd__clkbuf_8)
                  0.06    0.17    0.46 ^ clkbuf_4_13_0_clk/X (sky130_fd_sc_hd__clkbuf_8)
     9    0.03                           clknet_4_13_0_clk (net)
                  0.06    0.00    0.46 ^ _1175_/CLK (sky130_fd_sc_hd__dfrtp_2)
                  0.13    0.40    0.87 ^ _1175_/Q (sky130_fd_sc_hd__dfrtp_2)
     8    0.03                           u_addr_gen.addr[2] (net)
                  0.13    0.00    0.87 ^ _0952_/C (sky130_fd_sc_hd__or4b_2)
                  0.12    0.19    1.06 ^ _0952_/X (sky130_fd_sc_hd__or4b_2)
     4    0.02                           _0376_ (net)
                  0.12    0.00    1.06 ^ _1130_/B (sky130_fd_sc_hd__or3_1)
                  0.09    0.15    1.21 ^ _1130_/X (sky130_fd_sc_hd__or3_1)
     2    0.01                           _0490_ (net)
                  0.09    0.00    1.21 ^ _1131_/S (sky130_fd_sc_hd__mux2_1)
                  0.05    0.14    1.35 ^ _1131_/X (sky130_fd_sc_hd__mux2_1)
     1    0.00                           _0491_ (net)
                  0.05    0.00    1.35 ^ _1132_/A (sky130_fd_sc_hd__clkbuf_1)
                  0.04    0.07    1.42 ^ _1132_/X (sky130_fd_sc_hd__clkbuf_1)
     1    0.00                           _0091_ (net)
                  0.04    0.00    1.42 ^ _1257_/D (sky130_fd_sc_hd__dfxtp_1)
                                  1.42   data arrival time

                          0.00    0.00   clock clk (rise edge)
                          0.00    0.00   clock source latency
                  0.12    0.08    0.08 ^ clk (in)
     1    0.02                           clk (net)
                  0.12    0.00    0.08 ^ clkbuf_0_clk/A (sky130_fd_sc_hd__clkbuf_16)
                  0.14    0.24    0.32 ^ clkbuf_0_clk/X (sky130_fd_sc_hd__clkbuf_16)
    16    0.12                           clknet_0_clk (net)
                  0.14    0.00    0.33 ^ clkbuf_4_6_0_clk/A (sky130_fd_sc_hd__clkbuf_8)
                  0.08    0.19    0.52 ^ clkbuf_4_6_0_clk/X (sky130_fd_sc_hd__clkbuf_8)
    10    0.04                           clknet_4_6_0_clk (net)
                  0.08    0.00    0.52 ^ _1257_/CLK (sky130_fd_sc_hd__dfxtp_1)
                          0.25    0.77   clock uncertainty
                         -0.03    0.74   clock reconvergence pessimism
                         -0.03    0.72   library hold time
                                  0.72   data required time
-----------------------------------------------------------------------------
                                  0.72   data required time
                                 -1.42   data arrival time
-----------------------------------------------------------------------------
                                  0.71   slack (MET)


Startpoint: _1177_ (rising edge-triggered flip-flop clocked by clk)
Endpoint: _1189_ (rising edge-triggered flip-flop clocked by clk)
Path Group: clk
Path Type: min

Fanout     Cap    Slew   Delay    Time   Description
-----------------------------------------------------------------------------
                          0.00    0.00   clock clk (rise edge)
                          0.00    0.00   clock source latency
                  0.12    0.08    0.08 ^ clk (in)
     1    0.02                           clk (net)
                  0.12    0.00    0.08 ^ clkbuf_0_clk/A (sky130_fd_sc_hd__clkbuf_16)
                  0.14    0.22    0.29 ^ clkbuf_0_clk/X (sky130_fd_sc_hd__clkbuf_16)
    16    0.12                           clknet_0_clk (net)
                  0.14    0.00    0.30 ^ clkbuf_4_15_0_clk/A (sky130_fd_sc_hd__clkbuf_8)
                  0.05    0.16    0.45 ^ clkbuf_4_15_0_clk/X (sky130_fd_sc_hd__clkbuf_8)
     6    0.02                           clknet_4_15_0_clk (net)
                  0.05    0.00    0.45 ^ _1177_/CLK (sky130_fd_sc_hd__dfrtp_4)
                  0.11    0.51    0.97 v _1177_/Q (sky130_fd_sc_hd__dfrtp_4)
     8    0.04                           u_addr_gen.addr[4] (net)
                  0.11    0.00    0.97 v _0869_/A (sky130_fd_sc_hd__nand3_4)
                  0.09    0.12    1.08 ^ _0869_/Y (sky130_fd_sc_hd__nand3_4)
     8    0.03                           _0314_ (net)
                  0.09    0.00    1.09 ^ _0941_/A (sky130_fd_sc_hd__nor2_1)
                  0.05    0.07    1.16 v _0941_/Y (sky130_fd_sc_hd__nor2_1)
     2    0.01                           _0369_ (net)
                  0.05    0.00    1.16 v _0942_/S (sky130_fd_sc_hd__mux2_1)
                  0.04    0.18    1.34 ^ _0942_/X (sky130_fd_sc_hd__mux2_1)
     1    0.00                           _0370_ (net)
                  0.04    0.00    1.34 ^ _0943_/A (sky130_fd_sc_hd__clkbuf_1)
                  0.04    0.08    1.41 ^ _0943_/X (sky130_fd_sc_hd__clkbuf_1)
     1    0.00                           _0023_ (net)
                  0.04    0.00    1.41 ^ _1189_/D (sky130_fd_sc_hd__dfxtp_1)
                                  1.41   data arrival time

                          0.00    0.00   clock clk (rise edge)
                          0.00    0.00   clock source latency
                  0.12    0.08    0.08 ^ clk (in)
     1    0.02                           clk (net)
                  0.12    0.00    0.08 ^ clkbuf_0_clk/A (sky130_fd_sc_hd__clkbuf_16)
                  0.14    0.24    0.32 ^ clkbuf_0_clk/X (sky130_fd_sc_hd__clkbuf_16)
    16    0.12                           clknet_0_clk (net)
                  0.14    0.00    0.33 ^ clkbuf_4_3_0_clk/A (sky130_fd_sc_hd__clkbuf_8)
                  0.07    0.19    0.52 ^ clkbuf_4_3_0_clk/X (sky130_fd_sc_hd__clkbuf_8)
     9    0.03                           clknet_4_3_0_clk (net)
                  0.07    0.00    0.52 ^ _1189_/CLK (sky130_fd_sc_hd__dfxtp_1)
                          0.25    0.77   clock uncertainty
                         -0.03    0.74   clock reconvergence pessimism
                         -0.03    0.71   library hold time
                                  0.71   data required time
-----------------------------------------------------------------------------
                                  0.71   data required time
                                 -1.41   data arrival time
-----------------------------------------------------------------------------
                                  0.71   slack (MET)


Startpoint: _1175_ (rising edge-triggered flip-flop clocked by clk)
Endpoint: _1258_ (rising edge-triggered flip-flop clocked by clk)
Path Group: clk
Path Type: min

Fanout     Cap    Slew   Delay    Time   Description
-----------------------------------------------------------------------------
                          0.00    0.00   clock clk (rise edge)
                          0.00    0.00   clock source latency
                  0.12    0.08    0.08 ^ clk (in)
     1    0.02                           clk (net)
                  0.12    0.00    0.08 ^ clkbuf_0_clk/A (sky130_fd_sc_hd__clkbuf_16)
                  0.14    0.22    0.29 ^ clkbuf_0_clk/X (sky130_fd_sc_hd__clkbuf_16)
    16    0.12                           clknet_0_clk (net)
                  0.14    0.00    0.30 ^ clkbuf_4_13_0_clk/A (sky130_fd_sc_hd__clkbuf_8)
                  0.06    0.17    0.46 ^ clkbuf_4_13_0_clk/X (sky130_fd_sc_hd__clkbuf_8)
     9    0.03                           clknet_4_13_0_clk (net)
                  0.06    0.00    0.46 ^ _1175_/CLK (sky130_fd_sc_hd__dfrtp_2)
                  0.13    0.40    0.87 ^ _1175_/Q (sky130_fd_sc_hd__dfrtp_2)
     8    0.03                           u_addr_gen.addr[2] (net)
                  0.13    0.00    0.87 ^ _0952_/C (sky130_fd_sc_hd__or4b_2)
                  0.12    0.19    1.06 ^ _0952_/X (sky130_fd_sc_hd__or4b_2)
     4    0.02                           _0376_ (net)
                  0.12    0.00    1.06 ^ _1130_/B (sky130_fd_sc_hd__or3_1)
                  0.09    0.15    1.21 ^ _1130_/X (sky130_fd_sc_hd__or3_1)
     2    0.01                           _0490_ (net)
                  0.09    0.00    1.21 ^ _1134_/S (sky130_fd_sc_hd__mux2_1)
                  0.04    0.13    1.35 ^ _1134_/X (sky130_fd_sc_hd__mux2_1)
     1    0.00                           _0493_ (net)
                  0.04    0.00    1.35 ^ _1135_/A (sky130_fd_sc_hd__clkbuf_1)
                  0.04    0.08    1.42 ^ _1135_/X (sky130_fd_sc_hd__clkbuf_1)
     1    0.00                           _0092_ (net)
                  0.04    0.00    1.42 ^ _1258_/D (sky130_fd_sc_hd__dfxtp_1)
                                  1.42   data arrival time

                          0.00    0.00   clock clk (rise edge)
                          0.00    0.00   clock source latency
                  0.12    0.08    0.08 ^ clk (in)
     1    0.02                           clk (net)
                  0.12    0.00    0.08 ^ clkbuf_0_clk/A (sky130_fd_sc_hd__clkbuf_16)
                  0.14    0.24    0.32 ^ clkbuf_0_clk/X (sky130_fd_sc_hd__clkbuf_16)
    16    0.12                           clknet_0_clk (net)
                  0.14    0.00    0.33 ^ clkbuf_4_6_0_clk/A (sky130_fd_sc_hd__clkbuf_8)
                  0.08    0.19    0.52 ^ clkbuf_4_6_0_clk/X (sky130_fd_sc_hd__clkbuf_8)
    10    0.04                           clknet_4_6_0_clk (net)
                  0.08    0.00    0.52 ^ _1258_/CLK (sky130_fd_sc_hd__dfxtp_1)
                          0.25    0.77   clock uncertainty
                         -0.03    0.74   clock reconvergence pessimism
                         -0.03    0.72   library hold time
                                  0.72   data required time
-----------------------------------------------------------------------------
                                  0.72   data required time
                                 -1.42   data arrival time
-----------------------------------------------------------------------------
                                  0.71   slack (MET)


Startpoint: _1317_ (rising edge-triggered flip-flop clocked by clk)
Endpoint: _1302_ (rising edge-triggered flip-flop clocked by clk)
Path Group: clk
Path Type: min

Fanout     Cap    Slew   Delay    Time   Description
-----------------------------------------------------------------------------
                          0.00    0.00   clock clk (rise edge)
                          0.00    0.00   clock source latency
                  0.12    0.08    0.08 ^ clk (in)
     1    0.02                           clk (net)
                  0.12    0.00    0.08 ^ clkbuf_0_clk/A (sky130_fd_sc_hd__clkbuf_16)
                  0.14    0.22    0.29 ^ clkbuf_0_clk/X (sky130_fd_sc_hd__clkbuf_16)
    16    0.12                           clknet_0_clk (net)
                  0.14    0.00    0.30 ^ clkbuf_4_10_0_clk/A (sky130_fd_sc_hd__clkbuf_8)
                  0.09    0.19    0.48 ^ clkbuf_4_10_0_clk/X (sky130_fd_sc_hd__clkbuf_8)
    15    0.04                           clknet_4_10_0_clk (net)
                  0.09    0.00    0.48 ^ _1317_/CLK (sky130_fd_sc_hd__dfrtp_4)
                  0.10    0.44    0.92 ^ _1317_/Q (sky130_fd_sc_hd__dfrtp_4)
     4    0.03                           u_pattern_gen.state_r[0] (net)
                  0.10    0.00    0.93 ^ _0876_/A (sky130_fd_sc_hd__buf_2)
                  0.24    0.25    1.18 ^ _0876_/X (sky130_fd_sc_hd__buf_2)
    10    0.05                           _0320_ (net)
                  0.24    0.00    1.18 ^ _0660_/A0 (sky130_fd_sc_hd__mux2_1)
                  0.04    0.16    1.34 ^ _0660_/X (sky130_fd_sc_hd__mux2_1)
     1    0.00                           _0562_ (net)
                  0.04    0.00    1.34 ^ _0661_/A (sky130_fd_sc_hd__clkbuf_1)
                  0.04    0.08    1.42 ^ _0661_/X (sky130_fd_sc_hd__clkbuf_1)
     1    0.00                           _0136_ (net)
                  0.04    0.00    1.42 ^ _1302_/D (sky130_fd_sc_hd__dfxtp_1)
                                  1.42   data arrival time

                          0.00    0.00   clock clk (rise edge)
                          0.00    0.00   clock source latency
                  0.12    0.08    0.08 ^ clk (in)
     1    0.02                           clk (net)
                  0.12    0.00    0.08 ^ clkbuf_0_clk/A (sky130_fd_sc_hd__clkbuf_16)
                  0.14    0.24    0.32 ^ clkbuf_0_clk/X (sky130_fd_sc_hd__clkbuf_16)
    16    0.12                           clknet_0_clk (net)
                  0.14    0.00    0.33 ^ clkbuf_4_1_0_clk/A (sky130_fd_sc_hd__clkbuf_8)
                  0.07    0.19    0.52 ^ clkbuf_4_1_0_clk/X (sky130_fd_sc_hd__clkbuf_8)
    10    0.03                           clknet_4_1_0_clk (net)
                  0.07    0.00    0.52 ^ _1302_/CLK (sky130_fd_sc_hd__dfxtp_1)
                          0.25    0.77   clock uncertainty
                         -0.03    0.74   clock reconvergence pessimism
                         -0.03    0.71   library hold time
                                  0.71   data required time
-----------------------------------------------------------------------------
                                  0.71   data required time
                                 -1.42   data arrival time
-----------------------------------------------------------------------------
                                  0.71   slack (MET)


Startpoint: _1176_ (rising edge-triggered flip-flop clocked by clk)
Endpoint: _1234_ (rising edge-triggered flip-flop clocked by clk)
Path Group: clk
Path Type: min

Fanout     Cap    Slew   Delay    Time   Description
-----------------------------------------------------------------------------
                          0.00    0.00   clock clk (rise edge)
                          0.00    0.00   clock source latency
                  0.12    0.08    0.08 ^ clk (in)
     1    0.02                           clk (net)
                  0.12    0.00    0.08 ^ clkbuf_0_clk/A (sky130_fd_sc_hd__clkbuf_16)
                  0.14    0.22    0.29 ^ clkbuf_0_clk/X (sky130_fd_sc_hd__clkbuf_16)
    16    0.12                           clknet_0_clk (net)
                  0.14    0.00    0.30 ^ clkbuf_4_12_0_clk/A (sky130_fd_sc_hd__clkbuf_8)
                  0.06    0.17    0.46 ^ clkbuf_4_12_0_clk/X (sky130_fd_sc_hd__clkbuf_8)
     7    0.03                           clknet_4_12_0_clk (net)
                  0.06    0.00    0.46 ^ _1176_/CLK (sky130_fd_sc_hd__dfrtp_4)
                  0.10    0.43    0.89 ^ _1176_/Q (sky130_fd_sc_hd__dfrtp_4)
     8    0.02                           u_addr_gen.addr[3] (net)
                  0.10    0.00    0.89 ^ _0975_/C (sky130_fd_sc_hd__or4b_4)
                  0.13    0.20    1.08 ^ _0975_/X (sky130_fd_sc_hd__or4b_4)
     4    0.04                           _0391_ (net)
                  0.13    0.00    1.09 ^ _1067_/A (sky130_fd_sc_hd__or2_1)
                  0.08    0.14    1.23 ^ _1067_/X (sky130_fd_sc_hd__or2_1)
     2    0.01                           _0451_ (net)
                  0.08    0.00    1.23 ^ _1070_/S (sky130_fd_sc_hd__mux2_1)
                  0.04    0.13    1.36 ^ _1070_/X (sky130_fd_sc_hd__mux2_1)
     1    0.00                           _0453_ (net)
                  0.04    0.00    1.36 ^ _1071_/A (sky130_fd_sc_hd__clkbuf_1)
                  0.04    0.07    1.43 ^ _1071_/X (sky130_fd_sc_hd__clkbuf_1)
     1    0.00                           _0068_ (net)
                  0.04    0.00    1.43 ^ _1234_/D (sky130_fd_sc_hd__dfxtp_1)
                                  1.43   data arrival time

                          0.00    0.00   clock clk (rise edge)
                          0.00    0.00   clock source latency
                  0.12    0.08    0.08 ^ clk (in)
     1    0.02                           clk (net)
                  0.12    0.00    0.08 ^ clkbuf_0_clk/A (sky130_fd_sc_hd__clkbuf_16)
                  0.14    0.24    0.32 ^ clkbuf_0_clk/X (sky130_fd_sc_hd__clkbuf_16)
    16    0.12                           clknet_0_clk (net)
                  0.14    0.00    0.33 ^ clkbuf_4_7_0_clk/A (sky130_fd_sc_hd__clkbuf_8)
                  0.08    0.20    0.53 ^ clkbuf_4_7_0_clk/X (sky130_fd_sc_hd__clkbuf_8)
    13    0.04                           clknet_4_7_0_clk (net)
                  0.08    0.00    0.53 ^ _1234_/CLK (sky130_fd_sc_hd__dfxtp_1)
                          0.25    0.78   clock uncertainty
                         -0.03    0.75   clock reconvergence pessimism
                         -0.03    0.72   library hold time
                                  0.72   data required time
-----------------------------------------------------------------------------
                                  0.72   data required time
                                 -1.43   data arrival time
-----------------------------------------------------------------------------
                                  0.71   slack (MET)


Startpoint: _1175_ (rising edge-triggered flip-flop clocked by clk)
Endpoint: _1226_ (rising edge-triggered flip-flop clocked by clk)
Path Group: clk
Path Type: min

Fanout     Cap    Slew   Delay    Time   Description
-----------------------------------------------------------------------------
                          0.00    0.00   clock clk (rise edge)
                          0.00    0.00   clock source latency
                  0.12    0.08    0.08 ^ clk (in)
     1    0.02                           clk (net)
                  0.12    0.00    0.08 ^ clkbuf_0_clk/A (sky130_fd_sc_hd__clkbuf_16)
                  0.14    0.22    0.29 ^ clkbuf_0_clk/X (sky130_fd_sc_hd__clkbuf_16)
    16    0.12                           clknet_0_clk (net)
                  0.14    0.00    0.30 ^ clkbuf_4_13_0_clk/A (sky130_fd_sc_hd__clkbuf_8)
                  0.06    0.17    0.46 ^ clkbuf_4_13_0_clk/X (sky130_fd_sc_hd__clkbuf_8)
     9    0.03                           clknet_4_13_0_clk (net)
                  0.06    0.00    0.46 ^ _1175_/CLK (sky130_fd_sc_hd__dfrtp_2)
                  0.13    0.40    0.87 ^ _1175_/Q (sky130_fd_sc_hd__dfrtp_2)
     8    0.03                           u_addr_gen.addr[2] (net)
                  0.13    0.00    0.87 ^ _0952_/C (sky130_fd_sc_hd__or4b_2)
                  0.12    0.19    1.06 ^ _0952_/X (sky130_fd_sc_hd__or4b_2)
     4    0.02                           _0376_ (net)
                  0.12    0.00    1.06 ^ _1047_/B (sky130_fd_sc_hd__or3_1)
                  0.10    0.16    1.22 ^ _1047_/X (sky130_fd_sc_hd__or3_1)
     2    0.01                           _0439_ (net)
                  0.10    0.00    1.22 ^ _1050_/S (sky130_fd_sc_hd__mux2_1)
                  0.04    0.13    1.36 ^ _1050_/X (sky130_fd_sc_hd__mux2_1)
     1    0.00                           _0441_ (net)
                  0.04    0.00    1.36 ^ _1051_/A (sky130_fd_sc_hd__clkbuf_1)
                  0.04    0.07    1.43 ^ _1051_/X (sky130_fd_sc_hd__clkbuf_1)
     1    0.00                           _0060_ (net)
                  0.04    0.00    1.43 ^ _1226_/D (sky130_fd_sc_hd__dfxtp_1)
                                  1.43   data arrival time

                          0.00    0.00   clock clk (rise edge)
                          0.00    0.00   clock source latency
                  0.12    0.08    0.08 ^ clk (in)
     1    0.02                           clk (net)
                  0.12    0.00    0.08 ^ clkbuf_0_clk/A (sky130_fd_sc_hd__clkbuf_16)
                  0.14    0.24    0.32 ^ clkbuf_0_clk/X (sky130_fd_sc_hd__clkbuf_16)
    16    0.12                           clknet_0_clk (net)
                  0.14    0.00    0.33 ^ clkbuf_4_6_0_clk/A (sky130_fd_sc_hd__clkbuf_8)
                  0.08    0.19    0.52 ^ clkbuf_4_6_0_clk/X (sky130_fd_sc_hd__clkbuf_8)
    10    0.04                           clknet_4_6_0_clk (net)
                  0.08    0.00    0.52 ^ _1226_/CLK (sky130_fd_sc_hd__dfxtp_1)
                          0.25    0.77   clock uncertainty
                         -0.03    0.74   clock reconvergence pessimism
                         -0.03    0.72   library hold time
                                  0.72   data required time
-----------------------------------------------------------------------------
                                  0.72   data required time
                                 -1.43   data arrival time
-----------------------------------------------------------------------------
                                  0.71   slack (MET)


Startpoint: _1176_ (rising edge-triggered flip-flop clocked by clk)
Endpoint: _1209_ (rising edge-triggered flip-flop clocked by clk)
Path Group: clk
Path Type: min

Fanout     Cap    Slew   Delay    Time   Description
-----------------------------------------------------------------------------
                          0.00    0.00   clock clk (rise edge)
                          0.00    0.00   clock source latency
                  0.12    0.08    0.08 ^ clk (in)
     1    0.02                           clk (net)
                  0.12    0.00    0.08 ^ clkbuf_0_clk/A (sky130_fd_sc_hd__clkbuf_16)
                  0.14    0.22    0.29 ^ clkbuf_0_clk/X (sky130_fd_sc_hd__clkbuf_16)
    16    0.12                           clknet_0_clk (net)
                  0.14    0.00    0.30 ^ clkbuf_4_12_0_clk/A (sky130_fd_sc_hd__clkbuf_8)
                  0.06    0.17    0.46 ^ clkbuf_4_12_0_clk/X (sky130_fd_sc_hd__clkbuf_8)
     7    0.03                           clknet_4_12_0_clk (net)
                  0.06    0.00    0.46 ^ _1176_/CLK (sky130_fd_sc_hd__dfrtp_4)
                  0.10    0.43    0.89 ^ _1176_/Q (sky130_fd_sc_hd__dfrtp_4)
     8    0.02                           u_addr_gen.addr[3] (net)
                  0.10    0.00    0.89 ^ _0999_/C (sky130_fd_sc_hd__or4_2)
                  0.12    0.19    1.08 ^ _0999_/X (sky130_fd_sc_hd__or4_2)
     4    0.02                           _0407_ (net)
                  0.12    0.00    1.08 ^ _1000_/B (sky130_fd_sc_hd__or2_1)
                  0.09    0.14    1.22 ^ _1000_/X (sky130_fd_sc_hd__or2_1)
     2    0.01                           _0408_ (net)
                  0.09    0.00    1.22 ^ _1001_/S (sky130_fd_sc_hd__mux2_1)
                  0.04    0.13    1.35 ^ _1001_/X (sky130_fd_sc_hd__mux2_1)
     1    0.00                           _0409_ (net)
                  0.04    0.00    1.35 ^ _1002_/A (sky130_fd_sc_hd__clkbuf_1)
                  0.04    0.07    1.42 ^ _1002_/X (sky130_fd_sc_hd__clkbuf_1)
     1    0.00                           _0043_ (net)
                  0.04    0.00    1.42 ^ _1209_/D (sky130_fd_sc_hd__dfxtp_1)
                                  1.42   data arrival time

                          0.00    0.00   clock clk (rise edge)
                          0.00    0.00   clock source latency
                  0.12    0.08    0.08 ^ clk (in)
     1    0.02                           clk (net)
                  0.12    0.00    0.08 ^ clkbuf_0_clk/A (sky130_fd_sc_hd__clkbuf_16)
                  0.14    0.24    0.32 ^ clkbuf_0_clk/X (sky130_fd_sc_hd__clkbuf_16)
    16    0.12                           clknet_0_clk (net)
                  0.14    0.00    0.33 ^ clkbuf_4_8_0_clk/A (sky130_fd_sc_hd__clkbuf_8)
                  0.07    0.19    0.52 ^ clkbuf_4_8_0_clk/X (sky130_fd_sc_hd__clkbuf_8)
    10    0.03                           clknet_4_8_0_clk (net)
                  0.07    0.00    0.52 ^ _1209_/CLK (sky130_fd_sc_hd__dfxtp_1)
                          0.25    0.77   clock uncertainty
                         -0.03    0.74   clock reconvergence pessimism
                         -0.03    0.71   library hold time
                                  0.71   data required time
-----------------------------------------------------------------------------
                                  0.71   data required time
                                 -1.42   data arrival time
-----------------------------------------------------------------------------
                                  0.71   slack (MET)


Startpoint: _1177_ (rising edge-triggered flip-flop clocked by clk)
Endpoint: _1192_ (rising edge-triggered flip-flop clocked by clk)
Path Group: clk
Path Type: min

Fanout     Cap    Slew   Delay    Time   Description
-----------------------------------------------------------------------------
                          0.00    0.00   clock clk (rise edge)
                          0.00    0.00   clock source latency
                  0.12    0.08    0.08 ^ clk (in)
     1    0.02                           clk (net)
                  0.12    0.00    0.08 ^ clkbuf_0_clk/A (sky130_fd_sc_hd__clkbuf_16)
                  0.14    0.22    0.29 ^ clkbuf_0_clk/X (sky130_fd_sc_hd__clkbuf_16)
    16    0.12                           clknet_0_clk (net)
                  0.14    0.00    0.30 ^ clkbuf_4_15_0_clk/A (sky130_fd_sc_hd__clkbuf_8)
                  0.05    0.16    0.45 ^ clkbuf_4_15_0_clk/X (sky130_fd_sc_hd__clkbuf_8)
     6    0.02                           clknet_4_15_0_clk (net)
                  0.05    0.00    0.45 ^ _1177_/CLK (sky130_fd_sc_hd__dfrtp_4)
                  0.11    0.51    0.97 v _1177_/Q (sky130_fd_sc_hd__dfrtp_4)
     8    0.04                           u_addr_gen.addr[4] (net)
                  0.11    0.00    0.97 v _0869_/A (sky130_fd_sc_hd__nand3_4)
                  0.09    0.12    1.08 ^ _0869_/Y (sky130_fd_sc_hd__nand3_4)
     8    0.03                           _0314_ (net)
                  0.09    0.00    1.09 ^ _0947_/A (sky130_fd_sc_hd__nor2_1)
                  0.05    0.07    1.16 v _0947_/Y (sky130_fd_sc_hd__nor2_1)
     2    0.01                           _0373_ (net)
                  0.05    0.00    1.16 v _0950_/S (sky130_fd_sc_hd__mux2_1)
                  0.05    0.19    1.35 ^ _0950_/X (sky130_fd_sc_hd__mux2_1)
     1    0.00                           _0375_ (net)
                  0.05    0.00    1.35 ^ _0951_/A (sky130_fd_sc_hd__clkbuf_1)
                  0.04    0.07    1.42 ^ _0951_/X (sky130_fd_sc_hd__clkbuf_1)
     1    0.00                           _0026_ (net)
                  0.04    0.00    1.42 ^ _1192_/D (sky130_fd_sc_hd__dfxtp_1)
                                  1.42   data arrival time

                          0.00    0.00   clock clk (rise edge)
                          0.00    0.00   clock source latency
                  0.12    0.08    0.08 ^ clk (in)
     1    0.02                           clk (net)
                  0.12    0.00    0.08 ^ clkbuf_0_clk/A (sky130_fd_sc_hd__clkbuf_16)
                  0.14    0.24    0.32 ^ clkbuf_0_clk/X (sky130_fd_sc_hd__clkbuf_16)
    16    0.12                           clknet_0_clk (net)
                  0.14    0.00    0.33 ^ clkbuf_4_3_0_clk/A (sky130_fd_sc_hd__clkbuf_8)
                  0.07    0.19    0.52 ^ clkbuf_4_3_0_clk/X (sky130_fd_sc_hd__clkbuf_8)
     9    0.03                           clknet_4_3_0_clk (net)
                  0.07    0.00    0.52 ^ _1192_/CLK (sky130_fd_sc_hd__dfxtp_1)
                          0.25    0.77   clock uncertainty
                         -0.03    0.74   clock reconvergence pessimism
                         -0.03    0.71   library hold time
                                  0.71   data required time
-----------------------------------------------------------------------------
                                  0.71   data required time
                                 -1.42   data arrival time
-----------------------------------------------------------------------------
                                  0.72   slack (MET)


Startpoint: _1176_ (rising edge-triggered flip-flop clocked by clk)
Endpoint: _1305_ (rising edge-triggered flip-flop clocked by clk)
Path Group: clk
Path Type: min

Fanout     Cap    Slew   Delay    Time   Description
-----------------------------------------------------------------------------
                          0.00    0.00   clock clk (rise edge)
                          0.00    0.00   clock source latency
                  0.12    0.08    0.08 ^ clk (in)
     1    0.02                           clk (net)
                  0.12    0.00    0.08 ^ clkbuf_0_clk/A (sky130_fd_sc_hd__clkbuf_16)
                  0.14    0.22    0.29 ^ clkbuf_0_clk/X (sky130_fd_sc_hd__clkbuf_16)
    16    0.12                           clknet_0_clk (net)
                  0.14    0.00    0.30 ^ clkbuf_4_12_0_clk/A (sky130_fd_sc_hd__clkbuf_8)
                  0.06    0.17    0.46 ^ clkbuf_4_12_0_clk/X (sky130_fd_sc_hd__clkbuf_8)
     7    0.03                           clknet_4_12_0_clk (net)
                  0.06    0.00    0.46 ^ _1176_/CLK (sky130_fd_sc_hd__dfrtp_4)
                  0.10    0.43    0.89 ^ _1176_/Q (sky130_fd_sc_hd__dfrtp_4)
     8    0.02                           u_addr_gen.addr[3] (net)
                  0.10    0.00    0.89 ^ _0999_/C (sky130_fd_sc_hd__or4_2)
                  0.12    0.19    1.08 ^ _0999_/X (sky130_fd_sc_hd__or4_2)
     4    0.02                           _0407_ (net)
                  0.12    0.00    1.08 ^ _0667_/A (sky130_fd_sc_hd__or2_1)
                  0.10    0.15    1.23 ^ _0667_/X (sky130_fd_sc_hd__or2_1)
     2    0.01                           _0566_ (net)
                  0.10    0.00    1.23 ^ _0668_/S (sky130_fd_sc_hd__mux2_1)
                  0.05    0.14    1.37 ^ _0668_/X (sky130_fd_sc_hd__mux2_1)
     1    0.00                           _0567_ (net)
                  0.05    0.00    1.37 ^ _0669_/A (sky130_fd_sc_hd__clkbuf_1)
                  0.04    0.08    1.45 ^ _0669_/X (sky130_fd_sc_hd__clkbuf_1)
     1    0.00                           _0139_ (net)
                  0.04    0.00    1.45 ^ _1305_/D (sky130_fd_sc_hd__dfxtp_1)
                                  1.45   data arrival time

                          0.00    0.00   clock clk (rise edge)
                          0.00    0.00   clock source latency
                  0.12    0.08    0.08 ^ clk (in)
     1    0.02                           clk (net)
                  0.12    0.00    0.08 ^ clkbuf_0_clk/A (sky130_fd_sc_hd__clkbuf_16)
                  0.14    0.24    0.32 ^ clkbuf_0_clk/X (sky130_fd_sc_hd__clkbuf_16)
    16    0.12                           clknet_0_clk (net)
                  0.14    0.00    0.33 ^ clkbuf_4_10_0_clk/A (sky130_fd_sc_hd__clkbuf_8)
                  0.09    0.21    0.53 ^ clkbuf_4_10_0_clk/X (sky130_fd_sc_hd__clkbuf_8)
    15    0.04                           clknet_4_10_0_clk (net)
                  0.09    0.00    0.53 ^ _1305_/CLK (sky130_fd_sc_hd__dfxtp_1)
                          0.25    0.78   clock uncertainty
                         -0.03    0.75   clock reconvergence pessimism
                         -0.02    0.73   library hold time
                                  0.73   data required time
-----------------------------------------------------------------------------
                                  0.73   data required time
                                 -1.45   data arrival time
-----------------------------------------------------------------------------
                                  0.72   slack (MET)


Startpoint: _1317_ (rising edge-triggered flip-flop clocked by clk)
Endpoint: _1304_ (rising edge-triggered flip-flop clocked by clk)
Path Group: clk
Path Type: min

Fanout     Cap    Slew   Delay    Time   Description
-----------------------------------------------------------------------------
                          0.00    0.00   clock clk (rise edge)
                          0.00    0.00   clock source latency
                  0.12    0.08    0.08 ^ clk (in)
     1    0.02                           clk (net)
                  0.12    0.00    0.08 ^ clkbuf_0_clk/A (sky130_fd_sc_hd__clkbuf_16)
                  0.14    0.22    0.29 ^ clkbuf_0_clk/X (sky130_fd_sc_hd__clkbuf_16)
    16    0.12                           clknet_0_clk (net)
                  0.14    0.00    0.30 ^ clkbuf_4_10_0_clk/A (sky130_fd_sc_hd__clkbuf_8)
                  0.09    0.19    0.48 ^ clkbuf_4_10_0_clk/X (sky130_fd_sc_hd__clkbuf_8)
    15    0.04                           clknet_4_10_0_clk (net)
                  0.09    0.00    0.48 ^ _1317_/CLK (sky130_fd_sc_hd__dfrtp_4)
                  0.10    0.44    0.92 ^ _1317_/Q (sky130_fd_sc_hd__dfrtp_4)
     4    0.03                           u_pattern_gen.state_r[0] (net)
                  0.10    0.00    0.93 ^ _0876_/A (sky130_fd_sc_hd__buf_2)
                  0.24    0.25    1.18 ^ _0876_/X (sky130_fd_sc_hd__buf_2)
    10    0.05                           _0320_ (net)
                  0.24    0.00    1.18 ^ _0665_/A0 (sky130_fd_sc_hd__mux2_1)
                  0.05    0.17    1.35 ^ _0665_/X (sky130_fd_sc_hd__mux2_1)
     1    0.00                           _0565_ (net)
                  0.05    0.00    1.35 ^ _0666_/A (sky130_fd_sc_hd__clkbuf_1)
                  0.04    0.08    1.42 ^ _0666_/X (sky130_fd_sc_hd__clkbuf_1)
     1    0.00                           _0138_ (net)
                  0.04    0.00    1.42 ^ _1304_/D (sky130_fd_sc_hd__dfxtp_1)
                                  1.42   data arrival time

                          0.00    0.00   clock clk (rise edge)
                          0.00    0.00   clock source latency
                  0.12    0.08    0.08 ^ clk (in)
     1    0.02                           clk (net)
                  0.12    0.00    0.08 ^ clkbuf_0_clk/A (sky130_fd_sc_hd__clkbuf_16)
                  0.14    0.24    0.32 ^ clkbuf_0_clk/X (sky130_fd_sc_hd__clkbuf_16)
    16    0.12                           clknet_0_clk (net)
                  0.14    0.00    0.33 ^ clkbuf_4_9_0_clk/A (sky130_fd_sc_hd__clkbuf_8)
                  0.07    0.19    0.51 ^ clkbuf_4_9_0_clk/X (sky130_fd_sc_hd__clkbuf_8)
     8    0.03                           clknet_4_9_0_clk (net)
                  0.07    0.00    0.52 ^ _1304_/CLK (sky130_fd_sc_hd__dfxtp_1)
                          0.25    0.77   clock uncertainty
                         -0.03    0.73   clock reconvergence pessimism
                         -0.03    0.71   library hold time
                                  0.71   data required time
-----------------------------------------------------------------------------
                                  0.71   data required time
                                 -1.42   data arrival time
-----------------------------------------------------------------------------
                                  0.72   slack (MET)


Startpoint: _1177_ (rising edge-triggered flip-flop clocked by clk)
Endpoint: _1190_ (rising edge-triggered flip-flop clocked by clk)
Path Group: clk
Path Type: min

Fanout     Cap    Slew   Delay    Time   Description
-----------------------------------------------------------------------------
                          0.00    0.00   clock clk (rise edge)
                          0.00    0.00   clock source latency
                  0.12    0.08    0.08 ^ clk (in)
     1    0.02                           clk (net)
                  0.12    0.00    0.08 ^ clkbuf_0_clk/A (sky130_fd_sc_hd__clkbuf_16)
                  0.14    0.22    0.29 ^ clkbuf_0_clk/X (sky130_fd_sc_hd__clkbuf_16)
    16    0.12                           clknet_0_clk (net)
                  0.14    0.00    0.30 ^ clkbuf_4_15_0_clk/A (sky130_fd_sc_hd__clkbuf_8)
                  0.05    0.16    0.45 ^ clkbuf_4_15_0_clk/X (sky130_fd_sc_hd__clkbuf_8)
     6    0.02                           clknet_4_15_0_clk (net)
                  0.05    0.00    0.45 ^ _1177_/CLK (sky130_fd_sc_hd__dfrtp_4)
                  0.11    0.51    0.97 v _1177_/Q (sky130_fd_sc_hd__dfrtp_4)
     8    0.04                           u_addr_gen.addr[4] (net)
                  0.11    0.00    0.97 v _0869_/A (sky130_fd_sc_hd__nand3_4)
                  0.09    0.12    1.08 ^ _0869_/Y (sky130_fd_sc_hd__nand3_4)
     8    0.03                           _0314_ (net)
                  0.09    0.00    1.09 ^ _0941_/A (sky130_fd_sc_hd__nor2_1)
                  0.05    0.07    1.16 v _0941_/Y (sky130_fd_sc_hd__nor2_1)
     2    0.01                           _0369_ (net)
                  0.05    0.00    1.16 v _0944_/S (sky130_fd_sc_hd__mux2_1)
                  0.05    0.19    1.34 ^ _0944_/X (sky130_fd_sc_hd__mux2_1)
     1    0.00                           _0371_ (net)
                  0.05    0.00    1.34 ^ _0945_/A (sky130_fd_sc_hd__clkbuf_1)
                  0.05    0.08    1.42 ^ _0945_/X (sky130_fd_sc_hd__clkbuf_1)
     1    0.00                           _0024_ (net)
                  0.05    0.00    1.42 ^ _1190_/D (sky130_fd_sc_hd__dfxtp_1)
                                  1.42   data arrival time

                          0.00    0.00   clock clk (rise edge)
                          0.00    0.00   clock source latency
                  0.12    0.08    0.08 ^ clk (in)
     1    0.02                           clk (net)
                  0.12    0.00    0.08 ^ clkbuf_0_clk/A (sky130_fd_sc_hd__clkbuf_16)
                  0.14    0.24    0.32 ^ clkbuf_0_clk/X (sky130_fd_sc_hd__clkbuf_16)
    16    0.12                           clknet_0_clk (net)
                  0.14    0.00    0.33 ^ clkbuf_4_3_0_clk/A (sky130_fd_sc_hd__clkbuf_8)
                  0.07    0.19    0.52 ^ clkbuf_4_3_0_clk/X (sky130_fd_sc_hd__clkbuf_8)
     9    0.03                           clknet_4_3_0_clk (net)
                  0.07    0.00    0.52 ^ _1190_/CLK (sky130_fd_sc_hd__dfxtp_1)
                          0.25    0.77   clock uncertainty
                         -0.03    0.74   clock reconvergence pessimism
                         -0.03    0.71   library hold time
                                  0.71   data required time
-----------------------------------------------------------------------------
                                  0.71   data required time
                                 -1.42   data arrival time
-----------------------------------------------------------------------------
                                  0.72   slack (MET)


Startpoint: _1177_ (rising edge-triggered flip-flop clocked by clk)
Endpoint: _1188_ (rising edge-triggered flip-flop clocked by clk)
Path Group: clk
Path Type: min

Fanout     Cap    Slew   Delay    Time   Description
-----------------------------------------------------------------------------
                          0.00    0.00   clock clk (rise edge)
                          0.00    0.00   clock source latency
                  0.12    0.08    0.08 ^ clk (in)
     1    0.02                           clk (net)
                  0.12    0.00    0.08 ^ clkbuf_0_clk/A (sky130_fd_sc_hd__clkbuf_16)
                  0.14    0.22    0.29 ^ clkbuf_0_clk/X (sky130_fd_sc_hd__clkbuf_16)
    16    0.12                           clknet_0_clk (net)
                  0.14    0.00    0.30 ^ clkbuf_4_15_0_clk/A (sky130_fd_sc_hd__clkbuf_8)
                  0.05    0.16    0.45 ^ clkbuf_4_15_0_clk/X (sky130_fd_sc_hd__clkbuf_8)
     6    0.02                           clknet_4_15_0_clk (net)
                  0.05    0.00    0.45 ^ _1177_/CLK (sky130_fd_sc_hd__dfrtp_4)
                  0.11    0.51    0.97 v _1177_/Q (sky130_fd_sc_hd__dfrtp_4)
     8    0.04                           u_addr_gen.addr[4] (net)
                  0.11    0.00    0.97 v _0869_/A (sky130_fd_sc_hd__nand3_4)
                  0.09    0.12    1.08 ^ _0869_/Y (sky130_fd_sc_hd__nand3_4)
     8    0.03                           _0314_ (net)
                  0.09    0.00    1.09 ^ _0934_/A (sky130_fd_sc_hd__nor2_1)
                  0.07    0.08    1.17 v _0934_/Y (sky130_fd_sc_hd__nor2_1)
     2    0.01                           _0364_ (net)
                  0.07    0.00    1.17 v _0938_/S (sky130_fd_sc_hd__mux2_1)
                  0.04    0.19    1.36 ^ _0938_/X (sky130_fd_sc_hd__mux2_1)
     1    0.00                           _0367_ (net)
                  0.04    0.00    1.36 ^ _0939_/A (sky130_fd_sc_hd__clkbuf_1)
                  0.03    0.07    1.43 ^ _0939_/X (sky130_fd_sc_hd__clkbuf_1)
     1    0.00                           _0022_ (net)
                  0.03    0.00    1.43 ^ _1188_/D (sky130_fd_sc_hd__dfxtp_1)
                                  1.43   data arrival time

                          0.00    0.00   clock clk (rise edge)
                          0.00    0.00   clock source latency
                  0.12    0.08    0.08 ^ clk (in)
     1    0.02                           clk (net)
                  0.12    0.00    0.08 ^ clkbuf_0_clk/A (sky130_fd_sc_hd__clkbuf_16)
                  0.14    0.24    0.32 ^ clkbuf_0_clk/X (sky130_fd_sc_hd__clkbuf_16)
    16    0.12                           clknet_0_clk (net)
                  0.14    0.00    0.33 ^ clkbuf_4_8_0_clk/A (sky130_fd_sc_hd__clkbuf_8)
                  0.07    0.19    0.52 ^ clkbuf_4_8_0_clk/X (sky130_fd_sc_hd__clkbuf_8)
    10    0.03                           clknet_4_8_0_clk (net)
                  0.07    0.00    0.52 ^ _1188_/CLK (sky130_fd_sc_hd__dfxtp_1)
                          0.25    0.77   clock uncertainty
                         -0.03    0.74   clock reconvergence pessimism
                         -0.03    0.71   library hold time
                                  0.71   data required time
-----------------------------------------------------------------------------
                                  0.71   data required time
                                 -1.43   data arrival time
-----------------------------------------------------------------------------
                                  0.72   slack (MET)


Startpoint: _1176_ (rising edge-triggered flip-flop clocked by clk)
Endpoint: _1306_ (rising edge-triggered flip-flop clocked by clk)
Path Group: clk
Path Type: min

Fanout     Cap    Slew   Delay    Time   Description
-----------------------------------------------------------------------------
                          0.00    0.00   clock clk (rise edge)
                          0.00    0.00   clock source latency
                  0.12    0.08    0.08 ^ clk (in)
     1    0.02                           clk (net)
                  0.12    0.00    0.08 ^ clkbuf_0_clk/A (sky130_fd_sc_hd__clkbuf_16)
                  0.14    0.22    0.29 ^ clkbuf_0_clk/X (sky130_fd_sc_hd__clkbuf_16)
    16    0.12                           clknet_0_clk (net)
                  0.14    0.00    0.30 ^ clkbuf_4_12_0_clk/A (sky130_fd_sc_hd__clkbuf_8)
                  0.06    0.17    0.46 ^ clkbuf_4_12_0_clk/X (sky130_fd_sc_hd__clkbuf_8)
     7    0.03                           clknet_4_12_0_clk (net)
                  0.06    0.00    0.46 ^ _1176_/CLK (sky130_fd_sc_hd__dfrtp_4)
                  0.10    0.43    0.89 ^ _1176_/Q (sky130_fd_sc_hd__dfrtp_4)
     8    0.02                           u_addr_gen.addr[3] (net)
                  0.10    0.00    0.89 ^ _0999_/C (sky130_fd_sc_hd__or4_2)
                  0.12    0.19    1.08 ^ _0999_/X (sky130_fd_sc_hd__or4_2)
     4    0.02                           _0407_ (net)
                  0.12    0.00    1.08 ^ _0667_/A (sky130_fd_sc_hd__or2_1)
                  0.10    0.15    1.23 ^ _0667_/X (sky130_fd_sc_hd__or2_1)
     2    0.01                           _0566_ (net)
                  0.10    0.00    1.23 ^ _0670_/S (sky130_fd_sc_hd__mux2_1)
                  0.05    0.14    1.37 ^ _0670_/X (sky130_fd_sc_hd__mux2_1)
     1    0.00                           _0568_ (net)
                  0.05    0.00    1.37 ^ _0671_/A (sky130_fd_sc_hd__clkbuf_1)
                  0.04    0.08    1.45 ^ _0671_/X (sky130_fd_sc_hd__clkbuf_1)
     1    0.00                           _0140_ (net)
                  0.04    0.00    1.45 ^ _1306_/D (sky130_fd_sc_hd__dfxtp_1)
                                  1.45   data arrival time

                          0.00    0.00   clock clk (rise edge)
                          0.00    0.00   clock source latency
                  0.12    0.08    0.08 ^ clk (in)
     1    0.02                           clk (net)
                  0.12    0.00    0.08 ^ clkbuf_0_clk/A (sky130_fd_sc_hd__clkbuf_16)
                  0.14    0.24    0.32 ^ clkbuf_0_clk/X (sky130_fd_sc_hd__clkbuf_16)
    16    0.12                           clknet_0_clk (net)
                  0.14    0.00    0.33 ^ clkbuf_4_10_0_clk/A (sky130_fd_sc_hd__clkbuf_8)
                  0.09    0.21    0.53 ^ clkbuf_4_10_0_clk/X (sky130_fd_sc_hd__clkbuf_8)
    15    0.04                           clknet_4_10_0_clk (net)
                  0.09    0.00    0.54 ^ _1306_/CLK (sky130_fd_sc_hd__dfxtp_1)
                          0.25    0.79   clock uncertainty
                         -0.03    0.75   clock reconvergence pessimism
                         -0.03    0.73   library hold time
                                  0.73   data required time
-----------------------------------------------------------------------------
                                  0.73   data required time
                                 -1.45   data arrival time
-----------------------------------------------------------------------------
                                  0.72   slack (MET)


Startpoint: _1176_ (rising edge-triggered flip-flop clocked by clk)
Endpoint: _1242_ (rising edge-triggered flip-flop clocked by clk)
Path Group: clk
Path Type: min

Fanout     Cap    Slew   Delay    Time   Description
-----------------------------------------------------------------------------
                          0.00    0.00   clock clk (rise edge)
                          0.00    0.00   clock source latency
                  0.12    0.08    0.08 ^ clk (in)
     1    0.02                           clk (net)
                  0.12    0.00    0.08 ^ clkbuf_0_clk/A (sky130_fd_sc_hd__clkbuf_16)
                  0.14    0.22    0.29 ^ clkbuf_0_clk/X (sky130_fd_sc_hd__clkbuf_16)
    16    0.12                           clknet_0_clk (net)
                  0.14    0.00    0.30 ^ clkbuf_4_12_0_clk/A (sky130_fd_sc_hd__clkbuf_8)
                  0.06    0.17    0.46 ^ clkbuf_4_12_0_clk/X (sky130_fd_sc_hd__clkbuf_8)
     7    0.03                           clknet_4_12_0_clk (net)
                  0.06    0.00    0.46 ^ _1176_/CLK (sky130_fd_sc_hd__dfrtp_4)
                  0.10    0.43    0.89 ^ _1176_/Q (sky130_fd_sc_hd__dfrtp_4)
     8    0.02                           u_addr_gen.addr[3] (net)
                  0.10    0.00    0.89 ^ _0999_/C (sky130_fd_sc_hd__or4_2)
                  0.12    0.19    1.08 ^ _0999_/X (sky130_fd_sc_hd__or4_2)
     4    0.02                           _0407_ (net)
                  0.12    0.00    1.08 ^ _1087_/A (sky130_fd_sc_hd__or2_1)
                  0.09    0.15    1.22 ^ _1087_/X (sky130_fd_sc_hd__or2_1)
     2    0.01                           _0463_ (net)
                  0.09    0.00    1.22 ^ _1090_/S (sky130_fd_sc_hd__mux2_1)
                  0.04    0.13    1.36 ^ _1090_/X (sky130_fd_sc_hd__mux2_1)
     1    0.00                           _0465_ (net)
                  0.04    0.00    1.36 ^ _1091_/A (sky130_fd_sc_hd__clkbuf_1)
                  0.04    0.07    1.43 ^ _1091_/X (sky130_fd_sc_hd__clkbuf_1)
     1    0.00                           _0076_ (net)
                  0.04    0.00    1.43 ^ _1242_/D (sky130_fd_sc_hd__dfxtp_1)
                                  1.43   data arrival time

                          0.00    0.00   clock clk (rise edge)
                          0.00    0.00   clock source latency
                  0.12    0.08    0.08 ^ clk (in)
     1    0.02                           clk (net)
                  0.12    0.00    0.08 ^ clkbuf_0_clk/A (sky130_fd_sc_hd__clkbuf_16)
                  0.14    0.24    0.32 ^ clkbuf_0_clk/X (sky130_fd_sc_hd__clkbuf_16)
    16    0.12                           clknet_0_clk (net)
                  0.14    0.00    0.33 ^ clkbuf_4_13_0_clk/A (sky130_fd_sc_hd__clkbuf_8)
                  0.06    0.18    0.51 ^ clkbuf_4_13_0_clk/X (sky130_fd_sc_hd__clkbuf_8)
     9    0.03                           clknet_4_13_0_clk (net)
                  0.06    0.00    0.51 ^ _1242_/CLK (sky130_fd_sc_hd__dfxtp_1)
                          0.25    0.76   clock uncertainty
                         -0.03    0.73   clock reconvergence pessimism
                         -0.03    0.71   library hold time
                                  0.71   data required time
-----------------------------------------------------------------------------
                                  0.71   data required time
                                 -1.43   data arrival time
-----------------------------------------------------------------------------
                                  0.72   slack (MET)


Startpoint: _1175_ (rising edge-triggered flip-flop clocked by clk)
Endpoint: _1290_ (rising edge-triggered flip-flop clocked by clk)
Path Group: clk
Path Type: min

Fanout     Cap    Slew   Delay    Time   Description
-----------------------------------------------------------------------------
                          0.00    0.00   clock clk (rise edge)
                          0.00    0.00   clock source latency
                  0.12    0.08    0.08 ^ clk (in)
     1    0.02                           clk (net)
                  0.12    0.00    0.08 ^ clkbuf_0_clk/A (sky130_fd_sc_hd__clkbuf_16)
                  0.14    0.22    0.29 ^ clkbuf_0_clk/X (sky130_fd_sc_hd__clkbuf_16)
    16    0.12                           clknet_0_clk (net)
                  0.14    0.00    0.30 ^ clkbuf_4_13_0_clk/A (sky130_fd_sc_hd__clkbuf_8)
                  0.06    0.17    0.46 ^ clkbuf_4_13_0_clk/X (sky130_fd_sc_hd__clkbuf_8)
     9    0.03                           clknet_4_13_0_clk (net)
                  0.06    0.00    0.46 ^ _1175_/CLK (sky130_fd_sc_hd__dfrtp_2)
                  0.13    0.40    0.87 ^ _1175_/Q (sky130_fd_sc_hd__dfrtp_2)
     8    0.03                           u_addr_gen.addr[2] (net)
                  0.13    0.00    0.87 ^ _0952_/C (sky130_fd_sc_hd__or4b_2)
                  0.12    0.19    1.06 ^ _0952_/X (sky130_fd_sc_hd__or4b_2)
     4    0.02                           _0376_ (net)
                  0.12    0.00    1.06 ^ _0627_/B (sky130_fd_sc_hd__or3_1)
                  0.09    0.15    1.21 ^ _0627_/X (sky130_fd_sc_hd__or3_1)
     2    0.01                           _0542_ (net)
                  0.09    0.00    1.21 ^ _0630_/S (sky130_fd_sc_hd__mux2_1)
                  0.05    0.14    1.35 ^ _0630_/X (sky130_fd_sc_hd__mux2_1)
     1    0.00                           _0544_ (net)
                  0.05    0.00    1.35 ^ _0631_/A (sky130_fd_sc_hd__clkbuf_1)
                  0.04    0.08    1.43 ^ _0631_/X (sky130_fd_sc_hd__clkbuf_1)
     1    0.00                           _0124_ (net)
                  0.04    0.00    1.43 ^ _1290_/D (sky130_fd_sc_hd__dfxtp_1)
                                  1.43   data arrival time

                          0.00    0.00   clock clk (rise edge)
                          0.00    0.00   clock source latency
                  0.12    0.08    0.08 ^ clk (in)
     1    0.02                           clk (net)
                  0.12    0.00    0.08 ^ clkbuf_0_clk/A (sky130_fd_sc_hd__clkbuf_16)
                  0.14    0.24    0.32 ^ clkbuf_0_clk/X (sky130_fd_sc_hd__clkbuf_16)
    16    0.12                           clknet_0_clk (net)
                  0.14    0.00    0.33 ^ clkbuf_4_9_0_clk/A (sky130_fd_sc_hd__clkbuf_8)
                  0.07    0.19    0.51 ^ clkbuf_4_9_0_clk/X (sky130_fd_sc_hd__clkbuf_8)
     8    0.03                           clknet_4_9_0_clk (net)
                  0.07    0.00    0.52 ^ _1290_/CLK (sky130_fd_sc_hd__dfxtp_1)
                          0.25    0.77   clock uncertainty
                         -0.03    0.73   clock reconvergence pessimism
                         -0.03    0.71   library hold time
                                  0.71   data required time
-----------------------------------------------------------------------------
                                  0.71   data required time
                                 -1.43   data arrival time
-----------------------------------------------------------------------------
                                  0.72   slack (MET)


Startpoint: _1177_ (rising edge-triggered flip-flop clocked by clk)
Endpoint: _1184_ (rising edge-triggered flip-flop clocked by clk)
Path Group: clk
Path Type: min

Fanout     Cap    Slew   Delay    Time   Description
-----------------------------------------------------------------------------
                          0.00    0.00   clock clk (rise edge)
                          0.00    0.00   clock source latency
                  0.12    0.08    0.08 ^ clk (in)
     1    0.02                           clk (net)
                  0.12    0.00    0.08 ^ clkbuf_0_clk/A (sky130_fd_sc_hd__clkbuf_16)
                  0.14    0.22    0.29 ^ clkbuf_0_clk/X (sky130_fd_sc_hd__clkbuf_16)
    16    0.12                           clknet_0_clk (net)
                  0.14    0.00    0.30 ^ clkbuf_4_15_0_clk/A (sky130_fd_sc_hd__clkbuf_8)
                  0.05    0.16    0.45 ^ clkbuf_4_15_0_clk/X (sky130_fd_sc_hd__clkbuf_8)
     6    0.02                           clknet_4_15_0_clk (net)
                  0.05    0.00    0.45 ^ _1177_/CLK (sky130_fd_sc_hd__dfrtp_4)
                  0.11    0.51    0.97 v _1177_/Q (sky130_fd_sc_hd__dfrtp_4)
     8    0.04                           u_addr_gen.addr[4] (net)
                  0.11    0.00    0.97 v _0869_/A (sky130_fd_sc_hd__nand3_4)
                  0.09    0.12    1.08 ^ _0869_/Y (sky130_fd_sc_hd__nand3_4)
     8    0.03                           _0314_ (net)
                  0.09    0.00    1.09 ^ _0920_/A (sky130_fd_sc_hd__or2_1)
                  0.10    0.14    1.23 ^ _0920_/X (sky130_fd_sc_hd__or2_1)
     2    0.01                           _0354_ (net)
                  0.10    0.00    1.23 ^ _0923_/S (sky130_fd_sc_hd__mux2_1)
                  0.04    0.13    1.36 ^ _0923_/X (sky130_fd_sc_hd__mux2_1)
     1    0.00                           _0356_ (net)
                  0.04    0.00    1.36 ^ _0924_/A (sky130_fd_sc_hd__clkbuf_1)
                  0.04    0.07    1.43 ^ _0924_/X (sky130_fd_sc_hd__clkbuf_1)
     1    0.00                           _0018_ (net)
                  0.04    0.00    1.43 ^ _1184_/D (sky130_fd_sc_hd__dfxtp_1)
                                  1.43   data arrival time

                          0.00    0.00   clock clk (rise edge)
                          0.00    0.00   clock source latency
                  0.12    0.08    0.08 ^ clk (in)
     1    0.02                           clk (net)
                  0.12    0.00    0.08 ^ clkbuf_0_clk/A (sky130_fd_sc_hd__clkbuf_16)
                  0.14    0.24    0.32 ^ clkbuf_0_clk/X (sky130_fd_sc_hd__clkbuf_16)
    16    0.12                           clknet_0_clk (net)
                  0.14    0.00    0.33 ^ clkbuf_4_3_0_clk/A (sky130_fd_sc_hd__clkbuf_8)
                  0.07    0.19    0.52 ^ clkbuf_4_3_0_clk/X (sky130_fd_sc_hd__clkbuf_8)
     9    0.03                           clknet_4_3_0_clk (net)
                  0.07    0.00    0.52 ^ _1184_/CLK (sky130_fd_sc_hd__dfxtp_1)
                          0.25    0.77   clock uncertainty
                         -0.03    0.74   clock reconvergence pessimism
                         -0.03    0.71   library hold time
                                  0.71   data required time
-----------------------------------------------------------------------------
                                  0.71   data required time
                                 -1.43   data arrival time
-----------------------------------------------------------------------------
                                  0.72   slack (MET)


Startpoint: _1176_ (rising edge-triggered flip-flop clocked by clk)
Endpoint: _1241_ (rising edge-triggered flip-flop clocked by clk)
Path Group: clk
Path Type: min

Fanout     Cap    Slew   Delay    Time   Description
-----------------------------------------------------------------------------
                          0.00    0.00   clock clk (rise edge)
                          0.00    0.00   clock source latency
                  0.12    0.08    0.08 ^ clk (in)
     1    0.02                           clk (net)
                  0.12    0.00    0.08 ^ clkbuf_0_clk/A (sky130_fd_sc_hd__clkbuf_16)
                  0.14    0.22    0.29 ^ clkbuf_0_clk/X (sky130_fd_sc_hd__clkbuf_16)
    16    0.12                           clknet_0_clk (net)
                  0.14    0.00    0.30 ^ clkbuf_4_12_0_clk/A (sky130_fd_sc_hd__clkbuf_8)
                  0.06    0.17    0.46 ^ clkbuf_4_12_0_clk/X (sky130_fd_sc_hd__clkbuf_8)
     7    0.03                           clknet_4_12_0_clk (net)
                  0.06    0.00    0.46 ^ _1176_/CLK (sky130_fd_sc_hd__dfrtp_4)
                  0.10    0.43    0.89 ^ _1176_/Q (sky130_fd_sc_hd__dfrtp_4)
     8    0.02                           u_addr_gen.addr[3] (net)
                  0.10    0.00    0.89 ^ _0999_/C (sky130_fd_sc_hd__or4_2)
                  0.12    0.19    1.08 ^ _0999_/X (sky130_fd_sc_hd__or4_2)
     4    0.02                           _0407_ (net)
                  0.12    0.00    1.08 ^ _1087_/A (sky130_fd_sc_hd__or2_1)
                  0.09    0.15    1.22 ^ _1087_/X (sky130_fd_sc_hd__or2_1)
     2    0.01                           _0463_ (net)
                  0.09    0.00    1.22 ^ _1088_/S (sky130_fd_sc_hd__mux2_1)
                  0.04    0.13    1.35 ^ _1088_/X (sky130_fd_sc_hd__mux2_1)
     1    0.00                           _0464_ (net)
                  0.04    0.00    1.35 ^ _1089_/A (sky130_fd_sc_hd__clkbuf_1)
                  0.04    0.07    1.43 ^ _1089_/X (sky130_fd_sc_hd__clkbuf_1)
     1    0.00                           _0075_ (net)
                  0.04    0.00    1.43 ^ _1241_/D (sky130_fd_sc_hd__dfxtp_1)
                                  1.43   data arrival time

                          0.00    0.00   clock clk (rise edge)
                          0.00    0.00   clock source latency
                  0.12    0.08    0.08 ^ clk (in)
     1    0.02                           clk (net)
                  0.12    0.00    0.08 ^ clkbuf_0_clk/A (sky130_fd_sc_hd__clkbuf_16)
                  0.14    0.24    0.32 ^ clkbuf_0_clk/X (sky130_fd_sc_hd__clkbuf_16)
    16    0.12                           clknet_0_clk (net)
                  0.14    0.00    0.33 ^ clkbuf_4_13_0_clk/A (sky130_fd_sc_hd__clkbuf_8)
                  0.06    0.18    0.51 ^ clkbuf_4_13_0_clk/X (sky130_fd_sc_hd__clkbuf_8)
     9    0.03                           clknet_4_13_0_clk (net)
                  0.06    0.00    0.51 ^ _1241_/CLK (sky130_fd_sc_hd__dfxtp_1)
                          0.25    0.76   clock uncertainty
                         -0.03    0.73   clock reconvergence pessimism
                         -0.03    0.70   library hold time
                                  0.70   data required time
-----------------------------------------------------------------------------
                                  0.70   data required time
                                 -1.43   data arrival time
-----------------------------------------------------------------------------
                                  0.72   slack (MET)


Startpoint: _1175_ (rising edge-triggered flip-flop clocked by clk)
Endpoint: _1225_ (rising edge-triggered flip-flop clocked by clk)
Path Group: clk
Path Type: min

Fanout     Cap    Slew   Delay    Time   Description
-----------------------------------------------------------------------------
                          0.00    0.00   clock clk (rise edge)
                          0.00    0.00   clock source latency
                  0.12    0.08    0.08 ^ clk (in)
     1    0.02                           clk (net)
                  0.12    0.00    0.08 ^ clkbuf_0_clk/A (sky130_fd_sc_hd__clkbuf_16)
                  0.14    0.22    0.29 ^ clkbuf_0_clk/X (sky130_fd_sc_hd__clkbuf_16)
    16    0.12                           clknet_0_clk (net)
                  0.14    0.00    0.30 ^ clkbuf_4_13_0_clk/A (sky130_fd_sc_hd__clkbuf_8)
                  0.06    0.17    0.46 ^ clkbuf_4_13_0_clk/X (sky130_fd_sc_hd__clkbuf_8)
     9    0.03                           clknet_4_13_0_clk (net)
                  0.06    0.00    0.46 ^ _1175_/CLK (sky130_fd_sc_hd__dfrtp_2)
                  0.13    0.40    0.87 ^ _1175_/Q (sky130_fd_sc_hd__dfrtp_2)
     8    0.03                           u_addr_gen.addr[2] (net)
                  0.13    0.00    0.87 ^ _0952_/C (sky130_fd_sc_hd__or4b_2)
                  0.12    0.19    1.06 ^ _0952_/X (sky130_fd_sc_hd__or4b_2)
     4    0.02                           _0376_ (net)
                  0.12    0.00    1.06 ^ _1047_/B (sky130_fd_sc_hd__or3_1)
                  0.10    0.16    1.22 ^ _1047_/X (sky130_fd_sc_hd__or3_1)
     2    0.01                           _0439_ (net)
                  0.10    0.00    1.22 ^ _1048_/S (sky130_fd_sc_hd__mux2_1)
                  0.04    0.13    1.36 ^ _1048_/X (sky130_fd_sc_hd__mux2_1)
     1    0.00                           _0440_ (net)
                  0.04    0.00    1.36 ^ _1049_/A (sky130_fd_sc_hd__clkbuf_1)
                  0.06    0.08    1.44 ^ _1049_/X (sky130_fd_sc_hd__clkbuf_1)
     1    0.00                           _0059_ (net)
                  0.06    0.00    1.44 ^ _1225_/D (sky130_fd_sc_hd__dfxtp_1)
                                  1.44   data arrival time

                          0.00    0.00   clock clk (rise edge)
                          0.00    0.00   clock source latency
                  0.12    0.08    0.08 ^ clk (in)
     1    0.02                           clk (net)
                  0.12    0.00    0.08 ^ clkbuf_0_clk/A (sky130_fd_sc_hd__clkbuf_16)
                  0.14    0.24    0.32 ^ clkbuf_0_clk/X (sky130_fd_sc_hd__clkbuf_16)
    16    0.12                           clknet_0_clk (net)
                  0.14    0.00    0.33 ^ clkbuf_4_6_0_clk/A (sky130_fd_sc_hd__clkbuf_8)
                  0.08    0.19    0.52 ^ clkbuf_4_6_0_clk/X (sky130_fd_sc_hd__clkbuf_8)
    10    0.04                           clknet_4_6_0_clk (net)
                  0.08    0.00    0.52 ^ _1225_/CLK (sky130_fd_sc_hd__dfxtp_1)
                          0.25    0.77   clock uncertainty
                         -0.03    0.74   clock reconvergence pessimism
                         -0.03    0.71   library hold time
                                  0.71   data required time
-----------------------------------------------------------------------------
                                  0.71   data required time
                                 -1.44   data arrival time
-----------------------------------------------------------------------------
                                  0.72   slack (MET)


Startpoint: _1177_ (rising edge-triggered flip-flop clocked by clk)
Endpoint: _1187_ (rising edge-triggered flip-flop clocked by clk)
Path Group: clk
Path Type: min

Fanout     Cap    Slew   Delay    Time   Description
-----------------------------------------------------------------------------
                          0.00    0.00   clock clk (rise edge)
                          0.00    0.00   clock source latency
                  0.12    0.08    0.08 ^ clk (in)
     1    0.02                           clk (net)
                  0.12    0.00    0.08 ^ clkbuf_0_clk/A (sky130_fd_sc_hd__clkbuf_16)
                  0.14    0.22    0.29 ^ clkbuf_0_clk/X (sky130_fd_sc_hd__clkbuf_16)
    16    0.12                           clknet_0_clk (net)
                  0.14    0.00    0.30 ^ clkbuf_4_15_0_clk/A (sky130_fd_sc_hd__clkbuf_8)
                  0.05    0.16    0.45 ^ clkbuf_4_15_0_clk/X (sky130_fd_sc_hd__clkbuf_8)
     6    0.02                           clknet_4_15_0_clk (net)
                  0.05    0.00    0.45 ^ _1177_/CLK (sky130_fd_sc_hd__dfrtp_4)
                  0.11    0.51    0.97 v _1177_/Q (sky130_fd_sc_hd__dfrtp_4)
     8    0.04                           u_addr_gen.addr[4] (net)
                  0.11    0.00    0.97 v _0869_/A (sky130_fd_sc_hd__nand3_4)
                  0.09    0.12    1.08 ^ _0869_/Y (sky130_fd_sc_hd__nand3_4)
     8    0.03                           _0314_ (net)
                  0.09    0.00    1.09 ^ _0934_/A (sky130_fd_sc_hd__nor2_1)
                  0.07    0.08    1.17 v _0934_/Y (sky130_fd_sc_hd__nor2_1)
     2    0.01                           _0364_ (net)
                  0.07    0.00    1.17 v _0935_/S (sky130_fd_sc_hd__mux2_1)
                  0.04    0.19    1.36 ^ _0935_/X (sky130_fd_sc_hd__mux2_1)
     1    0.00                           _0365_ (net)
                  0.04    0.00    1.36 ^ _0936_/A (sky130_fd_sc_hd__clkbuf_1)
                  0.04    0.08    1.44 ^ _0936_/X (sky130_fd_sc_hd__clkbuf_1)
     1    0.00                           _0021_ (net)
                  0.04    0.00    1.44 ^ _1187_/D (sky130_fd_sc_hd__dfxtp_1)
                                  1.44   data arrival time

                          0.00    0.00   clock clk (rise edge)
                          0.00    0.00   clock source latency
                  0.12    0.08    0.08 ^ clk (in)
     1    0.02                           clk (net)
                  0.12    0.00    0.08 ^ clkbuf_0_clk/A (sky130_fd_sc_hd__clkbuf_16)
                  0.14    0.24    0.32 ^ clkbuf_0_clk/X (sky130_fd_sc_hd__clkbuf_16)
    16    0.12                           clknet_0_clk (net)
                  0.14    0.00    0.33 ^ clkbuf_4_8_0_clk/A (sky130_fd_sc_hd__clkbuf_8)
                  0.07    0.19    0.52 ^ clkbuf_4_8_0_clk/X (sky130_fd_sc_hd__clkbuf_8)
    10    0.03                           clknet_4_8_0_clk (net)
                  0.07    0.00    0.52 ^ _1187_/CLK (sky130_fd_sc_hd__dfxtp_1)
                          0.25    0.77   clock uncertainty
                         -0.03    0.74   clock reconvergence pessimism
                         -0.03    0.71   library hold time
                                  0.71   data required time
-----------------------------------------------------------------------------
                                  0.71   data required time
                                 -1.44   data arrival time
-----------------------------------------------------------------------------
                                  0.73   slack (MET)


Startpoint: _1176_ (rising edge-triggered flip-flop clocked by clk)
Endpoint: _1266_ (rising edge-triggered flip-flop clocked by clk)
Path Group: clk
Path Type: min

Fanout     Cap    Slew   Delay    Time   Description
-----------------------------------------------------------------------------
                          0.00    0.00   clock clk (rise edge)
                          0.00    0.00   clock source latency
                  0.12    0.08    0.08 ^ clk (in)
     1    0.02                           clk (net)
                  0.12    0.00    0.08 ^ clkbuf_0_clk/A (sky130_fd_sc_hd__clkbuf_16)
                  0.14    0.22    0.29 ^ clkbuf_0_clk/X (sky130_fd_sc_hd__clkbuf_16)
    16    0.12                           clknet_0_clk (net)
                  0.14    0.00    0.30 ^ clkbuf_4_12_0_clk/A (sky130_fd_sc_hd__clkbuf_8)
                  0.06    0.17    0.46 ^ clkbuf_4_12_0_clk/X (sky130_fd_sc_hd__clkbuf_8)
     7    0.03                           clknet_4_12_0_clk (net)
                  0.06    0.00    0.46 ^ _1176_/CLK (sky130_fd_sc_hd__dfrtp_4)
                  0.10    0.43    0.89 ^ _1176_/Q (sky130_fd_sc_hd__dfrtp_4)
     8    0.02                           u_addr_gen.addr[3] (net)
                  0.10    0.00    0.89 ^ _0975_/C (sky130_fd_sc_hd__or4b_4)
                  0.13    0.20    1.08 ^ _0975_/X (sky130_fd_sc_hd__or4b_4)
     4    0.04                           _0391_ (net)
                  0.13    0.00    1.09 ^ _1152_/A (sky130_fd_sc_hd__or2_1)
                  0.09    0.14    1.23 ^ _1152_/X (sky130_fd_sc_hd__or2_1)
     2    0.01                           _0504_ (net)
                  0.09    0.00    1.23 ^ _1155_/S (sky130_fd_sc_hd__mux2_1)
                  0.04    0.13    1.36 ^ _1155_/X (sky130_fd_sc_hd__mux2_1)
     1    0.00                           _0506_ (net)
                  0.04    0.00    1.36 ^ _1156_/A (sky130_fd_sc_hd__clkbuf_1)
                  0.04    0.07    1.43 ^ _1156_/X (sky130_fd_sc_hd__clkbuf_1)
     1    0.00                           _0100_ (net)
                  0.04    0.00    1.43 ^ _1266_/D (sky130_fd_sc_hd__dfxtp_1)
                                  1.43   data arrival time

                          0.00    0.00   clock clk (rise edge)
                          0.00    0.00   clock source latency
                  0.12    0.08    0.08 ^ clk (in)
     1    0.02                           clk (net)
                  0.12    0.00    0.08 ^ clkbuf_0_clk/A (sky130_fd_sc_hd__clkbuf_16)
                  0.14    0.24    0.32 ^ clkbuf_0_clk/X (sky130_fd_sc_hd__clkbuf_16)
    16    0.12                           clknet_0_clk (net)
                  0.14    0.00    0.33 ^ clkbuf_4_4_0_clk/A (sky130_fd_sc_hd__clkbuf_8)
                  0.06    0.18    0.51 ^ clkbuf_4_4_0_clk/X (sky130_fd_sc_hd__clkbuf_8)
     9    0.03                           clknet_4_4_0_clk (net)
                  0.06    0.00    0.51 ^ _1266_/CLK (sky130_fd_sc_hd__dfxtp_1)
                          0.25    0.76   clock uncertainty
                         -0.03    0.73   clock reconvergence pessimism
                         -0.03    0.70   library hold time
                                  0.70   data required time
-----------------------------------------------------------------------------
                                  0.70   data required time
                                 -1.43   data arrival time
-----------------------------------------------------------------------------
                                  0.73   slack (MET)


Startpoint: _1175_ (rising edge-triggered flip-flop clocked by clk)
Endpoint: _1310_ (rising edge-triggered flip-flop clocked by clk)
Path Group: clk
Path Type: min

Fanout     Cap    Slew   Delay    Time   Description
-----------------------------------------------------------------------------
                          0.00    0.00   clock clk (rise edge)
                          0.00    0.00   clock source latency
                  0.12    0.08    0.08 ^ clk (in)
     1    0.02                           clk (net)
                  0.12    0.00    0.08 ^ clkbuf_0_clk/A (sky130_fd_sc_hd__clkbuf_16)
                  0.14    0.22    0.29 ^ clkbuf_0_clk/X (sky130_fd_sc_hd__clkbuf_16)
    16    0.12                           clknet_0_clk (net)
                  0.14    0.00    0.30 ^ clkbuf_4_13_0_clk/A (sky130_fd_sc_hd__clkbuf_8)
                  0.06    0.17    0.46 ^ clkbuf_4_13_0_clk/X (sky130_fd_sc_hd__clkbuf_8)
     9    0.03                           clknet_4_13_0_clk (net)
                  0.06    0.00    0.46 ^ _1175_/CLK (sky130_fd_sc_hd__dfrtp_2)
                  0.13    0.40    0.87 ^ _1175_/Q (sky130_fd_sc_hd__dfrtp_2)
     8    0.03                           u_addr_gen.addr[2] (net)
                  0.13    0.00    0.87 ^ hold6/A (sky130_fd_sc_hd__dlygate4sd3_1)
                  0.06    0.54    1.41 ^ hold6/X (sky130_fd_sc_hd__dlygate4sd3_1)
     1    0.00                           net22 (net)
                  0.06    0.00    1.41 ^ _1310_/D (sky130_fd_sc_hd__dfrtp_4)
                                  1.41   data arrival time

                          0.00    0.00   clock clk (rise edge)
                          0.00    0.00   clock source latency
                  0.12    0.08    0.08 ^ clk (in)
     1    0.02                           clk (net)
                  0.12    0.00    0.08 ^ clkbuf_0_clk/A (sky130_fd_sc_hd__clkbuf_16)
                  0.14    0.24    0.32 ^ clkbuf_0_clk/X (sky130_fd_sc_hd__clkbuf_16)
    16    0.12                           clknet_0_clk (net)
                  0.14    0.00    0.33 ^ clkbuf_4_13_0_clk/A (sky130_fd_sc_hd__clkbuf_8)
                  0.06    0.18    0.51 ^ clkbuf_4_13_0_clk/X (sky130_fd_sc_hd__clkbuf_8)
     9    0.03                           clknet_4_13_0_clk (net)
                  0.06    0.00    0.51 ^ _1310_/CLK (sky130_fd_sc_hd__dfrtp_4)
                          0.25    0.76   clock uncertainty
                         -0.05    0.71   clock reconvergence pessimism
                         -0.04    0.68   library hold time
                                  0.68   data required time
-----------------------------------------------------------------------------
                                  0.68   data required time
                                 -1.41   data arrival time
-----------------------------------------------------------------------------
                                  0.73   slack (MET)


Startpoint: _1177_ (rising edge-triggered flip-flop clocked by clk)
Endpoint: _1191_ (rising edge-triggered flip-flop clocked by clk)
Path Group: clk
Path Type: min

Fanout     Cap    Slew   Delay    Time   Description
-----------------------------------------------------------------------------
                          0.00    0.00   clock clk (rise edge)
                          0.00    0.00   clock source latency
                  0.12    0.08    0.08 ^ clk (in)
     1    0.02                           clk (net)
                  0.12    0.00    0.08 ^ clkbuf_0_clk/A (sky130_fd_sc_hd__clkbuf_16)
                  0.14    0.22    0.29 ^ clkbuf_0_clk/X (sky130_fd_sc_hd__clkbuf_16)
    16    0.12                           clknet_0_clk (net)
                  0.14    0.00    0.30 ^ clkbuf_4_15_0_clk/A (sky130_fd_sc_hd__clkbuf_8)
                  0.05    0.16    0.45 ^ clkbuf_4_15_0_clk/X (sky130_fd_sc_hd__clkbuf_8)
     6    0.02                           clknet_4_15_0_clk (net)
                  0.05    0.00    0.45 ^ _1177_/CLK (sky130_fd_sc_hd__dfrtp_4)
                  0.11    0.51    0.97 v _1177_/Q (sky130_fd_sc_hd__dfrtp_4)
     8    0.04                           u_addr_gen.addr[4] (net)
                  0.11    0.00    0.97 v _0869_/A (sky130_fd_sc_hd__nand3_4)
                  0.09    0.12    1.08 ^ _0869_/Y (sky130_fd_sc_hd__nand3_4)
     8    0.03                           _0314_ (net)
                  0.09    0.00    1.09 ^ _0947_/A (sky130_fd_sc_hd__nor2_1)
                  0.05    0.07    1.16 v _0947_/Y (sky130_fd_sc_hd__nor2_1)
     2    0.01                           _0373_ (net)
                  0.05    0.00    1.16 v _0948_/S (sky130_fd_sc_hd__mux2_1)
                  0.06    0.20    1.36 ^ _0948_/X (sky130_fd_sc_hd__mux2_1)
     1    0.01                           _0374_ (net)
                  0.06    0.00    1.36 ^ _0949_/A (sky130_fd_sc_hd__clkbuf_1)
                  0.05    0.08    1.44 ^ _0949_/X (sky130_fd_sc_hd__clkbuf_1)
     1    0.00                           _0025_ (net)
                  0.05    0.00    1.44 ^ _1191_/D (sky130_fd_sc_hd__dfxtp_1)
                                  1.44   data arrival time

                          0.00    0.00   clock clk (rise edge)
                          0.00    0.00   clock source latency
                  0.12    0.08    0.08 ^ clk (in)
     1    0.02                           clk (net)
                  0.12    0.00    0.08 ^ clkbuf_0_clk/A (sky130_fd_sc_hd__clkbuf_16)
                  0.14    0.24    0.32 ^ clkbuf_0_clk/X (sky130_fd_sc_hd__clkbuf_16)
    16    0.12                           clknet_0_clk (net)
                  0.14    0.00    0.33 ^ clkbuf_4_3_0_clk/A (sky130_fd_sc_hd__clkbuf_8)
                  0.07    0.19    0.52 ^ clkbuf_4_3_0_clk/X (sky130_fd_sc_hd__clkbuf_8)
     9    0.03                           clknet_4_3_0_clk (net)
                  0.07    0.00    0.52 ^ _1191_/CLK (sky130_fd_sc_hd__dfxtp_1)
                          0.25    0.77   clock uncertainty
                         -0.03    0.74   clock reconvergence pessimism
                         -0.03    0.71   library hold time
                                  0.71   data required time
-----------------------------------------------------------------------------
                                  0.71   data required time
                                 -1.44   data arrival time
-----------------------------------------------------------------------------
                                  0.73   slack (MET)


Startpoint: _1176_ (rising edge-triggered flip-flop clocked by clk)
Endpoint: _1265_ (rising edge-triggered flip-flop clocked by clk)
Path Group: clk
Path Type: min

Fanout     Cap    Slew   Delay    Time   Description
-----------------------------------------------------------------------------
                          0.00    0.00   clock clk (rise edge)
                          0.00    0.00   clock source latency
                  0.12    0.08    0.08 ^ clk (in)
     1    0.02                           clk (net)
                  0.12    0.00    0.08 ^ clkbuf_0_clk/A (sky130_fd_sc_hd__clkbuf_16)
                  0.14    0.22    0.29 ^ clkbuf_0_clk/X (sky130_fd_sc_hd__clkbuf_16)
    16    0.12                           clknet_0_clk (net)
                  0.14    0.00    0.30 ^ clkbuf_4_12_0_clk/A (sky130_fd_sc_hd__clkbuf_8)
                  0.06    0.17    0.46 ^ clkbuf_4_12_0_clk/X (sky130_fd_sc_hd__clkbuf_8)
     7    0.03                           clknet_4_12_0_clk (net)
                  0.06    0.00    0.46 ^ _1176_/CLK (sky130_fd_sc_hd__dfrtp_4)
                  0.10    0.43    0.89 ^ _1176_/Q (sky130_fd_sc_hd__dfrtp_4)
     8    0.02                           u_addr_gen.addr[3] (net)
                  0.10    0.00    0.89 ^ _0975_/C (sky130_fd_sc_hd__or4b_4)
                  0.13    0.20    1.08 ^ _0975_/X (sky130_fd_sc_hd__or4b_4)
     4    0.04                           _0391_ (net)
                  0.13    0.00    1.09 ^ _1152_/A (sky130_fd_sc_hd__or2_1)
                  0.09    0.14    1.23 ^ _1152_/X (sky130_fd_sc_hd__or2_1)
     2    0.01                           _0504_ (net)
                  0.09    0.00    1.23 ^ _1153_/S (sky130_fd_sc_hd__mux2_1)
                  0.05    0.13    1.36 ^ _1153_/X (sky130_fd_sc_hd__mux2_1)
     1    0.00                           _0505_ (net)
                  0.05    0.00    1.36 ^ _1154_/A (sky130_fd_sc_hd__clkbuf_1)
                  0.04    0.07    1.44 ^ _1154_/X (sky130_fd_sc_hd__clkbuf_1)
     1    0.00                           _0099_ (net)
                  0.04    0.00    1.44 ^ _1265_/D (sky130_fd_sc_hd__dfxtp_1)
                                  1.44   data arrival time

                          0.00    0.00   clock clk (rise edge)
                          0.00    0.00   clock source latency
                  0.12    0.08    0.08 ^ clk (in)
     1    0.02                           clk (net)
                  0.12    0.00    0.08 ^ clkbuf_0_clk/A (sky130_fd_sc_hd__clkbuf_16)
                  0.14    0.24    0.32 ^ clkbuf_0_clk/X (sky130_fd_sc_hd__clkbuf_16)
    16    0.12                           clknet_0_clk (net)
                  0.14    0.00    0.33 ^ clkbuf_4_4_0_clk/A (sky130_fd_sc_hd__clkbuf_8)
                  0.06    0.18    0.51 ^ clkbuf_4_4_0_clk/X (sky130_fd_sc_hd__clkbuf_8)
     9    0.03                           clknet_4_4_0_clk (net)
                  0.06    0.00    0.51 ^ _1265_/CLK (sky130_fd_sc_hd__dfxtp_1)
                          0.25    0.76   clock uncertainty
                         -0.03    0.73   clock reconvergence pessimism
                         -0.03    0.70   library hold time
                                  0.70   data required time
-----------------------------------------------------------------------------
                                  0.70   data required time
                                 -1.44   data arrival time
-----------------------------------------------------------------------------
                                  0.73   slack (MET)


Startpoint: _1177_ (rising edge-triggered flip-flop clocked by clk)
Endpoint: _1256_ (rising edge-triggered flip-flop clocked by clk)
Path Group: clk
Path Type: min

Fanout     Cap    Slew   Delay    Time   Description
-----------------------------------------------------------------------------
                          0.00    0.00   clock clk (rise edge)
                          0.00    0.00   clock source latency
                  0.12    0.08    0.08 ^ clk (in)
     1    0.02                           clk (net)
                  0.12    0.00    0.08 ^ clkbuf_0_clk/A (sky130_fd_sc_hd__clkbuf_16)
                  0.14    0.22    0.29 ^ clkbuf_0_clk/X (sky130_fd_sc_hd__clkbuf_16)
    16    0.12                           clknet_0_clk (net)
                  0.14    0.00    0.30 ^ clkbuf_4_15_0_clk/A (sky130_fd_sc_hd__clkbuf_8)
                  0.05    0.16    0.45 ^ clkbuf_4_15_0_clk/X (sky130_fd_sc_hd__clkbuf_8)
     6    0.02                           clknet_4_15_0_clk (net)
                  0.05    0.00    0.45 ^ _1177_/CLK (sky130_fd_sc_hd__dfrtp_4)
                  0.11    0.51    0.97 v _1177_/Q (sky130_fd_sc_hd__dfrtp_4)
     8    0.04                           u_addr_gen.addr[4] (net)
                  0.11    0.00    0.97 v _1092_/C (sky130_fd_sc_hd__nand3b_4)
                  0.11    0.14    1.11 ^ _1092_/Y (sky130_fd_sc_hd__nand3b_4)
     8    0.03                           _0466_ (net)
                  0.11    0.00    1.11 ^ _1125_/B (sky130_fd_sc_hd__nor2_1)
                  0.06    0.08    1.19 v _1125_/Y (sky130_fd_sc_hd__nor2_1)
     2    0.01                           _0487_ (net)
                  0.06    0.00    1.19 v _1128_/S (sky130_fd_sc_hd__mux2_1)
                  0.04    0.18    1.38 ^ _1128_/X (sky130_fd_sc_hd__mux2_1)
     1    0.00                           _0489_ (net)
                  0.04    0.00    1.38 ^ _1129_/A (sky130_fd_sc_hd__clkbuf_1)
                  0.04    0.07    1.45 ^ _1129_/X (sky130_fd_sc_hd__clkbuf_1)
     1    0.00                           _0090_ (net)
                  0.04    0.00    1.45 ^ _1256_/D (sky130_fd_sc_hd__dfxtp_1)
                                  1.45   data arrival time

                          0.00    0.00   clock clk (rise edge)
                          0.00    0.00   clock source latency
                  0.12    0.08    0.08 ^ clk (in)
     1    0.02                           clk (net)
                  0.12    0.00    0.08 ^ clkbuf_0_clk/A (sky130_fd_sc_hd__clkbuf_16)
                  0.14    0.24    0.32 ^ clkbuf_0_clk/X (sky130_fd_sc_hd__clkbuf_16)
    16    0.12                           clknet_0_clk (net)
                  0.14    0.00    0.33 ^ clkbuf_4_6_0_clk/A (sky130_fd_sc_hd__clkbuf_8)
                  0.08    0.19    0.52 ^ clkbuf_4_6_0_clk/X (sky130_fd_sc_hd__clkbuf_8)
    10    0.04                           clknet_4_6_0_clk (net)
                  0.08    0.00    0.52 ^ _1256_/CLK (sky130_fd_sc_hd__dfxtp_1)
                          0.25    0.77   clock uncertainty
                         -0.03    0.74   clock reconvergence pessimism
                         -0.03    0.72   library hold time
                                  0.72   data required time
-----------------------------------------------------------------------------
                                  0.72   data required time
                                 -1.45   data arrival time
-----------------------------------------------------------------------------
                                  0.73   slack (MET)


Startpoint: _1177_ (rising edge-triggered flip-flop clocked by clk)
Endpoint: _1182_ (rising edge-triggered flip-flop clocked by clk)
Path Group: clk
Path Type: min

Fanout     Cap    Slew   Delay    Time   Description
-----------------------------------------------------------------------------
                          0.00    0.00   clock clk (rise edge)
                          0.00    0.00   clock source latency
                  0.12    0.08    0.08 ^ clk (in)
     1    0.02                           clk (net)
                  0.12    0.00    0.08 ^ clkbuf_0_clk/A (sky130_fd_sc_hd__clkbuf_16)
                  0.14    0.22    0.29 ^ clkbuf_0_clk/X (sky130_fd_sc_hd__clkbuf_16)
    16    0.12                           clknet_0_clk (net)
                  0.14    0.00    0.30 ^ clkbuf_4_15_0_clk/A (sky130_fd_sc_hd__clkbuf_8)
                  0.05    0.16    0.45 ^ clkbuf_4_15_0_clk/X (sky130_fd_sc_hd__clkbuf_8)
     6    0.02                           clknet_4_15_0_clk (net)
                  0.05    0.00    0.45 ^ _1177_/CLK (sky130_fd_sc_hd__dfrtp_4)
                  0.11    0.51    0.97 v _1177_/Q (sky130_fd_sc_hd__dfrtp_4)
     8    0.04                           u_addr_gen.addr[4] (net)
                  0.11    0.00    0.97 v _0869_/A (sky130_fd_sc_hd__nand3_4)
                  0.09    0.12    1.08 ^ _0869_/Y (sky130_fd_sc_hd__nand3_4)
     8    0.03                           _0314_ (net)
                  0.09    0.00    1.09 ^ _0912_/A (sky130_fd_sc_hd__or2_1)
                  0.13    0.16    1.25 ^ _0912_/X (sky130_fd_sc_hd__or2_1)
     2    0.01                           _0348_ (net)
                  0.13    0.00    1.25 ^ _0917_/S (sky130_fd_sc_hd__mux2_1)
                  0.04    0.14    1.39 ^ _0917_/X (sky130_fd_sc_hd__mux2_1)
     1    0.00                           _0352_ (net)
                  0.04    0.00    1.39 ^ _0918_/A (sky130_fd_sc_hd__clkbuf_1)
                  0.04    0.07    1.47 ^ _0918_/X (sky130_fd_sc_hd__clkbuf_1)
     1    0.00                           _0016_ (net)
                  0.04    0.00    1.47 ^ _1182_/D (sky130_fd_sc_hd__dfxtp_1)
                                  1.47   data arrival time

                          0.00    0.00   clock clk (rise edge)
                          0.00    0.00   clock source latency
                  0.12    0.08    0.08 ^ clk (in)
     1    0.02                           clk (net)
                  0.12    0.00    0.08 ^ clkbuf_0_clk/A (sky130_fd_sc_hd__clkbuf_16)
                  0.14    0.24    0.32 ^ clkbuf_0_clk/X (sky130_fd_sc_hd__clkbuf_16)
    16    0.12                           clknet_0_clk (net)
                  0.14    0.00    0.33 ^ clkbuf_4_10_0_clk/A (sky130_fd_sc_hd__clkbuf_8)
                  0.09    0.21    0.53 ^ clkbuf_4_10_0_clk/X (sky130_fd_sc_hd__clkbuf_8)
    15    0.04                           clknet_4_10_0_clk (net)
                  0.09    0.00    0.54 ^ _1182_/CLK (sky130_fd_sc_hd__dfxtp_1)
                          0.25    0.79   clock uncertainty
                         -0.03    0.75   clock reconvergence pessimism
                         -0.02    0.73   library hold time
                                  0.73   data required time
-----------------------------------------------------------------------------
                                  0.73   data required time
                                 -1.47   data arrival time
-----------------------------------------------------------------------------
                                  0.74   slack (MET)


Startpoint: _1177_ (rising edge-triggered flip-flop clocked by clk)
Endpoint: _1183_ (rising edge-triggered flip-flop clocked by clk)
Path Group: clk
Path Type: min

Fanout     Cap    Slew   Delay    Time   Description
-----------------------------------------------------------------------------
                          0.00    0.00   clock clk (rise edge)
                          0.00    0.00   clock source latency
                  0.12    0.08    0.08 ^ clk (in)
     1    0.02                           clk (net)
                  0.12    0.00    0.08 ^ clkbuf_0_clk/A (sky130_fd_sc_hd__clkbuf_16)
                  0.14    0.22    0.29 ^ clkbuf_0_clk/X (sky130_fd_sc_hd__clkbuf_16)
    16    0.12                           clknet_0_clk (net)
                  0.14    0.00    0.30 ^ clkbuf_4_15_0_clk/A (sky130_fd_sc_hd__clkbuf_8)
                  0.05    0.16    0.45 ^ clkbuf_4_15_0_clk/X (sky130_fd_sc_hd__clkbuf_8)
     6    0.02                           clknet_4_15_0_clk (net)
                  0.05    0.00    0.45 ^ _1177_/CLK (sky130_fd_sc_hd__dfrtp_4)
                  0.11    0.51    0.97 v _1177_/Q (sky130_fd_sc_hd__dfrtp_4)
     8    0.04                           u_addr_gen.addr[4] (net)
                  0.11    0.00    0.97 v _0869_/A (sky130_fd_sc_hd__nand3_4)
                  0.09    0.12    1.08 ^ _0869_/Y (sky130_fd_sc_hd__nand3_4)
     8    0.03                           _0314_ (net)
                  0.09    0.00    1.09 ^ _0920_/A (sky130_fd_sc_hd__or2_1)
                  0.10    0.14    1.23 ^ _0920_/X (sky130_fd_sc_hd__or2_1)
     2    0.01                           _0354_ (net)
                  0.10    0.00    1.23 ^ _0921_/S (sky130_fd_sc_hd__mux2_1)
                  0.05    0.14    1.36 ^ _0921_/X (sky130_fd_sc_hd__mux2_1)
     1    0.00                           _0355_ (net)
                  0.05    0.00    1.36 ^ _0922_/A (sky130_fd_sc_hd__clkbuf_1)
                  0.05    0.08    1.44 ^ _0922_/X (sky130_fd_sc_hd__clkbuf_1)
     1    0.00                           _0017_ (net)
                  0.05    0.00    1.44 ^ _1183_/D (sky130_fd_sc_hd__dfxtp_1)
                                  1.44   data arrival time

                          0.00    0.00   clock clk (rise edge)
                          0.00    0.00   clock source latency
                  0.12    0.08    0.08 ^ clk (in)
     1    0.02                           clk (net)
                  0.12    0.00    0.08 ^ clkbuf_0_clk/A (sky130_fd_sc_hd__clkbuf_16)
                  0.14    0.24    0.32 ^ clkbuf_0_clk/X (sky130_fd_sc_hd__clkbuf_16)
    16    0.12                           clknet_0_clk (net)
                  0.14    0.00    0.33 ^ clkbuf_4_9_0_clk/A (sky130_fd_sc_hd__clkbuf_8)
                  0.07    0.19    0.51 ^ clkbuf_4_9_0_clk/X (sky130_fd_sc_hd__clkbuf_8)
     8    0.03                           clknet_4_9_0_clk (net)
                  0.07    0.00    0.52 ^ _1183_/CLK (sky130_fd_sc_hd__dfxtp_1)
                          0.25    0.77   clock uncertainty
                         -0.03    0.73   clock reconvergence pessimism
                         -0.03    0.71   library hold time
                                  0.71   data required time
-----------------------------------------------------------------------------
                                  0.71   data required time
                                 -1.44   data arrival time
-----------------------------------------------------------------------------
                                  0.74   slack (MET)


Startpoint: _1176_ (rising edge-triggered flip-flop clocked by clk)
Endpoint: _1273_ (rising edge-triggered flip-flop clocked by clk)
Path Group: clk
Path Type: min

Fanout     Cap    Slew   Delay    Time   Description
-----------------------------------------------------------------------------
                          0.00    0.00   clock clk (rise edge)
                          0.00    0.00   clock source latency
                  0.12    0.08    0.08 ^ clk (in)
     1    0.02                           clk (net)
                  0.12    0.00    0.08 ^ clkbuf_0_clk/A (sky130_fd_sc_hd__clkbuf_16)
                  0.14    0.22    0.29 ^ clkbuf_0_clk/X (sky130_fd_sc_hd__clkbuf_16)
    16    0.12                           clknet_0_clk (net)
                  0.14    0.00    0.30 ^ clkbuf_4_12_0_clk/A (sky130_fd_sc_hd__clkbuf_8)
                  0.06    0.17    0.46 ^ clkbuf_4_12_0_clk/X (sky130_fd_sc_hd__clkbuf_8)
     7    0.03                           clknet_4_12_0_clk (net)
                  0.06    0.00    0.46 ^ _1176_/CLK (sky130_fd_sc_hd__dfrtp_4)
                  0.10    0.43    0.89 ^ _1176_/Q (sky130_fd_sc_hd__dfrtp_4)
     8    0.02                           u_addr_gen.addr[3] (net)
                  0.10    0.00    0.89 ^ _0999_/C (sky130_fd_sc_hd__or4_2)
                  0.12    0.19    1.08 ^ _0999_/X (sky130_fd_sc_hd__or4_2)
     4    0.02                           _0407_ (net)
                  0.12    0.00    1.08 ^ _0585_/A (sky130_fd_sc_hd__or2_1)
                  0.10    0.15    1.23 ^ _0585_/X (sky130_fd_sc_hd__or2_1)
     2    0.01                           _0516_ (net)
                  0.10    0.00    1.23 ^ _0586_/S (sky130_fd_sc_hd__mux2_1)
                  0.04    0.13    1.36 ^ _0586_/X (sky130_fd_sc_hd__mux2_1)
     1    0.00                           _0517_ (net)
                  0.04    0.00    1.36 ^ _0587_/A (sky130_fd_sc_hd__clkbuf_1)
                  0.05    0.08    1.44 ^ _0587_/X (sky130_fd_sc_hd__clkbuf_1)
     1    0.00                           _0107_ (net)
                  0.05    0.00    1.44 ^ _1273_/D (sky130_fd_sc_hd__dfxtp_1)
                                  1.44   data arrival time

                          0.00    0.00   clock clk (rise edge)
                          0.00    0.00   clock source latency
                  0.12    0.08    0.08 ^ clk (in)
     1    0.02                           clk (net)
                  0.12    0.00    0.08 ^ clkbuf_0_clk/A (sky130_fd_sc_hd__clkbuf_16)
                  0.14    0.24    0.32 ^ clkbuf_0_clk/X (sky130_fd_sc_hd__clkbuf_16)
    16    0.12                           clknet_0_clk (net)
                  0.14    0.00    0.33 ^ clkbuf_4_14_0_clk/A (sky130_fd_sc_hd__clkbuf_8)
                  0.06    0.18    0.51 ^ clkbuf_4_14_0_clk/X (sky130_fd_sc_hd__clkbuf_8)
     8    0.03                           clknet_4_14_0_clk (net)
                  0.06    0.00    0.51 ^ _1273_/CLK (sky130_fd_sc_hd__dfxtp_1)
                          0.25    0.76   clock uncertainty
                         -0.03    0.73   clock reconvergence pessimism
                         -0.03    0.70   library hold time
                                  0.70   data required time
-----------------------------------------------------------------------------
                                  0.70   data required time
                                 -1.44   data arrival time
-----------------------------------------------------------------------------
                                  0.74   slack (MET)


Startpoint: _1176_ (rising edge-triggered flip-flop clocked by clk)
Endpoint: _1201_ (rising edge-triggered flip-flop clocked by clk)
Path Group: clk
Path Type: min

Fanout     Cap    Slew   Delay    Time   Description
-----------------------------------------------------------------------------
                          0.00    0.00   clock clk (rise edge)
                          0.00    0.00   clock source latency
                  0.12    0.08    0.08 ^ clk (in)
     1    0.02                           clk (net)
                  0.12    0.00    0.08 ^ clkbuf_0_clk/A (sky130_fd_sc_hd__clkbuf_16)
                  0.14    0.22    0.29 ^ clkbuf_0_clk/X (sky130_fd_sc_hd__clkbuf_16)
    16    0.12                           clknet_0_clk (net)
                  0.14    0.00    0.30 ^ clkbuf_4_12_0_clk/A (sky130_fd_sc_hd__clkbuf_8)
                  0.06    0.17    0.46 ^ clkbuf_4_12_0_clk/X (sky130_fd_sc_hd__clkbuf_8)
     7    0.03                           clknet_4_12_0_clk (net)
                  0.06    0.00    0.46 ^ _1176_/CLK (sky130_fd_sc_hd__dfrtp_4)
                  0.10    0.43    0.89 ^ _1176_/Q (sky130_fd_sc_hd__dfrtp_4)
     8    0.02                           u_addr_gen.addr[3] (net)
                  0.10    0.00    0.89 ^ _0975_/C (sky130_fd_sc_hd__or4b_4)
                  0.13    0.20    1.08 ^ _0975_/X (sky130_fd_sc_hd__or4b_4)
     4    0.04                           _0391_ (net)
                  0.13    0.00    1.09 ^ _0976_/B (sky130_fd_sc_hd__or2_1)
                  0.10    0.15    1.23 ^ _0976_/X (sky130_fd_sc_hd__or2_1)
     2    0.01                           _0392_ (net)
                  0.10    0.00    1.23 ^ _0977_/S (sky130_fd_sc_hd__mux2_1)
                  0.05    0.14    1.37 ^ _0977_/X (sky130_fd_sc_hd__mux2_1)
     1    0.00                           _0393_ (net)
                  0.05    0.00    1.37 ^ _0978_/A (sky130_fd_sc_hd__clkbuf_1)
                  0.04    0.08    1.44 ^ _0978_/X (sky130_fd_sc_hd__clkbuf_1)
     1    0.00                           _0035_ (net)
                  0.04    0.00    1.44 ^ _1201_/D (sky130_fd_sc_hd__dfxtp_1)
                                  1.44   data arrival time

                          0.00    0.00   clock clk (rise edge)
                          0.00    0.00   clock source latency
                  0.12    0.08    0.08 ^ clk (in)
     1    0.02                           clk (net)
                  0.12    0.00    0.08 ^ clkbuf_0_clk/A (sky130_fd_sc_hd__clkbuf_16)
                  0.14    0.24    0.32 ^ clkbuf_0_clk/X (sky130_fd_sc_hd__clkbuf_16)
    16    0.12                           clknet_0_clk (net)
                  0.14    0.00    0.33 ^ clkbuf_4_9_0_clk/A (sky130_fd_sc_hd__clkbuf_8)
                  0.07    0.19    0.51 ^ clkbuf_4_9_0_clk/X (sky130_fd_sc_hd__clkbuf_8)
     8    0.03                           clknet_4_9_0_clk (net)
                  0.07    0.00    0.52 ^ _1201_/CLK (sky130_fd_sc_hd__dfxtp_1)
                          0.25    0.77   clock uncertainty
                         -0.03    0.73   clock reconvergence pessimism
                         -0.03    0.71   library hold time
                                  0.71   data required time
-----------------------------------------------------------------------------
                                  0.71   data required time
                                 -1.44   data arrival time
-----------------------------------------------------------------------------
                                  0.74   slack (MET)


Startpoint: _1176_ (rising edge-triggered flip-flop clocked by clk)
Endpoint: _1202_ (rising edge-triggered flip-flop clocked by clk)
Path Group: clk
Path Type: min

Fanout     Cap    Slew   Delay    Time   Description
-----------------------------------------------------------------------------
                          0.00    0.00   clock clk (rise edge)
                          0.00    0.00   clock source latency
                  0.12    0.08    0.08 ^ clk (in)
     1    0.02                           clk (net)
                  0.12    0.00    0.08 ^ clkbuf_0_clk/A (sky130_fd_sc_hd__clkbuf_16)
                  0.14    0.22    0.29 ^ clkbuf_0_clk/X (sky130_fd_sc_hd__clkbuf_16)
    16    0.12                           clknet_0_clk (net)
                  0.14    0.00    0.30 ^ clkbuf_4_12_0_clk/A (sky130_fd_sc_hd__clkbuf_8)
                  0.06    0.17    0.46 ^ clkbuf_4_12_0_clk/X (sky130_fd_sc_hd__clkbuf_8)
     7    0.03                           clknet_4_12_0_clk (net)
                  0.06    0.00    0.46 ^ _1176_/CLK (sky130_fd_sc_hd__dfrtp_4)
                  0.10    0.43    0.89 ^ _1176_/Q (sky130_fd_sc_hd__dfrtp_4)
     8    0.02                           u_addr_gen.addr[3] (net)
                  0.10    0.00    0.89 ^ _0975_/C (sky130_fd_sc_hd__or4b_4)
                  0.13    0.20    1.08 ^ _0975_/X (sky130_fd_sc_hd__or4b_4)
     4    0.04                           _0391_ (net)
                  0.13    0.00    1.09 ^ _0976_/B (sky130_fd_sc_hd__or2_1)
                  0.10    0.15    1.23 ^ _0976_/X (sky130_fd_sc_hd__or2_1)
     2    0.01                           _0392_ (net)
                  0.10    0.00    1.23 ^ _0979_/S (sky130_fd_sc_hd__mux2_1)
                  0.05    0.14    1.37 ^ _0979_/X (sky130_fd_sc_hd__mux2_1)
     1    0.00                           _0394_ (net)
                  0.05    0.00    1.37 ^ _0980_/A (sky130_fd_sc_hd__clkbuf_1)
                  0.04    0.08    1.45 ^ _0980_/X (sky130_fd_sc_hd__clkbuf_1)
     1    0.00                           _0036_ (net)
                  0.04    0.00    1.45 ^ _1202_/D (sky130_fd_sc_hd__dfxtp_1)
                                  1.45   data arrival time

                          0.00    0.00   clock clk (rise edge)
                          0.00    0.00   clock source latency
                  0.12    0.08    0.08 ^ clk (in)
     1    0.02                           clk (net)
                  0.12    0.00    0.08 ^ clkbuf_0_clk/A (sky130_fd_sc_hd__clkbuf_16)
                  0.14    0.24    0.32 ^ clkbuf_0_clk/X (sky130_fd_sc_hd__clkbuf_16)
    16    0.12                           clknet_0_clk (net)
                  0.14    0.00    0.33 ^ clkbuf_4_9_0_clk/A (sky130_fd_sc_hd__clkbuf_8)
                  0.07    0.19    0.51 ^ clkbuf_4_9_0_clk/X (sky130_fd_sc_hd__clkbuf_8)
     8    0.03                           clknet_4_9_0_clk (net)
                  0.07    0.00    0.52 ^ _1202_/CLK (sky130_fd_sc_hd__dfxtp_1)
                          0.25    0.77   clock uncertainty
                         -0.03    0.73   clock reconvergence pessimism
                         -0.03    0.71   library hold time
                                  0.71   data required time
-----------------------------------------------------------------------------
                                  0.71   data required time
                                 -1.45   data arrival time
-----------------------------------------------------------------------------
                                  0.74   slack (MET)


Startpoint: _1177_ (rising edge-triggered flip-flop clocked by clk)
Endpoint: _1253_ (rising edge-triggered flip-flop clocked by clk)
Path Group: clk
Path Type: min

Fanout     Cap    Slew   Delay    Time   Description
-----------------------------------------------------------------------------
                          0.00    0.00   clock clk (rise edge)
                          0.00    0.00   clock source latency
                  0.12    0.08    0.08 ^ clk (in)
     1    0.02                           clk (net)
                  0.12    0.00    0.08 ^ clkbuf_0_clk/A (sky130_fd_sc_hd__clkbuf_16)
                  0.14    0.22    0.29 ^ clkbuf_0_clk/X (sky130_fd_sc_hd__clkbuf_16)
    16    0.12                           clknet_0_clk (net)
                  0.14    0.00    0.30 ^ clkbuf_4_15_0_clk/A (sky130_fd_sc_hd__clkbuf_8)
                  0.05    0.16    0.45 ^ clkbuf_4_15_0_clk/X (sky130_fd_sc_hd__clkbuf_8)
     6    0.02                           clknet_4_15_0_clk (net)
                  0.05    0.00    0.45 ^ _1177_/CLK (sky130_fd_sc_hd__dfrtp_4)
                  0.11    0.51    0.97 v _1177_/Q (sky130_fd_sc_hd__dfrtp_4)
     8    0.04                           u_addr_gen.addr[4] (net)
                  0.11    0.00    0.97 v _1092_/C (sky130_fd_sc_hd__nand3b_4)
                  0.11    0.14    1.11 ^ _1092_/Y (sky130_fd_sc_hd__nand3b_4)
     8    0.03                           _0466_ (net)
                  0.11    0.00    1.11 ^ _1120_/B (sky130_fd_sc_hd__nor2_1)
                  0.05    0.08    1.19 v _1120_/Y (sky130_fd_sc_hd__nor2_1)
     2    0.01                           _0484_ (net)
                  0.05    0.00    1.19 v _1121_/S (sky130_fd_sc_hd__mux2_1)
                  0.04    0.18    1.37 ^ _1121_/X (sky130_fd_sc_hd__mux2_1)
     1    0.00                           _0485_ (net)
                  0.04    0.00    1.37 ^ _1122_/A (sky130_fd_sc_hd__clkbuf_1)
                  0.05    0.08    1.45 ^ _1122_/X (sky130_fd_sc_hd__clkbuf_1)
     1    0.00                           _0087_ (net)
                  0.05    0.00    1.45 ^ _1253_/D (sky130_fd_sc_hd__dfxtp_1)
                                  1.45   data arrival time

                          0.00    0.00   clock clk (rise edge)
                          0.00    0.00   clock source latency
                  0.12    0.08    0.08 ^ clk (in)
     1    0.02                           clk (net)
                  0.12    0.00    0.08 ^ clkbuf_0_clk/A (sky130_fd_sc_hd__clkbuf_16)
                  0.14    0.24    0.32 ^ clkbuf_0_clk/X (sky130_fd_sc_hd__clkbuf_16)
    16    0.12                           clknet_0_clk (net)
                  0.14    0.00    0.33 ^ clkbuf_4_5_0_clk/A (sky130_fd_sc_hd__clkbuf_8)
                  0.07    0.19    0.52 ^ clkbuf_4_5_0_clk/X (sky130_fd_sc_hd__clkbuf_8)
    11    0.03                           clknet_4_5_0_clk (net)
                  0.07    0.00    0.52 ^ _1253_/CLK (sky130_fd_sc_hd__dfxtp_1)
                          0.25    0.77   clock uncertainty
                         -0.03    0.74   clock reconvergence pessimism
                         -0.03    0.71   library hold time
                                  0.71   data required time
-----------------------------------------------------------------------------
                                  0.71   data required time
                                 -1.45   data arrival time
-----------------------------------------------------------------------------
                                  0.74   slack (MET)


Startpoint: _1321_ (rising edge-triggered flip-flop clocked by clk)
Endpoint: _1322_ (rising edge-triggered flip-flop clocked by clk)
Path Group: clk
Path Type: min

Fanout     Cap    Slew   Delay    Time   Description
-----------------------------------------------------------------------------
                          0.00    0.00   clock clk (rise edge)
                          0.00    0.00   clock source latency
                  0.12    0.08    0.08 ^ clk (in)
     1    0.02                           clk (net)
                  0.12    0.00    0.08 ^ clkbuf_0_clk/A (sky130_fd_sc_hd__clkbuf_16)
                  0.14    0.22    0.29 ^ clkbuf_0_clk/X (sky130_fd_sc_hd__clkbuf_16)
    16    0.12                           clknet_0_clk (net)
                  0.14    0.00    0.30 ^ clkbuf_4_10_0_clk/A (sky130_fd_sc_hd__clkbuf_8)
                  0.09    0.19    0.48 ^ clkbuf_4_10_0_clk/X (sky130_fd_sc_hd__clkbuf_8)
    15    0.04                           clknet_4_10_0_clk (net)
                  0.09    0.00    0.49 ^ _1321_/CLK (sky130_fd_sc_hd__dfrtp_1)
                  0.06    0.33    0.81 ^ _1321_/Q (sky130_fd_sc_hd__dfrtp_1)
     2    0.01                           u_comparator.compare_done (net)
                  0.06    0.00    0.81 ^ _0681_/A1 (sky130_fd_sc_hd__a221o_1)
                  0.04    0.12    0.94 ^ _0681_/X (sky130_fd_sc_hd__a221o_1)
     1    0.00                           _0145_ (net)
                  0.04    0.00    0.94 ^ hold9/A (sky130_fd_sc_hd__dlygate4sd3_1)
                  0.06    0.51    1.45 ^ hold9/X (sky130_fd_sc_hd__dlygate4sd3_1)
     1    0.00                           net25 (net)
                  0.06    0.00    1.45 ^ _1322_/D (sky130_fd_sc_hd__dfrtp_1)
                                  1.45   data arrival time

                          0.00    0.00   clock clk (rise edge)
                          0.00    0.00   clock source latency
                  0.12    0.08    0.08 ^ clk (in)
     1    0.02                           clk (net)
                  0.12    0.00    0.08 ^ clkbuf_0_clk/A (sky130_fd_sc_hd__clkbuf_16)
                  0.14    0.24    0.32 ^ clkbuf_0_clk/X (sky130_fd_sc_hd__clkbuf_16)
    16    0.12                           clknet_0_clk (net)
                  0.14    0.00    0.33 ^ clkbuf_4_10_0_clk/A (sky130_fd_sc_hd__clkbuf_8)
                  0.09    0.21    0.53 ^ clkbuf_4_10_0_clk/X (sky130_fd_sc_hd__clkbuf_8)
    15    0.04                           clknet_4_10_0_clk (net)
                  0.09    0.00    0.54 ^ _1322_/CLK (sky130_fd_sc_hd__dfrtp_1)
                          0.25    0.79   clock uncertainty
                         -0.05    0.74   clock reconvergence pessimism
                         -0.03    0.70   library hold time
                                  0.70   data required time
-----------------------------------------------------------------------------
                                  0.70   data required time
                                 -1.45   data arrival time
-----------------------------------------------------------------------------
                                  0.74   slack (MET)


Startpoint: _1176_ (rising edge-triggered flip-flop clocked by clk)
Endpoint: _1311_ (rising edge-triggered flip-flop clocked by clk)
Path Group: clk
Path Type: min

Fanout     Cap    Slew   Delay    Time   Description
-----------------------------------------------------------------------------
                          0.00    0.00   clock clk (rise edge)
                          0.00    0.00   clock source latency
                  0.12    0.08    0.08 ^ clk (in)
     1    0.02                           clk (net)
                  0.12    0.00    0.08 ^ clkbuf_0_clk/A (sky130_fd_sc_hd__clkbuf_16)
                  0.14    0.22    0.29 ^ clkbuf_0_clk/X (sky130_fd_sc_hd__clkbuf_16)
    16    0.12                           clknet_0_clk (net)
                  0.14    0.00    0.30 ^ clkbuf_4_12_0_clk/A (sky130_fd_sc_hd__clkbuf_8)
                  0.06    0.17    0.46 ^ clkbuf_4_12_0_clk/X (sky130_fd_sc_hd__clkbuf_8)
     7    0.03                           clknet_4_12_0_clk (net)
                  0.06    0.00    0.46 ^ _1176_/CLK (sky130_fd_sc_hd__dfrtp_4)
                  0.10    0.43    0.89 ^ _1176_/Q (sky130_fd_sc_hd__dfrtp_4)
     8    0.02                           u_addr_gen.addr[3] (net)
                  0.10    0.00    0.89 ^ hold7/A (sky130_fd_sc_hd__dlygate4sd3_1)
                  0.06    0.53    1.42 ^ hold7/X (sky130_fd_sc_hd__dlygate4sd3_1)
     1    0.00                           net23 (net)
                  0.06    0.00    1.42 ^ _1311_/D (sky130_fd_sc_hd__dfrtp_4)
                                  1.42   data arrival time

                          0.00    0.00   clock clk (rise edge)
                          0.00    0.00   clock source latency
                  0.12    0.08    0.08 ^ clk (in)
     1    0.02                           clk (net)
                  0.12    0.00    0.08 ^ clkbuf_0_clk/A (sky130_fd_sc_hd__clkbuf_16)
                  0.14    0.24    0.32 ^ clkbuf_0_clk/X (sky130_fd_sc_hd__clkbuf_16)
    16    0.12                           clknet_0_clk (net)
                  0.14    0.00    0.33 ^ clkbuf_4_12_0_clk/A (sky130_fd_sc_hd__clkbuf_8)
                  0.06    0.18    0.51 ^ clkbuf_4_12_0_clk/X (sky130_fd_sc_hd__clkbuf_8)
     7    0.03                           clknet_4_12_0_clk (net)
                  0.06    0.00    0.51 ^ _1311_/CLK (sky130_fd_sc_hd__dfrtp_4)
                          0.25    0.76   clock uncertainty
                         -0.05    0.71   clock reconvergence pessimism
                         -0.04    0.68   library hold time
                                  0.68   data required time
-----------------------------------------------------------------------------
                                  0.68   data required time
                                 -1.42   data arrival time
-----------------------------------------------------------------------------
                                  0.74   slack (MET)


Startpoint: _1177_ (rising edge-triggered flip-flop clocked by clk)
Endpoint: _1186_ (rising edge-triggered flip-flop clocked by clk)
Path Group: clk
Path Type: min

Fanout     Cap    Slew   Delay    Time   Description
-----------------------------------------------------------------------------
                          0.00    0.00   clock clk (rise edge)
                          0.00    0.00   clock source latency
                  0.12    0.08    0.08 ^ clk (in)
     1    0.02                           clk (net)
                  0.12    0.00    0.08 ^ clkbuf_0_clk/A (sky130_fd_sc_hd__clkbuf_16)
                  0.14    0.22    0.29 ^ clkbuf_0_clk/X (sky130_fd_sc_hd__clkbuf_16)
    16    0.12                           clknet_0_clk (net)
                  0.14    0.00    0.30 ^ clkbuf_4_15_0_clk/A (sky130_fd_sc_hd__clkbuf_8)
                  0.05    0.16    0.45 ^ clkbuf_4_15_0_clk/X (sky130_fd_sc_hd__clkbuf_8)
     6    0.02                           clknet_4_15_0_clk (net)
                  0.05    0.00    0.45 ^ _1177_/CLK (sky130_fd_sc_hd__dfrtp_4)
                  0.11    0.51    0.97 v _1177_/Q (sky130_fd_sc_hd__dfrtp_4)
     8    0.04                           u_addr_gen.addr[4] (net)
                  0.11    0.00    0.97 v _0869_/A (sky130_fd_sc_hd__nand3_4)
                  0.09    0.12    1.08 ^ _0869_/Y (sky130_fd_sc_hd__nand3_4)
     8    0.03                           _0314_ (net)
                  0.09    0.00    1.09 ^ _0926_/A (sky130_fd_sc_hd__or2_1)
                  0.13    0.16    1.25 ^ _0926_/X (sky130_fd_sc_hd__or2_1)
     2    0.01                           _0358_ (net)
                  0.13    0.00    1.25 ^ _0929_/S (sky130_fd_sc_hd__mux2_1)
                  0.04    0.14    1.39 ^ _0929_/X (sky130_fd_sc_hd__mux2_1)
     1    0.00                           _0360_ (net)
                  0.04    0.00    1.39 ^ _0930_/A (sky130_fd_sc_hd__clkbuf_1)
                  0.04    0.07    1.47 ^ _0930_/X (sky130_fd_sc_hd__clkbuf_1)
     1    0.00                           _0020_ (net)
                  0.04    0.00    1.47 ^ _1186_/D (sky130_fd_sc_hd__dfxtp_1)
                                  1.47   data arrival time

                          0.00    0.00   clock clk (rise edge)
                          0.00    0.00   clock source latency
                  0.12    0.08    0.08 ^ clk (in)
     1    0.02                           clk (net)
                  0.12    0.00    0.08 ^ clkbuf_0_clk/A (sky130_fd_sc_hd__clkbuf_16)
                  0.14    0.24    0.32 ^ clkbuf_0_clk/X (sky130_fd_sc_hd__clkbuf_16)
    16    0.12                           clknet_0_clk (net)
                  0.14    0.00    0.33 ^ clkbuf_4_2_0_clk/A (sky130_fd_sc_hd__clkbuf_8)
                  0.08    0.20    0.53 ^ clkbuf_4_2_0_clk/X (sky130_fd_sc_hd__clkbuf_8)
    14    0.04                           clknet_4_2_0_clk (net)
                  0.08    0.00    0.53 ^ _1186_/CLK (sky130_fd_sc_hd__dfxtp_1)
                          0.25    0.78   clock uncertainty
                         -0.03    0.75   clock reconvergence pessimism
                         -0.03    0.72   library hold time
                                  0.72   data required time
-----------------------------------------------------------------------------
                                  0.72   data required time
                                 -1.47   data arrival time
-----------------------------------------------------------------------------
                                  0.74   slack (MET)


Startpoint: _1177_ (rising edge-triggered flip-flop clocked by clk)
Endpoint: _1250_ (rising edge-triggered flip-flop clocked by clk)
Path Group: clk
Path Type: min

Fanout     Cap    Slew   Delay    Time   Description
-----------------------------------------------------------------------------
                          0.00    0.00   clock clk (rise edge)
                          0.00    0.00   clock source latency
                  0.12    0.08    0.08 ^ clk (in)
     1    0.02                           clk (net)
                  0.12    0.00    0.08 ^ clkbuf_0_clk/A (sky130_fd_sc_hd__clkbuf_16)
                  0.14    0.22    0.29 ^ clkbuf_0_clk/X (sky130_fd_sc_hd__clkbuf_16)
    16    0.12                           clknet_0_clk (net)
                  0.14    0.00    0.30 ^ clkbuf_4_15_0_clk/A (sky130_fd_sc_hd__clkbuf_8)
                  0.05    0.16    0.45 ^ clkbuf_4_15_0_clk/X (sky130_fd_sc_hd__clkbuf_8)
     6    0.02                           clknet_4_15_0_clk (net)
                  0.05    0.00    0.45 ^ _1177_/CLK (sky130_fd_sc_hd__dfrtp_4)
                  0.11    0.51    0.97 v _1177_/Q (sky130_fd_sc_hd__dfrtp_4)
     8    0.04                           u_addr_gen.addr[4] (net)
                  0.11    0.00    0.97 v _1092_/C (sky130_fd_sc_hd__nand3b_4)
                  0.11    0.14    1.11 ^ _1092_/Y (sky130_fd_sc_hd__nand3b_4)
     8    0.03                           _0466_ (net)
                  0.11    0.00    1.11 ^ _1110_/B (sky130_fd_sc_hd__or2_1)
                  0.10    0.15    1.26 ^ _1110_/X (sky130_fd_sc_hd__or2_1)
     2    0.01                           _0478_ (net)
                  0.10    0.00    1.26 ^ _1113_/S (sky130_fd_sc_hd__mux2_1)
                  0.04    0.13    1.39 ^ _1113_/X (sky130_fd_sc_hd__mux2_1)
     1    0.00                           _0480_ (net)
                  0.04    0.00    1.39 ^ _1114_/A (sky130_fd_sc_hd__clkbuf_1)
                  0.04    0.07    1.46 ^ _1114_/X (sky130_fd_sc_hd__clkbuf_1)
     1    0.00                           _0084_ (net)
                  0.04    0.00    1.46 ^ _1250_/D (sky130_fd_sc_hd__dfxtp_1)
                                  1.46   data arrival time

                          0.00    0.00   clock clk (rise edge)
                          0.00    0.00   clock source latency
                  0.12    0.08    0.08 ^ clk (in)
     1    0.02                           clk (net)
                  0.12    0.00    0.08 ^ clkbuf_0_clk/A (sky130_fd_sc_hd__clkbuf_16)
                  0.14    0.24    0.32 ^ clkbuf_0_clk/X (sky130_fd_sc_hd__clkbuf_16)
    16    0.12                           clknet_0_clk (net)
                  0.14    0.00    0.33 ^ clkbuf_4_5_0_clk/A (sky130_fd_sc_hd__clkbuf_8)
                  0.07    0.19    0.52 ^ clkbuf_4_5_0_clk/X (sky130_fd_sc_hd__clkbuf_8)
    11    0.03                           clknet_4_5_0_clk (net)
                  0.07    0.00    0.52 ^ _1250_/CLK (sky130_fd_sc_hd__dfxtp_1)
                          0.25    0.77   clock uncertainty
                         -0.03    0.74   clock reconvergence pessimism
                         -0.03    0.71   library hold time
                                  0.71   data required time
-----------------------------------------------------------------------------
                                  0.71   data required time
                                 -1.46   data arrival time
-----------------------------------------------------------------------------
                                  0.75   slack (MET)


Startpoint: _1177_ (rising edge-triggered flip-flop clocked by clk)
Endpoint: _1255_ (rising edge-triggered flip-flop clocked by clk)
Path Group: clk
Path Type: min

Fanout     Cap    Slew   Delay    Time   Description
-----------------------------------------------------------------------------
                          0.00    0.00   clock clk (rise edge)
                          0.00    0.00   clock source latency
                  0.12    0.08    0.08 ^ clk (in)
     1    0.02                           clk (net)
                  0.12    0.00    0.08 ^ clkbuf_0_clk/A (sky130_fd_sc_hd__clkbuf_16)
                  0.14    0.22    0.29 ^ clkbuf_0_clk/X (sky130_fd_sc_hd__clkbuf_16)
    16    0.12                           clknet_0_clk (net)
                  0.14    0.00    0.30 ^ clkbuf_4_15_0_clk/A (sky130_fd_sc_hd__clkbuf_8)
                  0.05    0.16    0.45 ^ clkbuf_4_15_0_clk/X (sky130_fd_sc_hd__clkbuf_8)
     6    0.02                           clknet_4_15_0_clk (net)
                  0.05    0.00    0.45 ^ _1177_/CLK (sky130_fd_sc_hd__dfrtp_4)
                  0.11    0.51    0.97 v _1177_/Q (sky130_fd_sc_hd__dfrtp_4)
     8    0.04                           u_addr_gen.addr[4] (net)
                  0.11    0.00    0.97 v _1092_/C (sky130_fd_sc_hd__nand3b_4)
                  0.11    0.14    1.11 ^ _1092_/Y (sky130_fd_sc_hd__nand3b_4)
     8    0.03                           _0466_ (net)
                  0.11    0.00    1.11 ^ _1125_/B (sky130_fd_sc_hd__nor2_1)
                  0.06    0.08    1.19 v _1125_/Y (sky130_fd_sc_hd__nor2_1)
     2    0.01                           _0487_ (net)
                  0.06    0.00    1.19 v _1126_/S (sky130_fd_sc_hd__mux2_1)
                  0.04    0.18    1.38 ^ _1126_/X (sky130_fd_sc_hd__mux2_1)
     1    0.00                           _0488_ (net)
                  0.04    0.00    1.38 ^ _1127_/A (sky130_fd_sc_hd__clkbuf_1)
                  0.05    0.08    1.45 ^ _1127_/X (sky130_fd_sc_hd__clkbuf_1)
     1    0.00                           _0089_ (net)
                  0.05    0.00    1.45 ^ _1255_/D (sky130_fd_sc_hd__dfxtp_1)
                                  1.45   data arrival time

                          0.00    0.00   clock clk (rise edge)
                          0.00    0.00   clock source latency
                  0.12    0.08    0.08 ^ clk (in)
     1    0.02                           clk (net)
                  0.12    0.00    0.08 ^ clkbuf_0_clk/A (sky130_fd_sc_hd__clkbuf_16)
                  0.14    0.24    0.32 ^ clkbuf_0_clk/X (sky130_fd_sc_hd__clkbuf_16)
    16    0.12                           clknet_0_clk (net)
                  0.14    0.00    0.33 ^ clkbuf_4_3_0_clk/A (sky130_fd_sc_hd__clkbuf_8)
                  0.07    0.19    0.52 ^ clkbuf_4_3_0_clk/X (sky130_fd_sc_hd__clkbuf_8)
     9    0.03                           clknet_4_3_0_clk (net)
                  0.07    0.00    0.52 ^ _1255_/CLK (sky130_fd_sc_hd__dfxtp_1)
                          0.25    0.77   clock uncertainty
                         -0.03    0.74   clock reconvergence pessimism
                         -0.03    0.71   library hold time
                                  0.71   data required time
-----------------------------------------------------------------------------
                                  0.71   data required time
                                 -1.45   data arrival time
-----------------------------------------------------------------------------
                                  0.75   slack (MET)


Startpoint: _1176_ (rising edge-triggered flip-flop clocked by clk)
Endpoint: _1297_ (rising edge-triggered flip-flop clocked by clk)
Path Group: clk
Path Type: min

Fanout     Cap    Slew   Delay    Time   Description
-----------------------------------------------------------------------------
                          0.00    0.00   clock clk (rise edge)
                          0.00    0.00   clock source latency
                  0.12    0.08    0.08 ^ clk (in)
     1    0.02                           clk (net)
                  0.12    0.00    0.08 ^ clkbuf_0_clk/A (sky130_fd_sc_hd__clkbuf_16)
                  0.14    0.22    0.29 ^ clkbuf_0_clk/X (sky130_fd_sc_hd__clkbuf_16)
    16    0.12                           clknet_0_clk (net)
                  0.14    0.00    0.30 ^ clkbuf_4_12_0_clk/A (sky130_fd_sc_hd__clkbuf_8)
                  0.06    0.17    0.46 ^ clkbuf_4_12_0_clk/X (sky130_fd_sc_hd__clkbuf_8)
     7    0.03                           clknet_4_12_0_clk (net)
                  0.06    0.00    0.46 ^ _1176_/CLK (sky130_fd_sc_hd__dfrtp_4)
                  0.10    0.43    0.89 ^ _1176_/Q (sky130_fd_sc_hd__dfrtp_4)
     8    0.02                           u_addr_gen.addr[3] (net)
                  0.10    0.00    0.89 ^ _0975_/C (sky130_fd_sc_hd__or4b_4)
                  0.13    0.20    1.08 ^ _0975_/X (sky130_fd_sc_hd__or4b_4)
     4    0.04                           _0391_ (net)
                  0.13    0.00    1.09 ^ _0647_/A (sky130_fd_sc_hd__or2_1)
                  0.10    0.15    1.24 ^ _0647_/X (sky130_fd_sc_hd__or2_1)
     2    0.01                           _0554_ (net)
                  0.10    0.00    1.24 ^ _0648_/S (sky130_fd_sc_hd__mux2_1)
                  0.05    0.14    1.38 ^ _0648_/X (sky130_fd_sc_hd__mux2_1)
     1    0.00                           _0555_ (net)
                  0.05    0.00    1.38 ^ _0649_/A (sky130_fd_sc_hd__clkbuf_1)
                  0.05    0.08    1.46 ^ _0649_/X (sky130_fd_sc_hd__clkbuf_1)
     1    0.00                           _0131_ (net)
                  0.05    0.00    1.46 ^ _1297_/D (sky130_fd_sc_hd__dfxtp_1)
                                  1.46   data arrival time

                          0.00    0.00   clock clk (rise edge)
                          0.00    0.00   clock source latency
                  0.12    0.08    0.08 ^ clk (in)
     1    0.02                           clk (net)
                  0.12    0.00    0.08 ^ clkbuf_0_clk/A (sky130_fd_sc_hd__clkbuf_16)
                  0.14    0.24    0.32 ^ clkbuf_0_clk/X (sky130_fd_sc_hd__clkbuf_16)
    16    0.12                           clknet_0_clk (net)
                  0.14    0.00    0.33 ^ clkbuf_4_0_0_clk/A (sky130_fd_sc_hd__clkbuf_8)
                  0.07    0.19    0.52 ^ clkbuf_4_0_0_clk/X (sky130_fd_sc_hd__clkbuf_8)
    10    0.03                           clknet_4_0_0_clk (net)
                  0.07    0.00    0.52 ^ _1297_/CLK (sky130_fd_sc_hd__dfxtp_1)
                          0.25    0.77   clock uncertainty
                         -0.03    0.74   clock reconvergence pessimism
                         -0.03    0.71   library hold time
                                  0.71   data required time
-----------------------------------------------------------------------------
                                  0.71   data required time
                                 -1.46   data arrival time
-----------------------------------------------------------------------------
                                  0.75   slack (MET)


Startpoint: _1176_ (rising edge-triggered flip-flop clocked by clk)
Endpoint: _1274_ (rising edge-triggered flip-flop clocked by clk)
Path Group: clk
Path Type: min

Fanout     Cap    Slew   Delay    Time   Description
-----------------------------------------------------------------------------
                          0.00    0.00   clock clk (rise edge)
                          0.00    0.00   clock source latency
                  0.12    0.08    0.08 ^ clk (in)
     1    0.02                           clk (net)
                  0.12    0.00    0.08 ^ clkbuf_0_clk/A (sky130_fd_sc_hd__clkbuf_16)
                  0.14    0.22    0.29 ^ clkbuf_0_clk/X (sky130_fd_sc_hd__clkbuf_16)
    16    0.12                           clknet_0_clk (net)
                  0.14    0.00    0.30 ^ clkbuf_4_12_0_clk/A (sky130_fd_sc_hd__clkbuf_8)
                  0.06    0.17    0.46 ^ clkbuf_4_12_0_clk/X (sky130_fd_sc_hd__clkbuf_8)
     7    0.03                           clknet_4_12_0_clk (net)
                  0.06    0.00    0.46 ^ _1176_/CLK (sky130_fd_sc_hd__dfrtp_4)
                  0.10    0.43    0.89 ^ _1176_/Q (sky130_fd_sc_hd__dfrtp_4)
     8    0.02                           u_addr_gen.addr[3] (net)
                  0.10    0.00    0.89 ^ _0999_/C (sky130_fd_sc_hd__or4_2)
                  0.12    0.19    1.08 ^ _0999_/X (sky130_fd_sc_hd__or4_2)
     4    0.02                           _0407_ (net)
                  0.12    0.00    1.08 ^ _0585_/A (sky130_fd_sc_hd__or2_1)
                  0.10    0.15    1.23 ^ _0585_/X (sky130_fd_sc_hd__or2_1)
     2    0.01                           _0516_ (net)
                  0.10    0.00    1.23 ^ _0588_/S (sky130_fd_sc_hd__mux2_1)
                  0.05    0.14    1.37 ^ _0588_/X (sky130_fd_sc_hd__mux2_1)
     1    0.00                           _0518_ (net)
                  0.05    0.00    1.37 ^ _0589_/A (sky130_fd_sc_hd__clkbuf_1)
                  0.04    0.07    1.44 ^ _0589_/X (sky130_fd_sc_hd__clkbuf_1)
     1    0.00                           _0108_ (net)
                  0.04    0.00    1.44 ^ _1274_/D (sky130_fd_sc_hd__dfxtp_1)
                                  1.44   data arrival time

                          0.00    0.00   clock clk (rise edge)
                          0.00    0.00   clock source latency
                  0.12    0.08    0.08 ^ clk (in)
     1    0.02                           clk (net)
                  0.12    0.00    0.08 ^ clkbuf_0_clk/A (sky130_fd_sc_hd__clkbuf_16)
                  0.14    0.24    0.32 ^ clkbuf_0_clk/X (sky130_fd_sc_hd__clkbuf_16)
    16    0.12                           clknet_0_clk (net)
                  0.14    0.00    0.33 ^ clkbuf_4_15_0_clk/A (sky130_fd_sc_hd__clkbuf_8)
                  0.05    0.17    0.50 ^ clkbuf_4_15_0_clk/X (sky130_fd_sc_hd__clkbuf_8)
     6    0.02                           clknet_4_15_0_clk (net)
                  0.05    0.00    0.50 ^ _1274_/CLK (sky130_fd_sc_hd__dfxtp_1)
                          0.25    0.75   clock uncertainty
                         -0.03    0.72   clock reconvergence pessimism
                         -0.03    0.69   library hold time
                                  0.69   data required time
-----------------------------------------------------------------------------
                                  0.69   data required time
                                 -1.44   data arrival time
-----------------------------------------------------------------------------
                                  0.75   slack (MET)


Startpoint: _1177_ (rising edge-triggered flip-flop clocked by clk)
Endpoint: _1252_ (rising edge-triggered flip-flop clocked by clk)
Path Group: clk
Path Type: min

Fanout     Cap    Slew   Delay    Time   Description
-----------------------------------------------------------------------------
                          0.00    0.00   clock clk (rise edge)
                          0.00    0.00   clock source latency
                  0.12    0.08    0.08 ^ clk (in)
     1    0.02                           clk (net)
                  0.12    0.00    0.08 ^ clkbuf_0_clk/A (sky130_fd_sc_hd__clkbuf_16)
                  0.14    0.22    0.29 ^ clkbuf_0_clk/X (sky130_fd_sc_hd__clkbuf_16)
    16    0.12                           clknet_0_clk (net)
                  0.14    0.00    0.30 ^ clkbuf_4_15_0_clk/A (sky130_fd_sc_hd__clkbuf_8)
                  0.05    0.16    0.45 ^ clkbuf_4_15_0_clk/X (sky130_fd_sc_hd__clkbuf_8)
     6    0.02                           clknet_4_15_0_clk (net)
                  0.05    0.00    0.45 ^ _1177_/CLK (sky130_fd_sc_hd__dfrtp_4)
                  0.11    0.51    0.97 v _1177_/Q (sky130_fd_sc_hd__dfrtp_4)
     8    0.04                           u_addr_gen.addr[4] (net)
                  0.11    0.00    0.97 v _1092_/C (sky130_fd_sc_hd__nand3b_4)
                  0.11    0.14    1.11 ^ _1092_/Y (sky130_fd_sc_hd__nand3b_4)
     8    0.03                           _0466_ (net)
                  0.11    0.00    1.11 ^ _1115_/B (sky130_fd_sc_hd__nor2_1)
                  0.06    0.08    1.19 v _1115_/Y (sky130_fd_sc_hd__nor2_1)
     2    0.01                           _0481_ (net)
                  0.06    0.00    1.19 v _1118_/S (sky130_fd_sc_hd__mux2_1)
                  0.05    0.20    1.39 ^ _1118_/X (sky130_fd_sc_hd__mux2_1)
     1    0.00                           _0483_ (net)
                  0.05    0.00    1.39 ^ _1119_/A (sky130_fd_sc_hd__clkbuf_1)
                  0.04    0.07    1.46 ^ _1119_/X (sky130_fd_sc_hd__clkbuf_1)
     1    0.00                           _0086_ (net)
                  0.04    0.00    1.46 ^ _1252_/D (sky130_fd_sc_hd__dfxtp_1)
                                  1.46   data arrival time

                          0.00    0.00   clock clk (rise edge)
                          0.00    0.00   clock source latency
                  0.12    0.08    0.08 ^ clk (in)
     1    0.02                           clk (net)
                  0.12    0.00    0.08 ^ clkbuf_0_clk/A (sky130_fd_sc_hd__clkbuf_16)
                  0.14    0.24    0.32 ^ clkbuf_0_clk/X (sky130_fd_sc_hd__clkbuf_16)
    16    0.12                           clknet_0_clk (net)
                  0.14    0.00    0.33 ^ clkbuf_4_5_0_clk/A (sky130_fd_sc_hd__clkbuf_8)
                  0.07    0.19    0.52 ^ clkbuf_4_5_0_clk/X (sky130_fd_sc_hd__clkbuf_8)
    11    0.03                           clknet_4_5_0_clk (net)
                  0.07    0.00    0.52 ^ _1252_/CLK (sky130_fd_sc_hd__dfxtp_1)
                          0.25    0.77   clock uncertainty
                         -0.03    0.74   clock reconvergence pessimism
                         -0.03    0.71   library hold time
                                  0.71   data required time
-----------------------------------------------------------------------------
                                  0.71   data required time
                                 -1.46   data arrival time
-----------------------------------------------------------------------------
                                  0.75   slack (MET)


Startpoint: _1177_ (rising edge-triggered flip-flop clocked by clk)
Endpoint: _1181_ (rising edge-triggered flip-flop clocked by clk)
Path Group: clk
Path Type: min

Fanout     Cap    Slew   Delay    Time   Description
-----------------------------------------------------------------------------
                          0.00    0.00   clock clk (rise edge)
                          0.00    0.00   clock source latency
                  0.12    0.08    0.08 ^ clk (in)
     1    0.02                           clk (net)
                  0.12    0.00    0.08 ^ clkbuf_0_clk/A (sky130_fd_sc_hd__clkbuf_16)
                  0.14    0.22    0.29 ^ clkbuf_0_clk/X (sky130_fd_sc_hd__clkbuf_16)
    16    0.12                           clknet_0_clk (net)
                  0.14    0.00    0.30 ^ clkbuf_4_15_0_clk/A (sky130_fd_sc_hd__clkbuf_8)
                  0.05    0.16    0.45 ^ clkbuf_4_15_0_clk/X (sky130_fd_sc_hd__clkbuf_8)
     6    0.02                           clknet_4_15_0_clk (net)
                  0.05    0.00    0.45 ^ _1177_/CLK (sky130_fd_sc_hd__dfrtp_4)
                  0.11    0.51    0.97 v _1177_/Q (sky130_fd_sc_hd__dfrtp_4)
     8    0.04                           u_addr_gen.addr[4] (net)
                  0.11    0.00    0.97 v _0869_/A (sky130_fd_sc_hd__nand3_4)
                  0.09    0.12    1.08 ^ _0869_/Y (sky130_fd_sc_hd__nand3_4)
     8    0.03                           _0314_ (net)
                  0.09    0.00    1.09 ^ _0912_/A (sky130_fd_sc_hd__or2_1)
                  0.13    0.16    1.25 ^ _0912_/X (sky130_fd_sc_hd__or2_1)
     2    0.01                           _0348_ (net)
                  0.13    0.00    1.25 ^ _0913_/S (sky130_fd_sc_hd__mux2_1)
                  0.05    0.15    1.39 ^ _0913_/X (sky130_fd_sc_hd__mux2_1)
     1    0.00                           _0349_ (net)
                  0.05    0.00    1.39 ^ _0914_/A (sky130_fd_sc_hd__clkbuf_1)
                  0.04    0.07    1.47 ^ _0914_/X (sky130_fd_sc_hd__clkbuf_1)
     1    0.00                           _0015_ (net)
                  0.04    0.00    1.47 ^ _1181_/D (sky130_fd_sc_hd__dfxtp_1)
                                  1.47   data arrival time

                          0.00    0.00   clock clk (rise edge)
                          0.00    0.00   clock source latency
                  0.12    0.08    0.08 ^ clk (in)
     1    0.02                           clk (net)
                  0.12    0.00    0.08 ^ clkbuf_0_clk/A (sky130_fd_sc_hd__clkbuf_16)
                  0.14    0.24    0.32 ^ clkbuf_0_clk/X (sky130_fd_sc_hd__clkbuf_16)
    16    0.12                           clknet_0_clk (net)
                  0.14    0.00    0.33 ^ clkbuf_4_8_0_clk/A (sky130_fd_sc_hd__clkbuf_8)
                  0.07    0.19    0.52 ^ clkbuf_4_8_0_clk/X (sky130_fd_sc_hd__clkbuf_8)
    10    0.03                           clknet_4_8_0_clk (net)
                  0.07    0.00    0.52 ^ _1181_/CLK (sky130_fd_sc_hd__dfxtp_1)
                          0.25    0.77   clock uncertainty
                         -0.03    0.74   clock reconvergence pessimism
                         -0.03    0.71   library hold time
                                  0.71   data required time
-----------------------------------------------------------------------------
                                  0.71   data required time
                                 -1.47   data arrival time
-----------------------------------------------------------------------------
                                  0.75   slack (MET)


Startpoint: _1177_ (rising edge-triggered flip-flop clocked by clk)
Endpoint: _1254_ (rising edge-triggered flip-flop clocked by clk)
Path Group: clk
Path Type: min

Fanout     Cap    Slew   Delay    Time   Description
-----------------------------------------------------------------------------
                          0.00    0.00   clock clk (rise edge)
                          0.00    0.00   clock source latency
                  0.12    0.08    0.08 ^ clk (in)
     1    0.02                           clk (net)
                  0.12    0.00    0.08 ^ clkbuf_0_clk/A (sky130_fd_sc_hd__clkbuf_16)
                  0.14    0.22    0.29 ^ clkbuf_0_clk/X (sky130_fd_sc_hd__clkbuf_16)
    16    0.12                           clknet_0_clk (net)
                  0.14    0.00    0.30 ^ clkbuf_4_15_0_clk/A (sky130_fd_sc_hd__clkbuf_8)
                  0.05    0.16    0.45 ^ clkbuf_4_15_0_clk/X (sky130_fd_sc_hd__clkbuf_8)
     6    0.02                           clknet_4_15_0_clk (net)
                  0.05    0.00    0.45 ^ _1177_/CLK (sky130_fd_sc_hd__dfrtp_4)
                  0.11    0.51    0.97 v _1177_/Q (sky130_fd_sc_hd__dfrtp_4)
     8    0.04                           u_addr_gen.addr[4] (net)
                  0.11    0.00    0.97 v _1092_/C (sky130_fd_sc_hd__nand3b_4)
                  0.11    0.14    1.11 ^ _1092_/Y (sky130_fd_sc_hd__nand3b_4)
     8    0.03                           _0466_ (net)
                  0.11    0.00    1.11 ^ _1120_/B (sky130_fd_sc_hd__nor2_1)
                  0.05    0.08    1.19 v _1120_/Y (sky130_fd_sc_hd__nor2_1)
     2    0.01                           _0484_ (net)
                  0.05    0.00    1.19 v _1123_/S (sky130_fd_sc_hd__mux2_1)
                  0.05    0.19    1.38 ^ _1123_/X (sky130_fd_sc_hd__mux2_1)
     1    0.00                           _0486_ (net)
                  0.05    0.00    1.38 ^ _1124_/A (sky130_fd_sc_hd__clkbuf_1)
                  0.05    0.08    1.46 ^ _1124_/X (sky130_fd_sc_hd__clkbuf_1)
     1    0.00                           _0088_ (net)
                  0.05    0.00    1.46 ^ _1254_/D (sky130_fd_sc_hd__dfxtp_1)
                                  1.46   data arrival time

                          0.00    0.00   clock clk (rise edge)
                          0.00    0.00   clock source latency
                  0.12    0.08    0.08 ^ clk (in)
     1    0.02                           clk (net)
                  0.12    0.00    0.08 ^ clkbuf_0_clk/A (sky130_fd_sc_hd__clkbuf_16)
                  0.14    0.24    0.32 ^ clkbuf_0_clk/X (sky130_fd_sc_hd__clkbuf_16)
    16    0.12                           clknet_0_clk (net)
                  0.14    0.00    0.33 ^ clkbuf_4_5_0_clk/A (sky130_fd_sc_hd__clkbuf_8)
                  0.07    0.19    0.52 ^ clkbuf_4_5_0_clk/X (sky130_fd_sc_hd__clkbuf_8)
    11    0.03                           clknet_4_5_0_clk (net)
                  0.07    0.00    0.52 ^ _1254_/CLK (sky130_fd_sc_hd__dfxtp_1)
                          0.25    0.77   clock uncertainty
                         -0.03    0.74   clock reconvergence pessimism
                         -0.03    0.71   library hold time
                                  0.71   data required time
-----------------------------------------------------------------------------
                                  0.71   data required time
                                 -1.46   data arrival time
-----------------------------------------------------------------------------
                                  0.75   slack (MET)


Startpoint: _1177_ (rising edge-triggered flip-flop clocked by clk)
Endpoint: _1185_ (rising edge-triggered flip-flop clocked by clk)
Path Group: clk
Path Type: min

Fanout     Cap    Slew   Delay    Time   Description
-----------------------------------------------------------------------------
                          0.00    0.00   clock clk (rise edge)
                          0.00    0.00   clock source latency
                  0.12    0.08    0.08 ^ clk (in)
     1    0.02                           clk (net)
                  0.12    0.00    0.08 ^ clkbuf_0_clk/A (sky130_fd_sc_hd__clkbuf_16)
                  0.14    0.22    0.29 ^ clkbuf_0_clk/X (sky130_fd_sc_hd__clkbuf_16)
    16    0.12                           clknet_0_clk (net)
                  0.14    0.00    0.30 ^ clkbuf_4_15_0_clk/A (sky130_fd_sc_hd__clkbuf_8)
                  0.05    0.16    0.45 ^ clkbuf_4_15_0_clk/X (sky130_fd_sc_hd__clkbuf_8)
     6    0.02                           clknet_4_15_0_clk (net)
                  0.05    0.00    0.45 ^ _1177_/CLK (sky130_fd_sc_hd__dfrtp_4)
                  0.11    0.51    0.97 v _1177_/Q (sky130_fd_sc_hd__dfrtp_4)
     8    0.04                           u_addr_gen.addr[4] (net)
                  0.11    0.00    0.97 v _0869_/A (sky130_fd_sc_hd__nand3_4)
                  0.09    0.12    1.08 ^ _0869_/Y (sky130_fd_sc_hd__nand3_4)
     8    0.03                           _0314_ (net)
                  0.09    0.00    1.09 ^ _0926_/A (sky130_fd_sc_hd__or2_1)
                  0.13    0.16    1.25 ^ _0926_/X (sky130_fd_sc_hd__or2_1)
     2    0.01                           _0358_ (net)
                  0.13    0.00    1.25 ^ _0927_/S (sky130_fd_sc_hd__mux2_1)
                  0.05    0.14    1.40 ^ _0927_/X (sky130_fd_sc_hd__mux2_1)
     1    0.00                           _0359_ (net)
                  0.05    0.00    1.40 ^ _0928_/A (sky130_fd_sc_hd__clkbuf_1)
                  0.04    0.07    1.47 ^ _0928_/X (sky130_fd_sc_hd__clkbuf_1)
     1    0.00                           _0019_ (net)
                  0.04    0.00    1.47 ^ _1185_/D (sky130_fd_sc_hd__dfxtp_1)
                                  1.47   data arrival time

                          0.00    0.00   clock clk (rise edge)
                          0.00    0.00   clock source latency
                  0.12    0.08    0.08 ^ clk (in)
     1    0.02                           clk (net)
                  0.12    0.00    0.08 ^ clkbuf_0_clk/A (sky130_fd_sc_hd__clkbuf_16)
                  0.14    0.24    0.32 ^ clkbuf_0_clk/X (sky130_fd_sc_hd__clkbuf_16)
    16    0.12                           clknet_0_clk (net)
                  0.14    0.00    0.33 ^ clkbuf_4_8_0_clk/A (sky130_fd_sc_hd__clkbuf_8)
                  0.07    0.19    0.52 ^ clkbuf_4_8_0_clk/X (sky130_fd_sc_hd__clkbuf_8)
    10    0.03                           clknet_4_8_0_clk (net)
                  0.07    0.00    0.52 ^ _1185_/CLK (sky130_fd_sc_hd__dfxtp_1)
                          0.25    0.77   clock uncertainty
                         -0.03    0.74   clock reconvergence pessimism
                         -0.03    0.71   library hold time
                                  0.71   data required time
-----------------------------------------------------------------------------
                                  0.71   data required time
                                 -1.47   data arrival time
-----------------------------------------------------------------------------
                                  0.76   slack (MET)


Startpoint: _1177_ (rising edge-triggered flip-flop clocked by clk)
Endpoint: _1251_ (rising edge-triggered flip-flop clocked by clk)
Path Group: clk
Path Type: min

Fanout     Cap    Slew   Delay    Time   Description
-----------------------------------------------------------------------------
                          0.00    0.00   clock clk (rise edge)
                          0.00    0.00   clock source latency
                  0.12    0.08    0.08 ^ clk (in)
     1    0.02                           clk (net)
                  0.12    0.00    0.08 ^ clkbuf_0_clk/A (sky130_fd_sc_hd__clkbuf_16)
                  0.14    0.22    0.29 ^ clkbuf_0_clk/X (sky130_fd_sc_hd__clkbuf_16)
    16    0.12                           clknet_0_clk (net)
                  0.14    0.00    0.30 ^ clkbuf_4_15_0_clk/A (sky130_fd_sc_hd__clkbuf_8)
                  0.05    0.16    0.45 ^ clkbuf_4_15_0_clk/X (sky130_fd_sc_hd__clkbuf_8)
     6    0.02                           clknet_4_15_0_clk (net)
                  0.05    0.00    0.45 ^ _1177_/CLK (sky130_fd_sc_hd__dfrtp_4)
                  0.11    0.51    0.97 v _1177_/Q (sky130_fd_sc_hd__dfrtp_4)
     8    0.04                           u_addr_gen.addr[4] (net)
                  0.11    0.00    0.97 v _1092_/C (sky130_fd_sc_hd__nand3b_4)
                  0.11    0.14    1.11 ^ _1092_/Y (sky130_fd_sc_hd__nand3b_4)
     8    0.03                           _0466_ (net)
                  0.11    0.00    1.11 ^ _1115_/B (sky130_fd_sc_hd__nor2_1)
                  0.06    0.08    1.19 v _1115_/Y (sky130_fd_sc_hd__nor2_1)
     2    0.01                           _0481_ (net)
                  0.06    0.00    1.19 v _1116_/S (sky130_fd_sc_hd__mux2_1)
                  0.06    0.20    1.39 ^ _1116_/X (sky130_fd_sc_hd__mux2_1)
     1    0.00                           _0482_ (net)
                  0.06    0.00    1.39 ^ _1117_/A (sky130_fd_sc_hd__clkbuf_1)
                  0.04    0.08    1.47 ^ _1117_/X (sky130_fd_sc_hd__clkbuf_1)
     1    0.00                           _0085_ (net)
                  0.04    0.00    1.47 ^ _1251_/D (sky130_fd_sc_hd__dfxtp_1)
                                  1.47   data arrival time

                          0.00    0.00   clock clk (rise edge)
                          0.00    0.00   clock source latency
                  0.12    0.08    0.08 ^ clk (in)
     1    0.02                           clk (net)
                  0.12    0.00    0.08 ^ clkbuf_0_clk/A (sky130_fd_sc_hd__clkbuf_16)
                  0.14    0.24    0.32 ^ clkbuf_0_clk/X (sky130_fd_sc_hd__clkbuf_16)
    16    0.12                           clknet_0_clk (net)
                  0.14    0.00    0.33 ^ clkbuf_4_5_0_clk/A (sky130_fd_sc_hd__clkbuf_8)
                  0.07    0.19    0.52 ^ clkbuf_4_5_0_clk/X (sky130_fd_sc_hd__clkbuf_8)
    11    0.03                           clknet_4_5_0_clk (net)
                  0.07    0.00    0.52 ^ _1251_/CLK (sky130_fd_sc_hd__dfxtp_1)
                          0.25    0.77   clock uncertainty
                         -0.03    0.74   clock reconvergence pessimism
                         -0.03    0.71   library hold time
                                  0.71   data required time
-----------------------------------------------------------------------------
                                  0.71   data required time
                                 -1.47   data arrival time
-----------------------------------------------------------------------------
                                  0.76   slack (MET)


Startpoint: _1177_ (rising edge-triggered flip-flop clocked by clk)
Endpoint: _1249_ (rising edge-triggered flip-flop clocked by clk)
Path Group: clk
Path Type: min

Fanout     Cap    Slew   Delay    Time   Description
-----------------------------------------------------------------------------
                          0.00    0.00   clock clk (rise edge)
                          0.00    0.00   clock source latency
                  0.12    0.08    0.08 ^ clk (in)
     1    0.02                           clk (net)
                  0.12    0.00    0.08 ^ clkbuf_0_clk/A (sky130_fd_sc_hd__clkbuf_16)
                  0.14    0.22    0.29 ^ clkbuf_0_clk/X (sky130_fd_sc_hd__clkbuf_16)
    16    0.12                           clknet_0_clk (net)
                  0.14    0.00    0.30 ^ clkbuf_4_15_0_clk/A (sky130_fd_sc_hd__clkbuf_8)
                  0.05    0.16    0.45 ^ clkbuf_4_15_0_clk/X (sky130_fd_sc_hd__clkbuf_8)
     6    0.02                           clknet_4_15_0_clk (net)
                  0.05    0.00    0.45 ^ _1177_/CLK (sky130_fd_sc_hd__dfrtp_4)
                  0.11    0.51    0.97 v _1177_/Q (sky130_fd_sc_hd__dfrtp_4)
     8    0.04                           u_addr_gen.addr[4] (net)
                  0.11    0.00    0.97 v _1092_/C (sky130_fd_sc_hd__nand3b_4)
                  0.11    0.14    1.11 ^ _1092_/Y (sky130_fd_sc_hd__nand3b_4)
     8    0.03                           _0466_ (net)
                  0.11    0.00    1.11 ^ _1110_/B (sky130_fd_sc_hd__or2_1)
                  0.10    0.15    1.26 ^ _1110_/X (sky130_fd_sc_hd__or2_1)
     2    0.01                           _0478_ (net)
                  0.10    0.00    1.26 ^ _1111_/S (sky130_fd_sc_hd__mux2_1)
                  0.05    0.14    1.40 ^ _1111_/X (sky130_fd_sc_hd__mux2_1)
     1    0.00                           _0479_ (net)
                  0.05    0.00    1.40 ^ _1112_/A (sky130_fd_sc_hd__clkbuf_1)
                  0.04    0.07    1.47 ^ _1112_/X (sky130_fd_sc_hd__clkbuf_1)
     1    0.00                           _0083_ (net)
                  0.04    0.00    1.47 ^ _1249_/D (sky130_fd_sc_hd__dfxtp_1)
                                  1.47   data arrival time

                          0.00    0.00   clock clk (rise edge)
                          0.00    0.00   clock source latency
                  0.12    0.08    0.08 ^ clk (in)
     1    0.02                           clk (net)
                  0.12    0.00    0.08 ^ clkbuf_0_clk/A (sky130_fd_sc_hd__clkbuf_16)
                  0.14    0.24    0.32 ^ clkbuf_0_clk/X (sky130_fd_sc_hd__clkbuf_16)
    16    0.12                           clknet_0_clk (net)
                  0.14    0.00    0.33 ^ clkbuf_4_5_0_clk/A (sky130_fd_sc_hd__clkbuf_8)
                  0.07    0.19    0.52 ^ clkbuf_4_5_0_clk/X (sky130_fd_sc_hd__clkbuf_8)
    11    0.03                           clknet_4_5_0_clk (net)
                  0.07    0.00    0.52 ^ _1249_/CLK (sky130_fd_sc_hd__dfxtp_1)
                          0.25    0.77   clock uncertainty
                         -0.03    0.74   clock reconvergence pessimism
                         -0.03    0.71   library hold time
                                  0.71   data required time
-----------------------------------------------------------------------------
                                  0.71   data required time
                                 -1.47   data arrival time
-----------------------------------------------------------------------------
                                  0.76   slack (MET)


Startpoint: _1220_ (rising edge-triggered flip-flop clocked by clk)
Endpoint: _1220_ (rising edge-triggered flip-flop clocked by clk)
Path Group: clk
Path Type: min

Fanout     Cap    Slew   Delay    Time   Description
-----------------------------------------------------------------------------
                          0.00    0.00   clock clk (rise edge)
                          0.00    0.00   clock source latency
                  0.12    0.08    0.08 ^ clk (in)
     1    0.02                           clk (net)
                  0.12    0.00    0.08 ^ clkbuf_0_clk/A (sky130_fd_sc_hd__clkbuf_16)
                  0.14    0.22    0.29 ^ clkbuf_0_clk/X (sky130_fd_sc_hd__clkbuf_16)
    16    0.12                           clknet_0_clk (net)
                  0.14    0.00    0.30 ^ clkbuf_4_9_0_clk/A (sky130_fd_sc_hd__clkbuf_8)
                  0.07    0.17    0.47 ^ clkbuf_4_9_0_clk/X (sky130_fd_sc_hd__clkbuf_8)
     8    0.03                           clknet_4_9_0_clk (net)
                  0.07    0.00    0.47 ^ _1220_/CLK (sky130_fd_sc_hd__dfxtp_1)
                  0.05    0.30    0.77 ^ _1220_/Q (sky130_fd_sc_hd__dfxtp_1)
     2    0.00                           u_sram.mem[43][0] (net)
                  0.05    0.00    0.77 ^ hold16/A (sky130_fd_sc_hd__dlygate4sd3_1)
                  0.05    0.50    1.27 ^ hold16/X (sky130_fd_sc_hd__dlygate4sd3_1)
     1    0.00                           net32 (net)
                  0.05    0.00    1.27 ^ _1033_/A0 (sky130_fd_sc_hd__mux2_1)
                  0.04    0.11    1.38 ^ _1033_/X (sky130_fd_sc_hd__mux2_1)
     1    0.00                           _0430_ (net)
                  0.04    0.00    1.38 ^ _1034_/A (sky130_fd_sc_hd__clkbuf_1)
                  0.04    0.07    1.45 ^ _1034_/X (sky130_fd_sc_hd__clkbuf_1)
     1    0.00                           _0054_ (net)
                  0.04    0.00    1.45 ^ _1220_/D (sky130_fd_sc_hd__dfxtp_1)
                                  1.45   data arrival time

                          0.00    0.00   clock clk (rise edge)
                          0.00    0.00   clock source latency
                  0.12    0.08    0.08 ^ clk (in)
     1    0.02                           clk (net)
                  0.12    0.00    0.08 ^ clkbuf_0_clk/A (sky130_fd_sc_hd__clkbuf_16)
                  0.14    0.24    0.32 ^ clkbuf_0_clk/X (sky130_fd_sc_hd__clkbuf_16)
    16    0.12                           clknet_0_clk (net)
                  0.14    0.00    0.33 ^ clkbuf_4_9_0_clk/A (sky130_fd_sc_hd__clkbuf_8)
                  0.07    0.19    0.51 ^ clkbuf_4_9_0_clk/X (sky130_fd_sc_hd__clkbuf_8)
     8    0.03                           clknet_4_9_0_clk (net)
                  0.07    0.00    0.52 ^ _1220_/CLK (sky130_fd_sc_hd__dfxtp_1)
                          0.25    0.77   clock uncertainty
                         -0.05    0.72   clock reconvergence pessimism
                         -0.03    0.69   library hold time
                                  0.69   data required time
-----------------------------------------------------------------------------
                                  0.69   data required time
                                 -1.45   data arrival time
-----------------------------------------------------------------------------
                                  0.76   slack (MET)


Startpoint: _1178_ (rising edge-triggered flip-flop clocked by clk)
Endpoint: _1224_ (rising edge-triggered flip-flop clocked by clk)
Path Group: clk
Path Type: min

Fanout     Cap    Slew   Delay    Time   Description
-----------------------------------------------------------------------------
                          0.00    0.00   clock clk (rise edge)
                          0.00    0.00   clock source latency
                  0.12    0.08    0.08 ^ clk (in)
     1    0.02                           clk (net)
                  0.12    0.00    0.08 ^ clkbuf_0_clk/A (sky130_fd_sc_hd__clkbuf_16)
                  0.14    0.22    0.29 ^ clkbuf_0_clk/X (sky130_fd_sc_hd__clkbuf_16)
    16    0.12                           clknet_0_clk (net)
                  0.14    0.00    0.30 ^ clkbuf_4_15_0_clk/A (sky130_fd_sc_hd__clkbuf_8)
                  0.05    0.16    0.45 ^ clkbuf_4_15_0_clk/X (sky130_fd_sc_hd__clkbuf_8)
     6    0.02                           clknet_4_15_0_clk (net)
                  0.05    0.00    0.45 ^ _1178_/CLK (sky130_fd_sc_hd__dfrtp_4)
                  0.11    0.51    0.97 v _1178_/Q (sky130_fd_sc_hd__dfrtp_4)
     9    0.04                           u_addr_gen.addr[5] (net)
                  0.11    0.00    0.97 v _1005_/B (sky130_fd_sc_hd__nand3b_4)
                  0.15    0.18    1.14 ^ _1005_/Y (sky130_fd_sc_hd__nand3b_4)
     8    0.05                           _0411_ (net)
                  0.15    0.00    1.14 ^ _1041_/B (sky130_fd_sc_hd__nor2_1)
                  0.06    0.08    1.22 v _1041_/Y (sky130_fd_sc_hd__nor2_1)
     2    0.01                           _0435_ (net)
                  0.06    0.00    1.22 v _1045_/S (sky130_fd_sc_hd__mux2_1)
                  0.04    0.18    1.41 ^ _1045_/X (sky130_fd_sc_hd__mux2_1)
     1    0.00                           _0438_ (net)
                  0.04    0.00    1.41 ^ _1046_/A (sky130_fd_sc_hd__clkbuf_1)
                  0.04    0.07    1.47 ^ _1046_/X (sky130_fd_sc_hd__clkbuf_1)
     1    0.00                           _0058_ (net)
                  0.04    0.00    1.47 ^ _1224_/D (sky130_fd_sc_hd__dfxtp_1)
                                  1.47   data arrival time

                          0.00    0.00   clock clk (rise edge)
                          0.00    0.00   clock source latency
                  0.12    0.08    0.08 ^ clk (in)
     1    0.02                           clk (net)
                  0.12    0.00    0.08 ^ clkbuf_0_clk/A (sky130_fd_sc_hd__clkbuf_16)
                  0.14    0.24    0.32 ^ clkbuf_0_clk/X (sky130_fd_sc_hd__clkbuf_16)
    16    0.12                           clknet_0_clk (net)
                  0.14    0.00    0.33 ^ clkbuf_4_1_0_clk/A (sky130_fd_sc_hd__clkbuf_8)
                  0.07    0.19    0.52 ^ clkbuf_4_1_0_clk/X (sky130_fd_sc_hd__clkbuf_8)
    10    0.03                           clknet_4_1_0_clk (net)
                  0.07    0.00    0.52 ^ _1224_/CLK (sky130_fd_sc_hd__dfxtp_1)
                          0.25    0.77   clock uncertainty
                         -0.03    0.74   clock reconvergence pessimism
                         -0.03    0.71   library hold time
                                  0.71   data required time
-----------------------------------------------------------------------------
                                  0.71   data required time
                                 -1.47   data arrival time
-----------------------------------------------------------------------------
                                  0.76   slack (MET)


Startpoint: _1177_ (rising edge-triggered flip-flop clocked by clk)
Endpoint: _1245_ (rising edge-triggered flip-flop clocked by clk)
Path Group: clk
Path Type: min

Fanout     Cap    Slew   Delay    Time   Description
-----------------------------------------------------------------------------
                          0.00    0.00   clock clk (rise edge)
                          0.00    0.00   clock source latency
                  0.12    0.08    0.08 ^ clk (in)
     1    0.02                           clk (net)
                  0.12    0.00    0.08 ^ clkbuf_0_clk/A (sky130_fd_sc_hd__clkbuf_16)
                  0.14    0.22    0.29 ^ clkbuf_0_clk/X (sky130_fd_sc_hd__clkbuf_16)
    16    0.12                           clknet_0_clk (net)
                  0.14    0.00    0.30 ^ clkbuf_4_15_0_clk/A (sky130_fd_sc_hd__clkbuf_8)
                  0.05    0.16    0.45 ^ clkbuf_4_15_0_clk/X (sky130_fd_sc_hd__clkbuf_8)
     6    0.02                           clknet_4_15_0_clk (net)
                  0.05    0.00    0.45 ^ _1177_/CLK (sky130_fd_sc_hd__dfrtp_4)
                  0.11    0.51    0.97 v _1177_/Q (sky130_fd_sc_hd__dfrtp_4)
     8    0.04                           u_addr_gen.addr[4] (net)
                  0.11    0.00    0.97 v _1092_/C (sky130_fd_sc_hd__nand3b_4)
                  0.11    0.14    1.11 ^ _1092_/Y (sky130_fd_sc_hd__nand3b_4)
     8    0.03                           _0466_ (net)
                  0.11    0.00    1.11 ^ _1100_/B (sky130_fd_sc_hd__or2_1)
                  0.09    0.14    1.25 ^ _1100_/X (sky130_fd_sc_hd__or2_1)
     2    0.01                           _0472_ (net)
                  0.09    0.00    1.25 ^ _1101_/S (sky130_fd_sc_hd__mux2_1)
                  0.05    0.14    1.39 ^ _1101_/X (sky130_fd_sc_hd__mux2_1)
     1    0.00                           _0473_ (net)
                  0.05    0.00    1.39 ^ _1102_/A (sky130_fd_sc_hd__clkbuf_1)
                  0.04    0.08    1.47 ^ _1102_/X (sky130_fd_sc_hd__clkbuf_1)
     1    0.00                           _0079_ (net)
                  0.04    0.00    1.47 ^ _1245_/D (sky130_fd_sc_hd__dfxtp_1)
                                  1.47   data arrival time

                          0.00    0.00   clock clk (rise edge)
                          0.00    0.00   clock source latency
                  0.12    0.08    0.08 ^ clk (in)
     1    0.02                           clk (net)
                  0.12    0.00    0.08 ^ clkbuf_0_clk/A (sky130_fd_sc_hd__clkbuf_16)
                  0.14    0.24    0.32 ^ clkbuf_0_clk/X (sky130_fd_sc_hd__clkbuf_16)
    16    0.12                           clknet_0_clk (net)
                  0.14    0.00    0.33 ^ clkbuf_4_12_0_clk/A (sky130_fd_sc_hd__clkbuf_8)
                  0.06    0.18    0.51 ^ clkbuf_4_12_0_clk/X (sky130_fd_sc_hd__clkbuf_8)
     7    0.03                           clknet_4_12_0_clk (net)
                  0.06    0.00    0.51 ^ _1245_/CLK (sky130_fd_sc_hd__dfxtp_1)
                          0.25    0.76   clock uncertainty
                         -0.03    0.73   clock reconvergence pessimism
                         -0.03    0.70   library hold time
                                  0.70   data required time
-----------------------------------------------------------------------------
                                  0.70   data required time
                                 -1.47   data arrival time
-----------------------------------------------------------------------------
                                  0.76   slack (MET)


Startpoint: _1178_ (rising edge-triggered flip-flop clocked by clk)
Endpoint: _1213_ (rising edge-triggered flip-flop clocked by clk)
Path Group: clk
Path Type: min

Fanout     Cap    Slew   Delay    Time   Description
-----------------------------------------------------------------------------
                          0.00    0.00   clock clk (rise edge)
                          0.00    0.00   clock source latency
                  0.12    0.08    0.08 ^ clk (in)
     1    0.02                           clk (net)
                  0.12    0.00    0.08 ^ clkbuf_0_clk/A (sky130_fd_sc_hd__clkbuf_16)
                  0.14    0.22    0.29 ^ clkbuf_0_clk/X (sky130_fd_sc_hd__clkbuf_16)
    16    0.12                           clknet_0_clk (net)
                  0.14    0.00    0.30 ^ clkbuf_4_15_0_clk/A (sky130_fd_sc_hd__clkbuf_8)
                  0.05    0.16    0.45 ^ clkbuf_4_15_0_clk/X (sky130_fd_sc_hd__clkbuf_8)
     6    0.02                           clknet_4_15_0_clk (net)
                  0.05    0.00    0.45 ^ _1178_/CLK (sky130_fd_sc_hd__dfrtp_4)
                  0.11    0.51    0.97 v _1178_/Q (sky130_fd_sc_hd__dfrtp_4)
     9    0.04                           u_addr_gen.addr[5] (net)
                  0.11    0.00    0.97 v _1005_/B (sky130_fd_sc_hd__nand3b_4)
                  0.15    0.18    1.14 ^ _1005_/Y (sky130_fd_sc_hd__nand3b_4)
     8    0.05                           _0411_ (net)
                  0.15    0.00    1.14 ^ _1013_/B (sky130_fd_sc_hd__or2_1)
                  0.09    0.15    1.29 ^ _1013_/X (sky130_fd_sc_hd__or2_1)
     2    0.01                           _0417_ (net)
                  0.09    0.00    1.29 ^ _1014_/S (sky130_fd_sc_hd__mux2_1)
                  0.04    0.13    1.42 ^ _1014_/X (sky130_fd_sc_hd__mux2_1)
     1    0.00                           _0418_ (net)
                  0.04    0.00    1.42 ^ _1015_/A (sky130_fd_sc_hd__clkbuf_1)
                  0.04    0.07    1.49 ^ _1015_/X (sky130_fd_sc_hd__clkbuf_1)
     1    0.00                           _0047_ (net)
                  0.04    0.00    1.49 ^ _1213_/D (sky130_fd_sc_hd__dfxtp_1)
                                  1.49   data arrival time

                          0.00    0.00   clock clk (rise edge)
                          0.00    0.00   clock source latency
                  0.12    0.08    0.08 ^ clk (in)
     1    0.02                           clk (net)
                  0.12    0.00    0.08 ^ clkbuf_0_clk/A (sky130_fd_sc_hd__clkbuf_16)
                  0.14    0.24    0.32 ^ clkbuf_0_clk/X (sky130_fd_sc_hd__clkbuf_16)
    16    0.12                           clknet_0_clk (net)
                  0.14    0.00    0.33 ^ clkbuf_4_11_0_clk/A (sky130_fd_sc_hd__clkbuf_8)
                  0.08    0.19    0.52 ^ clkbuf_4_11_0_clk/X (sky130_fd_sc_hd__clkbuf_8)
    12    0.04                           clknet_4_11_0_clk (net)
                  0.08    0.00    0.52 ^ _1213_/CLK (sky130_fd_sc_hd__dfxtp_1)
                          0.25    0.77   clock uncertainty
                         -0.03    0.74   clock reconvergence pessimism
                         -0.03    0.72   library hold time
                                  0.72   data required time
-----------------------------------------------------------------------------
                                  0.72   data required time
                                 -1.49   data arrival time
-----------------------------------------------------------------------------
                                  0.77   slack (MET)


Startpoint: _1204_ (rising edge-triggered flip-flop clocked by clk)
Endpoint: _1204_ (rising edge-triggered flip-flop clocked by clk)
Path Group: clk
Path Type: min

Fanout     Cap    Slew   Delay    Time   Description
-----------------------------------------------------------------------------
                          0.00    0.00   clock clk (rise edge)
                          0.00    0.00   clock source latency
                  0.12    0.08    0.08 ^ clk (in)
     1    0.02                           clk (net)
                  0.12    0.00    0.08 ^ clkbuf_0_clk/A (sky130_fd_sc_hd__clkbuf_16)
                  0.14    0.22    0.29 ^ clkbuf_0_clk/X (sky130_fd_sc_hd__clkbuf_16)
    16    0.12                           clknet_0_clk (net)
                  0.14    0.00    0.30 ^ clkbuf_4_8_0_clk/A (sky130_fd_sc_hd__clkbuf_8)
                  0.07    0.17    0.47 ^ clkbuf_4_8_0_clk/X (sky130_fd_sc_hd__clkbuf_8)
    10    0.03                           clknet_4_8_0_clk (net)
                  0.07    0.00    0.47 ^ _1204_/CLK (sky130_fd_sc_hd__dfxtp_1)
                  0.07    0.31    0.78 ^ _1204_/Q (sky130_fd_sc_hd__dfxtp_1)
     2    0.01                           u_sram.mem[51][0] (net)
                  0.07    0.00    0.78 ^ hold44/A (sky130_fd_sc_hd__dlygate4sd3_1)
                  0.05    0.51    1.29 ^ hold44/X (sky130_fd_sc_hd__dlygate4sd3_1)
     1    0.00                           net60 (net)
                  0.05    0.00    1.29 ^ _0985_/A0 (sky130_fd_sc_hd__mux2_1)
                  0.04    0.11    1.40 ^ _0985_/X (sky130_fd_sc_hd__mux2_1)
     1    0.00                           _0398_ (net)
                  0.04    0.00    1.40 ^ _0986_/A (sky130_fd_sc_hd__clkbuf_1)
                  0.04    0.07    1.47 ^ _0986_/X (sky130_fd_sc_hd__clkbuf_1)
     1    0.00                           _0038_ (net)
                  0.04    0.00    1.47 ^ _1204_/D (sky130_fd_sc_hd__dfxtp_1)
                                  1.47   data arrival time

                          0.00    0.00   clock clk (rise edge)
                          0.00    0.00   clock source latency
                  0.12    0.08    0.08 ^ clk (in)
     1    0.02                           clk (net)
                  0.12    0.00    0.08 ^ clkbuf_0_clk/A (sky130_fd_sc_hd__clkbuf_16)
                  0.14    0.24    0.32 ^ clkbuf_0_clk/X (sky130_fd_sc_hd__clkbuf_16)
    16    0.12                           clknet_0_clk (net)
                  0.14    0.00    0.33 ^ clkbuf_4_8_0_clk/A (sky130_fd_sc_hd__clkbuf_8)
                  0.07    0.19    0.52 ^ clkbuf_4_8_0_clk/X (sky130_fd_sc_hd__clkbuf_8)
    10    0.03                           clknet_4_8_0_clk (net)
                  0.07    0.00    0.52 ^ _1204_/CLK (sky130_fd_sc_hd__dfxtp_1)
                          0.25    0.77   clock uncertainty
                         -0.05    0.72   clock reconvergence pessimism
                         -0.03    0.69   library hold time
                                  0.69   data required time
-----------------------------------------------------------------------------
                                  0.69   data required time
                                 -1.47   data arrival time
-----------------------------------------------------------------------------
                                  0.77   slack (MET)


Startpoint: _1178_ (rising edge-triggered flip-flop clocked by clk)
Endpoint: _1283_ (rising edge-triggered flip-flop clocked by clk)
Path Group: clk
Path Type: min

Fanout     Cap    Slew   Delay    Time   Description
-----------------------------------------------------------------------------
                          0.00    0.00   clock clk (rise edge)
                          0.00    0.00   clock source latency
                  0.12    0.08    0.08 ^ clk (in)
     1    0.02                           clk (net)
                  0.12    0.00    0.08 ^ clkbuf_0_clk/A (sky130_fd_sc_hd__clkbuf_16)
                  0.14    0.22    0.29 ^ clkbuf_0_clk/X (sky130_fd_sc_hd__clkbuf_16)
    16    0.12                           clknet_0_clk (net)
                  0.14    0.00    0.30 ^ clkbuf_4_15_0_clk/A (sky130_fd_sc_hd__clkbuf_8)
                  0.05    0.16    0.45 ^ clkbuf_4_15_0_clk/X (sky130_fd_sc_hd__clkbuf_8)
     6    0.02                           clknet_4_15_0_clk (net)
                  0.05    0.00    0.45 ^ _1178_/CLK (sky130_fd_sc_hd__dfrtp_4)
                  0.16    0.47    0.92 ^ _1178_/Q (sky130_fd_sc_hd__dfrtp_4)
     9    0.05                           u_addr_gen.addr[5] (net)
                  0.16    0.00    0.92 ^ _0590_/B (sky130_fd_sc_hd__or3b_4)
                  0.12    0.21    1.13 ^ _0590_/X (sky130_fd_sc_hd__or3b_4)
     8    0.03                           _0519_ (net)
                  0.12    0.00    1.13 ^ _0612_/B (sky130_fd_sc_hd__nor2_1)
                  0.07    0.09    1.22 v _0612_/Y (sky130_fd_sc_hd__nor2_1)
     2    0.01                           _0533_ (net)
                  0.07    0.00    1.22 v _0613_/S (sky130_fd_sc_hd__mux2_1)
                  0.04    0.19    1.41 ^ _0613_/X (sky130_fd_sc_hd__mux2_1)
     1    0.00                           _0534_ (net)
                  0.04    0.00    1.41 ^ _0614_/A (sky130_fd_sc_hd__clkbuf_1)
                  0.04    0.07    1.48 ^ _0614_/X (sky130_fd_sc_hd__clkbuf_1)
     1    0.00                           _0117_ (net)
                  0.04    0.00    1.48 ^ _1283_/D (sky130_fd_sc_hd__dfxtp_1)
                                  1.48   data arrival time

                          0.00    0.00   clock clk (rise edge)
                          0.00    0.00   clock source latency
                  0.12    0.08    0.08 ^ clk (in)
     1    0.02                           clk (net)
                  0.12    0.00    0.08 ^ clkbuf_0_clk/A (sky130_fd_sc_hd__clkbuf_16)
                  0.14    0.24    0.32 ^ clkbuf_0_clk/X (sky130_fd_sc_hd__clkbuf_16)
    16    0.12                           clknet_0_clk (net)
                  0.14    0.00    0.33 ^ clkbuf_4_0_0_clk/A (sky130_fd_sc_hd__clkbuf_8)
                  0.07    0.19    0.52 ^ clkbuf_4_0_0_clk/X (sky130_fd_sc_hd__clkbuf_8)
    10    0.03                           clknet_4_0_0_clk (net)
                  0.07    0.00    0.52 ^ _1283_/CLK (sky130_fd_sc_hd__dfxtp_1)
                          0.25    0.77   clock uncertainty
                         -0.03    0.74   clock reconvergence pessimism
                         -0.03    0.71   library hold time
                                  0.71   data required time
-----------------------------------------------------------------------------
                                  0.71   data required time
                                 -1.48   data arrival time
-----------------------------------------------------------------------------
                                  0.77   slack (MET)


Startpoint: _1307_ (rising edge-triggered flip-flop clocked by clk)
Endpoint: _1307_ (rising edge-triggered flip-flop clocked by clk)
Path Group: clk
Path Type: min

Fanout     Cap    Slew   Delay    Time   Description
-----------------------------------------------------------------------------
                          0.00    0.00   clock clk (rise edge)
                          0.00    0.00   clock source latency
                  0.12    0.08    0.08 ^ clk (in)
     1    0.02                           clk (net)
                  0.12    0.00    0.08 ^ clkbuf_0_clk/A (sky130_fd_sc_hd__clkbuf_16)
                  0.14    0.22    0.29 ^ clkbuf_0_clk/X (sky130_fd_sc_hd__clkbuf_16)
    16    0.12                           clknet_0_clk (net)
                  0.14    0.00    0.30 ^ clkbuf_4_10_0_clk/A (sky130_fd_sc_hd__clkbuf_8)
                  0.09    0.19    0.48 ^ clkbuf_4_10_0_clk/X (sky130_fd_sc_hd__clkbuf_8)
    15    0.04                           clknet_4_10_0_clk (net)
                  0.09    0.00    0.49 ^ _1307_/CLK (sky130_fd_sc_hd__dfrtp_1)
                  0.04    0.31    0.79 ^ _1307_/Q (sky130_fd_sc_hd__dfrtp_1)
     1    0.00                           u_fsm.protocol_error (net)
                  0.04    0.00    0.79 ^ hold8/A (sky130_fd_sc_hd__dlygate4sd3_1)
                  0.09    0.53    1.33 ^ hold8/X (sky130_fd_sc_hd__dlygate4sd3_1)
     2    0.01                           net24 (net)
                  0.09    0.00    1.33 ^ _0672_/A (sky130_fd_sc_hd__clkbuf_1)
                  0.04    0.08    1.41 ^ _0672_/X (sky130_fd_sc_hd__clkbuf_1)
     1    0.00                           _0569_ (net)
                  0.04    0.00    1.41 ^ _0673_/A (sky130_fd_sc_hd__clkbuf_1)
                  0.04    0.07    1.48 ^ _0673_/X (sky130_fd_sc_hd__clkbuf_1)
     1    0.00                           _0141_ (net)
                  0.04    0.00    1.48 ^ _1307_/D (sky130_fd_sc_hd__dfrtp_1)
                                  1.48   data arrival time

                          0.00    0.00   clock clk (rise edge)
                          0.00    0.00   clock source latency
                  0.12    0.08    0.08 ^ clk (in)
     1    0.02                           clk (net)
                  0.12    0.00    0.08 ^ clkbuf_0_clk/A (sky130_fd_sc_hd__clkbuf_16)
                  0.14    0.24    0.32 ^ clkbuf_0_clk/X (sky130_fd_sc_hd__clkbuf_16)
    16    0.12                           clknet_0_clk (net)
                  0.14    0.00    0.33 ^ clkbuf_4_10_0_clk/A (sky130_fd_sc_hd__clkbuf_8)
                  0.09    0.21    0.53 ^ clkbuf_4_10_0_clk/X (sky130_fd_sc_hd__clkbuf_8)
    15    0.04                           clknet_4_10_0_clk (net)
                  0.09    0.00    0.54 ^ _1307_/CLK (sky130_fd_sc_hd__dfrtp_1)
                          0.25    0.79   clock uncertainty
                         -0.05    0.74   clock reconvergence pessimism
                         -0.03    0.71   library hold time
                                  0.71   data required time
-----------------------------------------------------------------------------
                                  0.71   data required time
                                 -1.48   data arrival time
-----------------------------------------------------------------------------
                                  0.78   slack (MET)


Startpoint: _1177_ (rising edge-triggered flip-flop clocked by clk)
Endpoint: _1247_ (rising edge-triggered flip-flop clocked by clk)
Path Group: clk
Path Type: min

Fanout     Cap    Slew   Delay    Time   Description
-----------------------------------------------------------------------------
                          0.00    0.00   clock clk (rise edge)
                          0.00    0.00   clock source latency
                  0.12    0.08    0.08 ^ clk (in)
     1    0.02                           clk (net)
                  0.12    0.00    0.08 ^ clkbuf_0_clk/A (sky130_fd_sc_hd__clkbuf_16)
                  0.14    0.22    0.29 ^ clkbuf_0_clk/X (sky130_fd_sc_hd__clkbuf_16)
    16    0.12                           clknet_0_clk (net)
                  0.14    0.00    0.30 ^ clkbuf_4_15_0_clk/A (sky130_fd_sc_hd__clkbuf_8)
                  0.05    0.16    0.45 ^ clkbuf_4_15_0_clk/X (sky130_fd_sc_hd__clkbuf_8)
     6    0.02                           clknet_4_15_0_clk (net)
                  0.05    0.00    0.45 ^ _1177_/CLK (sky130_fd_sc_hd__dfrtp_4)
                  0.11    0.51    0.97 v _1177_/Q (sky130_fd_sc_hd__dfrtp_4)
     8    0.04                           u_addr_gen.addr[4] (net)
                  0.11    0.00    0.97 v _1092_/C (sky130_fd_sc_hd__nand3b_4)
                  0.11    0.14    1.11 ^ _1092_/Y (sky130_fd_sc_hd__nand3b_4)
     8    0.03                           _0466_ (net)
                  0.11    0.00    1.11 ^ _1105_/B (sky130_fd_sc_hd__or2_1)
                  0.12    0.16    1.27 ^ _1105_/X (sky130_fd_sc_hd__or2_1)
     2    0.01                           _0475_ (net)
                  0.12    0.00    1.27 ^ _1106_/S (sky130_fd_sc_hd__mux2_1)
                  0.05    0.14    1.42 ^ _1106_/X (sky130_fd_sc_hd__mux2_1)
     1    0.00                           _0476_ (net)
                  0.05    0.00    1.42 ^ _1107_/A (sky130_fd_sc_hd__clkbuf_1)
                  0.04    0.07    1.49 ^ _1107_/X (sky130_fd_sc_hd__clkbuf_1)
     1    0.00                           _0081_ (net)
                  0.04    0.00    1.49 ^ _1247_/D (sky130_fd_sc_hd__dfxtp_1)
                                  1.49   data arrival time

                          0.00    0.00   clock clk (rise edge)
                          0.00    0.00   clock source latency
                  0.12    0.08    0.08 ^ clk (in)
     1    0.02                           clk (net)
                  0.12    0.00    0.08 ^ clkbuf_0_clk/A (sky130_fd_sc_hd__clkbuf_16)
                  0.14    0.24    0.32 ^ clkbuf_0_clk/X (sky130_fd_sc_hd__clkbuf_16)
    16    0.12                           clknet_0_clk (net)
                  0.14    0.00    0.33 ^ clkbuf_4_5_0_clk/A (sky130_fd_sc_hd__clkbuf_8)
                  0.07    0.19    0.52 ^ clkbuf_4_5_0_clk/X (sky130_fd_sc_hd__clkbuf_8)
    11    0.03                           clknet_4_5_0_clk (net)
                  0.07    0.00    0.52 ^ _1247_/CLK (sky130_fd_sc_hd__dfxtp_1)
                          0.25    0.77   clock uncertainty
                         -0.03    0.74   clock reconvergence pessimism
                         -0.03    0.71   library hold time
                                  0.71   data required time
-----------------------------------------------------------------------------
                                  0.71   data required time
                                 -1.49   data arrival time
-----------------------------------------------------------------------------
                                  0.78   slack (MET)


Startpoint: _1197_ (rising edge-triggered flip-flop clocked by clk)
Endpoint: _1197_ (rising edge-triggered flip-flop clocked by clk)
Path Group: clk
Path Type: min

Fanout     Cap    Slew   Delay    Time   Description
-----------------------------------------------------------------------------
                          0.00    0.00   clock clk (rise edge)
                          0.00    0.00   clock source latency
                  0.12    0.08    0.08 ^ clk (in)
     1    0.02                           clk (net)
                  0.12    0.00    0.08 ^ clkbuf_0_clk/A (sky130_fd_sc_hd__clkbuf_16)
                  0.14    0.22    0.29 ^ clkbuf_0_clk/X (sky130_fd_sc_hd__clkbuf_16)
    16    0.12                           clknet_0_clk (net)
                  0.14    0.00    0.30 ^ clkbuf_4_2_0_clk/A (sky130_fd_sc_hd__clkbuf_8)
                  0.08    0.18    0.48 ^ clkbuf_4_2_0_clk/X (sky130_fd_sc_hd__clkbuf_8)
    14    0.04                           clknet_4_2_0_clk (net)
                  0.08    0.00    0.48 ^ _1197_/CLK (sky130_fd_sc_hd__dfxtp_1)
                  0.06    0.32    0.79 ^ _1197_/Q (sky130_fd_sc_hd__dfxtp_1)
     2    0.01                           u_sram.mem[54][1] (net)
                  0.06    0.00    0.79 ^ hold36/A (sky130_fd_sc_hd__dlygate4sd3_1)
                  0.05    0.51    1.30 ^ hold36/X (sky130_fd_sc_hd__dlygate4sd3_1)
     1    0.00                           net52 (net)
                  0.05    0.00    1.30 ^ _0965_/A0 (sky130_fd_sc_hd__mux2_1)
                  0.04    0.11    1.41 ^ _0965_/X (sky130_fd_sc_hd__mux2_1)
     1    0.00                           _0385_ (net)
                  0.04    0.00    1.41 ^ _0966_/A (sky130_fd_sc_hd__clkbuf_1)
                  0.04    0.07    1.48 ^ _0966_/X (sky130_fd_sc_hd__clkbuf_1)
     1    0.00                           _0031_ (net)
                  0.04    0.00    1.48 ^ _1197_/D (sky130_fd_sc_hd__dfxtp_1)
                                  1.48   data arrival time

                          0.00    0.00   clock clk (rise edge)
                          0.00    0.00   clock source latency
                  0.12    0.08    0.08 ^ clk (in)
     1    0.02                           clk (net)
                  0.12    0.00    0.08 ^ clkbuf_0_clk/A (sky130_fd_sc_hd__clkbuf_16)
                  0.14    0.24    0.32 ^ clkbuf_0_clk/X (sky130_fd_sc_hd__clkbuf_16)
    16    0.12                           clknet_0_clk (net)
                  0.14    0.00    0.33 ^ clkbuf_4_2_0_clk/A (sky130_fd_sc_hd__clkbuf_8)
                  0.08    0.20    0.53 ^ clkbuf_4_2_0_clk/X (sky130_fd_sc_hd__clkbuf_8)
    14    0.04                           clknet_4_2_0_clk (net)
                  0.08    0.00    0.53 ^ _1197_/CLK (sky130_fd_sc_hd__dfxtp_1)
                          0.25    0.78   clock uncertainty
                         -0.05    0.73   clock reconvergence pessimism
                         -0.02    0.71   library hold time
                                  0.71   data required time
-----------------------------------------------------------------------------
                                  0.71   data required time
                                 -1.48   data arrival time
-----------------------------------------------------------------------------
                                  0.78   slack (MET)


Startpoint: _1246_ (rising edge-triggered flip-flop clocked by clk)
Endpoint: _1246_ (rising edge-triggered flip-flop clocked by clk)
Path Group: clk
Path Type: min

Fanout     Cap    Slew   Delay    Time   Description
-----------------------------------------------------------------------------
                          0.00    0.00   clock clk (rise edge)
                          0.00    0.00   clock source latency
                  0.12    0.08    0.08 ^ clk (in)
     1    0.02                           clk (net)
                  0.12    0.00    0.08 ^ clkbuf_0_clk/A (sky130_fd_sc_hd__clkbuf_16)
                  0.14    0.22    0.29 ^ clkbuf_0_clk/X (sky130_fd_sc_hd__clkbuf_16)
    16    0.12                           clknet_0_clk (net)
                  0.14    0.00    0.30 ^ clkbuf_4_15_0_clk/A (sky130_fd_sc_hd__clkbuf_8)
                  0.05    0.16    0.45 ^ clkbuf_4_15_0_clk/X (sky130_fd_sc_hd__clkbuf_8)
     6    0.02                           clknet_4_15_0_clk (net)
                  0.05    0.00    0.45 ^ _1246_/CLK (sky130_fd_sc_hd__dfxtp_1)
                  0.06    0.30    0.75 ^ _1246_/Q (sky130_fd_sc_hd__dfxtp_1)
     2    0.01                           u_sram.mem[30][0] (net)
                  0.06    0.00    0.75 ^ hold21/A (sky130_fd_sc_hd__dlygate4sd3_1)
                  0.05    0.51    1.26 ^ hold21/X (sky130_fd_sc_hd__dlygate4sd3_1)
     1    0.00                           net37 (net)
                  0.05    0.00    1.26 ^ _1103_/A1 (sky130_fd_sc_hd__mux2_1)
                  0.04    0.11    1.38 ^ _1103_/X (sky130_fd_sc_hd__mux2_1)
     1    0.00                           _0474_ (net)
                  0.04    0.00    1.38 ^ _1104_/A (sky130_fd_sc_hd__clkbuf_1)
                  0.04    0.07    1.45 ^ _1104_/X (sky130_fd_sc_hd__clkbuf_1)
     1    0.00                           _0080_ (net)
                  0.04    0.00    1.45 ^ _1246_/D (sky130_fd_sc_hd__dfxtp_1)
                                  1.45   data arrival time

                          0.00    0.00   clock clk (rise edge)
                          0.00    0.00   clock source latency
                  0.12    0.08    0.08 ^ clk (in)
     1    0.02                           clk (net)
                  0.12    0.00    0.08 ^ clkbuf_0_clk/A (sky130_fd_sc_hd__clkbuf_16)
                  0.14    0.24    0.32 ^ clkbuf_0_clk/X (sky130_fd_sc_hd__clkbuf_16)
    16    0.12                           clknet_0_clk (net)
                  0.14    0.00    0.33 ^ clkbuf_4_15_0_clk/A (sky130_fd_sc_hd__clkbuf_8)
                  0.05    0.17    0.50 ^ clkbuf_4_15_0_clk/X (sky130_fd_sc_hd__clkbuf_8)
     6    0.02                           clknet_4_15_0_clk (net)
                  0.05    0.00    0.50 ^ _1246_/CLK (sky130_fd_sc_hd__dfxtp_1)
                          0.25    0.75   clock uncertainty
                         -0.05    0.70   clock reconvergence pessimism
                         -0.03    0.67   library hold time
                                  0.67   data required time
-----------------------------------------------------------------------------
                                  0.67   data required time
                                 -1.45   data arrival time
-----------------------------------------------------------------------------
                                  0.78   slack (MET)


Startpoint: _1195_ (rising edge-triggered flip-flop clocked by clk)
Endpoint: _1195_ (rising edge-triggered flip-flop clocked by clk)
Path Group: clk
Path Type: min

Fanout     Cap    Slew   Delay    Time   Description
-----------------------------------------------------------------------------
                          0.00    0.00   clock clk (rise edge)
                          0.00    0.00   clock source latency
                  0.12    0.08    0.08 ^ clk (in)
     1    0.02                           clk (net)
                  0.12    0.00    0.08 ^ clkbuf_0_clk/A (sky130_fd_sc_hd__clkbuf_16)
                  0.14    0.22    0.29 ^ clkbuf_0_clk/X (sky130_fd_sc_hd__clkbuf_16)
    16    0.12                           clknet_0_clk (net)
                  0.14    0.00    0.30 ^ clkbuf_4_8_0_clk/A (sky130_fd_sc_hd__clkbuf_8)
                  0.07    0.17    0.47 ^ clkbuf_4_8_0_clk/X (sky130_fd_sc_hd__clkbuf_8)
    10    0.03                           clknet_4_8_0_clk (net)
                  0.07    0.00    0.47 ^ _1195_/CLK (sky130_fd_sc_hd__dfxtp_1)
                  0.07    0.32    0.79 ^ _1195_/Q (sky130_fd_sc_hd__dfxtp_1)
     2    0.01                           u_sram.mem[55][1] (net)
                  0.07    0.00    0.79 ^ hold54/A (sky130_fd_sc_hd__dlygate4sd3_1)
                  0.05    0.51    1.29 ^ hold54/X (sky130_fd_sc_hd__dlygate4sd3_1)
     1    0.00                           net70 (net)
                  0.05    0.00    1.29 ^ _0959_/A0 (sky130_fd_sc_hd__mux2_1)
                  0.04    0.11    1.40 ^ _0959_/X (sky130_fd_sc_hd__mux2_1)
     1    0.00                           _0381_ (net)
                  0.04    0.00    1.40 ^ _0960_/A (sky130_fd_sc_hd__clkbuf_1)
                  0.04    0.07    1.47 ^ _0960_/X (sky130_fd_sc_hd__clkbuf_1)
     1    0.00                           _0029_ (net)
                  0.04    0.00    1.47 ^ _1195_/D (sky130_fd_sc_hd__dfxtp_1)
                                  1.47   data arrival time

                          0.00    0.00   clock clk (rise edge)
                          0.00    0.00   clock source latency
                  0.12    0.08    0.08 ^ clk (in)
     1    0.02                           clk (net)
                  0.12    0.00    0.08 ^ clkbuf_0_clk/A (sky130_fd_sc_hd__clkbuf_16)
                  0.14    0.24    0.32 ^ clkbuf_0_clk/X (sky130_fd_sc_hd__clkbuf_16)
    16    0.12                           clknet_0_clk (net)
                  0.14    0.00    0.33 ^ clkbuf_4_8_0_clk/A (sky130_fd_sc_hd__clkbuf_8)
                  0.07    0.19    0.52 ^ clkbuf_4_8_0_clk/X (sky130_fd_sc_hd__clkbuf_8)
    10    0.03                           clknet_4_8_0_clk (net)
                  0.07    0.00    0.52 ^ _1195_/CLK (sky130_fd_sc_hd__dfxtp_1)
                          0.25    0.77   clock uncertainty
                         -0.05    0.72   clock reconvergence pessimism
                         -0.03    0.69   library hold time
                                  0.69   data required time
-----------------------------------------------------------------------------
                                  0.69   data required time
                                 -1.47   data arrival time
-----------------------------------------------------------------------------
                                  0.78   slack (MET)


Startpoint: _1177_ (rising edge-triggered flip-flop clocked by clk)
Endpoint: _1312_ (rising edge-triggered flip-flop clocked by clk)
Path Group: clk
Path Type: min

Fanout     Cap    Slew   Delay    Time   Description
-----------------------------------------------------------------------------
                          0.00    0.00   clock clk (rise edge)
                          0.00    0.00   clock source latency
                  0.12    0.08    0.08 ^ clk (in)
     1    0.02                           clk (net)
                  0.12    0.00    0.08 ^ clkbuf_0_clk/A (sky130_fd_sc_hd__clkbuf_16)
                  0.14    0.22    0.29 ^ clkbuf_0_clk/X (sky130_fd_sc_hd__clkbuf_16)
    16    0.12                           clknet_0_clk (net)
                  0.14    0.00    0.30 ^ clkbuf_4_15_0_clk/A (sky130_fd_sc_hd__clkbuf_8)
                  0.05    0.16    0.45 ^ clkbuf_4_15_0_clk/X (sky130_fd_sc_hd__clkbuf_8)
     6    0.02                           clknet_4_15_0_clk (net)
                  0.05    0.00    0.45 ^ _1177_/CLK (sky130_fd_sc_hd__dfrtp_4)
                  0.16    0.47    0.92 ^ _1177_/Q (sky130_fd_sc_hd__dfrtp_4)
     8    0.05                           u_addr_gen.addr[4] (net)
                  0.16    0.00    0.92 ^ hold10/A (sky130_fd_sc_hd__dlygate4sd3_1)
                  0.07    0.55    1.47 ^ hold10/X (sky130_fd_sc_hd__dlygate4sd3_1)
     1    0.00                           net26 (net)
                  0.07    0.00    1.47 ^ _1312_/D (sky130_fd_sc_hd__dfrtp_1)
                                  1.47   data arrival time

                          0.00    0.00   clock clk (rise edge)
                          0.00    0.00   clock source latency
                  0.12    0.08    0.08 ^ clk (in)
     1    0.02                           clk (net)
                  0.12    0.00    0.08 ^ clkbuf_0_clk/A (sky130_fd_sc_hd__clkbuf_16)
                  0.14    0.24    0.32 ^ clkbuf_0_clk/X (sky130_fd_sc_hd__clkbuf_16)
    16    0.12                           clknet_0_clk (net)
                  0.14    0.00    0.33 ^ clkbuf_4_14_0_clk/A (sky130_fd_sc_hd__clkbuf_8)
                  0.06    0.18    0.51 ^ clkbuf_4_14_0_clk/X (sky130_fd_sc_hd__clkbuf_8)
     8    0.03                           clknet_4_14_0_clk (net)
                  0.06    0.00    0.51 ^ _1312_/CLK (sky130_fd_sc_hd__dfrtp_1)
                          0.25    0.76   clock uncertainty
                         -0.03    0.73   clock reconvergence pessimism
                         -0.04    0.69   library hold time
                                  0.69   data required time
-----------------------------------------------------------------------------
                                  0.69   data required time
                                 -1.47   data arrival time
-----------------------------------------------------------------------------
                                  0.78   slack (MET)


Startpoint: _1178_ (rising edge-triggered flip-flop clocked by clk)
Endpoint: _1287_ (rising edge-triggered flip-flop clocked by clk)
Path Group: clk
Path Type: min

Fanout     Cap    Slew   Delay    Time   Description
-----------------------------------------------------------------------------
                          0.00    0.00   clock clk (rise edge)
                          0.00    0.00   clock source latency
                  0.12    0.08    0.08 ^ clk (in)
     1    0.02                           clk (net)
                  0.12    0.00    0.08 ^ clkbuf_0_clk/A (sky130_fd_sc_hd__clkbuf_16)
                  0.14    0.22    0.29 ^ clkbuf_0_clk/X (sky130_fd_sc_hd__clkbuf_16)
    16    0.12                           clknet_0_clk (net)
                  0.14    0.00    0.30 ^ clkbuf_4_15_0_clk/A (sky130_fd_sc_hd__clkbuf_8)
                  0.05    0.16    0.45 ^ clkbuf_4_15_0_clk/X (sky130_fd_sc_hd__clkbuf_8)
     6    0.02                           clknet_4_15_0_clk (net)
                  0.05    0.00    0.45 ^ _1178_/CLK (sky130_fd_sc_hd__dfrtp_4)
                  0.16    0.47    0.92 ^ _1178_/Q (sky130_fd_sc_hd__dfrtp_4)
     9    0.05                           u_addr_gen.addr[5] (net)
                  0.16    0.00    0.92 ^ _0590_/B (sky130_fd_sc_hd__or3b_4)
                  0.12    0.21    1.13 ^ _0590_/X (sky130_fd_sc_hd__or3b_4)
     8    0.03                           _0519_ (net)
                  0.12    0.00    1.13 ^ _0622_/B (sky130_fd_sc_hd__or2_1)
                  0.10    0.15    1.29 ^ _0622_/X (sky130_fd_sc_hd__or2_1)
     2    0.01                           _0539_ (net)
                  0.10    0.00    1.29 ^ _0623_/S (sky130_fd_sc_hd__mux2_1)
                  0.04    0.13    1.42 ^ _0623_/X (sky130_fd_sc_hd__mux2_1)
     1    0.00                           _0540_ (net)
                  0.04    0.00    1.42 ^ _0624_/A (sky130_fd_sc_hd__clkbuf_1)
                  0.04    0.07    1.49 ^ _0624_/X (sky130_fd_sc_hd__clkbuf_1)
     1    0.00                           _0121_ (net)
                  0.04    0.00    1.49 ^ _1287_/D (sky130_fd_sc_hd__dfxtp_1)
                                  1.49   data arrival time

                          0.00    0.00   clock clk (rise edge)
                          0.00    0.00   clock source latency
                  0.12    0.08    0.08 ^ clk (in)
     1    0.02                           clk (net)
                  0.12    0.00    0.08 ^ clkbuf_0_clk/A (sky130_fd_sc_hd__clkbuf_16)
                  0.14    0.24    0.32 ^ clkbuf_0_clk/X (sky130_fd_sc_hd__clkbuf_16)
    16    0.12                           clknet_0_clk (net)
                  0.14    0.00    0.33 ^ clkbuf_4_1_0_clk/A (sky130_fd_sc_hd__clkbuf_8)
                  0.07    0.19    0.52 ^ clkbuf_4_1_0_clk/X (sky130_fd_sc_hd__clkbuf_8)
    10    0.03                           clknet_4_1_0_clk (net)
                  0.07    0.00    0.52 ^ _1287_/CLK (sky130_fd_sc_hd__dfxtp_1)
                          0.25    0.77   clock uncertainty
                         -0.03    0.74   clock reconvergence pessimism
                         -0.03    0.71   library hold time
                                  0.71   data required time
-----------------------------------------------------------------------------
                                  0.71   data required time
                                 -1.49   data arrival time
-----------------------------------------------------------------------------
                                  0.78   slack (MET)


Startpoint: _1178_ (rising edge-triggered flip-flop clocked by clk)
Endpoint: _1215_ (rising edge-triggered flip-flop clocked by clk)
Path Group: clk
Path Type: min

Fanout     Cap    Slew   Delay    Time   Description
-----------------------------------------------------------------------------
                          0.00    0.00   clock clk (rise edge)
                          0.00    0.00   clock source latency
                  0.12    0.08    0.08 ^ clk (in)
     1    0.02                           clk (net)
                  0.12    0.00    0.08 ^ clkbuf_0_clk/A (sky130_fd_sc_hd__clkbuf_16)
                  0.14    0.22    0.29 ^ clkbuf_0_clk/X (sky130_fd_sc_hd__clkbuf_16)
    16    0.12                           clknet_0_clk (net)
                  0.14    0.00    0.30 ^ clkbuf_4_15_0_clk/A (sky130_fd_sc_hd__clkbuf_8)
                  0.05    0.16    0.45 ^ clkbuf_4_15_0_clk/X (sky130_fd_sc_hd__clkbuf_8)
     6    0.02                           clknet_4_15_0_clk (net)
                  0.05    0.00    0.45 ^ _1178_/CLK (sky130_fd_sc_hd__dfrtp_4)
                  0.11    0.51    0.97 v _1178_/Q (sky130_fd_sc_hd__dfrtp_4)
     9    0.04                           u_addr_gen.addr[5] (net)
                  0.11    0.00    0.97 v _1005_/B (sky130_fd_sc_hd__nand3b_4)
                  0.15    0.18    1.14 ^ _1005_/Y (sky130_fd_sc_hd__nand3b_4)
     8    0.05                           _0411_ (net)
                  0.15    0.00    1.14 ^ _1018_/B (sky130_fd_sc_hd__or2_1)
                  0.09    0.15    1.30 ^ _1018_/X (sky130_fd_sc_hd__or2_1)
     2    0.01                           _0420_ (net)
                  0.09    0.00    1.30 ^ _1019_/S (sky130_fd_sc_hd__mux2_1)
                  0.04    0.13    1.43 ^ _1019_/X (sky130_fd_sc_hd__mux2_1)
     1    0.00                           _0421_ (net)
                  0.04    0.00    1.43 ^ _1020_/A (sky130_fd_sc_hd__clkbuf_1)
                  0.04    0.07    1.50 ^ _1020_/X (sky130_fd_sc_hd__clkbuf_1)
     1    0.00                           _0049_ (net)
                  0.04    0.00    1.50 ^ _1215_/D (sky130_fd_sc_hd__dfxtp_1)
                                  1.50   data arrival time

                          0.00    0.00   clock clk (rise edge)
                          0.00    0.00   clock source latency
                  0.12    0.08    0.08 ^ clk (in)
     1    0.02                           clk (net)
                  0.12    0.00    0.08 ^ clkbuf_0_clk/A (sky130_fd_sc_hd__clkbuf_16)
                  0.14    0.24    0.32 ^ clkbuf_0_clk/X (sky130_fd_sc_hd__clkbuf_16)
    16    0.12                           clknet_0_clk (net)
                  0.14    0.00    0.33 ^ clkbuf_4_11_0_clk/A (sky130_fd_sc_hd__clkbuf_8)
                  0.08    0.19    0.52 ^ clkbuf_4_11_0_clk/X (sky130_fd_sc_hd__clkbuf_8)
    12    0.04                           clknet_4_11_0_clk (net)
                  0.08    0.00    0.52 ^ _1215_/CLK (sky130_fd_sc_hd__dfxtp_1)
                          0.25    0.77   clock uncertainty
                         -0.03    0.74   clock reconvergence pessimism
                         -0.03    0.72   library hold time
                                  0.72   data required time
-----------------------------------------------------------------------------
                                  0.72   data required time
                                 -1.50   data arrival time
-----------------------------------------------------------------------------
                                  0.78   slack (MET)


Startpoint: _1227_ (rising edge-triggered flip-flop clocked by clk)
Endpoint: _1227_ (rising edge-triggered flip-flop clocked by clk)
Path Group: clk
Path Type: min

Fanout     Cap    Slew   Delay    Time   Description
-----------------------------------------------------------------------------
                          0.00    0.00   clock clk (rise edge)
                          0.00    0.00   clock source latency
                  0.12    0.08    0.08 ^ clk (in)
     1    0.02                           clk (net)
                  0.12    0.00    0.08 ^ clkbuf_0_clk/A (sky130_fd_sc_hd__clkbuf_16)
                  0.14    0.22    0.29 ^ clkbuf_0_clk/X (sky130_fd_sc_hd__clkbuf_16)
    16    0.12                           clknet_0_clk (net)
                  0.14    0.00    0.30 ^ clkbuf_4_5_0_clk/A (sky130_fd_sc_hd__clkbuf_8)
                  0.07    0.17    0.47 ^ clkbuf_4_5_0_clk/X (sky130_fd_sc_hd__clkbuf_8)
    11    0.03                           clknet_4_5_0_clk (net)
                  0.07    0.00    0.47 ^ _1227_/CLK (sky130_fd_sc_hd__dfxtp_1)
                  0.07    0.32    0.78 ^ _1227_/Q (sky130_fd_sc_hd__dfxtp_1)
     2    0.01                           u_sram.mem[39][1] (net)
                  0.07    0.00    0.79 ^ hold38/A (sky130_fd_sc_hd__dlygate4sd3_1)
                  0.05    0.51    1.29 ^ hold38/X (sky130_fd_sc_hd__dlygate4sd3_1)
     1    0.00                           net54 (net)
                  0.05    0.00    1.29 ^ _1053_/A0 (sky130_fd_sc_hd__mux2_1)
                  0.04    0.11    1.40 ^ _1053_/X (sky130_fd_sc_hd__mux2_1)
     1    0.00                           _0443_ (net)
                  0.04    0.00    1.40 ^ _1054_/A (sky130_fd_sc_hd__clkbuf_1)
                  0.04    0.07    1.47 ^ _1054_/X (sky130_fd_sc_hd__clkbuf_1)
     1    0.00                           _0061_ (net)
                  0.04    0.00    1.47 ^ _1227_/D (sky130_fd_sc_hd__dfxtp_1)
                                  1.47   data arrival time

                          0.00    0.00   clock clk (rise edge)
                          0.00    0.00   clock source latency
                  0.12    0.08    0.08 ^ clk (in)
     1    0.02                           clk (net)
                  0.12    0.00    0.08 ^ clkbuf_0_clk/A (sky130_fd_sc_hd__clkbuf_16)
                  0.14    0.24    0.32 ^ clkbuf_0_clk/X (sky130_fd_sc_hd__clkbuf_16)
    16    0.12                           clknet_0_clk (net)
                  0.14    0.00    0.33 ^ clkbuf_4_5_0_clk/A (sky130_fd_sc_hd__clkbuf_8)
                  0.07    0.19    0.52 ^ clkbuf_4_5_0_clk/X (sky130_fd_sc_hd__clkbuf_8)
    11    0.03                           clknet_4_5_0_clk (net)
                  0.07    0.00    0.52 ^ _1227_/CLK (sky130_fd_sc_hd__dfxtp_1)
                          0.25    0.77   clock uncertainty
                         -0.05    0.72   clock reconvergence pessimism
                         -0.03    0.69   library hold time
                                  0.69   data required time
-----------------------------------------------------------------------------
                                  0.69   data required time
                                 -1.47   data arrival time
-----------------------------------------------------------------------------
                                  0.78   slack (MET)


Startpoint: _1282_ (rising edge-triggered flip-flop clocked by clk)
Endpoint: _1282_ (rising edge-triggered flip-flop clocked by clk)
Path Group: clk
Path Type: min

Fanout     Cap    Slew   Delay    Time   Description
-----------------------------------------------------------------------------
                          0.00    0.00   clock clk (rise edge)
                          0.00    0.00   clock source latency
                  0.12    0.08    0.08 ^ clk (in)
     1    0.02                           clk (net)
                  0.12    0.00    0.08 ^ clkbuf_0_clk/A (sky130_fd_sc_hd__clkbuf_16)
                  0.14    0.22    0.29 ^ clkbuf_0_clk/X (sky130_fd_sc_hd__clkbuf_16)
    16    0.12                           clknet_0_clk (net)
                  0.14    0.00    0.30 ^ clkbuf_4_0_0_clk/A (sky130_fd_sc_hd__clkbuf_8)
                  0.07    0.17    0.47 ^ clkbuf_4_0_0_clk/X (sky130_fd_sc_hd__clkbuf_8)
    10    0.03                           clknet_4_0_0_clk (net)
                  0.07    0.00    0.47 ^ _1282_/CLK (sky130_fd_sc_hd__dfxtp_1)
                  0.06    0.31    0.78 ^ _1282_/Q (sky130_fd_sc_hd__dfxtp_1)
     2    0.01                           u_sram.mem[12][0] (net)
                  0.06    0.00    0.78 ^ hold83/A (sky130_fd_sc_hd__dlygate4sd3_1)
                  0.05    0.51    1.29 ^ hold83/X (sky130_fd_sc_hd__dlygate4sd3_1)
     1    0.00                           net99 (net)
                  0.05    0.00    1.29 ^ _0610_/A1 (sky130_fd_sc_hd__mux2_1)
                  0.04    0.11    1.40 ^ _0610_/X (sky130_fd_sc_hd__mux2_1)
     1    0.00                           _0532_ (net)
                  0.04    0.00    1.40 ^ _0611_/A (sky130_fd_sc_hd__clkbuf_1)
                  0.04    0.07    1.47 ^ _0611_/X (sky130_fd_sc_hd__clkbuf_1)
     1    0.00                           _0116_ (net)
                  0.04    0.00    1.47 ^ _1282_/D (sky130_fd_sc_hd__dfxtp_1)
                                  1.47   data arrival time

                          0.00    0.00   clock clk (rise edge)
                          0.00    0.00   clock source latency
                  0.12    0.08    0.08 ^ clk (in)
     1    0.02                           clk (net)
                  0.12    0.00    0.08 ^ clkbuf_0_clk/A (sky130_fd_sc_hd__clkbuf_16)
                  0.14    0.24    0.32 ^ clkbuf_0_clk/X (sky130_fd_sc_hd__clkbuf_16)
    16    0.12                           clknet_0_clk (net)
                  0.14    0.00    0.33 ^ clkbuf_4_0_0_clk/A (sky130_fd_sc_hd__clkbuf_8)
                  0.07    0.19    0.52 ^ clkbuf_4_0_0_clk/X (sky130_fd_sc_hd__clkbuf_8)
    10    0.03                           clknet_4_0_0_clk (net)
                  0.07    0.00    0.52 ^ _1282_/CLK (sky130_fd_sc_hd__dfxtp_1)
                          0.25    0.77   clock uncertainty
                         -0.05    0.72   clock reconvergence pessimism
                         -0.03    0.69   library hold time
                                  0.69   data required time
-----------------------------------------------------------------------------
                                  0.69   data required time
                                 -1.47   data arrival time
-----------------------------------------------------------------------------
                                  0.78   slack (MET)


Startpoint: _1177_ (rising edge-triggered flip-flop clocked by clk)
Endpoint: _1248_ (rising edge-triggered flip-flop clocked by clk)
Path Group: clk
Path Type: min

Fanout     Cap    Slew   Delay    Time   Description
-----------------------------------------------------------------------------
                          0.00    0.00   clock clk (rise edge)
                          0.00    0.00   clock source latency
                  0.12    0.08    0.08 ^ clk (in)
     1    0.02                           clk (net)
                  0.12    0.00    0.08 ^ clkbuf_0_clk/A (sky130_fd_sc_hd__clkbuf_16)
                  0.14    0.22    0.29 ^ clkbuf_0_clk/X (sky130_fd_sc_hd__clkbuf_16)
    16    0.12                           clknet_0_clk (net)
                  0.14    0.00    0.30 ^ clkbuf_4_15_0_clk/A (sky130_fd_sc_hd__clkbuf_8)
                  0.05    0.16    0.45 ^ clkbuf_4_15_0_clk/X (sky130_fd_sc_hd__clkbuf_8)
     6    0.02                           clknet_4_15_0_clk (net)
                  0.05    0.00    0.45 ^ _1177_/CLK (sky130_fd_sc_hd__dfrtp_4)
                  0.11    0.51    0.97 v _1177_/Q (sky130_fd_sc_hd__dfrtp_4)
     8    0.04                           u_addr_gen.addr[4] (net)
                  0.11    0.00    0.97 v _1092_/C (sky130_fd_sc_hd__nand3b_4)
                  0.11    0.14    1.11 ^ _1092_/Y (sky130_fd_sc_hd__nand3b_4)
     8    0.03                           _0466_ (net)
                  0.11    0.00    1.11 ^ _1105_/B (sky130_fd_sc_hd__or2_1)
                  0.12    0.16    1.27 ^ _1105_/X (sky130_fd_sc_hd__or2_1)
     2    0.01                           _0475_ (net)
                  0.12    0.00    1.27 ^ _1108_/S (sky130_fd_sc_hd__mux2_1)
                  0.05    0.15    1.42 ^ _1108_/X (sky130_fd_sc_hd__mux2_1)
     1    0.00                           _0477_ (net)
                  0.05    0.00    1.42 ^ _1109_/A (sky130_fd_sc_hd__clkbuf_1)
                  0.04    0.07    1.49 ^ _1109_/X (sky130_fd_sc_hd__clkbuf_1)
     1    0.00                           _0082_ (net)
                  0.04    0.00    1.49 ^ _1248_/D (sky130_fd_sc_hd__dfxtp_1)
                                  1.49   data arrival time

                          0.00    0.00   clock clk (rise edge)
                          0.00    0.00   clock source latency
                  0.12    0.08    0.08 ^ clk (in)
     1    0.02                           clk (net)
                  0.12    0.00    0.08 ^ clkbuf_0_clk/A (sky130_fd_sc_hd__clkbuf_16)
                  0.14    0.24    0.32 ^ clkbuf_0_clk/X (sky130_fd_sc_hd__clkbuf_16)
    16    0.12                           clknet_0_clk (net)
                  0.14    0.00    0.33 ^ clkbuf_4_5_0_clk/A (sky130_fd_sc_hd__clkbuf_8)
                  0.07    0.19    0.52 ^ clkbuf_4_5_0_clk/X (sky130_fd_sc_hd__clkbuf_8)
    11    0.03                           clknet_4_5_0_clk (net)
                  0.07    0.00    0.52 ^ _1248_/CLK (sky130_fd_sc_hd__dfxtp_1)
                          0.25    0.77   clock uncertainty
                         -0.03    0.74   clock reconvergence pessimism
                         -0.03    0.71   library hold time
                                  0.71   data required time
-----------------------------------------------------------------------------
                                  0.71   data required time
                                 -1.49   data arrival time
-----------------------------------------------------------------------------
                                  0.78   slack (MET)


Startpoint: _1272_ (rising edge-triggered flip-flop clocked by clk)
Endpoint: _1272_ (rising edge-triggered flip-flop clocked by clk)
Path Group: clk
Path Type: min

Fanout     Cap    Slew   Delay    Time   Description
-----------------------------------------------------------------------------
                          0.00    0.00   clock clk (rise edge)
                          0.00    0.00   clock source latency
                  0.12    0.08    0.08 ^ clk (in)
     1    0.02                           clk (net)
                  0.12    0.00    0.08 ^ clkbuf_0_clk/A (sky130_fd_sc_hd__clkbuf_16)
                  0.14    0.22    0.29 ^ clkbuf_0_clk/X (sky130_fd_sc_hd__clkbuf_16)
    16    0.12                           clknet_0_clk (net)
                  0.14    0.00    0.30 ^ clkbuf_4_12_0_clk/A (sky130_fd_sc_hd__clkbuf_8)
                  0.06    0.17    0.46 ^ clkbuf_4_12_0_clk/X (sky130_fd_sc_hd__clkbuf_8)
     7    0.03                           clknet_4_12_0_clk (net)
                  0.06    0.00    0.46 ^ _1272_/CLK (sky130_fd_sc_hd__dfxtp_1)
                  0.06    0.30    0.77 ^ _1272_/Q (sky130_fd_sc_hd__dfxtp_1)
     2    0.00                           u_sram.mem[17][0] (net)
                  0.06    0.00    0.77 ^ hold22/A (sky130_fd_sc_hd__dlygate4sd3_1)
                  0.05    0.51    1.28 ^ hold22/X (sky130_fd_sc_hd__dlygate4sd3_1)
     1    0.00                           net38 (net)
                  0.05    0.00    1.28 ^ _0583_/A1 (sky130_fd_sc_hd__mux2_1)
                  0.05    0.12    1.40 ^ _0583_/X (sky130_fd_sc_hd__mux2_1)
     1    0.00                           _0515_ (net)
                  0.05    0.00    1.40 ^ _0584_/A (sky130_fd_sc_hd__clkbuf_1)
                  0.04    0.07    1.47 ^ _0584_/X (sky130_fd_sc_hd__clkbuf_1)
     1    0.00                           _0106_ (net)
                  0.04    0.00    1.47 ^ _1272_/D (sky130_fd_sc_hd__dfxtp_1)
                                  1.47   data arrival time

                          0.00    0.00   clock clk (rise edge)
                          0.00    0.00   clock source latency
                  0.12    0.08    0.08 ^ clk (in)
     1    0.02                           clk (net)
                  0.12    0.00    0.08 ^ clkbuf_0_clk/A (sky130_fd_sc_hd__clkbuf_16)
                  0.14    0.24    0.32 ^ clkbuf_0_clk/X (sky130_fd_sc_hd__clkbuf_16)
    16    0.12                           clknet_0_clk (net)
                  0.14    0.00    0.33 ^ clkbuf_4_12_0_clk/A (sky130_fd_sc_hd__clkbuf_8)
                  0.06    0.18    0.51 ^ clkbuf_4_12_0_clk/X (sky130_fd_sc_hd__clkbuf_8)
     7    0.03                           clknet_4_12_0_clk (net)
                  0.06    0.00    0.51 ^ _1272_/CLK (sky130_fd_sc_hd__dfxtp_1)
                          0.25    0.76   clock uncertainty
                         -0.05    0.71   clock reconvergence pessimism
                         -0.03    0.69   library hold time
                                  0.69   data required time
-----------------------------------------------------------------------------
                                  0.69   data required time
                                 -1.47   data arrival time
-----------------------------------------------------------------------------
                                  0.78   slack (MET)


Startpoint: _1259_ (rising edge-triggered flip-flop clocked by clk)
Endpoint: _1259_ (rising edge-triggered flip-flop clocked by clk)
Path Group: clk
Path Type: min

Fanout     Cap    Slew   Delay    Time   Description
-----------------------------------------------------------------------------
                          0.00    0.00   clock clk (rise edge)
                          0.00    0.00   clock source latency
                  0.12    0.08    0.08 ^ clk (in)
     1    0.02                           clk (net)
                  0.12    0.00    0.08 ^ clkbuf_0_clk/A (sky130_fd_sc_hd__clkbuf_16)
                  0.14    0.22    0.29 ^ clkbuf_0_clk/X (sky130_fd_sc_hd__clkbuf_16)
    16    0.12                           clknet_0_clk (net)
                  0.14    0.00    0.30 ^ clkbuf_4_4_0_clk/A (sky130_fd_sc_hd__clkbuf_8)
                  0.06    0.17    0.46 ^ clkbuf_4_4_0_clk/X (sky130_fd_sc_hd__clkbuf_8)
     9    0.03                           clknet_4_4_0_clk (net)
                  0.06    0.00    0.46 ^ _1259_/CLK (sky130_fd_sc_hd__dfxtp_1)
                  0.06    0.31    0.77 ^ _1259_/Q (sky130_fd_sc_hd__dfxtp_1)
     2    0.01                           u_sram.mem[23][1] (net)
                  0.06    0.00    0.77 ^ hold51/A (sky130_fd_sc_hd__dlygate4sd3_1)
                  0.05    0.51    1.28 ^ hold51/X (sky130_fd_sc_hd__dlygate4sd3_1)
     1    0.00                           net67 (net)
                  0.05    0.00    1.28 ^ _1137_/A0 (sky130_fd_sc_hd__mux2_1)
                  0.04    0.11    1.39 ^ _1137_/X (sky130_fd_sc_hd__mux2_1)
     1    0.00                           _0495_ (net)
                  0.04    0.00    1.39 ^ _1138_/A (sky130_fd_sc_hd__clkbuf_1)
                  0.04    0.07    1.47 ^ _1138_/X (sky130_fd_sc_hd__clkbuf_1)
     1    0.00                           _0093_ (net)
                  0.04    0.00    1.47 ^ _1259_/D (sky130_fd_sc_hd__dfxtp_1)
                                  1.47   data arrival time

                          0.00    0.00   clock clk (rise edge)
                          0.00    0.00   clock source latency
                  0.12    0.08    0.08 ^ clk (in)
     1    0.02                           clk (net)
                  0.12    0.00    0.08 ^ clkbuf_0_clk/A (sky130_fd_sc_hd__clkbuf_16)
                  0.14    0.24    0.32 ^ clkbuf_0_clk/X (sky130_fd_sc_hd__clkbuf_16)
    16    0.12                           clknet_0_clk (net)
                  0.14    0.00    0.33 ^ clkbuf_4_4_0_clk/A (sky130_fd_sc_hd__clkbuf_8)
                  0.06    0.18    0.51 ^ clkbuf_4_4_0_clk/X (sky130_fd_sc_hd__clkbuf_8)
     9    0.03                           clknet_4_4_0_clk (net)
                  0.06    0.00    0.51 ^ _1259_/CLK (sky130_fd_sc_hd__dfxtp_1)
                          0.25    0.76   clock uncertainty
                         -0.05    0.71   clock reconvergence pessimism
                         -0.03    0.69   library hold time
                                  0.69   data required time
-----------------------------------------------------------------------------
                                  0.69   data required time
                                 -1.47   data arrival time
-----------------------------------------------------------------------------
                                  0.78   slack (MET)


Startpoint: _1223_ (rising edge-triggered flip-flop clocked by clk)
Endpoint: _1223_ (rising edge-triggered flip-flop clocked by clk)
Path Group: clk
Path Type: min

Fanout     Cap    Slew   Delay    Time   Description
-----------------------------------------------------------------------------
                          0.00    0.00   clock clk (rise edge)
                          0.00    0.00   clock source latency
                  0.12    0.08    0.08 ^ clk (in)
     1    0.02                           clk (net)
                  0.12    0.00    0.08 ^ clkbuf_0_clk/A (sky130_fd_sc_hd__clkbuf_16)
                  0.14    0.22    0.29 ^ clkbuf_0_clk/X (sky130_fd_sc_hd__clkbuf_16)
    16    0.12                           clknet_0_clk (net)
                  0.14    0.00    0.30 ^ clkbuf_4_3_0_clk/A (sky130_fd_sc_hd__clkbuf_8)
                  0.07    0.17    0.47 ^ clkbuf_4_3_0_clk/X (sky130_fd_sc_hd__clkbuf_8)
     9    0.03                           clknet_4_3_0_clk (net)
                  0.07    0.00    0.47 ^ _1223_/CLK (sky130_fd_sc_hd__dfxtp_1)
                  0.06    0.31    0.77 ^ _1223_/Q (sky130_fd_sc_hd__dfxtp_1)
     2    0.00                           u_sram.mem[41][1] (net)
                  0.06    0.00    0.77 ^ hold20/A (sky130_fd_sc_hd__dlygate4sd3_1)
                  0.05    0.51    1.28 ^ hold20/X (sky130_fd_sc_hd__dlygate4sd3_1)
     1    0.00                           net36 (net)
                  0.05    0.00    1.28 ^ _1042_/A0 (sky130_fd_sc_hd__mux2_1)
                  0.05    0.12    1.40 ^ _1042_/X (sky130_fd_sc_hd__mux2_1)
     1    0.00                           _0436_ (net)
                  0.05    0.00    1.40 ^ _1043_/A (sky130_fd_sc_hd__clkbuf_1)
                  0.04    0.08    1.47 ^ _1043_/X (sky130_fd_sc_hd__clkbuf_1)
     1    0.00                           _0057_ (net)
                  0.04    0.00    1.47 ^ _1223_/D (sky130_fd_sc_hd__dfxtp_1)
                                  1.47   data arrival time

                          0.00    0.00   clock clk (rise edge)
                          0.00    0.00   clock source latency
                  0.12    0.08    0.08 ^ clk (in)
     1    0.02                           clk (net)
                  0.12    0.00    0.08 ^ clkbuf_0_clk/A (sky130_fd_sc_hd__clkbuf_16)
                  0.14    0.24    0.32 ^ clkbuf_0_clk/X (sky130_fd_sc_hd__clkbuf_16)
    16    0.12                           clknet_0_clk (net)
                  0.14    0.00    0.33 ^ clkbuf_4_3_0_clk/A (sky130_fd_sc_hd__clkbuf_8)
                  0.07    0.19    0.52 ^ clkbuf_4_3_0_clk/X (sky130_fd_sc_hd__clkbuf_8)
     9    0.03                           clknet_4_3_0_clk (net)
                  0.07    0.00    0.52 ^ _1223_/CLK (sky130_fd_sc_hd__dfxtp_1)
                          0.25    0.77   clock uncertainty
                         -0.05    0.72   clock reconvergence pessimism
                         -0.03    0.69   library hold time
                                  0.69   data required time
-----------------------------------------------------------------------------
                                  0.69   data required time
                                 -1.47   data arrival time
-----------------------------------------------------------------------------
                                  0.78   slack (MET)


Startpoint: _1239_ (rising edge-triggered flip-flop clocked by clk)
Endpoint: _1239_ (rising edge-triggered flip-flop clocked by clk)
Path Group: clk
Path Type: min

Fanout     Cap    Slew   Delay    Time   Description
-----------------------------------------------------------------------------
                          0.00    0.00   clock clk (rise edge)
                          0.00    0.00   clock source latency
                  0.12    0.08    0.08 ^ clk (in)
     1    0.02                           clk (net)
                  0.12    0.00    0.08 ^ clkbuf_0_clk/A (sky130_fd_sc_hd__clkbuf_16)
                  0.14    0.22    0.29 ^ clkbuf_0_clk/X (sky130_fd_sc_hd__clkbuf_16)
    16    0.12                           clknet_0_clk (net)
                  0.14    0.00    0.30 ^ clkbuf_4_7_0_clk/A (sky130_fd_sc_hd__clkbuf_8)
                  0.08    0.18    0.48 ^ clkbuf_4_7_0_clk/X (sky130_fd_sc_hd__clkbuf_8)
    13    0.04                           clknet_4_7_0_clk (net)
                  0.08    0.00    0.48 ^ _1239_/CLK (sky130_fd_sc_hd__dfxtp_1)
                  0.07    0.32    0.79 ^ _1239_/Q (sky130_fd_sc_hd__dfxtp_1)
     2    0.01                           u_sram.mem[33][1] (net)
                  0.07    0.00    0.80 ^ hold57/A (sky130_fd_sc_hd__dlygate4sd3_1)
                  0.05    0.51    1.31 ^ hold57/X (sky130_fd_sc_hd__dlygate4sd3_1)
     1    0.00                           net73 (net)
                  0.05    0.00    1.31 ^ _1083_/A1 (sky130_fd_sc_hd__mux2_1)
                  0.04    0.11    1.42 ^ _1083_/X (sky130_fd_sc_hd__mux2_1)
     1    0.00                           _0461_ (net)
                  0.04    0.00    1.42 ^ _1084_/A (sky130_fd_sc_hd__clkbuf_1)
                  0.04    0.07    1.48 ^ _1084_/X (sky130_fd_sc_hd__clkbuf_1)
     1    0.00                           _0073_ (net)
                  0.04    0.00    1.48 ^ _1239_/D (sky130_fd_sc_hd__dfxtp_1)
                                  1.48   data arrival time

                          0.00    0.00   clock clk (rise edge)
                          0.00    0.00   clock source latency
                  0.12    0.08    0.08 ^ clk (in)
     1    0.02                           clk (net)
                  0.12    0.00    0.08 ^ clkbuf_0_clk/A (sky130_fd_sc_hd__clkbuf_16)
                  0.14    0.24    0.32 ^ clkbuf_0_clk/X (sky130_fd_sc_hd__clkbuf_16)
    16    0.12                           clknet_0_clk (net)
                  0.14    0.00    0.33 ^ clkbuf_4_7_0_clk/A (sky130_fd_sc_hd__clkbuf_8)
                  0.08    0.20    0.53 ^ clkbuf_4_7_0_clk/X (sky130_fd_sc_hd__clkbuf_8)
    13    0.04                           clknet_4_7_0_clk (net)
                  0.08    0.00    0.53 ^ _1239_/CLK (sky130_fd_sc_hd__dfxtp_1)
                          0.25    0.78   clock uncertainty
                         -0.05    0.73   clock reconvergence pessimism
                         -0.02    0.70   library hold time
                                  0.70   data required time
-----------------------------------------------------------------------------
                                  0.70   data required time
                                 -1.48   data arrival time
-----------------------------------------------------------------------------
                                  0.78   slack (MET)


Startpoint: _1260_ (rising edge-triggered flip-flop clocked by clk)
Endpoint: _1260_ (rising edge-triggered flip-flop clocked by clk)
Path Group: clk
Path Type: min

Fanout     Cap    Slew   Delay    Time   Description
-----------------------------------------------------------------------------
                          0.00    0.00   clock clk (rise edge)
                          0.00    0.00   clock source latency
                  0.12    0.08    0.08 ^ clk (in)
     1    0.02                           clk (net)
                  0.12    0.00    0.08 ^ clkbuf_0_clk/A (sky130_fd_sc_hd__clkbuf_16)
                  0.14    0.22    0.29 ^ clkbuf_0_clk/X (sky130_fd_sc_hd__clkbuf_16)
    16    0.12                           clknet_0_clk (net)
                  0.14    0.00    0.30 ^ clkbuf_4_4_0_clk/A (sky130_fd_sc_hd__clkbuf_8)
                  0.06    0.17    0.46 ^ clkbuf_4_4_0_clk/X (sky130_fd_sc_hd__clkbuf_8)
     9    0.03                           clknet_4_4_0_clk (net)
                  0.06    0.00    0.46 ^ _1260_/CLK (sky130_fd_sc_hd__dfxtp_1)
                  0.07    0.31    0.78 ^ _1260_/Q (sky130_fd_sc_hd__dfxtp_1)
     2    0.01                           u_sram.mem[23][0] (net)
                  0.07    0.00    0.78 ^ hold33/A (sky130_fd_sc_hd__dlygate4sd3_1)
                  0.05    0.51    1.28 ^ hold33/X (sky130_fd_sc_hd__dlygate4sd3_1)
     1    0.00                           net49 (net)
                  0.05    0.00    1.28 ^ _1139_/A0 (sky130_fd_sc_hd__mux2_1)
                  0.05    0.11    1.40 ^ _1139_/X (sky130_fd_sc_hd__mux2_1)
     1    0.00                           _0496_ (net)
                  0.05    0.00    1.40 ^ _1140_/A (sky130_fd_sc_hd__clkbuf_1)
                  0.04    0.07    1.47 ^ _1140_/X (sky130_fd_sc_hd__clkbuf_1)
     1    0.00                           _0094_ (net)
                  0.04    0.00    1.47 ^ _1260_/D (sky130_fd_sc_hd__dfxtp_1)
                                  1.47   data arrival time

                          0.00    0.00   clock clk (rise edge)
                          0.00    0.00   clock source latency
                  0.12    0.08    0.08 ^ clk (in)
     1    0.02                           clk (net)
                  0.12    0.00    0.08 ^ clkbuf_0_clk/A (sky130_fd_sc_hd__clkbuf_16)
                  0.14    0.24    0.32 ^ clkbuf_0_clk/X (sky130_fd_sc_hd__clkbuf_16)
    16    0.12                           clknet_0_clk (net)
                  0.14    0.00    0.33 ^ clkbuf_4_4_0_clk/A (sky130_fd_sc_hd__clkbuf_8)
                  0.06    0.18    0.51 ^ clkbuf_4_4_0_clk/X (sky130_fd_sc_hd__clkbuf_8)
     9    0.03                           clknet_4_4_0_clk (net)
                  0.06    0.00    0.51 ^ _1260_/CLK (sky130_fd_sc_hd__dfxtp_1)
                          0.25    0.76   clock uncertainty
                         -0.05    0.71   clock reconvergence pessimism
                         -0.03    0.69   library hold time
                                  0.69   data required time
-----------------------------------------------------------------------------
                                  0.69   data required time
                                 -1.47   data arrival time
-----------------------------------------------------------------------------
                                  0.78   slack (MET)


Startpoint: _1178_ (rising edge-triggered flip-flop clocked by clk)
Endpoint: _1217_ (rising edge-triggered flip-flop clocked by clk)
Path Group: clk
Path Type: min

Fanout     Cap    Slew   Delay    Time   Description
-----------------------------------------------------------------------------
                          0.00    0.00   clock clk (rise edge)
                          0.00    0.00   clock source latency
                  0.12    0.08    0.08 ^ clk (in)
     1    0.02                           clk (net)
                  0.12    0.00    0.08 ^ clkbuf_0_clk/A (sky130_fd_sc_hd__clkbuf_16)
                  0.14    0.22    0.29 ^ clkbuf_0_clk/X (sky130_fd_sc_hd__clkbuf_16)
    16    0.12                           clknet_0_clk (net)
                  0.14    0.00    0.30 ^ clkbuf_4_15_0_clk/A (sky130_fd_sc_hd__clkbuf_8)
                  0.05    0.16    0.45 ^ clkbuf_4_15_0_clk/X (sky130_fd_sc_hd__clkbuf_8)
     6    0.02                           clknet_4_15_0_clk (net)
                  0.05    0.00    0.45 ^ _1178_/CLK (sky130_fd_sc_hd__dfrtp_4)
                  0.11    0.51    0.97 v _1178_/Q (sky130_fd_sc_hd__dfrtp_4)
     9    0.04                           u_addr_gen.addr[5] (net)
                  0.11    0.00    0.97 v _1005_/B (sky130_fd_sc_hd__nand3b_4)
                  0.15    0.18    1.14 ^ _1005_/Y (sky130_fd_sc_hd__nand3b_4)
     8    0.05                           _0411_ (net)
                  0.15    0.00    1.14 ^ _1025_/B (sky130_fd_sc_hd__or2_1)
                  0.10    0.16    1.30 ^ _1025_/X (sky130_fd_sc_hd__or2_1)
     2    0.01                           _0425_ (net)
                  0.10    0.00    1.30 ^ _1026_/S (sky130_fd_sc_hd__mux2_1)
                  0.04    0.13    1.43 ^ _1026_/X (sky130_fd_sc_hd__mux2_1)
     1    0.00                           _0426_ (net)
                  0.04    0.00    1.43 ^ _1027_/A (sky130_fd_sc_hd__clkbuf_1)
                  0.04    0.07    1.50 ^ _1027_/X (sky130_fd_sc_hd__clkbuf_1)
     1    0.00                           _0051_ (net)
                  0.04    0.00    1.50 ^ _1217_/D (sky130_fd_sc_hd__dfxtp_1)
                                  1.50   data arrival time

                          0.00    0.00   clock clk (rise edge)
                          0.00    0.00   clock source latency
                  0.12    0.08    0.08 ^ clk (in)
     1    0.02                           clk (net)
                  0.12    0.00    0.08 ^ clkbuf_0_clk/A (sky130_fd_sc_hd__clkbuf_16)
                  0.14    0.24    0.32 ^ clkbuf_0_clk/X (sky130_fd_sc_hd__clkbuf_16)
    16    0.12                           clknet_0_clk (net)
                  0.14    0.00    0.33 ^ clkbuf_4_7_0_clk/A (sky130_fd_sc_hd__clkbuf_8)
                  0.08    0.20    0.53 ^ clkbuf_4_7_0_clk/X (sky130_fd_sc_hd__clkbuf_8)
    13    0.04                           clknet_4_7_0_clk (net)
                  0.08    0.00    0.53 ^ _1217_/CLK (sky130_fd_sc_hd__dfxtp_1)
                          0.25    0.78   clock uncertainty
                         -0.03    0.75   clock reconvergence pessimism
                         -0.02    0.72   library hold time
                                  0.72   data required time
-----------------------------------------------------------------------------
                                  0.72   data required time
                                 -1.50   data arrival time
-----------------------------------------------------------------------------
                                  0.78   slack (MET)


Startpoint: _1203_ (rising edge-triggered flip-flop clocked by clk)
Endpoint: _1203_ (rising edge-triggered flip-flop clocked by clk)
Path Group: clk
Path Type: min

Fanout     Cap    Slew   Delay    Time   Description
-----------------------------------------------------------------------------
                          0.00    0.00   clock clk (rise edge)
                          0.00    0.00   clock source latency
                  0.12    0.08    0.08 ^ clk (in)
     1    0.02                           clk (net)
                  0.12    0.00    0.08 ^ clkbuf_0_clk/A (sky130_fd_sc_hd__clkbuf_16)
                  0.14    0.22    0.29 ^ clkbuf_0_clk/X (sky130_fd_sc_hd__clkbuf_16)
    16    0.12                           clknet_0_clk (net)
                  0.14    0.00    0.30 ^ clkbuf_4_8_0_clk/A (sky130_fd_sc_hd__clkbuf_8)
                  0.07    0.17    0.47 ^ clkbuf_4_8_0_clk/X (sky130_fd_sc_hd__clkbuf_8)
    10    0.03                           clknet_4_8_0_clk (net)
                  0.07    0.00    0.47 ^ _1203_/CLK (sky130_fd_sc_hd__dfxtp_1)
                  0.07    0.32    0.79 ^ _1203_/Q (sky130_fd_sc_hd__dfxtp_1)
     2    0.01                           u_sram.mem[51][1] (net)
                  0.07    0.00    0.79 ^ hold39/A (sky130_fd_sc_hd__dlygate4sd3_1)
                  0.05    0.51    1.29 ^ hold39/X (sky130_fd_sc_hd__dlygate4sd3_1)
     1    0.00                           net55 (net)
                  0.05    0.00    1.29 ^ _0983_/A0 (sky130_fd_sc_hd__mux2_1)
                  0.05    0.11    1.41 ^ _0983_/X (sky130_fd_sc_hd__mux2_1)
     1    0.00                           _0397_ (net)
                  0.05    0.00    1.41 ^ _0984_/A (sky130_fd_sc_hd__clkbuf_1)
                  0.03    0.07    1.48 ^ _0984_/X (sky130_fd_sc_hd__clkbuf_1)
     1    0.00                           _0037_ (net)
                  0.03    0.00    1.48 ^ _1203_/D (sky130_fd_sc_hd__dfxtp_1)
                                  1.48   data arrival time

                          0.00    0.00   clock clk (rise edge)
                          0.00    0.00   clock source latency
                  0.12    0.08    0.08 ^ clk (in)
     1    0.02                           clk (net)
                  0.12    0.00    0.08 ^ clkbuf_0_clk/A (sky130_fd_sc_hd__clkbuf_16)
                  0.14    0.24    0.32 ^ clkbuf_0_clk/X (sky130_fd_sc_hd__clkbuf_16)
    16    0.12                           clknet_0_clk (net)
                  0.14    0.00    0.33 ^ clkbuf_4_8_0_clk/A (sky130_fd_sc_hd__clkbuf_8)
                  0.07    0.19    0.52 ^ clkbuf_4_8_0_clk/X (sky130_fd_sc_hd__clkbuf_8)
    10    0.03                           clknet_4_8_0_clk (net)
                  0.07    0.00    0.52 ^ _1203_/CLK (sky130_fd_sc_hd__dfxtp_1)
                          0.25    0.77   clock uncertainty
                         -0.05    0.72   clock reconvergence pessimism
                         -0.03    0.69   library hold time
                                  0.69   data required time
-----------------------------------------------------------------------------
                                  0.69   data required time
                                 -1.48   data arrival time
-----------------------------------------------------------------------------
                                  0.78   slack (MET)


Startpoint: _1243_ (rising edge-triggered flip-flop clocked by clk)
Endpoint: _1243_ (rising edge-triggered flip-flop clocked by clk)
Path Group: clk
Path Type: min

Fanout     Cap    Slew   Delay    Time   Description
-----------------------------------------------------------------------------
                          0.00    0.00   clock clk (rise edge)
                          0.00    0.00   clock source latency
                  0.12    0.08    0.08 ^ clk (in)
     1    0.02                           clk (net)
                  0.12    0.00    0.08 ^ clkbuf_0_clk/A (sky130_fd_sc_hd__clkbuf_16)
                  0.14    0.22    0.29 ^ clkbuf_0_clk/X (sky130_fd_sc_hd__clkbuf_16)
    16    0.12                           clknet_0_clk (net)
                  0.14    0.00    0.30 ^ clkbuf_4_5_0_clk/A (sky130_fd_sc_hd__clkbuf_8)
                  0.07    0.17    0.47 ^ clkbuf_4_5_0_clk/X (sky130_fd_sc_hd__clkbuf_8)
    11    0.03                           clknet_4_5_0_clk (net)
                  0.07    0.00    0.47 ^ _1243_/CLK (sky130_fd_sc_hd__dfxtp_1)
                  0.07    0.31    0.78 ^ _1243_/Q (sky130_fd_sc_hd__dfxtp_1)
     2    0.01                           u_sram.mem[31][1] (net)
                  0.07    0.00    0.78 ^ hold61/A (sky130_fd_sc_hd__dlygate4sd3_1)
                  0.05    0.51    1.29 ^ hold61/X (sky130_fd_sc_hd__dlygate4sd3_1)
     1    0.00                           net77 (net)
                  0.05    0.00    1.29 ^ _1096_/A0 (sky130_fd_sc_hd__mux2_1)
                  0.04    0.11    1.40 ^ _1096_/X (sky130_fd_sc_hd__mux2_1)
     1    0.00                           _0470_ (net)
                  0.04    0.00    1.40 ^ _1097_/A (sky130_fd_sc_hd__clkbuf_1)
                  0.04    0.07    1.48 ^ _1097_/X (sky130_fd_sc_hd__clkbuf_1)
     1    0.00                           _0077_ (net)
                  0.04    0.00    1.48 ^ _1243_/D (sky130_fd_sc_hd__dfxtp_1)
                                  1.48   data arrival time

                          0.00    0.00   clock clk (rise edge)
                          0.00    0.00   clock source latency
                  0.12    0.08    0.08 ^ clk (in)
     1    0.02                           clk (net)
                  0.12    0.00    0.08 ^ clkbuf_0_clk/A (sky130_fd_sc_hd__clkbuf_16)
                  0.14    0.24    0.32 ^ clkbuf_0_clk/X (sky130_fd_sc_hd__clkbuf_16)
    16    0.12                           clknet_0_clk (net)
                  0.14    0.00    0.33 ^ clkbuf_4_5_0_clk/A (sky130_fd_sc_hd__clkbuf_8)
                  0.07    0.19    0.52 ^ clkbuf_4_5_0_clk/X (sky130_fd_sc_hd__clkbuf_8)
    11    0.03                           clknet_4_5_0_clk (net)
                  0.07    0.00    0.52 ^ _1243_/CLK (sky130_fd_sc_hd__dfxtp_1)
                          0.25    0.77   clock uncertainty
                         -0.05    0.72   clock reconvergence pessimism
                         -0.03    0.69   library hold time
                                  0.69   data required time
-----------------------------------------------------------------------------
                                  0.69   data required time
                                 -1.48   data arrival time
-----------------------------------------------------------------------------
                                  0.78   slack (MET)


Startpoint: _1198_ (rising edge-triggered flip-flop clocked by clk)
Endpoint: _1198_ (rising edge-triggered flip-flop clocked by clk)
Path Group: clk
Path Type: min

Fanout     Cap    Slew   Delay    Time   Description
-----------------------------------------------------------------------------
                          0.00    0.00   clock clk (rise edge)
                          0.00    0.00   clock source latency
                  0.12    0.08    0.08 ^ clk (in)
     1    0.02                           clk (net)
                  0.12    0.00    0.08 ^ clkbuf_0_clk/A (sky130_fd_sc_hd__clkbuf_16)
                  0.14    0.22    0.29 ^ clkbuf_0_clk/X (sky130_fd_sc_hd__clkbuf_16)
    16    0.12                           clknet_0_clk (net)
                  0.14    0.00    0.30 ^ clkbuf_4_3_0_clk/A (sky130_fd_sc_hd__clkbuf_8)
                  0.07    0.17    0.47 ^ clkbuf_4_3_0_clk/X (sky130_fd_sc_hd__clkbuf_8)
     9    0.03                           clknet_4_3_0_clk (net)
                  0.07    0.00    0.47 ^ _1198_/CLK (sky130_fd_sc_hd__dfxtp_1)
                  0.07    0.31    0.78 ^ _1198_/Q (sky130_fd_sc_hd__dfxtp_1)
     2    0.01                           u_sram.mem[54][0] (net)
                  0.07    0.00    0.78 ^ hold32/A (sky130_fd_sc_hd__dlygate4sd3_1)
                  0.05    0.51    1.29 ^ hold32/X (sky130_fd_sc_hd__dlygate4sd3_1)
     1    0.00                           net48 (net)
                  0.05    0.00    1.29 ^ _0967_/A0 (sky130_fd_sc_hd__mux2_1)
                  0.04    0.11    1.40 ^ _0967_/X (sky130_fd_sc_hd__mux2_1)
     1    0.00                           _0386_ (net)
                  0.04    0.00    1.40 ^ _0968_/A (sky130_fd_sc_hd__clkbuf_1)
                  0.04    0.07    1.47 ^ _0968_/X (sky130_fd_sc_hd__clkbuf_1)
     1    0.00                           _0032_ (net)
                  0.04    0.00    1.47 ^ _1198_/D (sky130_fd_sc_hd__dfxtp_1)
                                  1.47   data arrival time

                          0.00    0.00   clock clk (rise edge)
                          0.00    0.00   clock source latency
                  0.12    0.08    0.08 ^ clk (in)
     1    0.02                           clk (net)
                  0.12    0.00    0.08 ^ clkbuf_0_clk/A (sky130_fd_sc_hd__clkbuf_16)
                  0.14    0.24    0.32 ^ clkbuf_0_clk/X (sky130_fd_sc_hd__clkbuf_16)
    16    0.12                           clknet_0_clk (net)
                  0.14    0.00    0.33 ^ clkbuf_4_3_0_clk/A (sky130_fd_sc_hd__clkbuf_8)
                  0.07    0.19    0.52 ^ clkbuf_4_3_0_clk/X (sky130_fd_sc_hd__clkbuf_8)
     9    0.03                           clknet_4_3_0_clk (net)
                  0.07    0.00    0.52 ^ _1198_/CLK (sky130_fd_sc_hd__dfxtp_1)
                          0.25    0.77   clock uncertainty
                         -0.05    0.72   clock reconvergence pessimism
                         -0.03    0.69   library hold time
                                  0.69   data required time
-----------------------------------------------------------------------------
                                  0.69   data required time
                                 -1.47   data arrival time
-----------------------------------------------------------------------------
                                  0.78   slack (MET)


Startpoint: _1216_ (rising edge-triggered flip-flop clocked by clk)
Endpoint: _1216_ (rising edge-triggered flip-flop clocked by clk)
Path Group: clk
Path Type: min

Fanout     Cap    Slew   Delay    Time   Description
-----------------------------------------------------------------------------
                          0.00    0.00   clock clk (rise edge)
                          0.00    0.00   clock source latency
                  0.12    0.08    0.08 ^ clk (in)
     1    0.02                           clk (net)
                  0.12    0.00    0.08 ^ clkbuf_0_clk/A (sky130_fd_sc_hd__clkbuf_16)
                  0.14    0.22    0.29 ^ clkbuf_0_clk/X (sky130_fd_sc_hd__clkbuf_16)
    16    0.12                           clknet_0_clk (net)
                  0.14    0.00    0.30 ^ clkbuf_4_15_0_clk/A (sky130_fd_sc_hd__clkbuf_8)
                  0.05    0.16    0.45 ^ clkbuf_4_15_0_clk/X (sky130_fd_sc_hd__clkbuf_8)
     6    0.02                           clknet_4_15_0_clk (net)
                  0.05    0.00    0.45 ^ _1216_/CLK (sky130_fd_sc_hd__dfxtp_1)
                  0.07    0.31    0.76 ^ _1216_/Q (sky130_fd_sc_hd__dfxtp_1)
     2    0.01                           u_sram.mem[45][0] (net)
                  0.07    0.00    0.76 ^ hold25/A (sky130_fd_sc_hd__dlygate4sd3_1)
                  0.05    0.51    1.27 ^ hold25/X (sky130_fd_sc_hd__dlygate4sd3_1)
     1    0.00                           net41 (net)
                  0.05    0.00    1.27 ^ _1022_/A1 (sky130_fd_sc_hd__mux2_1)
                  0.04    0.12    1.39 ^ _1022_/X (sky130_fd_sc_hd__mux2_1)
     1    0.00                           _0423_ (net)
                  0.04    0.00    1.39 ^ _1023_/A (sky130_fd_sc_hd__clkbuf_1)
                  0.03    0.07    1.46 ^ _1023_/X (sky130_fd_sc_hd__clkbuf_1)
     1    0.00                           _0050_ (net)
                  0.03    0.00    1.46 ^ _1216_/D (sky130_fd_sc_hd__dfxtp_1)
                                  1.46   data arrival time

                          0.00    0.00   clock clk (rise edge)
                          0.00    0.00   clock source latency
                  0.12    0.08    0.08 ^ clk (in)
     1    0.02                           clk (net)
                  0.12    0.00    0.08 ^ clkbuf_0_clk/A (sky130_fd_sc_hd__clkbuf_16)
                  0.14    0.24    0.32 ^ clkbuf_0_clk/X (sky130_fd_sc_hd__clkbuf_16)
    16    0.12                           clknet_0_clk (net)
                  0.14    0.00    0.33 ^ clkbuf_4_15_0_clk/A (sky130_fd_sc_hd__clkbuf_8)
                  0.05    0.17    0.50 ^ clkbuf_4_15_0_clk/X (sky130_fd_sc_hd__clkbuf_8)
     6    0.02                           clknet_4_15_0_clk (net)
                  0.05    0.00    0.50 ^ _1216_/CLK (sky130_fd_sc_hd__dfxtp_1)
                          0.25    0.75   clock uncertainty
                         -0.05    0.70   clock reconvergence pessimism
                         -0.03    0.67   library hold time
                                  0.67   data required time
-----------------------------------------------------------------------------
                                  0.67   data required time
                                 -1.46   data arrival time
-----------------------------------------------------------------------------
                                  0.78   slack (MET)


Startpoint: _1280_ (rising edge-triggered flip-flop clocked by clk)
Endpoint: _1280_ (rising edge-triggered flip-flop clocked by clk)
Path Group: clk
Path Type: min

Fanout     Cap    Slew   Delay    Time   Description
-----------------------------------------------------------------------------
                          0.00    0.00   clock clk (rise edge)
                          0.00    0.00   clock source latency
                  0.12    0.08    0.08 ^ clk (in)
     1    0.02                           clk (net)
                  0.12    0.00    0.08 ^ clkbuf_0_clk/A (sky130_fd_sc_hd__clkbuf_16)
                  0.14    0.22    0.29 ^ clkbuf_0_clk/X (sky130_fd_sc_hd__clkbuf_16)
    16    0.12                           clknet_0_clk (net)
                  0.14    0.00    0.30 ^ clkbuf_4_0_0_clk/A (sky130_fd_sc_hd__clkbuf_8)
                  0.07    0.17    0.47 ^ clkbuf_4_0_0_clk/X (sky130_fd_sc_hd__clkbuf_8)
    10    0.03                           clknet_4_0_0_clk (net)
                  0.07    0.00    0.47 ^ _1280_/CLK (sky130_fd_sc_hd__dfxtp_1)
                  0.07    0.31    0.78 ^ _1280_/Q (sky130_fd_sc_hd__dfxtp_1)
     2    0.01                           u_sram.mem[13][0] (net)
                  0.07    0.00    0.78 ^ hold80/A (sky130_fd_sc_hd__dlygate4sd3_1)
                  0.05    0.51    1.29 ^ hold80/X (sky130_fd_sc_hd__dlygate4sd3_1)
     1    0.00                           net96 (net)
                  0.05    0.00    1.29 ^ _0605_/A1 (sky130_fd_sc_hd__mux2_1)
                  0.04    0.11    1.40 ^ _0605_/X (sky130_fd_sc_hd__mux2_1)
     1    0.00                           _0529_ (net)
                  0.04    0.00    1.40 ^ _0606_/A (sky130_fd_sc_hd__clkbuf_1)
                  0.04    0.07    1.48 ^ _0606_/X (sky130_fd_sc_hd__clkbuf_1)
     1    0.00                           _0114_ (net)
                  0.04    0.00    1.48 ^ _1280_/D (sky130_fd_sc_hd__dfxtp_1)
                                  1.48   data arrival time

                          0.00    0.00   clock clk (rise edge)
                          0.00    0.00   clock source latency
                  0.12    0.08    0.08 ^ clk (in)
     1    0.02                           clk (net)
                  0.12    0.00    0.08 ^ clkbuf_0_clk/A (sky130_fd_sc_hd__clkbuf_16)
                  0.14    0.24    0.32 ^ clkbuf_0_clk/X (sky130_fd_sc_hd__clkbuf_16)
    16    0.12                           clknet_0_clk (net)
                  0.14    0.00    0.33 ^ clkbuf_4_0_0_clk/A (sky130_fd_sc_hd__clkbuf_8)
                  0.07    0.19    0.52 ^ clkbuf_4_0_0_clk/X (sky130_fd_sc_hd__clkbuf_8)
    10    0.03                           clknet_4_0_0_clk (net)
                  0.07    0.00    0.52 ^ _1280_/CLK (sky130_fd_sc_hd__dfxtp_1)
                          0.25    0.77   clock uncertainty
                         -0.05    0.72   clock reconvergence pessimism
                         -0.03    0.69   library hold time
                                  0.69   data required time
-----------------------------------------------------------------------------
                                  0.69   data required time
                                 -1.48   data arrival time
-----------------------------------------------------------------------------
                                  0.78   slack (MET)


Startpoint: _1178_ (rising edge-triggered flip-flop clocked by clk)
Endpoint: _1279_ (rising edge-triggered flip-flop clocked by clk)
Path Group: clk
Path Type: min

Fanout     Cap    Slew   Delay    Time   Description
-----------------------------------------------------------------------------
                          0.00    0.00   clock clk (rise edge)
                          0.00    0.00   clock source latency
                  0.12    0.08    0.08 ^ clk (in)
     1    0.02                           clk (net)
                  0.12    0.00    0.08 ^ clkbuf_0_clk/A (sky130_fd_sc_hd__clkbuf_16)
                  0.14    0.22    0.29 ^ clkbuf_0_clk/X (sky130_fd_sc_hd__clkbuf_16)
    16    0.12                           clknet_0_clk (net)
                  0.14    0.00    0.30 ^ clkbuf_4_15_0_clk/A (sky130_fd_sc_hd__clkbuf_8)
                  0.05    0.16    0.45 ^ clkbuf_4_15_0_clk/X (sky130_fd_sc_hd__clkbuf_8)
     6    0.02                           clknet_4_15_0_clk (net)
                  0.05    0.00    0.45 ^ _1178_/CLK (sky130_fd_sc_hd__dfrtp_4)
                  0.16    0.47    0.92 ^ _1178_/Q (sky130_fd_sc_hd__dfrtp_4)
     9    0.05                           u_addr_gen.addr[5] (net)
                  0.16    0.00    0.92 ^ _0590_/B (sky130_fd_sc_hd__or3b_4)
                  0.12    0.21    1.13 ^ _0590_/X (sky130_fd_sc_hd__or3b_4)
     8    0.03                           _0519_ (net)
                  0.12    0.00    1.13 ^ _0602_/B (sky130_fd_sc_hd__or2_1)
                  0.11    0.15    1.29 ^ _0602_/X (sky130_fd_sc_hd__or2_1)
     2    0.01                           _0527_ (net)
                  0.11    0.00    1.29 ^ _0603_/S (sky130_fd_sc_hd__mux2_1)
                  0.04    0.13    1.42 ^ _0603_/X (sky130_fd_sc_hd__mux2_1)
     1    0.00                           _0528_ (net)
                  0.04    0.00    1.42 ^ _0604_/A (sky130_fd_sc_hd__clkbuf_1)
                  0.04    0.07    1.49 ^ _0604_/X (sky130_fd_sc_hd__clkbuf_1)
     1    0.00                           _0113_ (net)
                  0.04    0.00    1.49 ^ _1279_/D (sky130_fd_sc_hd__dfxtp_1)
                                  1.49   data arrival time

                          0.00    0.00   clock clk (rise edge)
                          0.00    0.00   clock source latency
                  0.12    0.08    0.08 ^ clk (in)
     1    0.02                           clk (net)
                  0.12    0.00    0.08 ^ clkbuf_0_clk/A (sky130_fd_sc_hd__clkbuf_16)
                  0.14    0.24    0.32 ^ clkbuf_0_clk/X (sky130_fd_sc_hd__clkbuf_16)
    16    0.12                           clknet_0_clk (net)
                  0.14    0.00    0.33 ^ clkbuf_4_0_0_clk/A (sky130_fd_sc_hd__clkbuf_8)
                  0.07    0.19    0.52 ^ clkbuf_4_0_0_clk/X (sky130_fd_sc_hd__clkbuf_8)
    10    0.03                           clknet_4_0_0_clk (net)
                  0.07    0.00    0.52 ^ _1279_/CLK (sky130_fd_sc_hd__dfxtp_1)
                          0.25    0.77   clock uncertainty
                         -0.03    0.74   clock reconvergence pessimism
                         -0.03    0.71   library hold time
                                  0.71   data required time
-----------------------------------------------------------------------------
                                  0.71   data required time
                                 -1.49   data arrival time
-----------------------------------------------------------------------------
                                  0.78   slack (MET)


Startpoint: _1178_ (rising edge-triggered flip-flop clocked by clk)
Endpoint: _1218_ (rising edge-triggered flip-flop clocked by clk)
Path Group: clk
Path Type: min

Fanout     Cap    Slew   Delay    Time   Description
-----------------------------------------------------------------------------
                          0.00    0.00   clock clk (rise edge)
                          0.00    0.00   clock source latency
                  0.12    0.08    0.08 ^ clk (in)
     1    0.02                           clk (net)
                  0.12    0.00    0.08 ^ clkbuf_0_clk/A (sky130_fd_sc_hd__clkbuf_16)
                  0.14    0.22    0.29 ^ clkbuf_0_clk/X (sky130_fd_sc_hd__clkbuf_16)
    16    0.12                           clknet_0_clk (net)
                  0.14    0.00    0.30 ^ clkbuf_4_15_0_clk/A (sky130_fd_sc_hd__clkbuf_8)
                  0.05    0.16    0.45 ^ clkbuf_4_15_0_clk/X (sky130_fd_sc_hd__clkbuf_8)
     6    0.02                           clknet_4_15_0_clk (net)
                  0.05    0.00    0.45 ^ _1178_/CLK (sky130_fd_sc_hd__dfrtp_4)
                  0.11    0.51    0.97 v _1178_/Q (sky130_fd_sc_hd__dfrtp_4)
     9    0.04                           u_addr_gen.addr[5] (net)
                  0.11    0.00    0.97 v _1005_/B (sky130_fd_sc_hd__nand3b_4)
                  0.15    0.18    1.14 ^ _1005_/Y (sky130_fd_sc_hd__nand3b_4)
     8    0.05                           _0411_ (net)
                  0.15    0.00    1.14 ^ _1025_/B (sky130_fd_sc_hd__or2_1)
                  0.10    0.16    1.30 ^ _1025_/X (sky130_fd_sc_hd__or2_1)
     2    0.01                           _0425_ (net)
                  0.10    0.00    1.30 ^ _1028_/S (sky130_fd_sc_hd__mux2_1)
                  0.05    0.14    1.44 ^ _1028_/X (sky130_fd_sc_hd__mux2_1)
     1    0.00                           _0427_ (net)
                  0.05    0.00    1.44 ^ _1029_/A (sky130_fd_sc_hd__clkbuf_1)
                  0.03    0.07    1.51 ^ _1029_/X (sky130_fd_sc_hd__clkbuf_1)
     1    0.00                           _0052_ (net)
                  0.03    0.00    1.51 ^ _1218_/D (sky130_fd_sc_hd__dfxtp_1)
                                  1.51   data arrival time

                          0.00    0.00   clock clk (rise edge)
                          0.00    0.00   clock source latency
                  0.12    0.08    0.08 ^ clk (in)
     1    0.02                           clk (net)
                  0.12    0.00    0.08 ^ clkbuf_0_clk/A (sky130_fd_sc_hd__clkbuf_16)
                  0.14    0.24    0.32 ^ clkbuf_0_clk/X (sky130_fd_sc_hd__clkbuf_16)
    16    0.12                           clknet_0_clk (net)
                  0.14    0.00    0.33 ^ clkbuf_4_7_0_clk/A (sky130_fd_sc_hd__clkbuf_8)
                  0.08    0.20    0.53 ^ clkbuf_4_7_0_clk/X (sky130_fd_sc_hd__clkbuf_8)
    13    0.04                           clknet_4_7_0_clk (net)
                  0.08    0.00    0.53 ^ _1218_/CLK (sky130_fd_sc_hd__dfxtp_1)
                          0.25    0.78   clock uncertainty
                         -0.03    0.75   clock reconvergence pessimism
                         -0.02    0.72   library hold time
                                  0.72   data required time
-----------------------------------------------------------------------------
                                  0.72   data required time
                                 -1.51   data arrival time
-----------------------------------------------------------------------------
                                  0.78   slack (MET)


Startpoint: _1291_ (rising edge-triggered flip-flop clocked by clk)
Endpoint: _1291_ (rising edge-triggered flip-flop clocked by clk)
Path Group: clk
Path Type: min

Fanout     Cap    Slew   Delay    Time   Description
-----------------------------------------------------------------------------
                          0.00    0.00   clock clk (rise edge)
                          0.00    0.00   clock source latency
                  0.12    0.08    0.08 ^ clk (in)
     1    0.02                           clk (net)
                  0.12    0.00    0.08 ^ clkbuf_0_clk/A (sky130_fd_sc_hd__clkbuf_16)
                  0.14    0.22    0.29 ^ clkbuf_0_clk/X (sky130_fd_sc_hd__clkbuf_16)
    16    0.12                           clknet_0_clk (net)
                  0.14    0.00    0.30 ^ clkbuf_4_0_0_clk/A (sky130_fd_sc_hd__clkbuf_8)
                  0.07    0.17    0.47 ^ clkbuf_4_0_0_clk/X (sky130_fd_sc_hd__clkbuf_8)
    10    0.03                           clknet_4_0_0_clk (net)
                  0.07    0.00    0.47 ^ _1291_/CLK (sky130_fd_sc_hd__dfxtp_1)
                  0.07    0.31    0.78 ^ _1291_/Q (sky130_fd_sc_hd__dfxtp_1)
     2    0.01                           u_sram.mem[7][1] (net)
                  0.07    0.00    0.78 ^ hold48/A (sky130_fd_sc_hd__dlygate4sd3_1)
                  0.05    0.51    1.29 ^ hold48/X (sky130_fd_sc_hd__dlygate4sd3_1)
     1    0.00                           net64 (net)
                  0.05    0.00    1.29 ^ _0633_/A0 (sky130_fd_sc_hd__mux2_1)
                  0.04    0.11    1.41 ^ _0633_/X (sky130_fd_sc_hd__mux2_1)
     1    0.00                           _0546_ (net)
                  0.04    0.00    1.41 ^ _0634_/A (sky130_fd_sc_hd__clkbuf_1)
                  0.04    0.07    1.48 ^ _0634_/X (sky130_fd_sc_hd__clkbuf_1)
     1    0.00                           _0125_ (net)
                  0.04    0.00    1.48 ^ _1291_/D (sky130_fd_sc_hd__dfxtp_1)
                                  1.48   data arrival time

                          0.00    0.00   clock clk (rise edge)
                          0.00    0.00   clock source latency
                  0.12    0.08    0.08 ^ clk (in)
     1    0.02                           clk (net)
                  0.12    0.00    0.08 ^ clkbuf_0_clk/A (sky130_fd_sc_hd__clkbuf_16)
                  0.14    0.24    0.32 ^ clkbuf_0_clk/X (sky130_fd_sc_hd__clkbuf_16)
    16    0.12                           clknet_0_clk (net)
                  0.14    0.00    0.33 ^ clkbuf_4_0_0_clk/A (sky130_fd_sc_hd__clkbuf_8)
                  0.07    0.19    0.52 ^ clkbuf_4_0_0_clk/X (sky130_fd_sc_hd__clkbuf_8)
    10    0.03                           clknet_4_0_0_clk (net)
                  0.07    0.00    0.52 ^ _1291_/CLK (sky130_fd_sc_hd__dfxtp_1)
                          0.25    0.77   clock uncertainty
                         -0.05    0.72   clock reconvergence pessimism
                         -0.03    0.69   library hold time
                                  0.69   data required time
-----------------------------------------------------------------------------
                                  0.69   data required time
                                 -1.48   data arrival time
-----------------------------------------------------------------------------
                                  0.79   slack (MET)


Startpoint: _1178_ (rising edge-triggered flip-flop clocked by clk)
Endpoint: _1313_ (rising edge-triggered flip-flop clocked by clk)
Path Group: clk
Path Type: min

Fanout     Cap    Slew   Delay    Time   Description
-----------------------------------------------------------------------------
                          0.00    0.00   clock clk (rise edge)
                          0.00    0.00   clock source latency
                  0.12    0.08    0.08 ^ clk (in)
     1    0.02                           clk (net)
                  0.12    0.00    0.08 ^ clkbuf_0_clk/A (sky130_fd_sc_hd__clkbuf_16)
                  0.14    0.22    0.29 ^ clkbuf_0_clk/X (sky130_fd_sc_hd__clkbuf_16)
    16    0.12                           clknet_0_clk (net)
                  0.14    0.00    0.30 ^ clkbuf_4_15_0_clk/A (sky130_fd_sc_hd__clkbuf_8)
                  0.05    0.16    0.45 ^ clkbuf_4_15_0_clk/X (sky130_fd_sc_hd__clkbuf_8)
     6    0.02                           clknet_4_15_0_clk (net)
                  0.05    0.00    0.45 ^ _1178_/CLK (sky130_fd_sc_hd__dfrtp_4)
                  0.16    0.47    0.92 ^ _1178_/Q (sky130_fd_sc_hd__dfrtp_4)
     9    0.05                           u_addr_gen.addr[5] (net)
                  0.16    0.00    0.92 ^ hold11/A (sky130_fd_sc_hd__dlygate4sd3_1)
                  0.07    0.55    1.48 ^ hold11/X (sky130_fd_sc_hd__dlygate4sd3_1)
     1    0.01                           net27 (net)
                  0.07    0.00    1.48 ^ _1313_/D (sky130_fd_sc_hd__dfrtp_1)
                                  1.48   data arrival time

                          0.00    0.00   clock clk (rise edge)
                          0.00    0.00   clock source latency
                  0.12    0.08    0.08 ^ clk (in)
     1    0.02                           clk (net)
                  0.12    0.00    0.08 ^ clkbuf_0_clk/A (sky130_fd_sc_hd__clkbuf_16)
                  0.14    0.24    0.32 ^ clkbuf_0_clk/X (sky130_fd_sc_hd__clkbuf_16)
    16    0.12                           clknet_0_clk (net)
                  0.14    0.00    0.33 ^ clkbuf_4_14_0_clk/A (sky130_fd_sc_hd__clkbuf_8)
                  0.06    0.18    0.51 ^ clkbuf_4_14_0_clk/X (sky130_fd_sc_hd__clkbuf_8)
     8    0.03                           clknet_4_14_0_clk (net)
                  0.06    0.00    0.51 ^ _1313_/CLK (sky130_fd_sc_hd__dfrtp_1)
                          0.25    0.76   clock uncertainty
                         -0.03    0.73   clock reconvergence pessimism
                         -0.04    0.69   library hold time
                                  0.69   data required time
-----------------------------------------------------------------------------
                                  0.69   data required time
                                 -1.48   data arrival time
-----------------------------------------------------------------------------
                                  0.79   slack (MET)


Startpoint: _1276_ (rising edge-triggered flip-flop clocked by clk)
Endpoint: _1276_ (rising edge-triggered flip-flop clocked by clk)
Path Group: clk
Path Type: min

Fanout     Cap    Slew   Delay    Time   Description
-----------------------------------------------------------------------------
                          0.00    0.00   clock clk (rise edge)
                          0.00    0.00   clock source latency
                  0.12    0.08    0.08 ^ clk (in)
     1    0.02                           clk (net)
                  0.12    0.00    0.08 ^ clkbuf_0_clk/A (sky130_fd_sc_hd__clkbuf_16)
                  0.14    0.22    0.29 ^ clkbuf_0_clk/X (sky130_fd_sc_hd__clkbuf_16)
    16    0.12                           clknet_0_clk (net)
                  0.14    0.00    0.30 ^ clkbuf_4_0_0_clk/A (sky130_fd_sc_hd__clkbuf_8)
                  0.07    0.17    0.47 ^ clkbuf_4_0_0_clk/X (sky130_fd_sc_hd__clkbuf_8)
    10    0.03                           clknet_4_0_0_clk (net)
                  0.07    0.00    0.47 ^ _1276_/CLK (sky130_fd_sc_hd__dfxtp_1)
                  0.06    0.31    0.78 ^ _1276_/Q (sky130_fd_sc_hd__dfxtp_1)
     2    0.01                           u_sram.mem[15][0] (net)
                  0.06    0.00    0.78 ^ hold79/A (sky130_fd_sc_hd__dlygate4sd3_1)
                  0.05    0.51    1.29 ^ hold79/X (sky130_fd_sc_hd__dlygate4sd3_1)
     1    0.00                           net95 (net)
                  0.05    0.00    1.29 ^ _0595_/A1 (sky130_fd_sc_hd__mux2_1)
                  0.05    0.12    1.40 ^ _0595_/X (sky130_fd_sc_hd__mux2_1)
     1    0.00                           _0523_ (net)
                  0.05    0.00    1.40 ^ _0596_/A (sky130_fd_sc_hd__clkbuf_1)
                  0.04    0.07    1.48 ^ _0596_/X (sky130_fd_sc_hd__clkbuf_1)
     1    0.00                           _0110_ (net)
                  0.04    0.00    1.48 ^ _1276_/D (sky130_fd_sc_hd__dfxtp_1)
                                  1.48   data arrival time

                          0.00    0.00   clock clk (rise edge)
                          0.00    0.00   clock source latency
                  0.12    0.08    0.08 ^ clk (in)
     1    0.02                           clk (net)
                  0.12    0.00    0.08 ^ clkbuf_0_clk/A (sky130_fd_sc_hd__clkbuf_16)
                  0.14    0.24    0.32 ^ clkbuf_0_clk/X (sky130_fd_sc_hd__clkbuf_16)
    16    0.12                           clknet_0_clk (net)
                  0.14    0.00    0.33 ^ clkbuf_4_0_0_clk/A (sky130_fd_sc_hd__clkbuf_8)
                  0.07    0.19    0.52 ^ clkbuf_4_0_0_clk/X (sky130_fd_sc_hd__clkbuf_8)
    10    0.03                           clknet_4_0_0_clk (net)
                  0.07    0.00    0.52 ^ _1276_/CLK (sky130_fd_sc_hd__dfxtp_1)
                          0.25    0.77   clock uncertainty
                         -0.05    0.72   clock reconvergence pessimism
                         -0.03    0.69   library hold time
                                  0.69   data required time
-----------------------------------------------------------------------------
                                  0.69   data required time
                                 -1.48   data arrival time
-----------------------------------------------------------------------------
                                  0.79   slack (MET)


Startpoint: _1178_ (rising edge-triggered flip-flop clocked by clk)
Endpoint: _1285_ (rising edge-triggered flip-flop clocked by clk)
Path Group: clk
Path Type: min

Fanout     Cap    Slew   Delay    Time   Description
-----------------------------------------------------------------------------
                          0.00    0.00   clock clk (rise edge)
                          0.00    0.00   clock source latency
                  0.12    0.08    0.08 ^ clk (in)
     1    0.02                           clk (net)
                  0.12    0.00    0.08 ^ clkbuf_0_clk/A (sky130_fd_sc_hd__clkbuf_16)
                  0.14    0.22    0.29 ^ clkbuf_0_clk/X (sky130_fd_sc_hd__clkbuf_16)
    16    0.12                           clknet_0_clk (net)
                  0.14    0.00    0.30 ^ clkbuf_4_15_0_clk/A (sky130_fd_sc_hd__clkbuf_8)
                  0.05    0.16    0.45 ^ clkbuf_4_15_0_clk/X (sky130_fd_sc_hd__clkbuf_8)
     6    0.02                           clknet_4_15_0_clk (net)
                  0.05    0.00    0.45 ^ _1178_/CLK (sky130_fd_sc_hd__dfrtp_4)
                  0.16    0.47    0.92 ^ _1178_/Q (sky130_fd_sc_hd__dfrtp_4)
     9    0.05                           u_addr_gen.addr[5] (net)
                  0.16    0.00    0.92 ^ _0590_/B (sky130_fd_sc_hd__or3b_4)
                  0.12    0.21    1.13 ^ _0590_/X (sky130_fd_sc_hd__or3b_4)
     8    0.03                           _0519_ (net)
                  0.12    0.00    1.13 ^ _0617_/B (sky130_fd_sc_hd__or2_1)
                  0.11    0.16    1.29 ^ _0617_/X (sky130_fd_sc_hd__or2_1)
     2    0.01                           _0536_ (net)
                  0.11    0.00    1.29 ^ _0618_/S (sky130_fd_sc_hd__mux2_1)
                  0.04    0.14    1.43 ^ _0618_/X (sky130_fd_sc_hd__mux2_1)
     1    0.00                           _0537_ (net)
                  0.04    0.00    1.43 ^ _0619_/A (sky130_fd_sc_hd__clkbuf_1)
                  0.04    0.07    1.50 ^ _0619_/X (sky130_fd_sc_hd__clkbuf_1)
     1    0.00                           _0119_ (net)
                  0.04    0.00    1.50 ^ _1285_/D (sky130_fd_sc_hd__dfxtp_1)
                                  1.50   data arrival time

                          0.00    0.00   clock clk (rise edge)
                          0.00    0.00   clock source latency
                  0.12    0.08    0.08 ^ clk (in)
     1    0.02                           clk (net)
                  0.12    0.00    0.08 ^ clkbuf_0_clk/A (sky130_fd_sc_hd__clkbuf_16)
                  0.14    0.24    0.32 ^ clkbuf_0_clk/X (sky130_fd_sc_hd__clkbuf_16)
    16    0.12                           clknet_0_clk (net)
                  0.14    0.00    0.33 ^ clkbuf_4_1_0_clk/A (sky130_fd_sc_hd__clkbuf_8)
                  0.07    0.19    0.52 ^ clkbuf_4_1_0_clk/X (sky130_fd_sc_hd__clkbuf_8)
    10    0.03                           clknet_4_1_0_clk (net)
                  0.07    0.00    0.52 ^ _1285_/CLK (sky130_fd_sc_hd__dfxtp_1)
                          0.25    0.77   clock uncertainty
                         -0.03    0.74   clock reconvergence pessimism
                         -0.03    0.71   library hold time
                                  0.71   data required time
-----------------------------------------------------------------------------
                                  0.71   data required time
                                 -1.50   data arrival time
-----------------------------------------------------------------------------
                                  0.79   slack (MET)


Startpoint: _1200_ (rising edge-triggered flip-flop clocked by clk)
Endpoint: _1200_ (rising edge-triggered flip-flop clocked by clk)
Path Group: clk
Path Type: min

Fanout     Cap    Slew   Delay    Time   Description
-----------------------------------------------------------------------------
                          0.00    0.00   clock clk (rise edge)
                          0.00    0.00   clock source latency
                  0.12    0.08    0.08 ^ clk (in)
     1    0.02                           clk (net)
                  0.12    0.00    0.08 ^ clkbuf_0_clk/A (sky130_fd_sc_hd__clkbuf_16)
                  0.14    0.22    0.29 ^ clkbuf_0_clk/X (sky130_fd_sc_hd__clkbuf_16)
    16    0.12                           clknet_0_clk (net)
                  0.14    0.00    0.30 ^ clkbuf_4_2_0_clk/A (sky130_fd_sc_hd__clkbuf_8)
                  0.08    0.18    0.48 ^ clkbuf_4_2_0_clk/X (sky130_fd_sc_hd__clkbuf_8)
    14    0.04                           clknet_4_2_0_clk (net)
                  0.08    0.00    0.48 ^ _1200_/CLK (sky130_fd_sc_hd__dfxtp_1)
                  0.07    0.32    0.80 ^ _1200_/Q (sky130_fd_sc_hd__dfxtp_1)
     2    0.01                           u_sram.mem[53][0] (net)
                  0.07    0.00    0.80 ^ hold59/A (sky130_fd_sc_hd__dlygate4sd3_1)
                  0.05    0.51    1.30 ^ hold59/X (sky130_fd_sc_hd__dlygate4sd3_1)
     1    0.00                           net75 (net)
                  0.05    0.00    1.30 ^ _0973_/A0 (sky130_fd_sc_hd__mux2_1)
                  0.05    0.11    1.42 ^ _0973_/X (sky130_fd_sc_hd__mux2_1)
     1    0.00                           _0390_ (net)
                  0.05    0.00    1.42 ^ _0974_/A (sky130_fd_sc_hd__clkbuf_1)
                  0.04    0.07    1.49 ^ _0974_/X (sky130_fd_sc_hd__clkbuf_1)
     1    0.00                           _0034_ (net)
                  0.04    0.00    1.49 ^ _1200_/D (sky130_fd_sc_hd__dfxtp_1)
                                  1.49   data arrival time

                          0.00    0.00   clock clk (rise edge)
                          0.00    0.00   clock source latency
                  0.12    0.08    0.08 ^ clk (in)
     1    0.02                           clk (net)
                  0.12    0.00    0.08 ^ clkbuf_0_clk/A (sky130_fd_sc_hd__clkbuf_16)
                  0.14    0.24    0.32 ^ clkbuf_0_clk/X (sky130_fd_sc_hd__clkbuf_16)
    16    0.12                           clknet_0_clk (net)
                  0.14    0.00    0.33 ^ clkbuf_4_2_0_clk/A (sky130_fd_sc_hd__clkbuf_8)
                  0.08    0.20    0.53 ^ clkbuf_4_2_0_clk/X (sky130_fd_sc_hd__clkbuf_8)
    14    0.04                           clknet_4_2_0_clk (net)
                  0.08    0.00    0.53 ^ _1200_/CLK (sky130_fd_sc_hd__dfxtp_1)
                          0.25    0.78   clock uncertainty
                         -0.05    0.73   clock reconvergence pessimism
                         -0.02    0.71   library hold time
                                  0.71   data required time
-----------------------------------------------------------------------------
                                  0.71   data required time
                                 -1.49   data arrival time
-----------------------------------------------------------------------------
                                  0.79   slack (MET)


Startpoint: _1178_ (rising edge-triggered flip-flop clocked by clk)
Endpoint: _1214_ (rising edge-triggered flip-flop clocked by clk)
Path Group: clk
Path Type: min

Fanout     Cap    Slew   Delay    Time   Description
-----------------------------------------------------------------------------
                          0.00    0.00   clock clk (rise edge)
                          0.00    0.00   clock source latency
                  0.12    0.08    0.08 ^ clk (in)
     1    0.02                           clk (net)
                  0.12    0.00    0.08 ^ clkbuf_0_clk/A (sky130_fd_sc_hd__clkbuf_16)
                  0.14    0.22    0.29 ^ clkbuf_0_clk/X (sky130_fd_sc_hd__clkbuf_16)
    16    0.12                           clknet_0_clk (net)
                  0.14    0.00    0.30 ^ clkbuf_4_15_0_clk/A (sky130_fd_sc_hd__clkbuf_8)
                  0.05    0.16    0.45 ^ clkbuf_4_15_0_clk/X (sky130_fd_sc_hd__clkbuf_8)
     6    0.02                           clknet_4_15_0_clk (net)
                  0.05    0.00    0.45 ^ _1178_/CLK (sky130_fd_sc_hd__dfrtp_4)
                  0.11    0.51    0.97 v _1178_/Q (sky130_fd_sc_hd__dfrtp_4)
     9    0.04                           u_addr_gen.addr[5] (net)
                  0.11    0.00    0.97 v _1005_/B (sky130_fd_sc_hd__nand3b_4)
                  0.15    0.18    1.14 ^ _1005_/Y (sky130_fd_sc_hd__nand3b_4)
     8    0.05                           _0411_ (net)
                  0.15    0.00    1.14 ^ _1013_/B (sky130_fd_sc_hd__or2_1)
                  0.09    0.15    1.29 ^ _1013_/X (sky130_fd_sc_hd__or2_1)
     2    0.01                           _0417_ (net)
                  0.09    0.00    1.29 ^ _1016_/S (sky130_fd_sc_hd__mux2_1)
                  0.04    0.13    1.43 ^ _1016_/X (sky130_fd_sc_hd__mux2_1)
     1    0.00                           _0419_ (net)
                  0.04    0.00    1.43 ^ _1017_/A (sky130_fd_sc_hd__clkbuf_1)
                  0.05    0.08    1.51 ^ _1017_/X (sky130_fd_sc_hd__clkbuf_1)
     1    0.00                           _0048_ (net)
                  0.05    0.00    1.51 ^ _1214_/D (sky130_fd_sc_hd__dfxtp_1)
                                  1.51   data arrival time

                          0.00    0.00   clock clk (rise edge)
                          0.00    0.00   clock source latency
                  0.12    0.08    0.08 ^ clk (in)
     1    0.02                           clk (net)
                  0.12    0.00    0.08 ^ clkbuf_0_clk/A (sky130_fd_sc_hd__clkbuf_16)
                  0.14    0.24    0.32 ^ clkbuf_0_clk/X (sky130_fd_sc_hd__clkbuf_16)
    16    0.12                           clknet_0_clk (net)
                  0.14    0.00    0.33 ^ clkbuf_4_11_0_clk/A (sky130_fd_sc_hd__clkbuf_8)
                  0.08    0.19    0.52 ^ clkbuf_4_11_0_clk/X (sky130_fd_sc_hd__clkbuf_8)
    12    0.04                           clknet_4_11_0_clk (net)
                  0.08    0.00    0.52 ^ _1214_/CLK (sky130_fd_sc_hd__dfxtp_1)
                          0.25    0.77   clock uncertainty
                         -0.03    0.74   clock reconvergence pessimism
                         -0.03    0.72   library hold time
                                  0.72   data required time
-----------------------------------------------------------------------------
                                  0.72   data required time
                                 -1.51   data arrival time
-----------------------------------------------------------------------------
                                  0.79   slack (MET)


Startpoint: _1178_ (rising edge-triggered flip-flop clocked by clk)
Endpoint: _1222_ (rising edge-triggered flip-flop clocked by clk)
Path Group: clk
Path Type: min

Fanout     Cap    Slew   Delay    Time   Description
-----------------------------------------------------------------------------
                          0.00    0.00   clock clk (rise edge)
                          0.00    0.00   clock source latency
                  0.12    0.08    0.08 ^ clk (in)
     1    0.02                           clk (net)
                  0.12    0.00    0.08 ^ clkbuf_0_clk/A (sky130_fd_sc_hd__clkbuf_16)
                  0.14    0.22    0.29 ^ clkbuf_0_clk/X (sky130_fd_sc_hd__clkbuf_16)
    16    0.12                           clknet_0_clk (net)
                  0.14    0.00    0.30 ^ clkbuf_4_15_0_clk/A (sky130_fd_sc_hd__clkbuf_8)
                  0.05    0.16    0.45 ^ clkbuf_4_15_0_clk/X (sky130_fd_sc_hd__clkbuf_8)
     6    0.02                           clknet_4_15_0_clk (net)
                  0.05    0.00    0.45 ^ _1178_/CLK (sky130_fd_sc_hd__dfrtp_4)
                  0.11    0.51    0.97 v _1178_/Q (sky130_fd_sc_hd__dfrtp_4)
     9    0.04                           u_addr_gen.addr[5] (net)
                  0.11    0.00    0.97 v _1005_/B (sky130_fd_sc_hd__nand3b_4)
                  0.15    0.18    1.14 ^ _1005_/Y (sky130_fd_sc_hd__nand3b_4)
     8    0.05                           _0411_ (net)
                  0.15    0.00    1.14 ^ _1035_/B (sky130_fd_sc_hd__nor2_1)
                  0.06    0.09    1.24 v _1035_/Y (sky130_fd_sc_hd__nor2_1)
     2    0.01                           _0431_ (net)
                  0.06    0.00    1.24 v _1038_/S (sky130_fd_sc_hd__mux2_1)
                  0.05    0.19    1.43 ^ _1038_/X (sky130_fd_sc_hd__mux2_1)
     1    0.00                           _0433_ (net)
                  0.05    0.00    1.43 ^ _1039_/A (sky130_fd_sc_hd__clkbuf_1)
                  0.04    0.08    1.51 ^ _1039_/X (sky130_fd_sc_hd__clkbuf_1)
     1    0.00                           _0056_ (net)
                  0.04    0.00    1.51 ^ _1222_/D (sky130_fd_sc_hd__dfxtp_1)
                                  1.51   data arrival time

                          0.00    0.00   clock clk (rise edge)
                          0.00    0.00   clock source latency
                  0.12    0.08    0.08 ^ clk (in)
     1    0.02                           clk (net)
                  0.12    0.00    0.08 ^ clkbuf_0_clk/A (sky130_fd_sc_hd__clkbuf_16)
                  0.14    0.24    0.32 ^ clkbuf_0_clk/X (sky130_fd_sc_hd__clkbuf_16)
    16    0.12                           clknet_0_clk (net)
                  0.14    0.00    0.33 ^ clkbuf_4_7_0_clk/A (sky130_fd_sc_hd__clkbuf_8)
                  0.08    0.20    0.53 ^ clkbuf_4_7_0_clk/X (sky130_fd_sc_hd__clkbuf_8)
    13    0.04                           clknet_4_7_0_clk (net)
                  0.08    0.00    0.53 ^ _1222_/CLK (sky130_fd_sc_hd__dfxtp_1)
                          0.25    0.78   clock uncertainty
                         -0.03    0.75   clock reconvergence pessimism
                         -0.03    0.72   library hold time
                                  0.72   data required time
-----------------------------------------------------------------------------
                                  0.72   data required time
                                 -1.51   data arrival time
-----------------------------------------------------------------------------
                                  0.79   slack (MET)


Startpoint: _1178_ (rising edge-triggered flip-flop clocked by clk)
Endpoint: _1286_ (rising edge-triggered flip-flop clocked by clk)
Path Group: clk
Path Type: min

Fanout     Cap    Slew   Delay    Time   Description
-----------------------------------------------------------------------------
                          0.00    0.00   clock clk (rise edge)
                          0.00    0.00   clock source latency
                  0.12    0.08    0.08 ^ clk (in)
     1    0.02                           clk (net)
                  0.12    0.00    0.08 ^ clkbuf_0_clk/A (sky130_fd_sc_hd__clkbuf_16)
                  0.14    0.22    0.29 ^ clkbuf_0_clk/X (sky130_fd_sc_hd__clkbuf_16)
    16    0.12                           clknet_0_clk (net)
                  0.14    0.00    0.30 ^ clkbuf_4_15_0_clk/A (sky130_fd_sc_hd__clkbuf_8)
                  0.05    0.16    0.45 ^ clkbuf_4_15_0_clk/X (sky130_fd_sc_hd__clkbuf_8)
     6    0.02                           clknet_4_15_0_clk (net)
                  0.05    0.00    0.45 ^ _1178_/CLK (sky130_fd_sc_hd__dfrtp_4)
                  0.16    0.47    0.92 ^ _1178_/Q (sky130_fd_sc_hd__dfrtp_4)
     9    0.05                           u_addr_gen.addr[5] (net)
                  0.16    0.00    0.92 ^ _0590_/B (sky130_fd_sc_hd__or3b_4)
                  0.12    0.21    1.13 ^ _0590_/X (sky130_fd_sc_hd__or3b_4)
     8    0.03                           _0519_ (net)
                  0.12    0.00    1.13 ^ _0617_/B (sky130_fd_sc_hd__or2_1)
                  0.11    0.16    1.29 ^ _0617_/X (sky130_fd_sc_hd__or2_1)
     2    0.01                           _0536_ (net)
                  0.11    0.00    1.29 ^ _0620_/S (sky130_fd_sc_hd__mux2_1)
                  0.04    0.13    1.43 ^ _0620_/X (sky130_fd_sc_hd__mux2_1)
     1    0.00                           _0538_ (net)
                  0.04    0.00    1.43 ^ _0621_/A (sky130_fd_sc_hd__clkbuf_1)
                  0.04    0.07    1.50 ^ _0621_/X (sky130_fd_sc_hd__clkbuf_1)
     1    0.00                           _0120_ (net)
                  0.04    0.00    1.50 ^ _1286_/D (sky130_fd_sc_hd__dfxtp_1)
                                  1.50   data arrival time

                          0.00    0.00   clock clk (rise edge)
                          0.00    0.00   clock source latency
                  0.12    0.08    0.08 ^ clk (in)
     1    0.02                           clk (net)
                  0.12    0.00    0.08 ^ clkbuf_0_clk/A (sky130_fd_sc_hd__clkbuf_16)
                  0.14    0.24    0.32 ^ clkbuf_0_clk/X (sky130_fd_sc_hd__clkbuf_16)
    16    0.12                           clknet_0_clk (net)
                  0.14    0.00    0.33 ^ clkbuf_4_1_0_clk/A (sky130_fd_sc_hd__clkbuf_8)
                  0.07    0.19    0.52 ^ clkbuf_4_1_0_clk/X (sky130_fd_sc_hd__clkbuf_8)
    10    0.03                           clknet_4_1_0_clk (net)
                  0.07    0.00    0.52 ^ _1286_/CLK (sky130_fd_sc_hd__dfxtp_1)
                          0.25    0.77   clock uncertainty
                         -0.03    0.74   clock reconvergence pessimism
                         -0.03    0.71   library hold time
                                  0.71   data required time
-----------------------------------------------------------------------------
                                  0.71   data required time
                                 -1.50   data arrival time
-----------------------------------------------------------------------------
                                  0.79   slack (MET)


Startpoint: _1271_ (rising edge-triggered flip-flop clocked by clk)
Endpoint: _1271_ (rising edge-triggered flip-flop clocked by clk)
Path Group: clk
Path Type: min

Fanout     Cap    Slew   Delay    Time   Description
-----------------------------------------------------------------------------
                          0.00    0.00   clock clk (rise edge)
                          0.00    0.00   clock source latency
                  0.12    0.08    0.08 ^ clk (in)
     1    0.02                           clk (net)
                  0.12    0.00    0.08 ^ clkbuf_0_clk/A (sky130_fd_sc_hd__clkbuf_16)
                  0.14    0.22    0.29 ^ clkbuf_0_clk/X (sky130_fd_sc_hd__clkbuf_16)
    16    0.12                           clknet_0_clk (net)
                  0.14    0.00    0.30 ^ clkbuf_4_12_0_clk/A (sky130_fd_sc_hd__clkbuf_8)
                  0.06    0.17    0.46 ^ clkbuf_4_12_0_clk/X (sky130_fd_sc_hd__clkbuf_8)
     7    0.03                           clknet_4_12_0_clk (net)
                  0.06    0.00    0.46 ^ _1271_/CLK (sky130_fd_sc_hd__dfxtp_1)
                  0.06    0.31    0.77 ^ _1271_/Q (sky130_fd_sc_hd__dfxtp_1)
     2    0.01                           u_sram.mem[17][1] (net)
                  0.06    0.00    0.77 ^ hold60/A (sky130_fd_sc_hd__dlygate4sd3_1)
                  0.06    0.52    1.28 ^ hold60/X (sky130_fd_sc_hd__dlygate4sd3_1)
     1    0.00                           net76 (net)
                  0.06    0.00    1.28 ^ _1168_/A1 (sky130_fd_sc_hd__mux2_1)
                  0.05    0.12    1.40 ^ _1168_/X (sky130_fd_sc_hd__mux2_1)
     1    0.00                           _0514_ (net)
                  0.05    0.00    1.40 ^ _0582_/A (sky130_fd_sc_hd__clkbuf_1)
                  0.04    0.07    1.48 ^ _0582_/X (sky130_fd_sc_hd__clkbuf_1)
     1    0.00                           _0105_ (net)
                  0.04    0.00    1.48 ^ _1271_/D (sky130_fd_sc_hd__dfxtp_1)
                                  1.48   data arrival time

                          0.00    0.00   clock clk (rise edge)
                          0.00    0.00   clock source latency
                  0.12    0.08    0.08 ^ clk (in)
     1    0.02                           clk (net)
                  0.12    0.00    0.08 ^ clkbuf_0_clk/A (sky130_fd_sc_hd__clkbuf_16)
                  0.14    0.24    0.32 ^ clkbuf_0_clk/X (sky130_fd_sc_hd__clkbuf_16)
    16    0.12                           clknet_0_clk (net)
                  0.14    0.00    0.33 ^ clkbuf_4_12_0_clk/A (sky130_fd_sc_hd__clkbuf_8)
                  0.06    0.18    0.51 ^ clkbuf_4_12_0_clk/X (sky130_fd_sc_hd__clkbuf_8)
     7    0.03                           clknet_4_12_0_clk (net)
                  0.06    0.00    0.51 ^ _1271_/CLK (sky130_fd_sc_hd__dfxtp_1)
                          0.25    0.76   clock uncertainty
                         -0.05    0.71   clock reconvergence pessimism
                         -0.03    0.68   library hold time
                                  0.68   data required time
-----------------------------------------------------------------------------
                                  0.68   data required time
                                 -1.48   data arrival time
-----------------------------------------------------------------------------
                                  0.79   slack (MET)


Startpoint: _1277_ (rising edge-triggered flip-flop clocked by clk)
Endpoint: _1277_ (rising edge-triggered flip-flop clocked by clk)
Path Group: clk
Path Type: min

Fanout     Cap    Slew   Delay    Time   Description
-----------------------------------------------------------------------------
                          0.00    0.00   clock clk (rise edge)
                          0.00    0.00   clock source latency
                  0.12    0.08    0.08 ^ clk (in)
     1    0.02                           clk (net)
                  0.12    0.00    0.08 ^ clkbuf_0_clk/A (sky130_fd_sc_hd__clkbuf_16)
                  0.14    0.22    0.29 ^ clkbuf_0_clk/X (sky130_fd_sc_hd__clkbuf_16)
    16    0.12                           clknet_0_clk (net)
                  0.14    0.00    0.30 ^ clkbuf_4_1_0_clk/A (sky130_fd_sc_hd__clkbuf_8)
                  0.07    0.17    0.47 ^ clkbuf_4_1_0_clk/X (sky130_fd_sc_hd__clkbuf_8)
    10    0.03                           clknet_4_1_0_clk (net)
                  0.07    0.00    0.47 ^ _1277_/CLK (sky130_fd_sc_hd__dfxtp_1)
                  0.07    0.32    0.79 ^ _1277_/Q (sky130_fd_sc_hd__dfxtp_1)
     2    0.01                           u_sram.mem[14][1] (net)
                  0.07    0.00    0.79 ^ hold118/A (sky130_fd_sc_hd__dlygate4sd3_1)
                  0.05    0.51    1.30 ^ hold118/X (sky130_fd_sc_hd__dlygate4sd3_1)
     1    0.00                           net134 (net)
                  0.05    0.00    1.30 ^ _0598_/A1 (sky130_fd_sc_hd__mux2_1)
                  0.04    0.11    1.42 ^ _0598_/X (sky130_fd_sc_hd__mux2_1)
     1    0.00                           _0525_ (net)
                  0.04    0.00    1.42 ^ _0599_/A (sky130_fd_sc_hd__clkbuf_1)
                  0.04    0.07    1.49 ^ _0599_/X (sky130_fd_sc_hd__clkbuf_1)
     1    0.00                           _0111_ (net)
                  0.04    0.00    1.49 ^ _1277_/D (sky130_fd_sc_hd__dfxtp_1)
                                  1.49   data arrival time

                          0.00    0.00   clock clk (rise edge)
                          0.00    0.00   clock source latency
                  0.12    0.08    0.08 ^ clk (in)
     1    0.02                           clk (net)
                  0.12    0.00    0.08 ^ clkbuf_0_clk/A (sky130_fd_sc_hd__clkbuf_16)
                  0.14    0.24    0.32 ^ clkbuf_0_clk/X (sky130_fd_sc_hd__clkbuf_16)
    16    0.12                           clknet_0_clk (net)
                  0.14    0.00    0.33 ^ clkbuf_4_1_0_clk/A (sky130_fd_sc_hd__clkbuf_8)
                  0.07    0.19    0.52 ^ clkbuf_4_1_0_clk/X (sky130_fd_sc_hd__clkbuf_8)
    10    0.03                           clknet_4_1_0_clk (net)
                  0.07    0.00    0.52 ^ _1277_/CLK (sky130_fd_sc_hd__dfxtp_1)
                          0.25    0.77   clock uncertainty
                         -0.05    0.72   clock reconvergence pessimism
                         -0.03    0.69   library hold time
                                  0.69   data required time
-----------------------------------------------------------------------------
                                  0.69   data required time
                                 -1.49   data arrival time
-----------------------------------------------------------------------------
                                  0.79   slack (MET)


Startpoint: _1261_ (rising edge-triggered flip-flop clocked by clk)
Endpoint: _1261_ (rising edge-triggered flip-flop clocked by clk)
Path Group: clk
Path Type: min

Fanout     Cap    Slew   Delay    Time   Description
-----------------------------------------------------------------------------
                          0.00    0.00   clock clk (rise edge)
                          0.00    0.00   clock source latency
                  0.12    0.08    0.08 ^ clk (in)
     1    0.02                           clk (net)
                  0.12    0.00    0.08 ^ clkbuf_0_clk/A (sky130_fd_sc_hd__clkbuf_16)
                  0.14    0.22    0.29 ^ clkbuf_0_clk/X (sky130_fd_sc_hd__clkbuf_16)
    16    0.12                           clknet_0_clk (net)
                  0.14    0.00    0.30 ^ clkbuf_4_6_0_clk/A (sky130_fd_sc_hd__clkbuf_8)
                  0.08    0.18    0.47 ^ clkbuf_4_6_0_clk/X (sky130_fd_sc_hd__clkbuf_8)
    10    0.04                           clknet_4_6_0_clk (net)
                  0.08    0.00    0.47 ^ _1261_/CLK (sky130_fd_sc_hd__dfxtp_1)
                  0.07    0.32    0.79 ^ _1261_/Q (sky130_fd_sc_hd__dfxtp_1)
     2    0.01                           u_sram.mem[22][1] (net)
                  0.07    0.00    0.79 ^ hold69/A (sky130_fd_sc_hd__dlygate4sd3_1)
                  0.05    0.51    1.30 ^ hold69/X (sky130_fd_sc_hd__dlygate4sd3_1)
     1    0.00                           net85 (net)
                  0.05    0.00    1.30 ^ _1142_/A0 (sky130_fd_sc_hd__mux2_1)
                  0.05    0.12    1.42 ^ _1142_/X (sky130_fd_sc_hd__mux2_1)
     1    0.00                           _0498_ (net)
                  0.05    0.00    1.42 ^ _1143_/A (sky130_fd_sc_hd__clkbuf_1)
                  0.04    0.07    1.49 ^ _1143_/X (sky130_fd_sc_hd__clkbuf_1)
     1    0.00                           _0095_ (net)
                  0.04    0.00    1.49 ^ _1261_/D (sky130_fd_sc_hd__dfxtp_1)
                                  1.49   data arrival time

                          0.00    0.00   clock clk (rise edge)
                          0.00    0.00   clock source latency
                  0.12    0.08    0.08 ^ clk (in)
     1    0.02                           clk (net)
                  0.12    0.00    0.08 ^ clkbuf_0_clk/A (sky130_fd_sc_hd__clkbuf_16)
                  0.14    0.24    0.32 ^ clkbuf_0_clk/X (sky130_fd_sc_hd__clkbuf_16)
    16    0.12                           clknet_0_clk (net)
                  0.14    0.00    0.33 ^ clkbuf_4_6_0_clk/A (sky130_fd_sc_hd__clkbuf_8)
                  0.08    0.19    0.52 ^ clkbuf_4_6_0_clk/X (sky130_fd_sc_hd__clkbuf_8)
    10    0.04                           clknet_4_6_0_clk (net)
                  0.08    0.00    0.52 ^ _1261_/CLK (sky130_fd_sc_hd__dfxtp_1)
                          0.25    0.77   clock uncertainty
                         -0.05    0.72   clock reconvergence pessimism
                         -0.03    0.70   library hold time
                                  0.70   data required time
-----------------------------------------------------------------------------
                                  0.70   data required time
                                 -1.49   data arrival time
-----------------------------------------------------------------------------
                                  0.79   slack (MET)


Startpoint: _1180_ (rising edge-triggered flip-flop clocked by clk)
Endpoint: _1180_ (rising edge-triggered flip-flop clocked by clk)
Path Group: clk
Path Type: min

Fanout     Cap    Slew   Delay    Time   Description
-----------------------------------------------------------------------------
                          0.00    0.00   clock clk (rise edge)
                          0.00    0.00   clock source latency
                  0.12    0.08    0.08 ^ clk (in)
     1    0.02                           clk (net)
                  0.12    0.00    0.08 ^ clkbuf_0_clk/A (sky130_fd_sc_hd__clkbuf_16)
                  0.14    0.22    0.29 ^ clkbuf_0_clk/X (sky130_fd_sc_hd__clkbuf_16)
    16    0.12                           clknet_0_clk (net)
                  0.14    0.00    0.30 ^ clkbuf_4_11_0_clk/A (sky130_fd_sc_hd__clkbuf_8)
                  0.08    0.18    0.47 ^ clkbuf_4_11_0_clk/X (sky130_fd_sc_hd__clkbuf_8)
    12    0.04                           clknet_4_11_0_clk (net)
                  0.08    0.00    0.48 ^ _1180_/CLK (sky130_fd_sc_hd__dfrtp_1)
                  0.09    0.35    0.82 ^ _1180_/Q (sky130_fd_sc_hd__dfrtp_1)
     2    0.01                           u_fsm.addr_done_seen (net)
                  0.09    0.00    0.82 ^ _0707_/A (sky130_fd_sc_hd__inv_2)
                  0.03    0.04    0.86 v _0707_/Y (sky130_fd_sc_hd__inv_2)
     2    0.01                           _0159_ (net)
                  0.03    0.00    0.86 v _0905_/A1 (sky130_fd_sc_hd__o21bai_1)
                  0.05    0.11    0.98 ^ _0905_/Y (sky130_fd_sc_hd__o21bai_1)
     1    0.00                           _0014_ (net)
                  0.05    0.00    0.98 ^ hold5/A (sky130_fd_sc_hd__dlygate4sd3_1)
                  0.05    0.51    1.49 ^ hold5/X (sky130_fd_sc_hd__dlygate4sd3_1)
     1    0.00                           net21 (net)
                  0.05    0.00    1.49 ^ _1180_/D (sky130_fd_sc_hd__dfrtp_1)
                                  1.49   data arrival time

                          0.00    0.00   clock clk (rise edge)
                          0.00    0.00   clock source latency
                  0.12    0.08    0.08 ^ clk (in)
     1    0.02                           clk (net)
                  0.12    0.00    0.08 ^ clkbuf_0_clk/A (sky130_fd_sc_hd__clkbuf_16)
                  0.14    0.24    0.32 ^ clkbuf_0_clk/X (sky130_fd_sc_hd__clkbuf_16)
    16    0.12                           clknet_0_clk (net)
                  0.14    0.00    0.33 ^ clkbuf_4_11_0_clk/A (sky130_fd_sc_hd__clkbuf_8)
                  0.08    0.19    0.52 ^ clkbuf_4_11_0_clk/X (sky130_fd_sc_hd__clkbuf_8)
    12    0.04                           clknet_4_11_0_clk (net)
                  0.08    0.00    0.53 ^ _1180_/CLK (sky130_fd_sc_hd__dfrtp_1)
                          0.25    0.78   clock uncertainty
                         -0.05    0.73   clock reconvergence pessimism
                         -0.03    0.69   library hold time
                                  0.69   data required time
-----------------------------------------------------------------------------
                                  0.69   data required time
                                 -1.49   data arrival time
-----------------------------------------------------------------------------
                                  0.79   slack (MET)


Startpoint: _1235_ (rising edge-triggered flip-flop clocked by clk)
Endpoint: _1235_ (rising edge-triggered flip-flop clocked by clk)
Path Group: clk
Path Type: min

Fanout     Cap    Slew   Delay    Time   Description
-----------------------------------------------------------------------------
                          0.00    0.00   clock clk (rise edge)
                          0.00    0.00   clock source latency
                  0.12    0.08    0.08 ^ clk (in)
     1    0.02                           clk (net)
                  0.12    0.00    0.08 ^ clkbuf_0_clk/A (sky130_fd_sc_hd__clkbuf_16)
                  0.14    0.22    0.29 ^ clkbuf_0_clk/X (sky130_fd_sc_hd__clkbuf_16)
    16    0.12                           clknet_0_clk (net)
                  0.14    0.00    0.30 ^ clkbuf_4_7_0_clk/A (sky130_fd_sc_hd__clkbuf_8)
                  0.08    0.18    0.48 ^ clkbuf_4_7_0_clk/X (sky130_fd_sc_hd__clkbuf_8)
    13    0.04                           clknet_4_7_0_clk (net)
                  0.08    0.00    0.48 ^ _1235_/CLK (sky130_fd_sc_hd__dfxtp_1)
                  0.07    0.32    0.80 ^ _1235_/Q (sky130_fd_sc_hd__dfxtp_1)
     2    0.01                           u_sram.mem[35][1] (net)
                  0.07    0.00    0.80 ^ hold123/A (sky130_fd_sc_hd__dlygate4sd3_1)
                  0.05    0.51    1.31 ^ hold123/X (sky130_fd_sc_hd__dlygate4sd3_1)
     1    0.00                           net139 (net)
                  0.05    0.00    1.31 ^ _1073_/A0 (sky130_fd_sc_hd__mux2_1)
                  0.05    0.11    1.42 ^ _1073_/X (sky130_fd_sc_hd__mux2_1)
     1    0.00                           _0455_ (net)
                  0.05    0.00    1.42 ^ _1074_/A (sky130_fd_sc_hd__clkbuf_1)
                  0.04    0.07    1.50 ^ _1074_/X (sky130_fd_sc_hd__clkbuf_1)
     1    0.00                           _0069_ (net)
                  0.04    0.00    1.50 ^ _1235_/D (sky130_fd_sc_hd__dfxtp_1)
                                  1.50   data arrival time

                          0.00    0.00   clock clk (rise edge)
                          0.00    0.00   clock source latency
                  0.12    0.08    0.08 ^ clk (in)
     1    0.02                           clk (net)
                  0.12    0.00    0.08 ^ clkbuf_0_clk/A (sky130_fd_sc_hd__clkbuf_16)
                  0.14    0.24    0.32 ^ clkbuf_0_clk/X (sky130_fd_sc_hd__clkbuf_16)
    16    0.12                           clknet_0_clk (net)
                  0.14    0.00    0.33 ^ clkbuf_4_7_0_clk/A (sky130_fd_sc_hd__clkbuf_8)
                  0.08    0.20    0.53 ^ clkbuf_4_7_0_clk/X (sky130_fd_sc_hd__clkbuf_8)
    13    0.04                           clknet_4_7_0_clk (net)
                  0.08    0.00    0.53 ^ _1235_/CLK (sky130_fd_sc_hd__dfxtp_1)
                          0.25    0.78   clock uncertainty
                         -0.05    0.73   clock reconvergence pessimism
                         -0.03    0.70   library hold time
                                  0.70   data required time
-----------------------------------------------------------------------------
                                  0.70   data required time
                                 -1.50   data arrival time
-----------------------------------------------------------------------------
                                  0.79   slack (MET)


Startpoint: _1301_ (rising edge-triggered flip-flop clocked by clk)
Endpoint: _1301_ (rising edge-triggered flip-flop clocked by clk)
Path Group: clk
Path Type: min

Fanout     Cap    Slew   Delay    Time   Description
-----------------------------------------------------------------------------
                          0.00    0.00   clock clk (rise edge)
                          0.00    0.00   clock source latency
                  0.12    0.08    0.08 ^ clk (in)
     1    0.02                           clk (net)
                  0.12    0.00    0.08 ^ clkbuf_0_clk/A (sky130_fd_sc_hd__clkbuf_16)
                  0.14    0.22    0.29 ^ clkbuf_0_clk/X (sky130_fd_sc_hd__clkbuf_16)
    16    0.12                           clknet_0_clk (net)
                  0.14    0.00    0.30 ^ clkbuf_4_1_0_clk/A (sky130_fd_sc_hd__clkbuf_8)
                  0.07    0.17    0.47 ^ clkbuf_4_1_0_clk/X (sky130_fd_sc_hd__clkbuf_8)
    10    0.03                           clknet_4_1_0_clk (net)
                  0.07    0.00    0.47 ^ _1301_/CLK (sky130_fd_sc_hd__dfxtp_1)
                  0.07    0.31    0.78 ^ _1301_/Q (sky130_fd_sc_hd__dfxtp_1)
     2    0.01                           u_sram.mem[2][1] (net)
                  0.07    0.00    0.78 ^ hold94/A (sky130_fd_sc_hd__dlygate4sd3_1)
                  0.05    0.51    1.30 ^ hold94/X (sky130_fd_sc_hd__dlygate4sd3_1)
     1    0.00                           net110 (net)
                  0.05    0.00    1.30 ^ _0658_/A1 (sky130_fd_sc_hd__mux2_1)
                  0.05    0.12    1.42 ^ _0658_/X (sky130_fd_sc_hd__mux2_1)
     1    0.00                           _0561_ (net)
                  0.05    0.00    1.42 ^ _0659_/A (sky130_fd_sc_hd__clkbuf_1)
                  0.04    0.07    1.49 ^ _0659_/X (sky130_fd_sc_hd__clkbuf_1)
     1    0.00                           _0135_ (net)
                  0.04    0.00    1.49 ^ _1301_/D (sky130_fd_sc_hd__dfxtp_1)
                                  1.49   data arrival time

                          0.00    0.00   clock clk (rise edge)
                          0.00    0.00   clock source latency
                  0.12    0.08    0.08 ^ clk (in)
     1    0.02                           clk (net)
                  0.12    0.00    0.08 ^ clkbuf_0_clk/A (sky130_fd_sc_hd__clkbuf_16)
                  0.14    0.24    0.32 ^ clkbuf_0_clk/X (sky130_fd_sc_hd__clkbuf_16)
    16    0.12                           clknet_0_clk (net)
                  0.14    0.00    0.33 ^ clkbuf_4_1_0_clk/A (sky130_fd_sc_hd__clkbuf_8)
                  0.07    0.19    0.52 ^ clkbuf_4_1_0_clk/X (sky130_fd_sc_hd__clkbuf_8)
    10    0.03                           clknet_4_1_0_clk (net)
                  0.07    0.00    0.52 ^ _1301_/CLK (sky130_fd_sc_hd__dfxtp_1)
                          0.25    0.77   clock uncertainty
                         -0.05    0.72   clock reconvergence pessimism
                         -0.03    0.69   library hold time
                                  0.69   data required time
-----------------------------------------------------------------------------
                                  0.69   data required time
                                 -1.49   data arrival time
-----------------------------------------------------------------------------
                                  0.79   slack (MET)


Startpoint: _1178_ (rising edge-triggered flip-flop clocked by clk)
Endpoint: _1281_ (rising edge-triggered flip-flop clocked by clk)
Path Group: clk
Path Type: min

Fanout     Cap    Slew   Delay    Time   Description
-----------------------------------------------------------------------------
                          0.00    0.00   clock clk (rise edge)
                          0.00    0.00   clock source latency
                  0.12    0.08    0.08 ^ clk (in)
     1    0.02                           clk (net)
                  0.12    0.00    0.08 ^ clkbuf_0_clk/A (sky130_fd_sc_hd__clkbuf_16)
                  0.14    0.22    0.29 ^ clkbuf_0_clk/X (sky130_fd_sc_hd__clkbuf_16)
    16    0.12                           clknet_0_clk (net)
                  0.14    0.00    0.30 ^ clkbuf_4_15_0_clk/A (sky130_fd_sc_hd__clkbuf_8)
                  0.05    0.16    0.45 ^ clkbuf_4_15_0_clk/X (sky130_fd_sc_hd__clkbuf_8)
     6    0.02                           clknet_4_15_0_clk (net)
                  0.05    0.00    0.45 ^ _1178_/CLK (sky130_fd_sc_hd__dfrtp_4)
                  0.16    0.47    0.92 ^ _1178_/Q (sky130_fd_sc_hd__dfrtp_4)
     9    0.05                           u_addr_gen.addr[5] (net)
                  0.16    0.00    0.92 ^ _0590_/B (sky130_fd_sc_hd__or3b_4)
                  0.12    0.21    1.13 ^ _0590_/X (sky130_fd_sc_hd__or3b_4)
     8    0.03                           _0519_ (net)
                  0.12    0.00    1.13 ^ _0607_/B (sky130_fd_sc_hd__or2_1)
                  0.11    0.16    1.29 ^ _0607_/X (sky130_fd_sc_hd__or2_1)
     2    0.01                           _0530_ (net)
                  0.11    0.00    1.29 ^ _0608_/S (sky130_fd_sc_hd__mux2_1)
                  0.04    0.14    1.43 ^ _0608_/X (sky130_fd_sc_hd__mux2_1)
     1    0.00                           _0531_ (net)
                  0.04    0.00    1.43 ^ _0609_/A (sky130_fd_sc_hd__clkbuf_1)
                  0.04    0.07    1.50 ^ _0609_/X (sky130_fd_sc_hd__clkbuf_1)
     1    0.00                           _0115_ (net)
                  0.04    0.00    1.50 ^ _1281_/D (sky130_fd_sc_hd__dfxtp_1)
                                  1.50   data arrival time

                          0.00    0.00   clock clk (rise edge)
                          0.00    0.00   clock source latency
                  0.12    0.08    0.08 ^ clk (in)
     1    0.02                           clk (net)
                  0.12    0.00    0.08 ^ clkbuf_0_clk/A (sky130_fd_sc_hd__clkbuf_16)
                  0.14    0.24    0.32 ^ clkbuf_0_clk/X (sky130_fd_sc_hd__clkbuf_16)
    16    0.12                           clknet_0_clk (net)
                  0.14    0.00    0.33 ^ clkbuf_4_0_0_clk/A (sky130_fd_sc_hd__clkbuf_8)
                  0.07    0.19    0.52 ^ clkbuf_4_0_0_clk/X (sky130_fd_sc_hd__clkbuf_8)
    10    0.03                           clknet_4_0_0_clk (net)
                  0.07    0.00    0.52 ^ _1281_/CLK (sky130_fd_sc_hd__dfxtp_1)
                          0.25    0.77   clock uncertainty
                         -0.03    0.74   clock reconvergence pessimism
                         -0.03    0.71   library hold time
                                  0.71   data required time
-----------------------------------------------------------------------------
                                  0.71   data required time
                                 -1.50   data arrival time
-----------------------------------------------------------------------------
                                  0.79   slack (MET)


Startpoint: _1238_ (rising edge-triggered flip-flop clocked by clk)
Endpoint: _1238_ (rising edge-triggered flip-flop clocked by clk)
Path Group: clk
Path Type: min

Fanout     Cap    Slew   Delay    Time   Description
-----------------------------------------------------------------------------
                          0.00    0.00   clock clk (rise edge)
                          0.00    0.00   clock source latency
                  0.12    0.08    0.08 ^ clk (in)
     1    0.02                           clk (net)
                  0.12    0.00    0.08 ^ clkbuf_0_clk/A (sky130_fd_sc_hd__clkbuf_16)
                  0.14    0.22    0.29 ^ clkbuf_0_clk/X (sky130_fd_sc_hd__clkbuf_16)
    16    0.12                           clknet_0_clk (net)
                  0.14    0.00    0.30 ^ clkbuf_4_13_0_clk/A (sky130_fd_sc_hd__clkbuf_8)
                  0.06    0.17    0.46 ^ clkbuf_4_13_0_clk/X (sky130_fd_sc_hd__clkbuf_8)
     9    0.03                           clknet_4_13_0_clk (net)
                  0.06    0.00    0.46 ^ _1238_/CLK (sky130_fd_sc_hd__dfxtp_1)
                  0.07    0.31    0.78 ^ _1238_/Q (sky130_fd_sc_hd__dfxtp_1)
     2    0.01                           u_sram.mem[34][0] (net)
                  0.07    0.00    0.78 ^ hold58/A (sky130_fd_sc_hd__dlygate4sd3_1)
                  0.06    0.52    1.30 ^ hold58/X (sky130_fd_sc_hd__dlygate4sd3_1)
     1    0.00                           net74 (net)
                  0.06    0.00    1.30 ^ _1080_/A1 (sky130_fd_sc_hd__mux2_1)
                  0.04    0.12    1.41 ^ _1080_/X (sky130_fd_sc_hd__mux2_1)
     1    0.00                           _0459_ (net)
                  0.04    0.00    1.41 ^ _1081_/A (sky130_fd_sc_hd__clkbuf_1)
                  0.04    0.07    1.48 ^ _1081_/X (sky130_fd_sc_hd__clkbuf_1)
     1    0.00                           _0072_ (net)
                  0.04    0.00    1.48 ^ _1238_/D (sky130_fd_sc_hd__dfxtp_1)
                                  1.48   data arrival time

                          0.00    0.00   clock clk (rise edge)
                          0.00    0.00   clock source latency
                  0.12    0.08    0.08 ^ clk (in)
     1    0.02                           clk (net)
                  0.12    0.00    0.08 ^ clkbuf_0_clk/A (sky130_fd_sc_hd__clkbuf_16)
                  0.14    0.24    0.32 ^ clkbuf_0_clk/X (sky130_fd_sc_hd__clkbuf_16)
    16    0.12                           clknet_0_clk (net)
                  0.14    0.00    0.33 ^ clkbuf_4_13_0_clk/A (sky130_fd_sc_hd__clkbuf_8)
                  0.06    0.18    0.51 ^ clkbuf_4_13_0_clk/X (sky130_fd_sc_hd__clkbuf_8)
     9    0.03                           clknet_4_13_0_clk (net)
                  0.06    0.00    0.51 ^ _1238_/CLK (sky130_fd_sc_hd__dfxtp_1)
                          0.25    0.76   clock uncertainty
                         -0.05    0.72   clock reconvergence pessimism
                         -0.03    0.69   library hold time
                                  0.69   data required time
-----------------------------------------------------------------------------
                                  0.69   data required time
                                 -1.48   data arrival time
-----------------------------------------------------------------------------
                                  0.79   slack (MET)


Startpoint: _1244_ (rising edge-triggered flip-flop clocked by clk)
Endpoint: _1244_ (rising edge-triggered flip-flop clocked by clk)
Path Group: clk
Path Type: min

Fanout     Cap    Slew   Delay    Time   Description
-----------------------------------------------------------------------------
                          0.00    0.00   clock clk (rise edge)
                          0.00    0.00   clock source latency
                  0.12    0.08    0.08 ^ clk (in)
     1    0.02                           clk (net)
                  0.12    0.00    0.08 ^ clkbuf_0_clk/A (sky130_fd_sc_hd__clkbuf_16)
                  0.14    0.22    0.29 ^ clkbuf_0_clk/X (sky130_fd_sc_hd__clkbuf_16)
    16    0.12                           clknet_0_clk (net)
                  0.14    0.00    0.30 ^ clkbuf_4_5_0_clk/A (sky130_fd_sc_hd__clkbuf_8)
                  0.07    0.17    0.47 ^ clkbuf_4_5_0_clk/X (sky130_fd_sc_hd__clkbuf_8)
    11    0.03                           clknet_4_5_0_clk (net)
                  0.07    0.00    0.47 ^ _1244_/CLK (sky130_fd_sc_hd__dfxtp_1)
                  0.07    0.32    0.79 ^ _1244_/Q (sky130_fd_sc_hd__dfxtp_1)
     2    0.01                           u_sram.mem[31][0] (net)
                  0.07    0.00    0.79 ^ hold71/A (sky130_fd_sc_hd__dlygate4sd3_1)
                  0.05    0.51    1.30 ^ hold71/X (sky130_fd_sc_hd__dlygate4sd3_1)
     1    0.00                           net87 (net)
                  0.05    0.00    1.30 ^ _1098_/A0 (sky130_fd_sc_hd__mux2_1)
                  0.04    0.11    1.42 ^ _1098_/X (sky130_fd_sc_hd__mux2_1)
     1    0.00                           _0471_ (net)
                  0.04    0.00    1.42 ^ _1099_/A (sky130_fd_sc_hd__clkbuf_1)
                  0.04    0.07    1.49 ^ _1099_/X (sky130_fd_sc_hd__clkbuf_1)
     1    0.00                           _0078_ (net)
                  0.04    0.00    1.49 ^ _1244_/D (sky130_fd_sc_hd__dfxtp_1)
                                  1.49   data arrival time

                          0.00    0.00   clock clk (rise edge)
                          0.00    0.00   clock source latency
                  0.12    0.08    0.08 ^ clk (in)
     1    0.02                           clk (net)
                  0.12    0.00    0.08 ^ clkbuf_0_clk/A (sky130_fd_sc_hd__clkbuf_16)
                  0.14    0.24    0.32 ^ clkbuf_0_clk/X (sky130_fd_sc_hd__clkbuf_16)
    16    0.12                           clknet_0_clk (net)
                  0.14    0.00    0.33 ^ clkbuf_4_5_0_clk/A (sky130_fd_sc_hd__clkbuf_8)
                  0.07    0.19    0.52 ^ clkbuf_4_5_0_clk/X (sky130_fd_sc_hd__clkbuf_8)
    11    0.03                           clknet_4_5_0_clk (net)
                  0.07    0.00    0.52 ^ _1244_/CLK (sky130_fd_sc_hd__dfxtp_1)
                          0.25    0.77   clock uncertainty
                         -0.05    0.72   clock reconvergence pessimism
                         -0.03    0.69   library hold time
                                  0.69   data required time
-----------------------------------------------------------------------------
                                  0.69   data required time
                                 -1.49   data arrival time
-----------------------------------------------------------------------------
                                  0.80   slack (MET)


Startpoint: _1237_ (rising edge-triggered flip-flop clocked by clk)
Endpoint: _1237_ (rising edge-triggered flip-flop clocked by clk)
Path Group: clk
Path Type: min

Fanout     Cap    Slew   Delay    Time   Description
-----------------------------------------------------------------------------
                          0.00    0.00   clock clk (rise edge)
                          0.00    0.00   clock source latency
                  0.12    0.08    0.08 ^ clk (in)
     1    0.02                           clk (net)
                  0.12    0.00    0.08 ^ clkbuf_0_clk/A (sky130_fd_sc_hd__clkbuf_16)
                  0.14    0.22    0.29 ^ clkbuf_0_clk/X (sky130_fd_sc_hd__clkbuf_16)
    16    0.12                           clknet_0_clk (net)
                  0.14    0.00    0.30 ^ clkbuf_4_13_0_clk/A (sky130_fd_sc_hd__clkbuf_8)
                  0.06    0.17    0.46 ^ clkbuf_4_13_0_clk/X (sky130_fd_sc_hd__clkbuf_8)
     9    0.03                           clknet_4_13_0_clk (net)
                  0.06    0.00    0.46 ^ _1237_/CLK (sky130_fd_sc_hd__dfxtp_1)
                  0.07    0.32    0.78 ^ _1237_/Q (sky130_fd_sc_hd__dfxtp_1)
     2    0.01                           u_sram.mem[34][1] (net)
                  0.07    0.00    0.78 ^ hold91/A (sky130_fd_sc_hd__dlygate4sd3_1)
                  0.05    0.52    1.30 ^ hold91/X (sky130_fd_sc_hd__dlygate4sd3_1)
     1    0.00                           net107 (net)
                  0.05    0.00    1.30 ^ _1078_/A1 (sky130_fd_sc_hd__mux2_1)
                  0.04    0.12    1.41 ^ _1078_/X (sky130_fd_sc_hd__mux2_1)
     1    0.00                           _0458_ (net)
                  0.04    0.00    1.41 ^ _1079_/A (sky130_fd_sc_hd__clkbuf_1)
                  0.04    0.07    1.49 ^ _1079_/X (sky130_fd_sc_hd__clkbuf_1)
     1    0.00                           _0071_ (net)
                  0.04    0.00    1.49 ^ _1237_/D (sky130_fd_sc_hd__dfxtp_1)
                                  1.49   data arrival time

                          0.00    0.00   clock clk (rise edge)
                          0.00    0.00   clock source latency
                  0.12    0.08    0.08 ^ clk (in)
     1    0.02                           clk (net)
                  0.12    0.00    0.08 ^ clkbuf_0_clk/A (sky130_fd_sc_hd__clkbuf_16)
                  0.14    0.24    0.32 ^ clkbuf_0_clk/X (sky130_fd_sc_hd__clkbuf_16)
    16    0.12                           clknet_0_clk (net)
                  0.14    0.00    0.33 ^ clkbuf_4_13_0_clk/A (sky130_fd_sc_hd__clkbuf_8)
                  0.06    0.18    0.51 ^ clkbuf_4_13_0_clk/X (sky130_fd_sc_hd__clkbuf_8)
     9    0.03                           clknet_4_13_0_clk (net)
                  0.06    0.00    0.51 ^ _1237_/CLK (sky130_fd_sc_hd__dfxtp_1)
                          0.25    0.76   clock uncertainty
                         -0.05    0.72   clock reconvergence pessimism
                         -0.03    0.69   library hold time
                                  0.69   data required time
-----------------------------------------------------------------------------
                                  0.69   data required time
                                 -1.49   data arrival time
-----------------------------------------------------------------------------
                                  0.80   slack (MET)


Startpoint: _1275_ (rising edge-triggered flip-flop clocked by clk)
Endpoint: _1275_ (rising edge-triggered flip-flop clocked by clk)
Path Group: clk
Path Type: min

Fanout     Cap    Slew   Delay    Time   Description
-----------------------------------------------------------------------------
                          0.00    0.00   clock clk (rise edge)
                          0.00    0.00   clock source latency
                  0.12    0.08    0.08 ^ clk (in)
     1    0.02                           clk (net)
                  0.12    0.00    0.08 ^ clkbuf_0_clk/A (sky130_fd_sc_hd__clkbuf_16)
                  0.14    0.22    0.29 ^ clkbuf_0_clk/X (sky130_fd_sc_hd__clkbuf_16)
    16    0.12                           clknet_0_clk (net)
                  0.14    0.00    0.30 ^ clkbuf_4_0_0_clk/A (sky130_fd_sc_hd__clkbuf_8)
                  0.07    0.17    0.47 ^ clkbuf_4_0_0_clk/X (sky130_fd_sc_hd__clkbuf_8)
    10    0.03                           clknet_4_0_0_clk (net)
                  0.07    0.00    0.47 ^ _1275_/CLK (sky130_fd_sc_hd__dfxtp_1)
                  0.07    0.32    0.78 ^ _1275_/Q (sky130_fd_sc_hd__dfxtp_1)
     2    0.01                           u_sram.mem[15][1] (net)
                  0.07    0.00    0.78 ^ hold81/A (sky130_fd_sc_hd__dlygate4sd3_1)
                  0.05    0.51    1.30 ^ hold81/X (sky130_fd_sc_hd__dlygate4sd3_1)
     1    0.00                           net97 (net)
                  0.05    0.00    1.30 ^ _0593_/A1 (sky130_fd_sc_hd__mux2_1)
                  0.05    0.12    1.42 ^ _0593_/X (sky130_fd_sc_hd__mux2_1)
     1    0.00                           _0522_ (net)
                  0.05    0.00    1.42 ^ _0594_/A (sky130_fd_sc_hd__clkbuf_1)
                  0.04    0.07    1.49 ^ _0594_/X (sky130_fd_sc_hd__clkbuf_1)
     1    0.00                           _0109_ (net)
                  0.04    0.00    1.49 ^ _1275_/D (sky130_fd_sc_hd__dfxtp_1)
                                  1.49   data arrival time

                          0.00    0.00   clock clk (rise edge)
                          0.00    0.00   clock source latency
                  0.12    0.08    0.08 ^ clk (in)
     1    0.02                           clk (net)
                  0.12    0.00    0.08 ^ clkbuf_0_clk/A (sky130_fd_sc_hd__clkbuf_16)
                  0.14    0.24    0.32 ^ clkbuf_0_clk/X (sky130_fd_sc_hd__clkbuf_16)
    16    0.12                           clknet_0_clk (net)
                  0.14    0.00    0.33 ^ clkbuf_4_0_0_clk/A (sky130_fd_sc_hd__clkbuf_8)
                  0.07    0.19    0.52 ^ clkbuf_4_0_0_clk/X (sky130_fd_sc_hd__clkbuf_8)
    10    0.03                           clknet_4_0_0_clk (net)
                  0.07    0.00    0.52 ^ _1275_/CLK (sky130_fd_sc_hd__dfxtp_1)
                          0.25    0.77   clock uncertainty
                         -0.05    0.72   clock reconvergence pessimism
                         -0.03    0.69   library hold time
                                  0.69   data required time
-----------------------------------------------------------------------------
                                  0.69   data required time
                                 -1.49   data arrival time
-----------------------------------------------------------------------------
                                  0.80   slack (MET)


Startpoint: _1207_ (rising edge-triggered flip-flop clocked by clk)
Endpoint: _1207_ (rising edge-triggered flip-flop clocked by clk)
Path Group: clk
Path Type: min

Fanout     Cap    Slew   Delay    Time   Description
-----------------------------------------------------------------------------
                          0.00    0.00   clock clk (rise edge)
                          0.00    0.00   clock source latency
                  0.12    0.08    0.08 ^ clk (in)
     1    0.02                           clk (net)
                  0.12    0.00    0.08 ^ clkbuf_0_clk/A (sky130_fd_sc_hd__clkbuf_16)
                  0.14    0.22    0.29 ^ clkbuf_0_clk/X (sky130_fd_sc_hd__clkbuf_16)
    16    0.12                           clknet_0_clk (net)
                  0.14    0.00    0.30 ^ clkbuf_4_8_0_clk/A (sky130_fd_sc_hd__clkbuf_8)
                  0.07    0.17    0.47 ^ clkbuf_4_8_0_clk/X (sky130_fd_sc_hd__clkbuf_8)
    10    0.03                           clknet_4_8_0_clk (net)
                  0.07    0.00    0.47 ^ _1207_/CLK (sky130_fd_sc_hd__dfxtp_1)
                  0.08    0.32    0.79 ^ _1207_/Q (sky130_fd_sc_hd__dfxtp_1)
     2    0.01                           u_sram.mem[49][1] (net)
                  0.08    0.00    0.79 ^ hold84/A (sky130_fd_sc_hd__dlygate4sd3_1)
                  0.05    0.51    1.31 ^ hold84/X (sky130_fd_sc_hd__dlygate4sd3_1)
     1    0.00                           net100 (net)
                  0.05    0.00    1.31 ^ _0995_/A1 (sky130_fd_sc_hd__mux2_1)
                  0.04    0.11    1.42 ^ _0995_/X (sky130_fd_sc_hd__mux2_1)
     1    0.00                           _0405_ (net)
                  0.04    0.00    1.42 ^ _0996_/A (sky130_fd_sc_hd__clkbuf_1)
                  0.04    0.07    1.49 ^ _0996_/X (sky130_fd_sc_hd__clkbuf_1)
     1    0.00                           _0041_ (net)
                  0.04    0.00    1.49 ^ _1207_/D (sky130_fd_sc_hd__dfxtp_1)
                                  1.49   data arrival time

                          0.00    0.00   clock clk (rise edge)
                          0.00    0.00   clock source latency
                  0.12    0.08    0.08 ^ clk (in)
     1    0.02                           clk (net)
                  0.12    0.00    0.08 ^ clkbuf_0_clk/A (sky130_fd_sc_hd__clkbuf_16)
                  0.14    0.24    0.32 ^ clkbuf_0_clk/X (sky130_fd_sc_hd__clkbuf_16)
    16    0.12                           clknet_0_clk (net)
                  0.14    0.00    0.33 ^ clkbuf_4_8_0_clk/A (sky130_fd_sc_hd__clkbuf_8)
                  0.07    0.19    0.52 ^ clkbuf_4_8_0_clk/X (sky130_fd_sc_hd__clkbuf_8)
    10    0.03                           clknet_4_8_0_clk (net)
                  0.07    0.00    0.52 ^ _1207_/CLK (sky130_fd_sc_hd__dfxtp_1)
                          0.25    0.77   clock uncertainty
                         -0.05    0.72   clock reconvergence pessimism
                         -0.03    0.69   library hold time
                                  0.69   data required time
-----------------------------------------------------------------------------
                                  0.69   data required time
                                 -1.49   data arrival time
-----------------------------------------------------------------------------
                                  0.80   slack (MET)


Startpoint: _1206_ (rising edge-triggered flip-flop clocked by clk)
Endpoint: _1206_ (rising edge-triggered flip-flop clocked by clk)
Path Group: clk
Path Type: min

Fanout     Cap    Slew   Delay    Time   Description
-----------------------------------------------------------------------------
                          0.00    0.00   clock clk (rise edge)
                          0.00    0.00   clock source latency
                  0.12    0.08    0.08 ^ clk (in)
     1    0.02                           clk (net)
                  0.12    0.00    0.08 ^ clkbuf_0_clk/A (sky130_fd_sc_hd__clkbuf_16)
                  0.14    0.22    0.29 ^ clkbuf_0_clk/X (sky130_fd_sc_hd__clkbuf_16)
    16    0.12                           clknet_0_clk (net)
                  0.14    0.00    0.30 ^ clkbuf_4_10_0_clk/A (sky130_fd_sc_hd__clkbuf_8)
                  0.09    0.19    0.48 ^ clkbuf_4_10_0_clk/X (sky130_fd_sc_hd__clkbuf_8)
    15    0.04                           clknet_4_10_0_clk (net)
                  0.09    0.00    0.48 ^ _1206_/CLK (sky130_fd_sc_hd__dfxtp_1)
                  0.07    0.32    0.81 ^ _1206_/Q (sky130_fd_sc_hd__dfxtp_1)
     2    0.01                           u_sram.mem[50][0] (net)
                  0.07    0.00    0.81 ^ hold129/A (sky130_fd_sc_hd__dlygate4sd3_1)
                  0.06    0.52    1.32 ^ hold129/X (sky130_fd_sc_hd__dlygate4sd3_1)
     1    0.00                           net145 (net)
                  0.06    0.00    1.32 ^ _0991_/A1 (sky130_fd_sc_hd__mux2_1)
                  0.04    0.11    1.44 ^ _0991_/X (sky130_fd_sc_hd__mux2_1)
     1    0.00                           _0402_ (net)
                  0.04    0.00    1.44 ^ _0992_/A (sky130_fd_sc_hd__clkbuf_1)
                  0.04    0.07    1.51 ^ _0992_/X (sky130_fd_sc_hd__clkbuf_1)
     1    0.00                           _0040_ (net)
                  0.04    0.00    1.51 ^ _1206_/D (sky130_fd_sc_hd__dfxtp_1)
                                  1.51   data arrival time

                          0.00    0.00   clock clk (rise edge)
                          0.00    0.00   clock source latency
                  0.12    0.08    0.08 ^ clk (in)
     1    0.02                           clk (net)
                  0.12    0.00    0.08 ^ clkbuf_0_clk/A (sky130_fd_sc_hd__clkbuf_16)
                  0.14    0.24    0.32 ^ clkbuf_0_clk/X (sky130_fd_sc_hd__clkbuf_16)
    16    0.12                           clknet_0_clk (net)
                  0.14    0.00    0.33 ^ clkbuf_4_10_0_clk/A (sky130_fd_sc_hd__clkbuf_8)
                  0.09    0.21    0.53 ^ clkbuf_4_10_0_clk/X (sky130_fd_sc_hd__clkbuf_8)
    15    0.04                           clknet_4_10_0_clk (net)
                  0.09    0.00    0.54 ^ _1206_/CLK (sky130_fd_sc_hd__dfxtp_1)
                          0.25    0.79   clock uncertainty
                         -0.05    0.73   clock reconvergence pessimism
                         -0.02    0.71   library hold time
                                  0.71   data required time
-----------------------------------------------------------------------------
                                  0.71   data required time
                                 -1.51   data arrival time
-----------------------------------------------------------------------------
                                  0.80   slack (MET)


Startpoint: _1278_ (rising edge-triggered flip-flop clocked by clk)
Endpoint: _1278_ (rising edge-triggered flip-flop clocked by clk)
Path Group: clk
Path Type: min

Fanout     Cap    Slew   Delay    Time   Description
-----------------------------------------------------------------------------
                          0.00    0.00   clock clk (rise edge)
                          0.00    0.00   clock source latency
                  0.12    0.08    0.08 ^ clk (in)
     1    0.02                           clk (net)
                  0.12    0.00    0.08 ^ clkbuf_0_clk/A (sky130_fd_sc_hd__clkbuf_16)
                  0.14    0.22    0.29 ^ clkbuf_0_clk/X (sky130_fd_sc_hd__clkbuf_16)
    16    0.12                           clknet_0_clk (net)
                  0.14    0.00    0.30 ^ clkbuf_4_1_0_clk/A (sky130_fd_sc_hd__clkbuf_8)
                  0.07    0.17    0.47 ^ clkbuf_4_1_0_clk/X (sky130_fd_sc_hd__clkbuf_8)
    10    0.03                           clknet_4_1_0_clk (net)
                  0.07    0.00    0.47 ^ _1278_/CLK (sky130_fd_sc_hd__dfxtp_1)
                  0.08    0.33    0.80 ^ _1278_/Q (sky130_fd_sc_hd__dfxtp_1)
     2    0.01                           u_sram.mem[14][0] (net)
                  0.08    0.00    0.80 ^ hold126/A (sky130_fd_sc_hd__dlygate4sd3_1)
                  0.05    0.52    1.31 ^ hold126/X (sky130_fd_sc_hd__dlygate4sd3_1)
     1    0.00                           net142 (net)
                  0.05    0.00    1.31 ^ _0600_/A1 (sky130_fd_sc_hd__mux2_1)
                  0.04    0.11    1.42 ^ _0600_/X (sky130_fd_sc_hd__mux2_1)
     1    0.00                           _0526_ (net)
                  0.04    0.00    1.42 ^ _0601_/A (sky130_fd_sc_hd__clkbuf_1)
                  0.04    0.07    1.49 ^ _0601_/X (sky130_fd_sc_hd__clkbuf_1)
     1    0.00                           _0112_ (net)
                  0.04    0.00    1.49 ^ _1278_/D (sky130_fd_sc_hd__dfxtp_1)
                                  1.49   data arrival time

                          0.00    0.00   clock clk (rise edge)
                          0.00    0.00   clock source latency
                  0.12    0.08    0.08 ^ clk (in)
     1    0.02                           clk (net)
                  0.12    0.00    0.08 ^ clkbuf_0_clk/A (sky130_fd_sc_hd__clkbuf_16)
                  0.14    0.24    0.32 ^ clkbuf_0_clk/X (sky130_fd_sc_hd__clkbuf_16)
    16    0.12                           clknet_0_clk (net)
                  0.14    0.00    0.33 ^ clkbuf_4_1_0_clk/A (sky130_fd_sc_hd__clkbuf_8)
                  0.07    0.19    0.52 ^ clkbuf_4_1_0_clk/X (sky130_fd_sc_hd__clkbuf_8)
    10    0.03                           clknet_4_1_0_clk (net)
                  0.07    0.00    0.52 ^ _1278_/CLK (sky130_fd_sc_hd__dfxtp_1)
                          0.25    0.77   clock uncertainty
                         -0.05    0.72   clock reconvergence pessimism
                         -0.03    0.69   library hold time
                                  0.69   data required time
-----------------------------------------------------------------------------
                                  0.69   data required time
                                 -1.49   data arrival time
-----------------------------------------------------------------------------
                                  0.80   slack (MET)


Startpoint: _1229_ (rising edge-triggered flip-flop clocked by clk)
Endpoint: _1229_ (rising edge-triggered flip-flop clocked by clk)
Path Group: clk
Path Type: min

Fanout     Cap    Slew   Delay    Time   Description
-----------------------------------------------------------------------------
                          0.00    0.00   clock clk (rise edge)
                          0.00    0.00   clock source latency
                  0.12    0.08    0.08 ^ clk (in)
     1    0.02                           clk (net)
                  0.12    0.00    0.08 ^ clkbuf_0_clk/A (sky130_fd_sc_hd__clkbuf_16)
                  0.14    0.22    0.29 ^ clkbuf_0_clk/X (sky130_fd_sc_hd__clkbuf_16)
    16    0.12                           clknet_0_clk (net)
                  0.14    0.00    0.30 ^ clkbuf_4_7_0_clk/A (sky130_fd_sc_hd__clkbuf_8)
                  0.08    0.18    0.48 ^ clkbuf_4_7_0_clk/X (sky130_fd_sc_hd__clkbuf_8)
    13    0.04                           clknet_4_7_0_clk (net)
                  0.08    0.00    0.48 ^ _1229_/CLK (sky130_fd_sc_hd__dfxtp_1)
                  0.07    0.32    0.79 ^ _1229_/Q (sky130_fd_sc_hd__dfxtp_1)
     2    0.01                           u_sram.mem[38][1] (net)
                  0.07    0.00    0.79 ^ hold74/A (sky130_fd_sc_hd__dlygate4sd3_1)
                  0.06    0.52    1.31 ^ hold74/X (sky130_fd_sc_hd__dlygate4sd3_1)
     1    0.00                           net90 (net)
                  0.06    0.00    1.31 ^ _1058_/A0 (sky130_fd_sc_hd__mux2_1)
                  0.05    0.12    1.43 ^ _1058_/X (sky130_fd_sc_hd__mux2_1)
     1    0.00                           _0446_ (net)
                  0.05    0.00    1.43 ^ _1059_/A (sky130_fd_sc_hd__clkbuf_1)
                  0.04    0.07    1.50 ^ _1059_/X (sky130_fd_sc_hd__clkbuf_1)
     1    0.00                           _0063_ (net)
                  0.04    0.00    1.50 ^ _1229_/D (sky130_fd_sc_hd__dfxtp_1)
                                  1.50   data arrival time

                          0.00    0.00   clock clk (rise edge)
                          0.00    0.00   clock source latency
                  0.12    0.08    0.08 ^ clk (in)
     1    0.02                           clk (net)
                  0.12    0.00    0.08 ^ clkbuf_0_clk/A (sky130_fd_sc_hd__clkbuf_16)
                  0.14    0.24    0.32 ^ clkbuf_0_clk/X (sky130_fd_sc_hd__clkbuf_16)
    16    0.12                           clknet_0_clk (net)
                  0.14    0.00    0.33 ^ clkbuf_4_7_0_clk/A (sky130_fd_sc_hd__clkbuf_8)
                  0.08    0.20    0.53 ^ clkbuf_4_7_0_clk/X (sky130_fd_sc_hd__clkbuf_8)
    13    0.04                           clknet_4_7_0_clk (net)
                  0.08    0.00    0.53 ^ _1229_/CLK (sky130_fd_sc_hd__dfxtp_1)
                          0.25    0.78   clock uncertainty
                         -0.05    0.73   clock reconvergence pessimism
                         -0.02    0.70   library hold time
                                  0.70   data required time
-----------------------------------------------------------------------------
                                  0.70   data required time
                                 -1.50   data arrival time
-----------------------------------------------------------------------------
                                  0.80   slack (MET)


Startpoint: _1236_ (rising edge-triggered flip-flop clocked by clk)
Endpoint: _1236_ (rising edge-triggered flip-flop clocked by clk)
Path Group: clk
Path Type: min

Fanout     Cap    Slew   Delay    Time   Description
-----------------------------------------------------------------------------
                          0.00    0.00   clock clk (rise edge)
                          0.00    0.00   clock source latency
                  0.12    0.08    0.08 ^ clk (in)
     1    0.02                           clk (net)
                  0.12    0.00    0.08 ^ clkbuf_0_clk/A (sky130_fd_sc_hd__clkbuf_16)
                  0.14    0.22    0.29 ^ clkbuf_0_clk/X (sky130_fd_sc_hd__clkbuf_16)
    16    0.12                           clknet_0_clk (net)
                  0.14    0.00    0.30 ^ clkbuf_4_7_0_clk/A (sky130_fd_sc_hd__clkbuf_8)
                  0.08    0.18    0.48 ^ clkbuf_4_7_0_clk/X (sky130_fd_sc_hd__clkbuf_8)
    13    0.04                           clknet_4_7_0_clk (net)
                  0.08    0.00    0.48 ^ _1236_/CLK (sky130_fd_sc_hd__dfxtp_1)
                  0.08    0.32    0.80 ^ _1236_/Q (sky130_fd_sc_hd__dfxtp_1)
     2    0.01                           u_sram.mem[35][0] (net)
                  0.08    0.00    0.80 ^ hold99/A (sky130_fd_sc_hd__dlygate4sd3_1)
                  0.05    0.51    1.31 ^ hold99/X (sky130_fd_sc_hd__dlygate4sd3_1)
     1    0.00                           net115 (net)
                  0.05    0.00    1.31 ^ _1075_/A0 (sky130_fd_sc_hd__mux2_1)
                  0.05    0.11    1.43 ^ _1075_/X (sky130_fd_sc_hd__mux2_1)
     1    0.00                           _0456_ (net)
                  0.05    0.00    1.43 ^ _1076_/A (sky130_fd_sc_hd__clkbuf_1)
                  0.04    0.08    1.50 ^ _1076_/X (sky130_fd_sc_hd__clkbuf_1)
     1    0.00                           _0070_ (net)
                  0.04    0.00    1.50 ^ _1236_/D (sky130_fd_sc_hd__dfxtp_1)
                                  1.50   data arrival time

                          0.00    0.00   clock clk (rise edge)
                          0.00    0.00   clock source latency
                  0.12    0.08    0.08 ^ clk (in)
     1    0.02                           clk (net)
                  0.12    0.00    0.08 ^ clkbuf_0_clk/A (sky130_fd_sc_hd__clkbuf_16)
                  0.14    0.24    0.32 ^ clkbuf_0_clk/X (sky130_fd_sc_hd__clkbuf_16)
    16    0.12                           clknet_0_clk (net)
                  0.14    0.00    0.33 ^ clkbuf_4_7_0_clk/A (sky130_fd_sc_hd__clkbuf_8)
                  0.08    0.20    0.53 ^ clkbuf_4_7_0_clk/X (sky130_fd_sc_hd__clkbuf_8)
    13    0.04                           clknet_4_7_0_clk (net)
                  0.08    0.00    0.53 ^ _1236_/CLK (sky130_fd_sc_hd__dfxtp_1)
                          0.25    0.78   clock uncertainty
                         -0.05    0.73   clock reconvergence pessimism
                         -0.03    0.70   library hold time
                                  0.70   data required time
-----------------------------------------------------------------------------
                                  0.70   data required time
                                 -1.50   data arrival time
-----------------------------------------------------------------------------
                                  0.80   slack (MET)


Startpoint: _1196_ (rising edge-triggered flip-flop clocked by clk)
Endpoint: _1196_ (rising edge-triggered flip-flop clocked by clk)
Path Group: clk
Path Type: min

Fanout     Cap    Slew   Delay    Time   Description
-----------------------------------------------------------------------------
                          0.00    0.00   clock clk (rise edge)
                          0.00    0.00   clock source latency
                  0.12    0.08    0.08 ^ clk (in)
     1    0.02                           clk (net)
                  0.12    0.00    0.08 ^ clkbuf_0_clk/A (sky130_fd_sc_hd__clkbuf_16)
                  0.14    0.22    0.29 ^ clkbuf_0_clk/X (sky130_fd_sc_hd__clkbuf_16)
    16    0.12                           clknet_0_clk (net)
                  0.14    0.00    0.30 ^ clkbuf_4_8_0_clk/A (sky130_fd_sc_hd__clkbuf_8)
                  0.07    0.17    0.47 ^ clkbuf_4_8_0_clk/X (sky130_fd_sc_hd__clkbuf_8)
    10    0.03                           clknet_4_8_0_clk (net)
                  0.07    0.00    0.47 ^ _1196_/CLK (sky130_fd_sc_hd__dfxtp_1)
                  0.09    0.33    0.80 ^ _1196_/Q (sky130_fd_sc_hd__dfxtp_1)
     2    0.01                           u_sram.mem[55][0] (net)
                  0.09    0.00    0.80 ^ hold131/A (sky130_fd_sc_hd__dlygate4sd3_1)
                  0.05    0.51    1.31 ^ hold131/X (sky130_fd_sc_hd__dlygate4sd3_1)
     1    0.00                           net147 (net)
                  0.05    0.00    1.31 ^ _0961_/A0 (sky130_fd_sc_hd__mux2_1)
                  0.04    0.11    1.43 ^ _0961_/X (sky130_fd_sc_hd__mux2_1)
     1    0.00                           _0382_ (net)
                  0.04    0.00    1.43 ^ _0962_/A (sky130_fd_sc_hd__clkbuf_1)
                  0.04    0.07    1.50 ^ _0962_/X (sky130_fd_sc_hd__clkbuf_1)
     1    0.00                           _0030_ (net)
                  0.04    0.00    1.50 ^ _1196_/D (sky130_fd_sc_hd__dfxtp_1)
                                  1.50   data arrival time

                          0.00    0.00   clock clk (rise edge)
                          0.00    0.00   clock source latency
                  0.12    0.08    0.08 ^ clk (in)
     1    0.02                           clk (net)
                  0.12    0.00    0.08 ^ clkbuf_0_clk/A (sky130_fd_sc_hd__clkbuf_16)
                  0.14    0.24    0.32 ^ clkbuf_0_clk/X (sky130_fd_sc_hd__clkbuf_16)
    16    0.12                           clknet_0_clk (net)
                  0.14    0.00    0.33 ^ clkbuf_4_8_0_clk/A (sky130_fd_sc_hd__clkbuf_8)
                  0.07    0.19    0.52 ^ clkbuf_4_8_0_clk/X (sky130_fd_sc_hd__clkbuf_8)
    10    0.03                           clknet_4_8_0_clk (net)
                  0.07    0.00    0.52 ^ _1196_/CLK (sky130_fd_sc_hd__dfxtp_1)
                          0.25    0.77   clock uncertainty
                         -0.05    0.72   clock reconvergence pessimism
                         -0.03    0.69   library hold time
                                  0.69   data required time
-----------------------------------------------------------------------------
                                  0.69   data required time
                                 -1.50   data arrival time
-----------------------------------------------------------------------------
                                  0.80   slack (MET)


Startpoint: _1295_ (rising edge-triggered flip-flop clocked by clk)
Endpoint: _1295_ (rising edge-triggered flip-flop clocked by clk)
Path Group: clk
Path Type: min

Fanout     Cap    Slew   Delay    Time   Description
-----------------------------------------------------------------------------
                          0.00    0.00   clock clk (rise edge)
                          0.00    0.00   clock source latency
                  0.12    0.08    0.08 ^ clk (in)
     1    0.02                           clk (net)
                  0.12    0.00    0.08 ^ clkbuf_0_clk/A (sky130_fd_sc_hd__clkbuf_16)
                  0.14    0.22    0.29 ^ clkbuf_0_clk/X (sky130_fd_sc_hd__clkbuf_16)
    16    0.12                           clknet_0_clk (net)
                  0.14    0.00    0.30 ^ clkbuf_4_3_0_clk/A (sky130_fd_sc_hd__clkbuf_8)
                  0.07    0.17    0.47 ^ clkbuf_4_3_0_clk/X (sky130_fd_sc_hd__clkbuf_8)
     9    0.03                           clknet_4_3_0_clk (net)
                  0.07    0.00    0.47 ^ _1295_/CLK (sky130_fd_sc_hd__dfxtp_1)
                  0.07    0.32    0.78 ^ _1295_/Q (sky130_fd_sc_hd__dfxtp_1)
     2    0.01                           u_sram.mem[5][1] (net)
                  0.07    0.00    0.79 ^ hold110/A (sky130_fd_sc_hd__dlygate4sd3_1)
                  0.05    0.51    1.30 ^ hold110/X (sky130_fd_sc_hd__dlygate4sd3_1)
     1    0.00                           net126 (net)
                  0.05    0.00    1.30 ^ _0643_/A1 (sky130_fd_sc_hd__mux2_1)
                  0.05    0.12    1.42 ^ _0643_/X (sky130_fd_sc_hd__mux2_1)
     1    0.00                           _0552_ (net)
                  0.05    0.00    1.42 ^ _0644_/A (sky130_fd_sc_hd__clkbuf_1)
                  0.04    0.07    1.49 ^ _0644_/X (sky130_fd_sc_hd__clkbuf_1)
     1    0.00                           _0129_ (net)
                  0.04    0.00    1.49 ^ _1295_/D (sky130_fd_sc_hd__dfxtp_1)
                                  1.49   data arrival time

                          0.00    0.00   clock clk (rise edge)
                          0.00    0.00   clock source latency
                  0.12    0.08    0.08 ^ clk (in)
     1    0.02                           clk (net)
                  0.12    0.00    0.08 ^ clkbuf_0_clk/A (sky130_fd_sc_hd__clkbuf_16)
                  0.14    0.24    0.32 ^ clkbuf_0_clk/X (sky130_fd_sc_hd__clkbuf_16)
    16    0.12                           clknet_0_clk (net)
                  0.14    0.00    0.33 ^ clkbuf_4_3_0_clk/A (sky130_fd_sc_hd__clkbuf_8)
                  0.07    0.19    0.52 ^ clkbuf_4_3_0_clk/X (sky130_fd_sc_hd__clkbuf_8)
     9    0.03                           clknet_4_3_0_clk (net)
                  0.07    0.00    0.52 ^ _1295_/CLK (sky130_fd_sc_hd__dfxtp_1)
                          0.25    0.77   clock uncertainty
                         -0.05    0.72   clock reconvergence pessimism
                         -0.03    0.69   library hold time
                                  0.69   data required time
-----------------------------------------------------------------------------
                                  0.69   data required time
                                 -1.49   data arrival time
-----------------------------------------------------------------------------
                                  0.80   slack (MET)


Startpoint: _1293_ (rising edge-triggered flip-flop clocked by clk)
Endpoint: _1293_ (rising edge-triggered flip-flop clocked by clk)
Path Group: clk
Path Type: min

Fanout     Cap    Slew   Delay    Time   Description
-----------------------------------------------------------------------------
                          0.00    0.00   clock clk (rise edge)
                          0.00    0.00   clock source latency
                  0.12    0.08    0.08 ^ clk (in)
     1    0.02                           clk (net)
                  0.12    0.00    0.08 ^ clkbuf_0_clk/A (sky130_fd_sc_hd__clkbuf_16)
                  0.14    0.22    0.29 ^ clkbuf_0_clk/X (sky130_fd_sc_hd__clkbuf_16)
    16    0.12                           clknet_0_clk (net)
                  0.14    0.00    0.30 ^ clkbuf_4_2_0_clk/A (sky130_fd_sc_hd__clkbuf_8)
                  0.08    0.18    0.48 ^ clkbuf_4_2_0_clk/X (sky130_fd_sc_hd__clkbuf_8)
    14    0.04                           clknet_4_2_0_clk (net)
                  0.08    0.00    0.48 ^ _1293_/CLK (sky130_fd_sc_hd__dfxtp_1)
                  0.07    0.32    0.80 ^ _1293_/Q (sky130_fd_sc_hd__dfxtp_1)
     2    0.01                           u_sram.mem[6][1] (net)
                  0.07    0.00    0.80 ^ hold132/A (sky130_fd_sc_hd__dlygate4sd3_1)
                  0.05    0.51    1.31 ^ hold132/X (sky130_fd_sc_hd__dlygate4sd3_1)
     1    0.00                           net148 (net)
                  0.05    0.00    1.31 ^ _0638_/A1 (sky130_fd_sc_hd__mux2_1)
                  0.05    0.12    1.43 ^ _0638_/X (sky130_fd_sc_hd__mux2_1)
     1    0.00                           _0549_ (net)
                  0.05    0.00    1.43 ^ _0639_/A (sky130_fd_sc_hd__clkbuf_1)
                  0.04    0.08    1.51 ^ _0639_/X (sky130_fd_sc_hd__clkbuf_1)
     1    0.00                           _0127_ (net)
                  0.04    0.00    1.51 ^ _1293_/D (sky130_fd_sc_hd__dfxtp_1)
                                  1.51   data arrival time

                          0.00    0.00   clock clk (rise edge)
                          0.00    0.00   clock source latency
                  0.12    0.08    0.08 ^ clk (in)
     1    0.02                           clk (net)
                  0.12    0.00    0.08 ^ clkbuf_0_clk/A (sky130_fd_sc_hd__clkbuf_16)
                  0.14    0.24    0.32 ^ clkbuf_0_clk/X (sky130_fd_sc_hd__clkbuf_16)
    16    0.12                           clknet_0_clk (net)
                  0.14    0.00    0.33 ^ clkbuf_4_2_0_clk/A (sky130_fd_sc_hd__clkbuf_8)
                  0.08    0.20    0.53 ^ clkbuf_4_2_0_clk/X (sky130_fd_sc_hd__clkbuf_8)
    14    0.04                           clknet_4_2_0_clk (net)
                  0.08    0.00    0.53 ^ _1293_/CLK (sky130_fd_sc_hd__dfxtp_1)
                          0.25    0.78   clock uncertainty
                         -0.05    0.73   clock reconvergence pessimism
                         -0.03    0.70   library hold time
                                  0.70   data required time
-----------------------------------------------------------------------------
                                  0.70   data required time
                                 -1.51   data arrival time
-----------------------------------------------------------------------------
                                  0.80   slack (MET)


Startpoint: _1178_ (rising edge-triggered flip-flop clocked by clk)
Endpoint: _1221_ (rising edge-triggered flip-flop clocked by clk)
Path Group: clk
Path Type: min

Fanout     Cap    Slew   Delay    Time   Description
-----------------------------------------------------------------------------
                          0.00    0.00   clock clk (rise edge)
                          0.00    0.00   clock source latency
                  0.12    0.08    0.08 ^ clk (in)
     1    0.02                           clk (net)
                  0.12    0.00    0.08 ^ clkbuf_0_clk/A (sky130_fd_sc_hd__clkbuf_16)
                  0.14    0.22    0.29 ^ clkbuf_0_clk/X (sky130_fd_sc_hd__clkbuf_16)
    16    0.12                           clknet_0_clk (net)
                  0.14    0.00    0.30 ^ clkbuf_4_15_0_clk/A (sky130_fd_sc_hd__clkbuf_8)
                  0.05    0.16    0.45 ^ clkbuf_4_15_0_clk/X (sky130_fd_sc_hd__clkbuf_8)
     6    0.02                           clknet_4_15_0_clk (net)
                  0.05    0.00    0.45 ^ _1178_/CLK (sky130_fd_sc_hd__dfrtp_4)
                  0.11    0.51    0.97 v _1178_/Q (sky130_fd_sc_hd__dfrtp_4)
     9    0.04                           u_addr_gen.addr[5] (net)
                  0.11    0.00    0.97 v _1005_/B (sky130_fd_sc_hd__nand3b_4)
                  0.15    0.18    1.14 ^ _1005_/Y (sky130_fd_sc_hd__nand3b_4)
     8    0.05                           _0411_ (net)
                  0.15    0.00    1.14 ^ _1035_/B (sky130_fd_sc_hd__nor2_1)
                  0.06    0.09    1.24 v _1035_/Y (sky130_fd_sc_hd__nor2_1)
     2    0.01                           _0431_ (net)
                  0.06    0.00    1.24 v _1036_/S (sky130_fd_sc_hd__mux2_1)
                  0.06    0.20    1.44 ^ _1036_/X (sky130_fd_sc_hd__mux2_1)
     1    0.00                           _0432_ (net)
                  0.06    0.00    1.44 ^ _1037_/A (sky130_fd_sc_hd__clkbuf_1)
                  0.05    0.08    1.52 ^ _1037_/X (sky130_fd_sc_hd__clkbuf_1)
     1    0.00                           _0055_ (net)
                  0.05    0.00    1.52 ^ _1221_/D (sky130_fd_sc_hd__dfxtp_1)
                                  1.52   data arrival time

                          0.00    0.00   clock clk (rise edge)
                          0.00    0.00   clock source latency
                  0.12    0.08    0.08 ^ clk (in)
     1    0.02                           clk (net)
                  0.12    0.00    0.08 ^ clkbuf_0_clk/A (sky130_fd_sc_hd__clkbuf_16)
                  0.14    0.24    0.32 ^ clkbuf_0_clk/X (sky130_fd_sc_hd__clkbuf_16)
    16    0.12                           clknet_0_clk (net)
                  0.14    0.00    0.33 ^ clkbuf_4_6_0_clk/A (sky130_fd_sc_hd__clkbuf_8)
                  0.08    0.19    0.52 ^ clkbuf_4_6_0_clk/X (sky130_fd_sc_hd__clkbuf_8)
    10    0.04                           clknet_4_6_0_clk (net)
                  0.08    0.00    0.52 ^ _1221_/CLK (sky130_fd_sc_hd__dfxtp_1)
                          0.25    0.77   clock uncertainty
                         -0.03    0.74   clock reconvergence pessimism
                         -0.03    0.71   library hold time
                                  0.71   data required time
-----------------------------------------------------------------------------
                                  0.71   data required time
                                 -1.52   data arrival time
-----------------------------------------------------------------------------
                                  0.80   slack (MET)


Startpoint: _1199_ (rising edge-triggered flip-flop clocked by clk)
Endpoint: _1199_ (rising edge-triggered flip-flop clocked by clk)
Path Group: clk
Path Type: min

Fanout     Cap    Slew   Delay    Time   Description
-----------------------------------------------------------------------------
                          0.00    0.00   clock clk (rise edge)
                          0.00    0.00   clock source latency
                  0.12    0.08    0.08 ^ clk (in)
     1    0.02                           clk (net)
                  0.12    0.00    0.08 ^ clkbuf_0_clk/A (sky130_fd_sc_hd__clkbuf_16)
                  0.14    0.22    0.29 ^ clkbuf_0_clk/X (sky130_fd_sc_hd__clkbuf_16)
    16    0.12                           clknet_0_clk (net)
                  0.14    0.00    0.30 ^ clkbuf_4_2_0_clk/A (sky130_fd_sc_hd__clkbuf_8)
                  0.08    0.18    0.48 ^ clkbuf_4_2_0_clk/X (sky130_fd_sc_hd__clkbuf_8)
    14    0.04                           clknet_4_2_0_clk (net)
                  0.08    0.00    0.48 ^ _1199_/CLK (sky130_fd_sc_hd__dfxtp_1)
                  0.08    0.33    0.81 ^ _1199_/Q (sky130_fd_sc_hd__dfxtp_1)
     2    0.01                           u_sram.mem[53][1] (net)
                  0.08    0.00    0.81 ^ hold102/A (sky130_fd_sc_hd__dlygate4sd3_1)
                  0.05    0.51    1.32 ^ hold102/X (sky130_fd_sc_hd__dlygate4sd3_1)
     1    0.00                           net118 (net)
                  0.05    0.00    1.32 ^ _0971_/A0 (sky130_fd_sc_hd__mux2_1)
                  0.05    0.12    1.44 ^ _0971_/X (sky130_fd_sc_hd__mux2_1)
     1    0.00                           _0389_ (net)
                  0.05    0.00    1.44 ^ _0972_/A (sky130_fd_sc_hd__clkbuf_1)
                  0.04    0.07    1.51 ^ _0972_/X (sky130_fd_sc_hd__clkbuf_1)
     1    0.00                           _0033_ (net)
                  0.04    0.00    1.51 ^ _1199_/D (sky130_fd_sc_hd__dfxtp_1)
                                  1.51   data arrival time

                          0.00    0.00   clock clk (rise edge)
                          0.00    0.00   clock source latency
                  0.12    0.08    0.08 ^ clk (in)
     1    0.02                           clk (net)
                  0.12    0.00    0.08 ^ clkbuf_0_clk/A (sky130_fd_sc_hd__clkbuf_16)
                  0.14    0.24    0.32 ^ clkbuf_0_clk/X (sky130_fd_sc_hd__clkbuf_16)
    16    0.12                           clknet_0_clk (net)
                  0.14    0.00    0.33 ^ clkbuf_4_2_0_clk/A (sky130_fd_sc_hd__clkbuf_8)
                  0.08    0.20    0.53 ^ clkbuf_4_2_0_clk/X (sky130_fd_sc_hd__clkbuf_8)
    14    0.04                           clknet_4_2_0_clk (net)
                  0.08    0.00    0.53 ^ _1199_/CLK (sky130_fd_sc_hd__dfxtp_1)
                          0.25    0.78   clock uncertainty
                         -0.05    0.73   clock reconvergence pessimism
                         -0.02    0.71   library hold time
                                  0.71   data required time
-----------------------------------------------------------------------------
                                  0.71   data required time
                                 -1.51   data arrival time
-----------------------------------------------------------------------------
                                  0.80   slack (MET)


Startpoint: _1299_ (rising edge-triggered flip-flop clocked by clk)
Endpoint: _1299_ (rising edge-triggered flip-flop clocked by clk)
Path Group: clk
Path Type: min

Fanout     Cap    Slew   Delay    Time   Description
-----------------------------------------------------------------------------
                          0.00    0.00   clock clk (rise edge)
                          0.00    0.00   clock source latency
                  0.12    0.08    0.08 ^ clk (in)
     1    0.02                           clk (net)
                  0.12    0.00    0.08 ^ clkbuf_0_clk/A (sky130_fd_sc_hd__clkbuf_16)
                  0.14    0.22    0.29 ^ clkbuf_0_clk/X (sky130_fd_sc_hd__clkbuf_16)
    16    0.12                           clknet_0_clk (net)
                  0.14    0.00    0.30 ^ clkbuf_4_2_0_clk/A (sky130_fd_sc_hd__clkbuf_8)
                  0.08    0.18    0.48 ^ clkbuf_4_2_0_clk/X (sky130_fd_sc_hd__clkbuf_8)
    14    0.04                           clknet_4_2_0_clk (net)
                  0.08    0.00    0.48 ^ _1299_/CLK (sky130_fd_sc_hd__dfxtp_1)
                  0.07    0.32    0.80 ^ _1299_/Q (sky130_fd_sc_hd__dfxtp_1)
     2    0.01                           u_sram.mem[3][1] (net)
                  0.07    0.00    0.80 ^ hold136/A (sky130_fd_sc_hd__dlygate4sd3_1)
                  0.05    0.51    1.31 ^ hold136/X (sky130_fd_sc_hd__dlygate4sd3_1)
     1    0.00                           net152 (net)
                  0.05    0.00    1.31 ^ _0653_/A1 (sky130_fd_sc_hd__mux2_1)
                  0.04    0.12    1.43 ^ _0653_/X (sky130_fd_sc_hd__mux2_1)
     1    0.00                           _0558_ (net)
                  0.04    0.00    1.43 ^ _0654_/A (sky130_fd_sc_hd__clkbuf_1)
                  0.05    0.08    1.51 ^ _0654_/X (sky130_fd_sc_hd__clkbuf_1)
     1    0.00                           _0133_ (net)
                  0.05    0.00    1.51 ^ _1299_/D (sky130_fd_sc_hd__dfxtp_1)
                                  1.51   data arrival time

                          0.00    0.00   clock clk (rise edge)
                          0.00    0.00   clock source latency
                  0.12    0.08    0.08 ^ clk (in)
     1    0.02                           clk (net)
                  0.12    0.00    0.08 ^ clkbuf_0_clk/A (sky130_fd_sc_hd__clkbuf_16)
                  0.14    0.24    0.32 ^ clkbuf_0_clk/X (sky130_fd_sc_hd__clkbuf_16)
    16    0.12                           clknet_0_clk (net)
                  0.14    0.00    0.33 ^ clkbuf_4_2_0_clk/A (sky130_fd_sc_hd__clkbuf_8)
                  0.08    0.20    0.53 ^ clkbuf_4_2_0_clk/X (sky130_fd_sc_hd__clkbuf_8)
    14    0.04                           clknet_4_2_0_clk (net)
                  0.08    0.00    0.53 ^ _1299_/CLK (sky130_fd_sc_hd__dfxtp_1)
                          0.25    0.78   clock uncertainty
                         -0.05    0.73   clock reconvergence pessimism
                         -0.03    0.70   library hold time
                                  0.70   data required time
-----------------------------------------------------------------------------
                                  0.70   data required time
                                 -1.51   data arrival time
-----------------------------------------------------------------------------
                                  0.80   slack (MET)


Startpoint: _1230_ (rising edge-triggered flip-flop clocked by clk)
Endpoint: _1230_ (rising edge-triggered flip-flop clocked by clk)
Path Group: clk
Path Type: min

Fanout     Cap    Slew   Delay    Time   Description
-----------------------------------------------------------------------------
                          0.00    0.00   clock clk (rise edge)
                          0.00    0.00   clock source latency
                  0.12    0.08    0.08 ^ clk (in)
     1    0.02                           clk (net)
                  0.12    0.00    0.08 ^ clkbuf_0_clk/A (sky130_fd_sc_hd__clkbuf_16)
                  0.14    0.22    0.29 ^ clkbuf_0_clk/X (sky130_fd_sc_hd__clkbuf_16)
    16    0.12                           clknet_0_clk (net)
                  0.14    0.00    0.30 ^ clkbuf_4_7_0_clk/A (sky130_fd_sc_hd__clkbuf_8)
                  0.08    0.18    0.48 ^ clkbuf_4_7_0_clk/X (sky130_fd_sc_hd__clkbuf_8)
    13    0.04                           clknet_4_7_0_clk (net)
                  0.08    0.00    0.48 ^ _1230_/CLK (sky130_fd_sc_hd__dfxtp_1)
                  0.09    0.33    0.81 ^ _1230_/Q (sky130_fd_sc_hd__dfxtp_1)
     2    0.01                           u_sram.mem[38][0] (net)
                  0.09    0.00    0.81 ^ hold96/A (sky130_fd_sc_hd__dlygate4sd3_1)
                  0.05    0.52    1.33 ^ hold96/X (sky130_fd_sc_hd__dlygate4sd3_1)
     1    0.00                           net112 (net)
                  0.05    0.00    1.33 ^ _1060_/A0 (sky130_fd_sc_hd__mux2_1)
                  0.04    0.11    1.44 ^ _1060_/X (sky130_fd_sc_hd__mux2_1)
     1    0.00                           _0447_ (net)
                  0.04    0.00    1.44 ^ _1061_/A (sky130_fd_sc_hd__clkbuf_1)
                  0.04    0.07    1.51 ^ _1061_/X (sky130_fd_sc_hd__clkbuf_1)
     1    0.00                           _0064_ (net)
                  0.04    0.00    1.51 ^ _1230_/D (sky130_fd_sc_hd__dfxtp_1)
                                  1.51   data arrival time

                          0.00    0.00   clock clk (rise edge)
                          0.00    0.00   clock source latency
                  0.12    0.08    0.08 ^ clk (in)
     1    0.02                           clk (net)
                  0.12    0.00    0.08 ^ clkbuf_0_clk/A (sky130_fd_sc_hd__clkbuf_16)
                  0.14    0.24    0.32 ^ clkbuf_0_clk/X (sky130_fd_sc_hd__clkbuf_16)
    16    0.12                           clknet_0_clk (net)
                  0.14    0.00    0.33 ^ clkbuf_4_7_0_clk/A (sky130_fd_sc_hd__clkbuf_8)
                  0.08    0.20    0.53 ^ clkbuf_4_7_0_clk/X (sky130_fd_sc_hd__clkbuf_8)
    13    0.04                           clknet_4_7_0_clk (net)
                  0.08    0.00    0.53 ^ _1230_/CLK (sky130_fd_sc_hd__dfxtp_1)
                          0.25    0.78   clock uncertainty
                         -0.05    0.73   clock reconvergence pessimism
                         -0.02    0.70   library hold time
                                  0.70   data required time
-----------------------------------------------------------------------------
                                  0.70   data required time
                                 -1.51   data arrival time
-----------------------------------------------------------------------------
                                  0.81   slack (MET)


Startpoint: _1269_ (rising edge-triggered flip-flop clocked by clk)
Endpoint: _1269_ (rising edge-triggered flip-flop clocked by clk)
Path Group: clk
Path Type: min

Fanout     Cap    Slew   Delay    Time   Description
-----------------------------------------------------------------------------
                          0.00    0.00   clock clk (rise edge)
                          0.00    0.00   clock source latency
                  0.12    0.08    0.08 ^ clk (in)
     1    0.02                           clk (net)
                  0.12    0.00    0.08 ^ clkbuf_0_clk/A (sky130_fd_sc_hd__clkbuf_16)
                  0.14    0.22    0.29 ^ clkbuf_0_clk/X (sky130_fd_sc_hd__clkbuf_16)
    16    0.12                           clknet_0_clk (net)
                  0.14    0.00    0.30 ^ clkbuf_4_4_0_clk/A (sky130_fd_sc_hd__clkbuf_8)
                  0.06    0.17    0.46 ^ clkbuf_4_4_0_clk/X (sky130_fd_sc_hd__clkbuf_8)
     9    0.03                           clknet_4_4_0_clk (net)
                  0.06    0.00    0.46 ^ _1269_/CLK (sky130_fd_sc_hd__dfxtp_1)
                  0.08    0.32    0.79 ^ _1269_/Q (sky130_fd_sc_hd__dfxtp_1)
     2    0.01                           u_sram.mem[18][1] (net)
                  0.08    0.00    0.79 ^ hold133/A (sky130_fd_sc_hd__dlygate4sd3_1)
                  0.05    0.52    1.30 ^ hold133/X (sky130_fd_sc_hd__dlygate4sd3_1)
     1    0.00                           net149 (net)
                  0.05    0.00    1.30 ^ _1163_/A1 (sky130_fd_sc_hd__mux2_1)
                  0.05    0.12    1.42 ^ _1163_/X (sky130_fd_sc_hd__mux2_1)
     1    0.00                           _0511_ (net)
                  0.05    0.00    1.42 ^ _1164_/A (sky130_fd_sc_hd__clkbuf_1)
                  0.04    0.07    1.49 ^ _1164_/X (sky130_fd_sc_hd__clkbuf_1)
     1    0.00                           _0103_ (net)
                  0.04    0.00    1.49 ^ _1269_/D (sky130_fd_sc_hd__dfxtp_1)
                                  1.49   data arrival time

                          0.00    0.00   clock clk (rise edge)
                          0.00    0.00   clock source latency
                  0.12    0.08    0.08 ^ clk (in)
     1    0.02                           clk (net)
                  0.12    0.00    0.08 ^ clkbuf_0_clk/A (sky130_fd_sc_hd__clkbuf_16)
                  0.14    0.24    0.32 ^ clkbuf_0_clk/X (sky130_fd_sc_hd__clkbuf_16)
    16    0.12                           clknet_0_clk (net)
                  0.14    0.00    0.33 ^ clkbuf_4_4_0_clk/A (sky130_fd_sc_hd__clkbuf_8)
                  0.06    0.18    0.51 ^ clkbuf_4_4_0_clk/X (sky130_fd_sc_hd__clkbuf_8)
     9    0.03                           clknet_4_4_0_clk (net)
                  0.06    0.00    0.51 ^ _1269_/CLK (sky130_fd_sc_hd__dfxtp_1)
                          0.25    0.76   clock uncertainty
                         -0.05    0.71   clock reconvergence pessimism
                         -0.03    0.69   library hold time
                                  0.69   data required time
-----------------------------------------------------------------------------
                                  0.69   data required time
                                 -1.49   data arrival time
-----------------------------------------------------------------------------
                                  0.81   slack (MET)


Startpoint: _1228_ (rising edge-triggered flip-flop clocked by clk)
Endpoint: _1228_ (rising edge-triggered flip-flop clocked by clk)
Path Group: clk
Path Type: min

Fanout     Cap    Slew   Delay    Time   Description
-----------------------------------------------------------------------------
                          0.00    0.00   clock clk (rise edge)
                          0.00    0.00   clock source latency
                  0.12    0.08    0.08 ^ clk (in)
     1    0.02                           clk (net)
                  0.12    0.00    0.08 ^ clkbuf_0_clk/A (sky130_fd_sc_hd__clkbuf_16)
                  0.14    0.22    0.29 ^ clkbuf_0_clk/X (sky130_fd_sc_hd__clkbuf_16)
    16    0.12                           clknet_0_clk (net)
                  0.14    0.00    0.30 ^ clkbuf_4_6_0_clk/A (sky130_fd_sc_hd__clkbuf_8)
                  0.08    0.18    0.47 ^ clkbuf_4_6_0_clk/X (sky130_fd_sc_hd__clkbuf_8)
    10    0.04                           clknet_4_6_0_clk (net)
                  0.08    0.00    0.47 ^ _1228_/CLK (sky130_fd_sc_hd__dfxtp_1)
                  0.08    0.32    0.80 ^ _1228_/Q (sky130_fd_sc_hd__dfxtp_1)
     2    0.01                           u_sram.mem[39][0] (net)
                  0.08    0.00    0.80 ^ hold88/A (sky130_fd_sc_hd__dlygate4sd3_1)
                  0.05    0.51    1.31 ^ hold88/X (sky130_fd_sc_hd__dlygate4sd3_1)
     1    0.00                           net104 (net)
                  0.05    0.00    1.31 ^ _1055_/A0 (sky130_fd_sc_hd__mux2_1)
                  0.04    0.11    1.42 ^ _1055_/X (sky130_fd_sc_hd__mux2_1)
     1    0.00                           _0444_ (net)
                  0.04    0.00    1.42 ^ _1056_/A (sky130_fd_sc_hd__clkbuf_1)
                  0.06    0.08    1.50 ^ _1056_/X (sky130_fd_sc_hd__clkbuf_1)
     1    0.00                           _0062_ (net)
                  0.06    0.00    1.50 ^ _1228_/D (sky130_fd_sc_hd__dfxtp_1)
                                  1.50   data arrival time

                          0.00    0.00   clock clk (rise edge)
                          0.00    0.00   clock source latency
                  0.12    0.08    0.08 ^ clk (in)
     1    0.02                           clk (net)
                  0.12    0.00    0.08 ^ clkbuf_0_clk/A (sky130_fd_sc_hd__clkbuf_16)
                  0.14    0.24    0.32 ^ clkbuf_0_clk/X (sky130_fd_sc_hd__clkbuf_16)
    16    0.12                           clknet_0_clk (net)
                  0.14    0.00    0.33 ^ clkbuf_4_6_0_clk/A (sky130_fd_sc_hd__clkbuf_8)
                  0.08    0.19    0.52 ^ clkbuf_4_6_0_clk/X (sky130_fd_sc_hd__clkbuf_8)
    10    0.04                           clknet_4_6_0_clk (net)
                  0.08    0.00    0.52 ^ _1228_/CLK (sky130_fd_sc_hd__dfxtp_1)
                          0.25    0.77   clock uncertainty
                         -0.05    0.72   clock reconvergence pessimism
                         -0.03    0.69   library hold time
                                  0.69   data required time
-----------------------------------------------------------------------------
                                  0.69   data required time
                                 -1.50   data arrival time
-----------------------------------------------------------------------------
                                  0.81   slack (MET)


Startpoint: _1205_ (rising edge-triggered flip-flop clocked by clk)
Endpoint: _1205_ (rising edge-triggered flip-flop clocked by clk)
Path Group: clk
Path Type: min

Fanout     Cap    Slew   Delay    Time   Description
-----------------------------------------------------------------------------
                          0.00    0.00   clock clk (rise edge)
                          0.00    0.00   clock source latency
                  0.12    0.08    0.08 ^ clk (in)
     1    0.02                           clk (net)
                  0.12    0.00    0.08 ^ clkbuf_0_clk/A (sky130_fd_sc_hd__clkbuf_16)
                  0.14    0.22    0.29 ^ clkbuf_0_clk/X (sky130_fd_sc_hd__clkbuf_16)
    16    0.12                           clknet_0_clk (net)
                  0.14    0.00    0.30 ^ clkbuf_4_10_0_clk/A (sky130_fd_sc_hd__clkbuf_8)
                  0.09    0.19    0.48 ^ clkbuf_4_10_0_clk/X (sky130_fd_sc_hd__clkbuf_8)
    15    0.04                           clknet_4_10_0_clk (net)
                  0.09    0.00    0.48 ^ _1205_/CLK (sky130_fd_sc_hd__dfxtp_1)
                  0.07    0.32    0.81 ^ _1205_/Q (sky130_fd_sc_hd__dfxtp_1)
     2    0.01                           u_sram.mem[50][1] (net)
                  0.07    0.00    0.81 ^ hold121/A (sky130_fd_sc_hd__dlygate4sd3_1)
                  0.06    0.52    1.33 ^ hold121/X (sky130_fd_sc_hd__dlygate4sd3_1)
     1    0.00                           net137 (net)
                  0.06    0.00    1.33 ^ _0989_/A1 (sky130_fd_sc_hd__mux2_1)
                  0.04    0.12    1.45 ^ _0989_/X (sky130_fd_sc_hd__mux2_1)
     1    0.00                           _0401_ (net)
                  0.04    0.00    1.45 ^ _0990_/A (sky130_fd_sc_hd__clkbuf_1)
                  0.04    0.07    1.52 ^ _0990_/X (sky130_fd_sc_hd__clkbuf_1)
     1    0.00                           _0039_ (net)
                  0.04    0.00    1.52 ^ _1205_/D (sky130_fd_sc_hd__dfxtp_1)
                                  1.52   data arrival time

                          0.00    0.00   clock clk (rise edge)
                          0.00    0.00   clock source latency
                  0.12    0.08    0.08 ^ clk (in)
     1    0.02                           clk (net)
                  0.12    0.00    0.08 ^ clkbuf_0_clk/A (sky130_fd_sc_hd__clkbuf_16)
                  0.14    0.24    0.32 ^ clkbuf_0_clk/X (sky130_fd_sc_hd__clkbuf_16)
    16    0.12                           clknet_0_clk (net)
                  0.14    0.00    0.33 ^ clkbuf_4_10_0_clk/A (sky130_fd_sc_hd__clkbuf_8)
                  0.09    0.21    0.53 ^ clkbuf_4_10_0_clk/X (sky130_fd_sc_hd__clkbuf_8)
    15    0.04                           clknet_4_10_0_clk (net)
                  0.09    0.00    0.54 ^ _1205_/CLK (sky130_fd_sc_hd__dfxtp_1)
                          0.25    0.79   clock uncertainty
                         -0.05    0.73   clock reconvergence pessimism
                         -0.02    0.71   library hold time
                                  0.71   data required time
-----------------------------------------------------------------------------
                                  0.71   data required time
                                 -1.52   data arrival time
-----------------------------------------------------------------------------
                                  0.81   slack (MET)


Startpoint: _1303_ (rising edge-triggered flip-flop clocked by clk)
Endpoint: _1303_ (rising edge-triggered flip-flop clocked by clk)
Path Group: clk
Path Type: min

Fanout     Cap    Slew   Delay    Time   Description
-----------------------------------------------------------------------------
                          0.00    0.00   clock clk (rise edge)
                          0.00    0.00   clock source latency
                  0.12    0.08    0.08 ^ clk (in)
     1    0.02                           clk (net)
                  0.12    0.00    0.08 ^ clkbuf_0_clk/A (sky130_fd_sc_hd__clkbuf_16)
                  0.14    0.22    0.29 ^ clkbuf_0_clk/X (sky130_fd_sc_hd__clkbuf_16)
    16    0.12                           clknet_0_clk (net)
                  0.14    0.00    0.30 ^ clkbuf_4_11_0_clk/A (sky130_fd_sc_hd__clkbuf_8)
                  0.08    0.18    0.47 ^ clkbuf_4_11_0_clk/X (sky130_fd_sc_hd__clkbuf_8)
    12    0.04                           clknet_4_11_0_clk (net)
                  0.08    0.00    0.47 ^ _1303_/CLK (sky130_fd_sc_hd__dfxtp_1)
                  0.08    0.32    0.80 ^ _1303_/Q (sky130_fd_sc_hd__dfxtp_1)
     2    0.01                           u_sram.mem[1][1] (net)
                  0.08    0.00    0.80 ^ hold117/A (sky130_fd_sc_hd__dlygate4sd3_1)
                  0.05    0.51    1.31 ^ hold117/X (sky130_fd_sc_hd__dlygate4sd3_1)
     1    0.00                           net133 (net)
                  0.05    0.00    1.31 ^ _0663_/A1 (sky130_fd_sc_hd__mux2_1)
                  0.05    0.12    1.43 ^ _0663_/X (sky130_fd_sc_hd__mux2_1)
     1    0.00                           _0564_ (net)
                  0.05    0.00    1.43 ^ _0664_/A (sky130_fd_sc_hd__clkbuf_1)
                  0.04    0.07    1.51 ^ _0664_/X (sky130_fd_sc_hd__clkbuf_1)
     1    0.00                           _0137_ (net)
                  0.04    0.00    1.51 ^ _1303_/D (sky130_fd_sc_hd__dfxtp_1)
                                  1.51   data arrival time

                          0.00    0.00   clock clk (rise edge)
                          0.00    0.00   clock source latency
                  0.12    0.08    0.08 ^ clk (in)
     1    0.02                           clk (net)
                  0.12    0.00    0.08 ^ clkbuf_0_clk/A (sky130_fd_sc_hd__clkbuf_16)
                  0.14    0.24    0.32 ^ clkbuf_0_clk/X (sky130_fd_sc_hd__clkbuf_16)
    16    0.12                           clknet_0_clk (net)
                  0.14    0.00    0.33 ^ clkbuf_4_11_0_clk/A (sky130_fd_sc_hd__clkbuf_8)
                  0.08    0.19    0.52 ^ clkbuf_4_11_0_clk/X (sky130_fd_sc_hd__clkbuf_8)
    12    0.04                           clknet_4_11_0_clk (net)
                  0.08    0.00    0.52 ^ _1303_/CLK (sky130_fd_sc_hd__dfxtp_1)
                          0.25    0.77   clock uncertainty
                         -0.05    0.73   clock reconvergence pessimism
                         -0.03    0.70   library hold time
                                  0.70   data required time
-----------------------------------------------------------------------------
                                  0.70   data required time
                                 -1.51   data arrival time
-----------------------------------------------------------------------------
                                  0.81   slack (MET)


Startpoint: _1231_ (rising edge-triggered flip-flop clocked by clk)
Endpoint: _1231_ (rising edge-triggered flip-flop clocked by clk)
Path Group: clk
Path Type: min

Fanout     Cap    Slew   Delay    Time   Description
-----------------------------------------------------------------------------
                          0.00    0.00   clock clk (rise edge)
                          0.00    0.00   clock source latency
                  0.12    0.08    0.08 ^ clk (in)
     1    0.02                           clk (net)
                  0.12    0.00    0.08 ^ clkbuf_0_clk/A (sky130_fd_sc_hd__clkbuf_16)
                  0.14    0.22    0.29 ^ clkbuf_0_clk/X (sky130_fd_sc_hd__clkbuf_16)
    16    0.12                           clknet_0_clk (net)
                  0.14    0.00    0.30 ^ clkbuf_4_7_0_clk/A (sky130_fd_sc_hd__clkbuf_8)
                  0.08    0.18    0.48 ^ clkbuf_4_7_0_clk/X (sky130_fd_sc_hd__clkbuf_8)
    13    0.04                           clknet_4_7_0_clk (net)
                  0.08    0.00    0.48 ^ _1231_/CLK (sky130_fd_sc_hd__dfxtp_1)
                  0.08    0.32    0.80 ^ _1231_/Q (sky130_fd_sc_hd__dfxtp_1)
     2    0.01                           u_sram.mem[37][1] (net)
                  0.08    0.00    0.80 ^ hold76/A (sky130_fd_sc_hd__dlygate4sd3_1)
                  0.06    0.52    1.32 ^ hold76/X (sky130_fd_sc_hd__dlygate4sd3_1)
     1    0.00                           net92 (net)
                  0.06    0.00    1.32 ^ _1063_/A0 (sky130_fd_sc_hd__mux2_1)
                  0.05    0.12    1.44 ^ _1063_/X (sky130_fd_sc_hd__mux2_1)
     1    0.00                           _0449_ (net)
                  0.05    0.00    1.44 ^ _1064_/A (sky130_fd_sc_hd__clkbuf_1)
                  0.04    0.07    1.51 ^ _1064_/X (sky130_fd_sc_hd__clkbuf_1)
     1    0.00                           _0065_ (net)
                  0.04    0.00    1.51 ^ _1231_/D (sky130_fd_sc_hd__dfxtp_1)
                                  1.51   data arrival time

                          0.00    0.00   clock clk (rise edge)
                          0.00    0.00   clock source latency
                  0.12    0.08    0.08 ^ clk (in)
     1    0.02                           clk (net)
                  0.12    0.00    0.08 ^ clkbuf_0_clk/A (sky130_fd_sc_hd__clkbuf_16)
                  0.14    0.24    0.32 ^ clkbuf_0_clk/X (sky130_fd_sc_hd__clkbuf_16)
    16    0.12                           clknet_0_clk (net)
                  0.14    0.00    0.33 ^ clkbuf_4_7_0_clk/A (sky130_fd_sc_hd__clkbuf_8)
                  0.08    0.20    0.53 ^ clkbuf_4_7_0_clk/X (sky130_fd_sc_hd__clkbuf_8)
    13    0.04                           clknet_4_7_0_clk (net)
                  0.08    0.00    0.53 ^ _1231_/CLK (sky130_fd_sc_hd__dfxtp_1)
                          0.25    0.78   clock uncertainty
                         -0.05    0.73   clock reconvergence pessimism
                         -0.02    0.70   library hold time
                                  0.70   data required time
-----------------------------------------------------------------------------
                                  0.70   data required time
                                 -1.51   data arrival time
-----------------------------------------------------------------------------
                                  0.81   slack (MET)


Startpoint: _1270_ (rising edge-triggered flip-flop clocked by clk)
Endpoint: _1270_ (rising edge-triggered flip-flop clocked by clk)
Path Group: clk
Path Type: min

Fanout     Cap    Slew   Delay    Time   Description
-----------------------------------------------------------------------------
                          0.00    0.00   clock clk (rise edge)
                          0.00    0.00   clock source latency
                  0.12    0.08    0.08 ^ clk (in)
     1    0.02                           clk (net)
                  0.12    0.00    0.08 ^ clkbuf_0_clk/A (sky130_fd_sc_hd__clkbuf_16)
                  0.14    0.22    0.29 ^ clkbuf_0_clk/X (sky130_fd_sc_hd__clkbuf_16)
    16    0.12                           clknet_0_clk (net)
                  0.14    0.00    0.30 ^ clkbuf_4_4_0_clk/A (sky130_fd_sc_hd__clkbuf_8)
                  0.06    0.17    0.46 ^ clkbuf_4_4_0_clk/X (sky130_fd_sc_hd__clkbuf_8)
     9    0.03                           clknet_4_4_0_clk (net)
                  0.06    0.00    0.46 ^ _1270_/CLK (sky130_fd_sc_hd__dfxtp_1)
                  0.09    0.33    0.79 ^ _1270_/Q (sky130_fd_sc_hd__dfxtp_1)
     2    0.01                           u_sram.mem[18][0] (net)
                  0.09    0.00    0.79 ^ hold104/A (sky130_fd_sc_hd__dlygate4sd3_1)
                  0.05    0.52    1.31 ^ hold104/X (sky130_fd_sc_hd__dlygate4sd3_1)
     1    0.00                           net120 (net)
                  0.05    0.00    1.31 ^ _1165_/A1 (sky130_fd_sc_hd__mux2_1)
                  0.04    0.11    1.42 ^ _1165_/X (sky130_fd_sc_hd__mux2_1)
     1    0.00                           _0512_ (net)
                  0.04    0.00    1.42 ^ _1166_/A (sky130_fd_sc_hd__clkbuf_1)
                  0.04    0.07    1.50 ^ _1166_/X (sky130_fd_sc_hd__clkbuf_1)
     1    0.00                           _0104_ (net)
                  0.04    0.00    1.50 ^ _1270_/D (sky130_fd_sc_hd__dfxtp_1)
                                  1.50   data arrival time

                          0.00    0.00   clock clk (rise edge)
                          0.00    0.00   clock source latency
                  0.12    0.08    0.08 ^ clk (in)
     1    0.02                           clk (net)
                  0.12    0.00    0.08 ^ clkbuf_0_clk/A (sky130_fd_sc_hd__clkbuf_16)
                  0.14    0.24    0.32 ^ clkbuf_0_clk/X (sky130_fd_sc_hd__clkbuf_16)
    16    0.12                           clknet_0_clk (net)
                  0.14    0.00    0.33 ^ clkbuf_4_4_0_clk/A (sky130_fd_sc_hd__clkbuf_8)
                  0.06    0.18    0.51 ^ clkbuf_4_4_0_clk/X (sky130_fd_sc_hd__clkbuf_8)
     9    0.03                           clknet_4_4_0_clk (net)
                  0.06    0.00    0.51 ^ _1270_/CLK (sky130_fd_sc_hd__dfxtp_1)
                          0.25    0.76   clock uncertainty
                         -0.05    0.71   clock reconvergence pessimism
                         -0.03    0.69   library hold time
                                  0.69   data required time
-----------------------------------------------------------------------------
                                  0.69   data required time
                                 -1.50   data arrival time
-----------------------------------------------------------------------------
                                  0.81   slack (MET)


Startpoint: _1263_ (rising edge-triggered flip-flop clocked by clk)
Endpoint: _1263_ (rising edge-triggered flip-flop clocked by clk)
Path Group: clk
Path Type: min

Fanout     Cap    Slew   Delay    Time   Description
-----------------------------------------------------------------------------
                          0.00    0.00   clock clk (rise edge)
                          0.00    0.00   clock source latency
                  0.12    0.08    0.08 ^ clk (in)
     1    0.02                           clk (net)
                  0.12    0.00    0.08 ^ clkbuf_0_clk/A (sky130_fd_sc_hd__clkbuf_16)
                  0.14    0.22    0.29 ^ clkbuf_0_clk/X (sky130_fd_sc_hd__clkbuf_16)
    16    0.12                           clknet_0_clk (net)
                  0.14    0.00    0.30 ^ clkbuf_4_4_0_clk/A (sky130_fd_sc_hd__clkbuf_8)
                  0.06    0.17    0.46 ^ clkbuf_4_4_0_clk/X (sky130_fd_sc_hd__clkbuf_8)
     9    0.03                           clknet_4_4_0_clk (net)
                  0.06    0.00    0.46 ^ _1263_/CLK (sky130_fd_sc_hd__dfxtp_1)
                  0.08    0.32    0.78 ^ _1263_/Q (sky130_fd_sc_hd__dfxtp_1)
     2    0.01                           u_sram.mem[21][1] (net)
                  0.08    0.00    0.78 ^ hold30/A (sky130_fd_sc_hd__dlygate4sd3_1)
                  0.06    0.52    1.30 ^ hold30/X (sky130_fd_sc_hd__dlygate4sd3_1)
     1    0.00                           net46 (net)
                  0.06    0.00    1.30 ^ _1147_/A0 (sky130_fd_sc_hd__mux2_1)
                  0.05    0.12    1.42 ^ _1147_/X (sky130_fd_sc_hd__mux2_1)
     1    0.00                           _0501_ (net)
                  0.05    0.00    1.42 ^ _1148_/A (sky130_fd_sc_hd__clkbuf_1)
                  0.04    0.07    1.50 ^ _1148_/X (sky130_fd_sc_hd__clkbuf_1)
     1    0.00                           _0097_ (net)
                  0.04    0.00    1.50 ^ _1263_/D (sky130_fd_sc_hd__dfxtp_1)
                                  1.50   data arrival time

                          0.00    0.00   clock clk (rise edge)
                          0.00    0.00   clock source latency
                  0.12    0.08    0.08 ^ clk (in)
     1    0.02                           clk (net)
                  0.12    0.00    0.08 ^ clkbuf_0_clk/A (sky130_fd_sc_hd__clkbuf_16)
                  0.14    0.24    0.32 ^ clkbuf_0_clk/X (sky130_fd_sc_hd__clkbuf_16)
    16    0.12                           clknet_0_clk (net)
                  0.14    0.00    0.33 ^ clkbuf_4_4_0_clk/A (sky130_fd_sc_hd__clkbuf_8)
                  0.06    0.18    0.51 ^ clkbuf_4_4_0_clk/X (sky130_fd_sc_hd__clkbuf_8)
     9    0.03                           clknet_4_4_0_clk (net)
                  0.06    0.00    0.51 ^ _1263_/CLK (sky130_fd_sc_hd__dfxtp_1)
                          0.25    0.76   clock uncertainty
                         -0.05    0.71   clock reconvergence pessimism
                         -0.03    0.69   library hold time
                                  0.69   data required time
-----------------------------------------------------------------------------
                                  0.69   data required time
                                 -1.50   data arrival time
-----------------------------------------------------------------------------
                                  0.81   slack (MET)


Startpoint: _1169_ (rising edge-triggered flip-flop clocked by clk)
Endpoint: _1169_ (rising edge-triggered flip-flop clocked by clk)
Path Group: clk
Path Type: min

Fanout     Cap    Slew   Delay    Time   Description
-----------------------------------------------------------------------------
                          0.00    0.00   clock clk (rise edge)
                          0.00    0.00   clock source latency
                  0.12    0.08    0.08 ^ clk (in)
     1    0.02                           clk (net)
                  0.12    0.00    0.08 ^ clkbuf_0_clk/A (sky130_fd_sc_hd__clkbuf_16)
                  0.14    0.22    0.29 ^ clkbuf_0_clk/X (sky130_fd_sc_hd__clkbuf_16)
    16    0.12                           clknet_0_clk (net)
                  0.14    0.00    0.30 ^ clkbuf_4_2_0_clk/A (sky130_fd_sc_hd__clkbuf_8)
                  0.08    0.18    0.48 ^ clkbuf_4_2_0_clk/X (sky130_fd_sc_hd__clkbuf_8)
    14    0.04                           clknet_4_2_0_clk (net)
                  0.08    0.00    0.48 ^ _1169_/CLK (sky130_fd_sc_hd__dfxtp_1)
                  0.07    0.32    0.80 ^ _1169_/Q (sky130_fd_sc_hd__dfxtp_1)
     2    0.01                           u_sram.mem[63][1] (net)
                  0.07    0.00    0.80 ^ hold122/A (sky130_fd_sc_hd__dlygate4sd3_1)
                  0.06    0.52    1.32 ^ hold122/X (sky130_fd_sc_hd__dlygate4sd3_1)
     1    0.00                           net138 (net)
                  0.06    0.00    1.32 ^ _0874_/A0 (sky130_fd_sc_hd__mux2_1)
                  0.05    0.12    1.44 ^ _0874_/X (sky130_fd_sc_hd__mux2_1)
     1    0.00                           _0319_ (net)
                  0.05    0.00    1.44 ^ _0875_/A (sky130_fd_sc_hd__clkbuf_1)
                  0.04    0.07    1.52 ^ _0875_/X (sky130_fd_sc_hd__clkbuf_1)
     1    0.00                           _0006_ (net)
                  0.04    0.00    1.52 ^ _1169_/D (sky130_fd_sc_hd__dfxtp_1)
                                  1.52   data arrival time

                          0.00    0.00   clock clk (rise edge)
                          0.00    0.00   clock source latency
                  0.12    0.08    0.08 ^ clk (in)
     1    0.02                           clk (net)
                  0.12    0.00    0.08 ^ clkbuf_0_clk/A (sky130_fd_sc_hd__clkbuf_16)
                  0.14    0.24    0.32 ^ clkbuf_0_clk/X (sky130_fd_sc_hd__clkbuf_16)
    16    0.12                           clknet_0_clk (net)
                  0.14    0.00    0.33 ^ clkbuf_4_2_0_clk/A (sky130_fd_sc_hd__clkbuf_8)
                  0.08    0.20    0.53 ^ clkbuf_4_2_0_clk/X (sky130_fd_sc_hd__clkbuf_8)
    14    0.04                           clknet_4_2_0_clk (net)
                  0.08    0.00    0.53 ^ _1169_/CLK (sky130_fd_sc_hd__dfxtp_1)
                          0.25    0.78   clock uncertainty
                         -0.05    0.73   clock reconvergence pessimism
                         -0.02    0.71   library hold time
                                  0.71   data required time
-----------------------------------------------------------------------------
                                  0.71   data required time
                                 -1.52   data arrival time
-----------------------------------------------------------------------------
                                  0.81   slack (MET)


Startpoint: _1178_ (rising edge-triggered flip-flop clocked by clk)
Endpoint: _1219_ (rising edge-triggered flip-flop clocked by clk)
Path Group: clk
Path Type: min

Fanout     Cap    Slew   Delay    Time   Description
-----------------------------------------------------------------------------
                          0.00    0.00   clock clk (rise edge)
                          0.00    0.00   clock source latency
                  0.12    0.08    0.08 ^ clk (in)
     1    0.02                           clk (net)
                  0.12    0.00    0.08 ^ clkbuf_0_clk/A (sky130_fd_sc_hd__clkbuf_16)
                  0.14    0.22    0.29 ^ clkbuf_0_clk/X (sky130_fd_sc_hd__clkbuf_16)
    16    0.12                           clknet_0_clk (net)
                  0.14    0.00    0.30 ^ clkbuf_4_15_0_clk/A (sky130_fd_sc_hd__clkbuf_8)
                  0.05    0.16    0.45 ^ clkbuf_4_15_0_clk/X (sky130_fd_sc_hd__clkbuf_8)
     6    0.02                           clknet_4_15_0_clk (net)
                  0.05    0.00    0.45 ^ _1178_/CLK (sky130_fd_sc_hd__dfrtp_4)
                  0.11    0.51    0.97 v _1178_/Q (sky130_fd_sc_hd__dfrtp_4)
     9    0.04                           u_addr_gen.addr[5] (net)
                  0.11    0.00    0.97 v _1005_/B (sky130_fd_sc_hd__nand3b_4)
                  0.15    0.18    1.14 ^ _1005_/Y (sky130_fd_sc_hd__nand3b_4)
     8    0.05                           _0411_ (net)
                  0.15    0.00    1.14 ^ _1030_/B (sky130_fd_sc_hd__nor2_1)
                  0.07    0.09    1.24 v _1030_/Y (sky130_fd_sc_hd__nor2_1)
     2    0.01                           _0428_ (net)
                  0.07    0.00    1.24 v _1031_/S (sky130_fd_sc_hd__mux2_1)
                  0.06    0.20    1.44 ^ _1031_/X (sky130_fd_sc_hd__mux2_1)
     1    0.00                           _0429_ (net)
                  0.06    0.00    1.44 ^ _1032_/A (sky130_fd_sc_hd__clkbuf_1)
                  0.04    0.08    1.52 ^ _1032_/X (sky130_fd_sc_hd__clkbuf_1)
     1    0.00                           _0053_ (net)
                  0.04    0.00    1.52 ^ _1219_/D (sky130_fd_sc_hd__dfxtp_1)
                                  1.52   data arrival time

                          0.00    0.00   clock clk (rise edge)
                          0.00    0.00   clock source latency
                  0.12    0.08    0.08 ^ clk (in)
     1    0.02                           clk (net)
                  0.12    0.00    0.08 ^ clkbuf_0_clk/A (sky130_fd_sc_hd__clkbuf_16)
                  0.14    0.24    0.32 ^ clkbuf_0_clk/X (sky130_fd_sc_hd__clkbuf_16)
    16    0.12                           clknet_0_clk (net)
                  0.14    0.00    0.33 ^ clkbuf_4_9_0_clk/A (sky130_fd_sc_hd__clkbuf_8)
                  0.07    0.19    0.51 ^ clkbuf_4_9_0_clk/X (sky130_fd_sc_hd__clkbuf_8)
     8    0.03                           clknet_4_9_0_clk (net)
                  0.07    0.00    0.52 ^ _1219_/CLK (sky130_fd_sc_hd__dfxtp_1)
                          0.25    0.77   clock uncertainty
                         -0.03    0.73   clock reconvergence pessimism
                         -0.03    0.71   library hold time
                                  0.71   data required time
-----------------------------------------------------------------------------
                                  0.71   data required time
                                 -1.52   data arrival time
-----------------------------------------------------------------------------
                                  0.81   slack (MET)


Startpoint: _1208_ (rising edge-triggered flip-flop clocked by clk)
Endpoint: _1208_ (rising edge-triggered flip-flop clocked by clk)
Path Group: clk
Path Type: min

Fanout     Cap    Slew   Delay    Time   Description
-----------------------------------------------------------------------------
                          0.00    0.00   clock clk (rise edge)
                          0.00    0.00   clock source latency
                  0.12    0.08    0.08 ^ clk (in)
     1    0.02                           clk (net)
                  0.12    0.00    0.08 ^ clkbuf_0_clk/A (sky130_fd_sc_hd__clkbuf_16)
                  0.14    0.22    0.29 ^ clkbuf_0_clk/X (sky130_fd_sc_hd__clkbuf_16)
    16    0.12                           clknet_0_clk (net)
                  0.14    0.00    0.30 ^ clkbuf_4_10_0_clk/A (sky130_fd_sc_hd__clkbuf_8)
                  0.09    0.19    0.48 ^ clkbuf_4_10_0_clk/X (sky130_fd_sc_hd__clkbuf_8)
    15    0.04                           clknet_4_10_0_clk (net)
                  0.09    0.00    0.48 ^ _1208_/CLK (sky130_fd_sc_hd__dfxtp_1)
                  0.07    0.32    0.81 ^ _1208_/Q (sky130_fd_sc_hd__dfxtp_1)
     2    0.01                           u_sram.mem[49][0] (net)
                  0.07    0.00    0.81 ^ hold113/A (sky130_fd_sc_hd__dlygate4sd3_1)
                  0.05    0.51    1.32 ^ hold113/X (sky130_fd_sc_hd__dlygate4sd3_1)
     1    0.00                           net129 (net)
                  0.05    0.00    1.32 ^ _0997_/A1 (sky130_fd_sc_hd__mux2_1)
                  0.05    0.12    1.44 ^ _0997_/X (sky130_fd_sc_hd__mux2_1)
     1    0.00                           _0406_ (net)
                  0.05    0.00    1.44 ^ _0998_/A (sky130_fd_sc_hd__clkbuf_1)
                  0.04    0.08    1.52 ^ _0998_/X (sky130_fd_sc_hd__clkbuf_1)
     1    0.00                           _0042_ (net)
                  0.04    0.00    1.52 ^ _1208_/D (sky130_fd_sc_hd__dfxtp_1)
                                  1.52   data arrival time

                          0.00    0.00   clock clk (rise edge)
                          0.00    0.00   clock source latency
                  0.12    0.08    0.08 ^ clk (in)
     1    0.02                           clk (net)
                  0.12    0.00    0.08 ^ clkbuf_0_clk/A (sky130_fd_sc_hd__clkbuf_16)
                  0.14    0.24    0.32 ^ clkbuf_0_clk/X (sky130_fd_sc_hd__clkbuf_16)
    16    0.12                           clknet_0_clk (net)
                  0.14    0.00    0.33 ^ clkbuf_4_10_0_clk/A (sky130_fd_sc_hd__clkbuf_8)
                  0.09    0.21    0.53 ^ clkbuf_4_10_0_clk/X (sky130_fd_sc_hd__clkbuf_8)
    15    0.04                           clknet_4_10_0_clk (net)
                  0.09    0.00    0.54 ^ _1208_/CLK (sky130_fd_sc_hd__dfxtp_1)
                          0.25    0.79   clock uncertainty
                         -0.05    0.73   clock reconvergence pessimism
                         -0.03    0.71   library hold time
                                  0.71   data required time
-----------------------------------------------------------------------------
                                  0.71   data required time
                                 -1.52   data arrival time
-----------------------------------------------------------------------------
                                  0.81   slack (MET)


Startpoint: _1267_ (rising edge-triggered flip-flop clocked by clk)
Endpoint: _1267_ (rising edge-triggered flip-flop clocked by clk)
Path Group: clk
Path Type: min

Fanout     Cap    Slew   Delay    Time   Description
-----------------------------------------------------------------------------
                          0.00    0.00   clock clk (rise edge)
                          0.00    0.00   clock source latency
                  0.12    0.08    0.08 ^ clk (in)
     1    0.02                           clk (net)
                  0.12    0.00    0.08 ^ clkbuf_0_clk/A (sky130_fd_sc_hd__clkbuf_16)
                  0.14    0.22    0.29 ^ clkbuf_0_clk/X (sky130_fd_sc_hd__clkbuf_16)
    16    0.12                           clknet_0_clk (net)
                  0.14    0.00    0.30 ^ clkbuf_4_12_0_clk/A (sky130_fd_sc_hd__clkbuf_8)
                  0.06    0.17    0.46 ^ clkbuf_4_12_0_clk/X (sky130_fd_sc_hd__clkbuf_8)
     7    0.03                           clknet_4_12_0_clk (net)
                  0.06    0.00    0.46 ^ _1267_/CLK (sky130_fd_sc_hd__dfxtp_1)
                  0.07    0.32    0.78 ^ _1267_/Q (sky130_fd_sc_hd__dfxtp_1)
     2    0.01                           u_sram.mem[19][1] (net)
                  0.07    0.00    0.78 ^ hold56/A (sky130_fd_sc_hd__dlygate4sd3_1)
                  0.06    0.52    1.30 ^ hold56/X (sky130_fd_sc_hd__dlygate4sd3_1)
     1    0.00                           net72 (net)
                  0.06    0.00    1.30 ^ _1158_/A0 (sky130_fd_sc_hd__mux2_1)
                  0.04    0.11    1.41 ^ _1158_/X (sky130_fd_sc_hd__mux2_1)
     1    0.00                           _0508_ (net)
                  0.04    0.00    1.41 ^ _1159_/A (sky130_fd_sc_hd__clkbuf_1)
                  0.06    0.09    1.49 ^ _1159_/X (sky130_fd_sc_hd__clkbuf_1)
     1    0.00                           _0101_ (net)
                  0.06    0.00    1.49 ^ _1267_/D (sky130_fd_sc_hd__dfxtp_1)
                                  1.49   data arrival time

                          0.00    0.00   clock clk (rise edge)
                          0.00    0.00   clock source latency
                  0.12    0.08    0.08 ^ clk (in)
     1    0.02                           clk (net)
                  0.12    0.00    0.08 ^ clkbuf_0_clk/A (sky130_fd_sc_hd__clkbuf_16)
                  0.14    0.24    0.32 ^ clkbuf_0_clk/X (sky130_fd_sc_hd__clkbuf_16)
    16    0.12                           clknet_0_clk (net)
                  0.14    0.00    0.33 ^ clkbuf_4_12_0_clk/A (sky130_fd_sc_hd__clkbuf_8)
                  0.06    0.18    0.51 ^ clkbuf_4_12_0_clk/X (sky130_fd_sc_hd__clkbuf_8)
     7    0.03                           clknet_4_12_0_clk (net)
                  0.06    0.00    0.51 ^ _1267_/CLK (sky130_fd_sc_hd__dfxtp_1)
                          0.25    0.76   clock uncertainty
                         -0.05    0.71   clock reconvergence pessimism
                         -0.03    0.68   library hold time
                                  0.68   data required time
-----------------------------------------------------------------------------
                                  0.68   data required time
                                 -1.49   data arrival time
-----------------------------------------------------------------------------
                                  0.81   slack (MET)


Startpoint: _1240_ (rising edge-triggered flip-flop clocked by clk)
Endpoint: _1240_ (rising edge-triggered flip-flop clocked by clk)
Path Group: clk
Path Type: min

Fanout     Cap    Slew   Delay    Time   Description
-----------------------------------------------------------------------------
                          0.00    0.00   clock clk (rise edge)
                          0.00    0.00   clock source latency
                  0.12    0.08    0.08 ^ clk (in)
     1    0.02                           clk (net)
                  0.12    0.00    0.08 ^ clkbuf_0_clk/A (sky130_fd_sc_hd__clkbuf_16)
                  0.14    0.22    0.29 ^ clkbuf_0_clk/X (sky130_fd_sc_hd__clkbuf_16)
    16    0.12                           clknet_0_clk (net)
                  0.14    0.00    0.30 ^ clkbuf_4_7_0_clk/A (sky130_fd_sc_hd__clkbuf_8)
                  0.08    0.18    0.48 ^ clkbuf_4_7_0_clk/X (sky130_fd_sc_hd__clkbuf_8)
    13    0.04                           clknet_4_7_0_clk (net)
                  0.08    0.00    0.48 ^ _1240_/CLK (sky130_fd_sc_hd__dfxtp_1)
                  0.07    0.32    0.80 ^ _1240_/Q (sky130_fd_sc_hd__dfxtp_1)
     2    0.01                           u_sram.mem[33][0] (net)
                  0.07    0.00    0.80 ^ hold115/A (sky130_fd_sc_hd__dlygate4sd3_1)
                  0.06    0.52    1.32 ^ hold115/X (sky130_fd_sc_hd__dlygate4sd3_1)
     1    0.00                           net131 (net)
                  0.06    0.00    1.32 ^ _1085_/A1 (sky130_fd_sc_hd__mux2_1)
                  0.05    0.12    1.44 ^ _1085_/X (sky130_fd_sc_hd__mux2_1)
     1    0.00                           _0462_ (net)
                  0.05    0.00    1.44 ^ _1086_/A (sky130_fd_sc_hd__clkbuf_1)
                  0.04    0.08    1.52 ^ _1086_/X (sky130_fd_sc_hd__clkbuf_1)
     1    0.00                           _0074_ (net)
                  0.04    0.00    1.52 ^ _1240_/D (sky130_fd_sc_hd__dfxtp_1)
                                  1.52   data arrival time

                          0.00    0.00   clock clk (rise edge)
                          0.00    0.00   clock source latency
                  0.12    0.08    0.08 ^ clk (in)
     1    0.02                           clk (net)
                  0.12    0.00    0.08 ^ clkbuf_0_clk/A (sky130_fd_sc_hd__clkbuf_16)
                  0.14    0.24    0.32 ^ clkbuf_0_clk/X (sky130_fd_sc_hd__clkbuf_16)
    16    0.12                           clknet_0_clk (net)
                  0.14    0.00    0.33 ^ clkbuf_4_7_0_clk/A (sky130_fd_sc_hd__clkbuf_8)
                  0.08    0.20    0.53 ^ clkbuf_4_7_0_clk/X (sky130_fd_sc_hd__clkbuf_8)
    13    0.04                           clknet_4_7_0_clk (net)
                  0.08    0.00    0.53 ^ _1240_/CLK (sky130_fd_sc_hd__dfxtp_1)
                          0.25    0.78   clock uncertainty
                         -0.05    0.73   clock reconvergence pessimism
                         -0.03    0.70   library hold time
                                  0.70   data required time
-----------------------------------------------------------------------------
                                  0.70   data required time
                                 -1.52   data arrival time
-----------------------------------------------------------------------------
                                  0.82   slack (MET)


Startpoint: _1211_ (rising edge-triggered flip-flop clocked by clk)
Endpoint: _1211_ (rising edge-triggered flip-flop clocked by clk)
Path Group: clk
Path Type: min

Fanout     Cap    Slew   Delay    Time   Description
-----------------------------------------------------------------------------
                          0.00    0.00   clock clk (rise edge)
                          0.00    0.00   clock source latency
                  0.12    0.08    0.08 ^ clk (in)
     1    0.02                           clk (net)
                  0.12    0.00    0.08 ^ clkbuf_0_clk/A (sky130_fd_sc_hd__clkbuf_16)
                  0.14    0.22    0.29 ^ clkbuf_0_clk/X (sky130_fd_sc_hd__clkbuf_16)
    16    0.12                           clknet_0_clk (net)
                  0.14    0.00    0.30 ^ clkbuf_4_6_0_clk/A (sky130_fd_sc_hd__clkbuf_8)
                  0.08    0.18    0.47 ^ clkbuf_4_6_0_clk/X (sky130_fd_sc_hd__clkbuf_8)
    10    0.04                           clknet_4_6_0_clk (net)
                  0.08    0.00    0.47 ^ _1211_/CLK (sky130_fd_sc_hd__dfxtp_1)
                  0.09    0.33    0.81 ^ _1211_/Q (sky130_fd_sc_hd__dfxtp_1)
     2    0.01                           u_sram.mem[47][1] (net)
                  0.09    0.00    0.81 ^ hold103/A (sky130_fd_sc_hd__dlygate4sd3_1)
                  0.05    0.52    1.33 ^ hold103/X (sky130_fd_sc_hd__dlygate4sd3_1)
     1    0.00                           net119 (net)
                  0.05    0.00    1.33 ^ _1009_/A0 (sky130_fd_sc_hd__mux2_1)
                  0.05    0.11    1.44 ^ _1009_/X (sky130_fd_sc_hd__mux2_1)
     1    0.00                           _0415_ (net)
                  0.05    0.00    1.44 ^ _1010_/A (sky130_fd_sc_hd__clkbuf_1)
                  0.05    0.08    1.52 ^ _1010_/X (sky130_fd_sc_hd__clkbuf_1)
     1    0.00                           _0045_ (net)
                  0.05    0.00    1.52 ^ _1211_/D (sky130_fd_sc_hd__dfxtp_1)
                                  1.52   data arrival time

                          0.00    0.00   clock clk (rise edge)
                          0.00    0.00   clock source latency
                  0.12    0.08    0.08 ^ clk (in)
     1    0.02                           clk (net)
                  0.12    0.00    0.08 ^ clkbuf_0_clk/A (sky130_fd_sc_hd__clkbuf_16)
                  0.14    0.24    0.32 ^ clkbuf_0_clk/X (sky130_fd_sc_hd__clkbuf_16)
    16    0.12                           clknet_0_clk (net)
                  0.14    0.00    0.33 ^ clkbuf_4_6_0_clk/A (sky130_fd_sc_hd__clkbuf_8)
                  0.08    0.19    0.52 ^ clkbuf_4_6_0_clk/X (sky130_fd_sc_hd__clkbuf_8)
    10    0.04                           clknet_4_6_0_clk (net)
                  0.08    0.00    0.52 ^ _1211_/CLK (sky130_fd_sc_hd__dfxtp_1)
                          0.25    0.77   clock uncertainty
                         -0.05    0.72   clock reconvergence pessimism
                         -0.03    0.70   library hold time
                                  0.70   data required time
-----------------------------------------------------------------------------
                                  0.70   data required time
                                 -1.52   data arrival time
-----------------------------------------------------------------------------
                                  0.83   slack (MET)


Startpoint: _1212_ (rising edge-triggered flip-flop clocked by clk)
Endpoint: _1212_ (rising edge-triggered flip-flop clocked by clk)
Path Group: clk
Path Type: min

Fanout     Cap    Slew   Delay    Time   Description
-----------------------------------------------------------------------------
                          0.00    0.00   clock clk (rise edge)
                          0.00    0.00   clock source latency
                  0.12    0.08    0.08 ^ clk (in)
     1    0.02                           clk (net)
                  0.12    0.00    0.08 ^ clkbuf_0_clk/A (sky130_fd_sc_hd__clkbuf_16)
                  0.14    0.22    0.29 ^ clkbuf_0_clk/X (sky130_fd_sc_hd__clkbuf_16)
    16    0.12                           clknet_0_clk (net)
                  0.14    0.00    0.30 ^ clkbuf_4_6_0_clk/A (sky130_fd_sc_hd__clkbuf_8)
                  0.08    0.18    0.47 ^ clkbuf_4_6_0_clk/X (sky130_fd_sc_hd__clkbuf_8)
    10    0.04                           clknet_4_6_0_clk (net)
                  0.08    0.00    0.47 ^ _1212_/CLK (sky130_fd_sc_hd__dfxtp_1)
                  0.09    0.33    0.80 ^ _1212_/Q (sky130_fd_sc_hd__dfxtp_1)
     2    0.01                           u_sram.mem[47][0] (net)
                  0.09    0.00    0.80 ^ hold137/A (sky130_fd_sc_hd__dlygate4sd3_1)
                  0.06    0.52    1.33 ^ hold137/X (sky130_fd_sc_hd__dlygate4sd3_1)
     1    0.00                           net153 (net)
                  0.06    0.00    1.33 ^ _1011_/A0 (sky130_fd_sc_hd__mux2_1)
                  0.06    0.13    1.46 ^ _1011_/X (sky130_fd_sc_hd__mux2_1)
     1    0.01                           _0416_ (net)
                  0.06    0.00    1.46 ^ _1012_/A (sky130_fd_sc_hd__clkbuf_1)
                  0.04    0.08    1.54 ^ _1012_/X (sky130_fd_sc_hd__clkbuf_1)
     1    0.00                           _0046_ (net)
                  0.04    0.00    1.54 ^ _1212_/D (sky130_fd_sc_hd__dfxtp_1)
                                  1.54   data arrival time

                          0.00    0.00   clock clk (rise edge)
                          0.00    0.00   clock source latency
                  0.12    0.08    0.08 ^ clk (in)
     1    0.02                           clk (net)
                  0.12    0.00    0.08 ^ clkbuf_0_clk/A (sky130_fd_sc_hd__clkbuf_16)
                  0.14    0.24    0.32 ^ clkbuf_0_clk/X (sky130_fd_sc_hd__clkbuf_16)
    16    0.12                           clknet_0_clk (net)
                  0.14    0.00    0.33 ^ clkbuf_4_6_0_clk/A (sky130_fd_sc_hd__clkbuf_8)
                  0.08    0.19    0.52 ^ clkbuf_4_6_0_clk/X (sky130_fd_sc_hd__clkbuf_8)
    10    0.04                           clknet_4_6_0_clk (net)
                  0.08    0.00    0.52 ^ _1212_/CLK (sky130_fd_sc_hd__dfxtp_1)
                          0.25    0.77   clock uncertainty
                         -0.05    0.72   clock reconvergence pessimism
                         -0.03    0.70   library hold time
                                  0.70   data required time
-----------------------------------------------------------------------------
                                  0.70   data required time
                                 -1.54   data arrival time
-----------------------------------------------------------------------------
                                  0.84   slack (MET)


Startpoint: _1232_ (rising edge-triggered flip-flop clocked by clk)
Endpoint: _1232_ (rising edge-triggered flip-flop clocked by clk)
Path Group: clk
Path Type: min

Fanout     Cap    Slew   Delay    Time   Description
-----------------------------------------------------------------------------
                          0.00    0.00   clock clk (rise edge)
                          0.00    0.00   clock source latency
                  0.12    0.08    0.08 ^ clk (in)
     1    0.02                           clk (net)
                  0.12    0.00    0.08 ^ clkbuf_0_clk/A (sky130_fd_sc_hd__clkbuf_16)
                  0.14    0.22    0.29 ^ clkbuf_0_clk/X (sky130_fd_sc_hd__clkbuf_16)
    16    0.12                           clknet_0_clk (net)
                  0.14    0.00    0.30 ^ clkbuf_4_7_0_clk/A (sky130_fd_sc_hd__clkbuf_8)
                  0.08    0.18    0.48 ^ clkbuf_4_7_0_clk/X (sky130_fd_sc_hd__clkbuf_8)
    13    0.04                           clknet_4_7_0_clk (net)
                  0.08    0.00    0.48 ^ _1232_/CLK (sky130_fd_sc_hd__dfxtp_1)
                  0.08    0.33    0.81 ^ _1232_/Q (sky130_fd_sc_hd__dfxtp_1)
     2    0.01                           u_sram.mem[37][0] (net)
                  0.08    0.00    0.81 ^ hold101/A (sky130_fd_sc_hd__dlygate4sd3_1)
                  0.06    0.53    1.34 ^ hold101/X (sky130_fd_sc_hd__dlygate4sd3_1)
     1    0.00                           net117 (net)
                  0.06    0.00    1.34 ^ _1065_/A0 (sky130_fd_sc_hd__mux2_1)
                  0.06    0.13    1.46 ^ _1065_/X (sky130_fd_sc_hd__mux2_1)
     1    0.00                           _0450_ (net)
                  0.06    0.00    1.46 ^ _1066_/A (sky130_fd_sc_hd__clkbuf_1)
                  0.05    0.08    1.54 ^ _1066_/X (sky130_fd_sc_hd__clkbuf_1)
     1    0.00                           _0066_ (net)
                  0.05    0.00    1.54 ^ _1232_/D (sky130_fd_sc_hd__dfxtp_1)
                                  1.54   data arrival time

                          0.00    0.00   clock clk (rise edge)
                          0.00    0.00   clock source latency
                  0.12    0.08    0.08 ^ clk (in)
     1    0.02                           clk (net)
                  0.12    0.00    0.08 ^ clkbuf_0_clk/A (sky130_fd_sc_hd__clkbuf_16)
                  0.14    0.24    0.32 ^ clkbuf_0_clk/X (sky130_fd_sc_hd__clkbuf_16)
    16    0.12                           clknet_0_clk (net)
                  0.14    0.00    0.33 ^ clkbuf_4_7_0_clk/A (sky130_fd_sc_hd__clkbuf_8)
                  0.08    0.20    0.53 ^ clkbuf_4_7_0_clk/X (sky130_fd_sc_hd__clkbuf_8)
    13    0.04                           clknet_4_7_0_clk (net)
                  0.08    0.00    0.53 ^ _1232_/CLK (sky130_fd_sc_hd__dfxtp_1)
                          0.25    0.78   clock uncertainty
                         -0.05    0.73   clock reconvergence pessimism
                         -0.03    0.70   library hold time
                                  0.70   data required time
-----------------------------------------------------------------------------
                                  0.70   data required time
                                 -1.54   data arrival time
-----------------------------------------------------------------------------
                                  0.84   slack (MET)


Startpoint: rst_n (input port clocked by clk)
Endpoint: _1320_ (removal check against rising-edge clock clk)
Path Group: asynchronous
Path Type: min

Fanout     Cap    Slew   Delay    Time   Description
-----------------------------------------------------------------------------
                          0.00    0.00   clock clk (rise edge)
                          0.00    0.00   clock network delay (propagated)
                          2.00    2.00 ^ input external delay
                  0.02    0.01    2.01 ^ rst_n (in)
     1    0.00                           rst_n (net)
                  0.02    0.00    2.01 ^ input1/A (sky130_fd_sc_hd__clkbuf_2)
                  0.14    0.16    2.17 ^ input1/X (sky130_fd_sc_hd__clkbuf_2)
     3    0.03                           net1 (net)
                  0.14    0.00    2.17 ^ fanout16/A (sky130_fd_sc_hd__clkbuf_2)
                  0.14    0.19    2.37 ^ fanout16/X (sky130_fd_sc_hd__clkbuf_2)
     5    0.02                           net16 (net)
                  0.14    0.00    2.37 ^ _1320_/RESET_B (sky130_fd_sc_hd__dfrtp_1)
                                  2.37   data arrival time

                          0.00    0.00   clock clk (rise edge)
                          0.00    0.00   clock source latency
                  0.12    0.08    0.08 ^ clk (in)
     1    0.02                           clk (net)
                  0.12    0.00    0.08 ^ clkbuf_0_clk/A (sky130_fd_sc_hd__clkbuf_16)
                  0.14    0.24    0.32 ^ clkbuf_0_clk/X (sky130_fd_sc_hd__clkbuf_16)
    16    0.12                           clknet_0_clk (net)
                  0.14    0.00    0.33 ^ clkbuf_4_14_0_clk/A (sky130_fd_sc_hd__clkbuf_8)
                  0.06    0.18    0.51 ^ clkbuf_4_14_0_clk/X (sky130_fd_sc_hd__clkbuf_8)
     8    0.03                           clknet_4_14_0_clk (net)
                  0.06    0.00    0.51 ^ _1320_/CLK (sky130_fd_sc_hd__dfrtp_1)
                          0.25    0.76   clock uncertainty
                          0.00    0.76   clock reconvergence pessimism
                          0.35    1.11   library removal time
                                  1.11   data required time
-----------------------------------------------------------------------------
                                  1.11   data required time
                                 -2.37   data arrival time
-----------------------------------------------------------------------------
                                  1.25   slack (MET)


Startpoint: rst_n (input port clocked by clk)
Endpoint: _1172_ (removal check against rising-edge clock clk)
Path Group: asynchronous
Path Type: min

Fanout     Cap    Slew   Delay    Time   Description
-----------------------------------------------------------------------------
                          0.00    0.00   clock clk (rise edge)
                          0.00    0.00   clock network delay (propagated)
                          2.00    2.00 ^ input external delay
                  0.02    0.01    2.01 ^ rst_n (in)
     1    0.00                           rst_n (net)
                  0.02    0.00    2.01 ^ input1/A (sky130_fd_sc_hd__clkbuf_2)
                  0.14    0.16    2.17 ^ input1/X (sky130_fd_sc_hd__clkbuf_2)
     3    0.03                           net1 (net)
                  0.14    0.00    2.17 ^ fanout16/A (sky130_fd_sc_hd__clkbuf_2)
                  0.14    0.19    2.37 ^ fanout16/X (sky130_fd_sc_hd__clkbuf_2)
     5    0.02                           net16 (net)
                  0.14    0.00    2.37 ^ _1172_/RESET_B (sky130_fd_sc_hd__dfrtp_1)
                                  2.37   data arrival time

                          0.00    0.00   clock clk (rise edge)
                          0.00    0.00   clock source latency
                  0.12    0.08    0.08 ^ clk (in)
     1    0.02                           clk (net)
                  0.12    0.00    0.08 ^ clkbuf_0_clk/A (sky130_fd_sc_hd__clkbuf_16)
                  0.14    0.24    0.32 ^ clkbuf_0_clk/X (sky130_fd_sc_hd__clkbuf_16)
    16    0.12                           clknet_0_clk (net)
                  0.14    0.00    0.33 ^ clkbuf_4_14_0_clk/A (sky130_fd_sc_hd__clkbuf_8)
                  0.06    0.18    0.51 ^ clkbuf_4_14_0_clk/X (sky130_fd_sc_hd__clkbuf_8)
     8    0.03                           clknet_4_14_0_clk (net)
                  0.06    0.00    0.51 ^ _1172_/CLK (sky130_fd_sc_hd__dfrtp_1)
                          0.25    0.76   clock uncertainty
                          0.00    0.76   clock reconvergence pessimism
                          0.35    1.11   library removal time
                                  1.11   data required time
-----------------------------------------------------------------------------
                                  1.11   data required time
                                 -2.37   data arrival time
-----------------------------------------------------------------------------
                                  1.25   slack (MET)


Startpoint: rst_n (input port clocked by clk)
Endpoint: _1316_ (removal check against rising-edge clock clk)
Path Group: asynchronous
Path Type: min

Fanout     Cap    Slew   Delay    Time   Description
-----------------------------------------------------------------------------
                          0.00    0.00   clock clk (rise edge)
                          0.00    0.00   clock network delay (propagated)
                          2.00    2.00 ^ input external delay
                  0.02    0.01    2.01 ^ rst_n (in)
     1    0.00                           rst_n (net)
                  0.02    0.00    2.01 ^ input1/A (sky130_fd_sc_hd__clkbuf_2)
                  0.14    0.16    2.17 ^ input1/X (sky130_fd_sc_hd__clkbuf_2)
     3    0.03                           net1 (net)
                  0.14    0.00    2.17 ^ fanout14/A (sky130_fd_sc_hd__clkbuf_4)
                  0.13    0.22    2.40 ^ fanout14/X (sky130_fd_sc_hd__clkbuf_4)
     8    0.04                           net14 (net)
                  0.13    0.00    2.40 ^ _1316_/RESET_B (sky130_fd_sc_hd__dfrtp_1)
                                  2.40   data arrival time

                          0.00    0.00   clock clk (rise edge)
                          0.00    0.00   clock source latency
                  0.12    0.08    0.08 ^ clk (in)
     1    0.02                           clk (net)
                  0.12    0.00    0.08 ^ clkbuf_0_clk/A (sky130_fd_sc_hd__clkbuf_16)
                  0.14    0.24    0.32 ^ clkbuf_0_clk/X (sky130_fd_sc_hd__clkbuf_16)
    16    0.12                           clknet_0_clk (net)
                  0.14    0.00    0.33 ^ clkbuf_4_10_0_clk/A (sky130_fd_sc_hd__clkbuf_8)
                  0.09    0.21    0.53 ^ clkbuf_4_10_0_clk/X (sky130_fd_sc_hd__clkbuf_8)
    15    0.04                           clknet_4_10_0_clk (net)
                  0.09    0.00    0.53 ^ _1316_/CLK (sky130_fd_sc_hd__dfrtp_1)
                          0.25    0.78   clock uncertainty
                          0.00    0.78   clock reconvergence pessimism
                          0.36    1.14   library removal time
                                  1.14   data required time
-----------------------------------------------------------------------------
                                  1.14   data required time
                                 -2.40   data arrival time
-----------------------------------------------------------------------------
                                  1.26   slack (MET)


Startpoint: rst_n (input port clocked by clk)
Endpoint: _1178_ (removal check against rising-edge clock clk)
Path Group: asynchronous
Path Type: min

Fanout     Cap    Slew   Delay    Time   Description
-----------------------------------------------------------------------------
                          0.00    0.00   clock clk (rise edge)
                          0.00    0.00   clock network delay (propagated)
                          2.00    2.00 ^ input external delay
                  0.02    0.01    2.01 ^ rst_n (in)
     1    0.00                           rst_n (net)
                  0.02    0.00    2.01 ^ input1/A (sky130_fd_sc_hd__clkbuf_2)
                  0.14    0.16    2.17 ^ input1/X (sky130_fd_sc_hd__clkbuf_2)
     3    0.03                           net1 (net)
                  0.14    0.00    2.17 ^ fanout16/A (sky130_fd_sc_hd__clkbuf_2)
                  0.14    0.19    2.37 ^ fanout16/X (sky130_fd_sc_hd__clkbuf_2)
     5    0.02                           net16 (net)
                  0.14    0.00    2.37 ^ _1178_/RESET_B (sky130_fd_sc_hd__dfrtp_4)
                                  2.37   data arrival time

                          0.00    0.00   clock clk (rise edge)
                          0.00    0.00   clock source latency
                  0.12    0.08    0.08 ^ clk (in)
     1    0.02                           clk (net)
                  0.12    0.00    0.08 ^ clkbuf_0_clk/A (sky130_fd_sc_hd__clkbuf_16)
                  0.14    0.24    0.32 ^ clkbuf_0_clk/X (sky130_fd_sc_hd__clkbuf_16)
    16    0.12                           clknet_0_clk (net)
                  0.14    0.00    0.33 ^ clkbuf_4_15_0_clk/A (sky130_fd_sc_hd__clkbuf_8)
                  0.05    0.17    0.50 ^ clkbuf_4_15_0_clk/X (sky130_fd_sc_hd__clkbuf_8)
     6    0.02                           clknet_4_15_0_clk (net)
                  0.05    0.00    0.50 ^ _1178_/CLK (sky130_fd_sc_hd__dfrtp_4)
                          0.25    0.75   clock uncertainty
                          0.00    0.75   clock reconvergence pessimism
                          0.35    1.10   library removal time
                                  1.10   data required time
-----------------------------------------------------------------------------
                                  1.10   data required time
                                 -2.37   data arrival time
-----------------------------------------------------------------------------
                                  1.27   slack (MET)


Startpoint: rst_n (input port clocked by clk)
Endpoint: _1177_ (removal check against rising-edge clock clk)
Path Group: asynchronous
Path Type: min

Fanout     Cap    Slew   Delay    Time   Description
-----------------------------------------------------------------------------
                          0.00    0.00   clock clk (rise edge)
                          0.00    0.00   clock network delay (propagated)
                          2.00    2.00 ^ input external delay
                  0.02    0.01    2.01 ^ rst_n (in)
     1    0.00                           rst_n (net)
                  0.02    0.00    2.01 ^ input1/A (sky130_fd_sc_hd__clkbuf_2)
                  0.14    0.16    2.17 ^ input1/X (sky130_fd_sc_hd__clkbuf_2)
     3    0.03                           net1 (net)
                  0.14    0.00    2.17 ^ fanout16/A (sky130_fd_sc_hd__clkbuf_2)
                  0.14    0.19    2.37 ^ fanout16/X (sky130_fd_sc_hd__clkbuf_2)
     5    0.02                           net16 (net)
                  0.14    0.00    2.37 ^ _1177_/RESET_B (sky130_fd_sc_hd__dfrtp_4)
                                  2.37   data arrival time

                          0.00    0.00   clock clk (rise edge)
                          0.00    0.00   clock source latency
                  0.12    0.08    0.08 ^ clk (in)
     1    0.02                           clk (net)
                  0.12    0.00    0.08 ^ clkbuf_0_clk/A (sky130_fd_sc_hd__clkbuf_16)
                  0.14    0.24    0.32 ^ clkbuf_0_clk/X (sky130_fd_sc_hd__clkbuf_16)
    16    0.12                           clknet_0_clk (net)
                  0.14    0.00    0.33 ^ clkbuf_4_15_0_clk/A (sky130_fd_sc_hd__clkbuf_8)
                  0.05    0.17    0.50 ^ clkbuf_4_15_0_clk/X (sky130_fd_sc_hd__clkbuf_8)
     6    0.02                           clknet_4_15_0_clk (net)
                  0.05    0.00    0.50 ^ _1177_/CLK (sky130_fd_sc_hd__dfrtp_4)
                          0.25    0.75   clock uncertainty
                          0.00    0.75   clock reconvergence pessimism
                          0.35    1.10   library removal time
                                  1.10   data required time
-----------------------------------------------------------------------------
                                  1.10   data required time
                                 -2.37   data arrival time
-----------------------------------------------------------------------------
                                  1.27   slack (MET)


Startpoint: rst_n (input port clocked by clk)
Endpoint: _1315_ (removal check against rising-edge clock clk)
Path Group: asynchronous
Path Type: min

Fanout     Cap    Slew   Delay    Time   Description
-----------------------------------------------------------------------------
                          0.00    0.00   clock clk (rise edge)
                          0.00    0.00   clock network delay (propagated)
                          2.00    2.00 ^ input external delay
                  0.02    0.01    2.01 ^ rst_n (in)
     1    0.00                           rst_n (net)
                  0.02    0.00    2.01 ^ input1/A (sky130_fd_sc_hd__clkbuf_2)
                  0.14    0.16    2.17 ^ input1/X (sky130_fd_sc_hd__clkbuf_2)
     3    0.03                           net1 (net)
                  0.14    0.00    2.17 ^ fanout14/A (sky130_fd_sc_hd__clkbuf_4)
                  0.13    0.22    2.40 ^ fanout14/X (sky130_fd_sc_hd__clkbuf_4)
     8    0.04                           net14 (net)
                  0.13    0.00    2.40 ^ _1315_/RESET_B (sky130_fd_sc_hd__dfrtp_1)
                                  2.40   data arrival time

                          0.00    0.00   clock clk (rise edge)
                          0.00    0.00   clock source latency
                  0.12    0.08    0.08 ^ clk (in)
     1    0.02                           clk (net)
                  0.12    0.00    0.08 ^ clkbuf_0_clk/A (sky130_fd_sc_hd__clkbuf_16)
                  0.14    0.24    0.32 ^ clkbuf_0_clk/X (sky130_fd_sc_hd__clkbuf_16)
    16    0.12                           clknet_0_clk (net)
                  0.14    0.00    0.33 ^ clkbuf_4_11_0_clk/A (sky130_fd_sc_hd__clkbuf_8)
                  0.08    0.19    0.52 ^ clkbuf_4_11_0_clk/X (sky130_fd_sc_hd__clkbuf_8)
    12    0.04                           clknet_4_11_0_clk (net)
                  0.08    0.00    0.52 ^ _1315_/CLK (sky130_fd_sc_hd__dfrtp_1)
                          0.25    0.77   clock uncertainty
                          0.00    0.77   clock reconvergence pessimism
                          0.35    1.13   library removal time
                                  1.13   data required time
-----------------------------------------------------------------------------
                                  1.13   data required time
                                 -2.40   data arrival time
-----------------------------------------------------------------------------
                                  1.27   slack (MET)


Startpoint: rst_n (input port clocked by clk)
Endpoint: _1308_ (removal check against rising-edge clock clk)
Path Group: asynchronous
Path Type: min

Fanout     Cap    Slew   Delay    Time   Description
-----------------------------------------------------------------------------
                          0.00    0.00   clock clk (rise edge)
                          0.00    0.00   clock network delay (propagated)
                          2.00    2.00 ^ input external delay
                  0.02    0.01    2.01 ^ rst_n (in)
     1    0.00                           rst_n (net)
                  0.02    0.00    2.01 ^ input1/A (sky130_fd_sc_hd__clkbuf_2)
                  0.14    0.16    2.17 ^ input1/X (sky130_fd_sc_hd__clkbuf_2)
     3    0.03                           net1 (net)
                  0.14    0.00    2.17 ^ fanout15/A (sky130_fd_sc_hd__buf_4)
                  0.16    0.22    2.39 ^ fanout15/X (sky130_fd_sc_hd__buf_4)
    10    0.06                           net15 (net)
                  0.16    0.00    2.39 ^ _1308_/RESET_B (sky130_fd_sc_hd__dfrtp_4)
                                  2.39   data arrival time

                          0.00    0.00   clock clk (rise edge)
                          0.00    0.00   clock source latency
                  0.12    0.08    0.08 ^ clk (in)
     1    0.02                           clk (net)
                  0.12    0.00    0.08 ^ clkbuf_0_clk/A (sky130_fd_sc_hd__clkbuf_16)
                  0.14    0.24    0.32 ^ clkbuf_0_clk/X (sky130_fd_sc_hd__clkbuf_16)
    16    0.12                           clknet_0_clk (net)
                  0.14    0.00    0.33 ^ clkbuf_4_13_0_clk/A (sky130_fd_sc_hd__clkbuf_8)
                  0.06    0.18    0.51 ^ clkbuf_4_13_0_clk/X (sky130_fd_sc_hd__clkbuf_8)
     9    0.03                           clknet_4_13_0_clk (net)
                  0.06    0.00    0.51 ^ _1308_/CLK (sky130_fd_sc_hd__dfrtp_4)
                          0.25    0.76   clock uncertainty
                          0.00    0.76   clock reconvergence pessimism
                          0.36    1.12   library removal time
                                  1.12   data required time
-----------------------------------------------------------------------------
                                  1.12   data required time
                                 -2.39   data arrival time
-----------------------------------------------------------------------------
                                  1.27   slack (MET)


Startpoint: rst_n (input port clocked by clk)
Endpoint: _1310_ (removal check against rising-edge clock clk)
Path Group: asynchronous
Path Type: min

Fanout     Cap    Slew   Delay    Time   Description
-----------------------------------------------------------------------------
                          0.00    0.00   clock clk (rise edge)
                          0.00    0.00   clock network delay (propagated)
                          2.00    2.00 ^ input external delay
                  0.02    0.01    2.01 ^ rst_n (in)
     1    0.00                           rst_n (net)
                  0.02    0.00    2.01 ^ input1/A (sky130_fd_sc_hd__clkbuf_2)
                  0.14    0.16    2.17 ^ input1/X (sky130_fd_sc_hd__clkbuf_2)
     3    0.03                           net1 (net)
                  0.14    0.00    2.17 ^ fanout15/A (sky130_fd_sc_hd__buf_4)
                  0.16    0.22    2.39 ^ fanout15/X (sky130_fd_sc_hd__buf_4)
    10    0.06                           net15 (net)
                  0.16    0.00    2.39 ^ _1310_/RESET_B (sky130_fd_sc_hd__dfrtp_4)
                                  2.39   data arrival time

                          0.00    0.00   clock clk (rise edge)
                          0.00    0.00   clock source latency
                  0.12    0.08    0.08 ^ clk (in)
     1    0.02                           clk (net)
                  0.12    0.00    0.08 ^ clkbuf_0_clk/A (sky130_fd_sc_hd__clkbuf_16)
                  0.14    0.24    0.32 ^ clkbuf_0_clk/X (sky130_fd_sc_hd__clkbuf_16)
    16    0.12                           clknet_0_clk (net)
                  0.14    0.00    0.33 ^ clkbuf_4_13_0_clk/A (sky130_fd_sc_hd__clkbuf_8)
                  0.06    0.18    0.51 ^ clkbuf_4_13_0_clk/X (sky130_fd_sc_hd__clkbuf_8)
     9    0.03                           clknet_4_13_0_clk (net)
                  0.06    0.00    0.51 ^ _1310_/CLK (sky130_fd_sc_hd__dfrtp_4)
                          0.25    0.76   clock uncertainty
                          0.00    0.76   clock reconvergence pessimism
                          0.36    1.12   library removal time
                                  1.12   data required time
-----------------------------------------------------------------------------
                                  1.12   data required time
                                 -2.39   data arrival time
-----------------------------------------------------------------------------
                                  1.27   slack (MET)


Startpoint: rst_n (input port clocked by clk)
Endpoint: _1175_ (removal check against rising-edge clock clk)
Path Group: asynchronous
Path Type: min

Fanout     Cap    Slew   Delay    Time   Description
-----------------------------------------------------------------------------
                          0.00    0.00   clock clk (rise edge)
                          0.00    0.00   clock network delay (propagated)
                          2.00    2.00 ^ input external delay
                  0.02    0.01    2.01 ^ rst_n (in)
     1    0.00                           rst_n (net)
                  0.02    0.00    2.01 ^ input1/A (sky130_fd_sc_hd__clkbuf_2)
                  0.14    0.16    2.17 ^ input1/X (sky130_fd_sc_hd__clkbuf_2)
     3    0.03                           net1 (net)
                  0.14    0.00    2.17 ^ fanout15/A (sky130_fd_sc_hd__buf_4)
                  0.16    0.22    2.39 ^ fanout15/X (sky130_fd_sc_hd__buf_4)
    10    0.06                           net15 (net)
                  0.16    0.00    2.39 ^ _1175_/RESET_B (sky130_fd_sc_hd__dfrtp_2)
                                  2.39   data arrival time

                          0.00    0.00   clock clk (rise edge)
                          0.00    0.00   clock source latency
                  0.12    0.08    0.08 ^ clk (in)
     1    0.02                           clk (net)
                  0.12    0.00    0.08 ^ clkbuf_0_clk/A (sky130_fd_sc_hd__clkbuf_16)
                  0.14    0.24    0.32 ^ clkbuf_0_clk/X (sky130_fd_sc_hd__clkbuf_16)
    16    0.12                           clknet_0_clk (net)
                  0.14    0.00    0.33 ^ clkbuf_4_13_0_clk/A (sky130_fd_sc_hd__clkbuf_8)
                  0.06    0.18    0.51 ^ clkbuf_4_13_0_clk/X (sky130_fd_sc_hd__clkbuf_8)
     9    0.03                           clknet_4_13_0_clk (net)
                  0.06    0.00    0.51 ^ _1175_/CLK (sky130_fd_sc_hd__dfrtp_2)
                          0.25    0.76   clock uncertainty
                          0.00    0.76   clock reconvergence pessimism
                          0.36    1.12   library removal time
                                  1.12   data required time
-----------------------------------------------------------------------------
                                  1.12   data required time
                                 -2.39   data arrival time
-----------------------------------------------------------------------------
                                  1.27   slack (MET)


Startpoint: rst_n (input port clocked by clk)
Endpoint: _1174_ (removal check against rising-edge clock clk)
Path Group: asynchronous
Path Type: min

Fanout     Cap    Slew   Delay    Time   Description
-----------------------------------------------------------------------------
                          0.00    0.00   clock clk (rise edge)
                          0.00    0.00   clock network delay (propagated)
                          2.00    2.00 ^ input external delay
                  0.02    0.01    2.01 ^ rst_n (in)
     1    0.00                           rst_n (net)
                  0.02    0.00    2.01 ^ input1/A (sky130_fd_sc_hd__clkbuf_2)
                  0.14    0.16    2.17 ^ input1/X (sky130_fd_sc_hd__clkbuf_2)
     3    0.03                           net1 (net)
                  0.14    0.00    2.17 ^ fanout15/A (sky130_fd_sc_hd__buf_4)
                  0.16    0.22    2.39 ^ fanout15/X (sky130_fd_sc_hd__buf_4)
    10    0.06                           net15 (net)
                  0.16    0.00    2.39 ^ _1174_/RESET_B (sky130_fd_sc_hd__dfrtp_1)
                                  2.39   data arrival time

                          0.00    0.00   clock clk (rise edge)
                          0.00    0.00   clock source latency
                  0.12    0.08    0.08 ^ clk (in)
     1    0.02                           clk (net)
                  0.12    0.00    0.08 ^ clkbuf_0_clk/A (sky130_fd_sc_hd__clkbuf_16)
                  0.14    0.24    0.32 ^ clkbuf_0_clk/X (sky130_fd_sc_hd__clkbuf_16)
    16    0.12                           clknet_0_clk (net)
                  0.14    0.00    0.33 ^ clkbuf_4_13_0_clk/A (sky130_fd_sc_hd__clkbuf_8)
                  0.06    0.18    0.51 ^ clkbuf_4_13_0_clk/X (sky130_fd_sc_hd__clkbuf_8)
     9    0.03                           clknet_4_13_0_clk (net)
                  0.06    0.00    0.51 ^ _1174_/CLK (sky130_fd_sc_hd__dfrtp_1)
                          0.25    0.76   clock uncertainty
                          0.00    0.76   clock reconvergence pessimism
                          0.36    1.12   library removal time
                                  1.12   data required time
-----------------------------------------------------------------------------
                                  1.12   data required time
                                 -2.39   data arrival time
-----------------------------------------------------------------------------
                                  1.27   slack (MET)


Startpoint: rst_n (input port clocked by clk)
Endpoint: _1173_ (removal check against rising-edge clock clk)
Path Group: asynchronous
Path Type: min

Fanout     Cap    Slew   Delay    Time   Description
-----------------------------------------------------------------------------
                          0.00    0.00   clock clk (rise edge)
                          0.00    0.00   clock network delay (propagated)
                          2.00    2.00 ^ input external delay
                  0.02    0.01    2.01 ^ rst_n (in)
     1    0.00                           rst_n (net)
                  0.02    0.00    2.01 ^ input1/A (sky130_fd_sc_hd__clkbuf_2)
                  0.14    0.16    2.17 ^ input1/X (sky130_fd_sc_hd__clkbuf_2)
     3    0.03                           net1 (net)
                  0.14    0.00    2.17 ^ fanout15/A (sky130_fd_sc_hd__buf_4)
                  0.16    0.22    2.39 ^ fanout15/X (sky130_fd_sc_hd__buf_4)
    10    0.06                           net15 (net)
                  0.16    0.00    2.39 ^ _1173_/RESET_B (sky130_fd_sc_hd__dfrtp_1)
                                  2.39   data arrival time

                          0.00    0.00   clock clk (rise edge)
                          0.00    0.00   clock source latency
                  0.12    0.08    0.08 ^ clk (in)
     1    0.02                           clk (net)
                  0.12    0.00    0.08 ^ clkbuf_0_clk/A (sky130_fd_sc_hd__clkbuf_16)
                  0.14    0.24    0.32 ^ clkbuf_0_clk/X (sky130_fd_sc_hd__clkbuf_16)
    16    0.12                           clknet_0_clk (net)
                  0.14    0.00    0.33 ^ clkbuf_4_13_0_clk/A (sky130_fd_sc_hd__clkbuf_8)
                  0.06    0.18    0.51 ^ clkbuf_4_13_0_clk/X (sky130_fd_sc_hd__clkbuf_8)
     9    0.03                           clknet_4_13_0_clk (net)
                  0.06    0.00    0.51 ^ _1173_/CLK (sky130_fd_sc_hd__dfrtp_1)
                          0.25    0.76   clock uncertainty
                          0.00    0.76   clock reconvergence pessimism
                          0.36    1.12   library removal time
                                  1.12   data required time
-----------------------------------------------------------------------------
                                  1.12   data required time
                                 -2.39   data arrival time
-----------------------------------------------------------------------------
                                  1.27   slack (MET)


Startpoint: rst_n (input port clocked by clk)
Endpoint: _1311_ (removal check against rising-edge clock clk)
Path Group: asynchronous
Path Type: min

Fanout     Cap    Slew   Delay    Time   Description
-----------------------------------------------------------------------------
                          0.00    0.00   clock clk (rise edge)
                          0.00    0.00   clock network delay (propagated)
                          2.00    2.00 ^ input external delay
                  0.02    0.01    2.01 ^ rst_n (in)
     1    0.00                           rst_n (net)
                  0.02    0.00    2.01 ^ input1/A (sky130_fd_sc_hd__clkbuf_2)
                  0.14    0.16    2.17 ^ input1/X (sky130_fd_sc_hd__clkbuf_2)
     3    0.03                           net1 (net)
                  0.14    0.00    2.17 ^ fanout15/A (sky130_fd_sc_hd__buf_4)
                  0.16    0.22    2.39 ^ fanout15/X (sky130_fd_sc_hd__buf_4)
    10    0.06                           net15 (net)
                  0.16    0.00    2.39 ^ _1311_/RESET_B (sky130_fd_sc_hd__dfrtp_4)
                                  2.39   data arrival time

                          0.00    0.00   clock clk (rise edge)
                          0.00    0.00   clock source latency
                  0.12    0.08    0.08 ^ clk (in)
     1    0.02                           clk (net)
                  0.12    0.00    0.08 ^ clkbuf_0_clk/A (sky130_fd_sc_hd__clkbuf_16)
                  0.14    0.24    0.32 ^ clkbuf_0_clk/X (sky130_fd_sc_hd__clkbuf_16)
    16    0.12                           clknet_0_clk (net)
                  0.14    0.00    0.33 ^ clkbuf_4_12_0_clk/A (sky130_fd_sc_hd__clkbuf_8)
                  0.06    0.18    0.51 ^ clkbuf_4_12_0_clk/X (sky130_fd_sc_hd__clkbuf_8)
     7    0.03                           clknet_4_12_0_clk (net)
                  0.06    0.00    0.51 ^ _1311_/CLK (sky130_fd_sc_hd__dfrtp_4)
                          0.25    0.76   clock uncertainty
                          0.00    0.76   clock reconvergence pessimism
                          0.36    1.12   library removal time
                                  1.12   data required time
-----------------------------------------------------------------------------
                                  1.12   data required time
                                 -2.39   data arrival time
-----------------------------------------------------------------------------
                                  1.27   slack (MET)


Startpoint: rst_n (input port clocked by clk)
Endpoint: _1176_ (removal check against rising-edge clock clk)
Path Group: asynchronous
Path Type: min

Fanout     Cap    Slew   Delay    Time   Description
-----------------------------------------------------------------------------
                          0.00    0.00   clock clk (rise edge)
                          0.00    0.00   clock network delay (propagated)
                          2.00    2.00 ^ input external delay
                  0.02    0.01    2.01 ^ rst_n (in)
     1    0.00                           rst_n (net)
                  0.02    0.00    2.01 ^ input1/A (sky130_fd_sc_hd__clkbuf_2)
                  0.14    0.16    2.17 ^ input1/X (sky130_fd_sc_hd__clkbuf_2)
     3    0.03                           net1 (net)
                  0.14    0.00    2.17 ^ fanout15/A (sky130_fd_sc_hd__buf_4)
                  0.16    0.22    2.39 ^ fanout15/X (sky130_fd_sc_hd__buf_4)
    10    0.06                           net15 (net)
                  0.16    0.00    2.39 ^ _1176_/RESET_B (sky130_fd_sc_hd__dfrtp_4)
                                  2.39   data arrival time

                          0.00    0.00   clock clk (rise edge)
                          0.00    0.00   clock source latency
                  0.12    0.08    0.08 ^ clk (in)
     1    0.02                           clk (net)
                  0.12    0.00    0.08 ^ clkbuf_0_clk/A (sky130_fd_sc_hd__clkbuf_16)
                  0.14    0.24    0.32 ^ clkbuf_0_clk/X (sky130_fd_sc_hd__clkbuf_16)
    16    0.12                           clknet_0_clk (net)
                  0.14    0.00    0.33 ^ clkbuf_4_12_0_clk/A (sky130_fd_sc_hd__clkbuf_8)
                  0.06    0.18    0.51 ^ clkbuf_4_12_0_clk/X (sky130_fd_sc_hd__clkbuf_8)
     7    0.03                           clknet_4_12_0_clk (net)
                  0.06    0.00    0.51 ^ _1176_/CLK (sky130_fd_sc_hd__dfrtp_4)
                          0.25    0.76   clock uncertainty
                          0.00    0.76   clock reconvergence pessimism
                          0.36    1.12   library removal time
                                  1.12   data required time
-----------------------------------------------------------------------------
                                  1.12   data required time
                                 -2.39   data arrival time
-----------------------------------------------------------------------------
                                  1.28   slack (MET)


Startpoint: rst_n (input port clocked by clk)
Endpoint: _1312_ (removal check against rising-edge clock clk)
Path Group: asynchronous
Path Type: min

Fanout     Cap    Slew   Delay    Time   Description
-----------------------------------------------------------------------------
                          0.00    0.00   clock clk (rise edge)
                          0.00    0.00   clock network delay (propagated)
                          2.00    2.00 ^ input external delay
                  0.02    0.01    2.01 ^ rst_n (in)
     1    0.00                           rst_n (net)
                  0.02    0.00    2.01 ^ input1/A (sky130_fd_sc_hd__clkbuf_2)
                  0.14    0.16    2.17 ^ input1/X (sky130_fd_sc_hd__clkbuf_2)
     3    0.03                           net1 (net)
                  0.14    0.00    2.17 ^ fanout14/A (sky130_fd_sc_hd__clkbuf_4)
                  0.13    0.22    2.40 ^ fanout14/X (sky130_fd_sc_hd__clkbuf_4)
     8    0.04                           net14 (net)
                  0.13    0.00    2.40 ^ _1312_/RESET_B (sky130_fd_sc_hd__dfrtp_1)
                                  2.40   data arrival time

                          0.00    0.00   clock clk (rise edge)
                          0.00    0.00   clock source latency
                  0.12    0.08    0.08 ^ clk (in)
     1    0.02                           clk (net)
                  0.12    0.00    0.08 ^ clkbuf_0_clk/A (sky130_fd_sc_hd__clkbuf_16)
                  0.14    0.24    0.32 ^ clkbuf_0_clk/X (sky130_fd_sc_hd__clkbuf_16)
    16    0.12                           clknet_0_clk (net)
                  0.14    0.00    0.33 ^ clkbuf_4_14_0_clk/A (sky130_fd_sc_hd__clkbuf_8)
                  0.06    0.18    0.51 ^ clkbuf_4_14_0_clk/X (sky130_fd_sc_hd__clkbuf_8)
     8    0.03                           clknet_4_14_0_clk (net)
                  0.06    0.00    0.51 ^ _1312_/CLK (sky130_fd_sc_hd__dfrtp_1)
                          0.25    0.76   clock uncertainty
                          0.00    0.76   clock reconvergence pessimism
                          0.35    1.11   library removal time
                                  1.11   data required time
-----------------------------------------------------------------------------
                                  1.11   data required time
                                 -2.40   data arrival time
-----------------------------------------------------------------------------
                                  1.29   slack (MET)


Startpoint: rst_n (input port clocked by clk)
Endpoint: _1313_ (removal check against rising-edge clock clk)
Path Group: asynchronous
Path Type: min

Fanout     Cap    Slew   Delay    Time   Description
-----------------------------------------------------------------------------
                          0.00    0.00   clock clk (rise edge)
                          0.00    0.00   clock network delay (propagated)
                          2.00    2.00 ^ input external delay
                  0.02    0.01    2.01 ^ rst_n (in)
     1    0.00                           rst_n (net)
                  0.02    0.00    2.01 ^ input1/A (sky130_fd_sc_hd__clkbuf_2)
                  0.14    0.16    2.17 ^ input1/X (sky130_fd_sc_hd__clkbuf_2)
     3    0.03                           net1 (net)
                  0.14    0.00    2.17 ^ fanout14/A (sky130_fd_sc_hd__clkbuf_4)
                  0.13    0.22    2.40 ^ fanout14/X (sky130_fd_sc_hd__clkbuf_4)
     8    0.04                           net14 (net)
                  0.13    0.00    2.40 ^ _1313_/RESET_B (sky130_fd_sc_hd__dfrtp_1)
                                  2.40   data arrival time

                          0.00    0.00   clock clk (rise edge)
                          0.00    0.00   clock source latency
                  0.12    0.08    0.08 ^ clk (in)
     1    0.02                           clk (net)
                  0.12    0.00    0.08 ^ clkbuf_0_clk/A (sky130_fd_sc_hd__clkbuf_16)
                  0.14    0.24    0.32 ^ clkbuf_0_clk/X (sky130_fd_sc_hd__clkbuf_16)
    16    0.12                           clknet_0_clk (net)
                  0.14    0.00    0.33 ^ clkbuf_4_14_0_clk/A (sky130_fd_sc_hd__clkbuf_8)
                  0.06    0.18    0.51 ^ clkbuf_4_14_0_clk/X (sky130_fd_sc_hd__clkbuf_8)
     8    0.03                           clknet_4_14_0_clk (net)
                  0.06    0.00    0.51 ^ _1313_/CLK (sky130_fd_sc_hd__dfrtp_1)
                          0.25    0.76   clock uncertainty
                          0.00    0.76   clock reconvergence pessimism
                          0.35    1.11   library removal time
                                  1.11   data required time
-----------------------------------------------------------------------------
                                  1.11   data required time
                                 -2.40   data arrival time
-----------------------------------------------------------------------------
                                  1.29   slack (MET)


Startpoint: rst_n (input port clocked by clk)
Endpoint: _1309_ (removal check against rising-edge clock clk)
Path Group: asynchronous
Path Type: min

Fanout     Cap    Slew   Delay    Time   Description
-----------------------------------------------------------------------------
                          0.00    0.00   clock clk (rise edge)
                          0.00    0.00   clock network delay (propagated)
                          2.00    2.00 ^ input external delay
                  0.02    0.01    2.01 ^ rst_n (in)
     1    0.00                           rst_n (net)
                  0.02    0.00    2.01 ^ input1/A (sky130_fd_sc_hd__clkbuf_2)
                  0.14    0.16    2.17 ^ input1/X (sky130_fd_sc_hd__clkbuf_2)
     3    0.03                           net1 (net)
                  0.14    0.00    2.17 ^ fanout15/A (sky130_fd_sc_hd__buf_4)
                  0.16    0.22    2.39 ^ fanout15/X (sky130_fd_sc_hd__buf_4)
    10    0.06                           net15 (net)
                  0.16    0.00    2.39 ^ _1309_/RESET_B (sky130_fd_sc_hd__dfrtp_4)
                                  2.39   data arrival time

                          0.00    0.00   clock clk (rise edge)
                          0.00    0.00   clock source latency
                  0.12    0.08    0.08 ^ clk (in)
     1    0.02                           clk (net)
                  0.12    0.00    0.08 ^ clkbuf_0_clk/A (sky130_fd_sc_hd__clkbuf_16)
                  0.14    0.24    0.32 ^ clkbuf_0_clk/X (sky130_fd_sc_hd__clkbuf_16)
    16    0.12                           clknet_0_clk (net)
                  0.14    0.00    0.33 ^ clkbuf_4_15_0_clk/A (sky130_fd_sc_hd__clkbuf_8)
                  0.05    0.17    0.50 ^ clkbuf_4_15_0_clk/X (sky130_fd_sc_hd__clkbuf_8)
     6    0.02                           clknet_4_15_0_clk (net)
                  0.05    0.00    0.50 ^ _1309_/CLK (sky130_fd_sc_hd__dfrtp_4)
                          0.25    0.75   clock uncertainty
                          0.00    0.75   clock reconvergence pessimism
                          0.35    1.10   library removal time
                                  1.10   data required time
-----------------------------------------------------------------------------
                                  1.10   data required time
                                 -2.39   data arrival time
-----------------------------------------------------------------------------
                                  1.29   slack (MET)


Startpoint: rst_n (input port clocked by clk)
Endpoint: _1171_ (removal check against rising-edge clock clk)
Path Group: asynchronous
Path Type: min

Fanout     Cap    Slew   Delay    Time   Description
-----------------------------------------------------------------------------
                          0.00    0.00   clock clk (rise edge)
                          0.00    0.00   clock network delay (propagated)
                          2.00    2.00 ^ input external delay
                  0.02    0.01    2.01 ^ rst_n (in)
     1    0.00                           rst_n (net)
                  0.02    0.00    2.01 ^ input1/A (sky130_fd_sc_hd__clkbuf_2)
                  0.14    0.16    2.17 ^ input1/X (sky130_fd_sc_hd__clkbuf_2)
     3    0.03                           net1 (net)
                  0.14    0.00    2.17 ^ fanout16/A (sky130_fd_sc_hd__clkbuf_2)
                  0.14    0.19    2.37 ^ fanout16/X (sky130_fd_sc_hd__clkbuf_2)
     5    0.02                           net16 (net)
                  0.14    0.00    2.37 ^ _1171_/SET_B (sky130_fd_sc_hd__dfstp_1)
                                  2.37   data arrival time

                          0.00    0.00   clock clk (rise edge)
                          0.00    0.00   clock source latency
                  0.12    0.08    0.08 ^ clk (in)
     1    0.02                           clk (net)
                  0.12    0.00    0.08 ^ clkbuf_0_clk/A (sky130_fd_sc_hd__clkbuf_16)
                  0.14    0.24    0.32 ^ clkbuf_0_clk/X (sky130_fd_sc_hd__clkbuf_16)
    16    0.12                           clknet_0_clk (net)
                  0.14    0.00    0.33 ^ clkbuf_4_14_0_clk/A (sky130_fd_sc_hd__clkbuf_8)
                  0.06    0.18    0.51 ^ clkbuf_4_14_0_clk/X (sky130_fd_sc_hd__clkbuf_8)
     8    0.03                           clknet_4_14_0_clk (net)
                  0.06    0.00    0.51 ^ _1171_/CLK (sky130_fd_sc_hd__dfstp_1)
                          0.25    0.76   clock uncertainty
                          0.00    0.76   clock reconvergence pessimism
                          0.15    0.91   library removal time
                                  0.91   data required time
-----------------------------------------------------------------------------
                                  0.91   data required time
                                 -2.37   data arrival time
-----------------------------------------------------------------------------
                                  1.45   slack (MET)


Startpoint: rst_n (input port clocked by clk)
Endpoint: _1326_ (removal check against rising-edge clock clk)
Path Group: asynchronous
Path Type: min

Fanout     Cap    Slew   Delay    Time   Description
-----------------------------------------------------------------------------
                          0.00    0.00   clock clk (rise edge)
                          0.00    0.00   clock network delay (propagated)
                          2.00    2.00 ^ input external delay
                  0.02    0.01    2.01 ^ rst_n (in)
     1    0.00                           rst_n (net)
                  0.02    0.00    2.01 ^ input1/A (sky130_fd_sc_hd__clkbuf_2)
                  0.14    0.16    2.17 ^ input1/X (sky130_fd_sc_hd__clkbuf_2)
     3    0.03                           net1 (net)
                  0.14    0.00    2.17 ^ fanout14/A (sky130_fd_sc_hd__clkbuf_4)
                  0.13    0.22    2.40 ^ fanout14/X (sky130_fd_sc_hd__clkbuf_4)
     8    0.04                           net14 (net)
                  0.13    0.00    2.40 ^ fanout13/A (sky130_fd_sc_hd__clkbuf_2)
                  0.15    0.20    2.60 ^ fanout13/X (sky130_fd_sc_hd__clkbuf_2)
     6    0.03                           net13 (net)
                  0.15    0.00    2.60 ^ _1326_/RESET_B (sky130_fd_sc_hd__dfrtp_4)
                                  2.60   data arrival time

                          0.00    0.00   clock clk (rise edge)
                          0.00    0.00   clock source latency
                  0.12    0.08    0.08 ^ clk (in)
     1    0.02                           clk (net)
                  0.12    0.00    0.08 ^ clkbuf_0_clk/A (sky130_fd_sc_hd__clkbuf_16)
                  0.14    0.24    0.32 ^ clkbuf_0_clk/X (sky130_fd_sc_hd__clkbuf_16)
    16    0.12                           clknet_0_clk (net)
                  0.14    0.00    0.33 ^ clkbuf_4_11_0_clk/A (sky130_fd_sc_hd__clkbuf_8)
                  0.08    0.19    0.52 ^ clkbuf_4_11_0_clk/X (sky130_fd_sc_hd__clkbuf_8)
    12    0.04                           clknet_4_11_0_clk (net)
                  0.08    0.00    0.53 ^ _1326_/CLK (sky130_fd_sc_hd__dfrtp_4)
                          0.25    0.78   clock uncertainty
                          0.00    0.78   clock reconvergence pessimism
                          0.36    1.13   library removal time
                                  1.13   data required time
-----------------------------------------------------------------------------
                                  1.13   data required time
                                 -2.60   data arrival time
-----------------------------------------------------------------------------
                                  1.47   slack (MET)


Startpoint: rst_n (input port clocked by clk)
Endpoint: _1323_ (removal check against rising-edge clock clk)
Path Group: asynchronous
Path Type: min

Fanout     Cap    Slew   Delay    Time   Description
-----------------------------------------------------------------------------
                          0.00    0.00   clock clk (rise edge)
                          0.00    0.00   clock network delay (propagated)
                          2.00    2.00 ^ input external delay
                  0.02    0.01    2.01 ^ rst_n (in)
     1    0.00                           rst_n (net)
                  0.02    0.00    2.01 ^ input1/A (sky130_fd_sc_hd__clkbuf_2)
                  0.14    0.16    2.17 ^ input1/X (sky130_fd_sc_hd__clkbuf_2)
     3    0.03                           net1 (net)
                  0.14    0.00    2.17 ^ fanout14/A (sky130_fd_sc_hd__clkbuf_4)
                  0.13    0.22    2.40 ^ fanout14/X (sky130_fd_sc_hd__clkbuf_4)
     8    0.04                           net14 (net)
                  0.13    0.00    2.40 ^ fanout13/A (sky130_fd_sc_hd__clkbuf_2)
                  0.15    0.20    2.60 ^ fanout13/X (sky130_fd_sc_hd__clkbuf_2)
     6    0.03                           net13 (net)
                  0.15    0.00    2.60 ^ _1323_/RESET_B (sky130_fd_sc_hd__dfrtp_1)
                                  2.60   data arrival time

                          0.00    0.00   clock clk (rise edge)
                          0.00    0.00   clock source latency
                  0.12    0.08    0.08 ^ clk (in)
     1    0.02                           clk (net)
                  0.12    0.00    0.08 ^ clkbuf_0_clk/A (sky130_fd_sc_hd__clkbuf_16)
                  0.14    0.24    0.32 ^ clkbuf_0_clk/X (sky130_fd_sc_hd__clkbuf_16)
    16    0.12                           clknet_0_clk (net)
                  0.14    0.00    0.33 ^ clkbuf_4_11_0_clk/A (sky130_fd_sc_hd__clkbuf_8)
                  0.08    0.19    0.52 ^ clkbuf_4_11_0_clk/X (sky130_fd_sc_hd__clkbuf_8)
    12    0.04                           clknet_4_11_0_clk (net)
                  0.08    0.00    0.53 ^ _1323_/CLK (sky130_fd_sc_hd__dfrtp_1)
                          0.25    0.78   clock uncertainty
                          0.00    0.78   clock reconvergence pessimism
                          0.36    1.13   library removal time
                                  1.13   data required time
-----------------------------------------------------------------------------
                                  1.13   data required time
                                 -2.60   data arrival time
-----------------------------------------------------------------------------
                                  1.47   slack (MET)


Startpoint: rst_n (input port clocked by clk)
Endpoint: _1180_ (removal check against rising-edge clock clk)
Path Group: asynchronous
Path Type: min

Fanout     Cap    Slew   Delay    Time   Description
-----------------------------------------------------------------------------
                          0.00    0.00   clock clk (rise edge)
                          0.00    0.00   clock network delay (propagated)
                          2.00    2.00 ^ input external delay
                  0.02    0.01    2.01 ^ rst_n (in)
     1    0.00                           rst_n (net)
                  0.02    0.00    2.01 ^ input1/A (sky130_fd_sc_hd__clkbuf_2)
                  0.14    0.16    2.17 ^ input1/X (sky130_fd_sc_hd__clkbuf_2)
     3    0.03                           net1 (net)
                  0.14    0.00    2.17 ^ fanout14/A (sky130_fd_sc_hd__clkbuf_4)
                  0.13    0.22    2.40 ^ fanout14/X (sky130_fd_sc_hd__clkbuf_4)
     8    0.04                           net14 (net)
                  0.13    0.00    2.40 ^ fanout13/A (sky130_fd_sc_hd__clkbuf_2)
                  0.15    0.20    2.60 ^ fanout13/X (sky130_fd_sc_hd__clkbuf_2)
     6    0.03                           net13 (net)
                  0.15    0.00    2.60 ^ _1180_/RESET_B (sky130_fd_sc_hd__dfrtp_1)
                                  2.60   data arrival time

                          0.00    0.00   clock clk (rise edge)
                          0.00    0.00   clock source latency
                  0.12    0.08    0.08 ^ clk (in)
     1    0.02                           clk (net)
                  0.12    0.00    0.08 ^ clkbuf_0_clk/A (sky130_fd_sc_hd__clkbuf_16)
                  0.14    0.24    0.32 ^ clkbuf_0_clk/X (sky130_fd_sc_hd__clkbuf_16)
    16    0.12                           clknet_0_clk (net)
                  0.14    0.00    0.33 ^ clkbuf_4_11_0_clk/A (sky130_fd_sc_hd__clkbuf_8)
                  0.08    0.19    0.52 ^ clkbuf_4_11_0_clk/X (sky130_fd_sc_hd__clkbuf_8)
    12    0.04                           clknet_4_11_0_clk (net)
                  0.08    0.00    0.53 ^ _1180_/CLK (sky130_fd_sc_hd__dfrtp_1)
                          0.25    0.78   clock uncertainty
                          0.00    0.78   clock reconvergence pessimism
                          0.36    1.13   library removal time
                                  1.13   data required time
-----------------------------------------------------------------------------
                                  1.13   data required time
                                 -2.60   data arrival time
-----------------------------------------------------------------------------
                                  1.47   slack (MET)


Startpoint: rst_n (input port clocked by clk)
Endpoint: _1324_ (removal check against rising-edge clock clk)
Path Group: asynchronous
Path Type: min

Fanout     Cap    Slew   Delay    Time   Description
-----------------------------------------------------------------------------
                          0.00    0.00   clock clk (rise edge)
                          0.00    0.00   clock network delay (propagated)
                          2.00    2.00 ^ input external delay
                  0.02    0.01    2.01 ^ rst_n (in)
     1    0.00                           rst_n (net)
                  0.02    0.00    2.01 ^ input1/A (sky130_fd_sc_hd__clkbuf_2)
                  0.14    0.16    2.17 ^ input1/X (sky130_fd_sc_hd__clkbuf_2)
     3    0.03                           net1 (net)
                  0.14    0.00    2.17 ^ fanout14/A (sky130_fd_sc_hd__clkbuf_4)
                  0.13    0.22    2.40 ^ fanout14/X (sky130_fd_sc_hd__clkbuf_4)
     8    0.04                           net14 (net)
                  0.13    0.00    2.40 ^ fanout13/A (sky130_fd_sc_hd__clkbuf_2)
                  0.15    0.20    2.60 ^ fanout13/X (sky130_fd_sc_hd__clkbuf_2)
     6    0.03                           net13 (net)
                  0.15    0.00    2.60 ^ _1324_/RESET_B (sky130_fd_sc_hd__dfrtp_2)
                                  2.60   data arrival time

                          0.00    0.00   clock clk (rise edge)
                          0.00    0.00   clock source latency
                  0.12    0.08    0.08 ^ clk (in)
     1    0.02                           clk (net)
                  0.12    0.00    0.08 ^ clkbuf_0_clk/A (sky130_fd_sc_hd__clkbuf_16)
                  0.14    0.24    0.32 ^ clkbuf_0_clk/X (sky130_fd_sc_hd__clkbuf_16)
    16    0.12                           clknet_0_clk (net)
                  0.14    0.00    0.33 ^ clkbuf_4_11_0_clk/A (sky130_fd_sc_hd__clkbuf_8)
                  0.08    0.19    0.52 ^ clkbuf_4_11_0_clk/X (sky130_fd_sc_hd__clkbuf_8)
    12    0.04                           clknet_4_11_0_clk (net)
                  0.08    0.00    0.53 ^ _1324_/CLK (sky130_fd_sc_hd__dfrtp_2)
                          0.25    0.78   clock uncertainty
                          0.00    0.78   clock reconvergence pessimism
                          0.36    1.13   library removal time
                                  1.13   data required time
-----------------------------------------------------------------------------
                                  1.13   data required time
                                 -2.60   data arrival time
-----------------------------------------------------------------------------
                                  1.47   slack (MET)


Startpoint: rst_n (input port clocked by clk)
Endpoint: _1329_ (removal check against rising-edge clock clk)
Path Group: asynchronous
Path Type: min

Fanout     Cap    Slew   Delay    Time   Description
-----------------------------------------------------------------------------
                          0.00    0.00   clock clk (rise edge)
                          0.00    0.00   clock network delay (propagated)
                          2.00    2.00 ^ input external delay
                  0.02    0.01    2.01 ^ rst_n (in)
     1    0.00                           rst_n (net)
                  0.02    0.00    2.01 ^ input1/A (sky130_fd_sc_hd__clkbuf_2)
                  0.14    0.16    2.17 ^ input1/X (sky130_fd_sc_hd__clkbuf_2)
     3    0.03                           net1 (net)
                  0.14    0.00    2.17 ^ fanout14/A (sky130_fd_sc_hd__clkbuf_4)
                  0.13    0.22    2.40 ^ fanout14/X (sky130_fd_sc_hd__clkbuf_4)
     8    0.04                           net14 (net)
                  0.13    0.00    2.40 ^ fanout12/A (sky130_fd_sc_hd__clkbuf_4)
                  0.15    0.23    2.63 ^ fanout12/X (sky130_fd_sc_hd__clkbuf_4)
    10    0.05                           net12 (net)
                  0.15    0.00    2.63 ^ _1329_/RESET_B (sky130_fd_sc_hd__dfrtp_1)
                                  2.63   data arrival time

                          0.00    0.00   clock clk (rise edge)
                          0.00    0.00   clock source latency
                  0.12    0.08    0.08 ^ clk (in)
     1    0.02                           clk (net)
                  0.12    0.00    0.08 ^ clkbuf_0_clk/A (sky130_fd_sc_hd__clkbuf_16)
                  0.14    0.24    0.32 ^ clkbuf_0_clk/X (sky130_fd_sc_hd__clkbuf_16)
    16    0.12                           clknet_0_clk (net)
                  0.14    0.00    0.33 ^ clkbuf_4_10_0_clk/A (sky130_fd_sc_hd__clkbuf_8)
                  0.09    0.21    0.53 ^ clkbuf_4_10_0_clk/X (sky130_fd_sc_hd__clkbuf_8)
    15    0.04                           clknet_4_10_0_clk (net)
                  0.09    0.00    0.54 ^ _1329_/CLK (sky130_fd_sc_hd__dfrtp_1)
                          0.25    0.79   clock uncertainty
                          0.00    0.79   clock reconvergence pessimism
                          0.36    1.15   library removal time
                                  1.15   data required time
-----------------------------------------------------------------------------
                                  1.15   data required time
                                 -2.63   data arrival time
-----------------------------------------------------------------------------
                                  1.48   slack (MET)


Startpoint: rst_n (input port clocked by clk)
Endpoint: _1179_ (removal check against rising-edge clock clk)
Path Group: asynchronous
Path Type: min

Fanout     Cap    Slew   Delay    Time   Description
-----------------------------------------------------------------------------
                          0.00    0.00   clock clk (rise edge)
                          0.00    0.00   clock network delay (propagated)
                          2.00    2.00 ^ input external delay
                  0.02    0.01    2.01 ^ rst_n (in)
     1    0.00                           rst_n (net)
                  0.02    0.00    2.01 ^ input1/A (sky130_fd_sc_hd__clkbuf_2)
                  0.14    0.16    2.17 ^ input1/X (sky130_fd_sc_hd__clkbuf_2)
     3    0.03                           net1 (net)
                  0.14    0.00    2.17 ^ fanout14/A (sky130_fd_sc_hd__clkbuf_4)
                  0.13    0.22    2.40 ^ fanout14/X (sky130_fd_sc_hd__clkbuf_4)
     8    0.04                           net14 (net)
                  0.13    0.00    2.40 ^ fanout13/A (sky130_fd_sc_hd__clkbuf_2)
                  0.15    0.20    2.60 ^ fanout13/X (sky130_fd_sc_hd__clkbuf_2)
     6    0.03                           net13 (net)
                  0.15    0.00    2.60 ^ _1179_/RESET_B (sky130_fd_sc_hd__dfrtp_1)
                                  2.60   data arrival time

                          0.00    0.00   clock clk (rise edge)
                          0.00    0.00   clock source latency
                  0.12    0.08    0.08 ^ clk (in)
     1    0.02                           clk (net)
                  0.12    0.00    0.08 ^ clkbuf_0_clk/A (sky130_fd_sc_hd__clkbuf_16)
                  0.14    0.24    0.32 ^ clkbuf_0_clk/X (sky130_fd_sc_hd__clkbuf_16)
    16    0.12                           clknet_0_clk (net)
                  0.14    0.00    0.33 ^ clkbuf_4_14_0_clk/A (sky130_fd_sc_hd__clkbuf_8)
                  0.06    0.18    0.51 ^ clkbuf_4_14_0_clk/X (sky130_fd_sc_hd__clkbuf_8)
     8    0.03                           clknet_4_14_0_clk (net)
                  0.06    0.00    0.51 ^ _1179_/CLK (sky130_fd_sc_hd__dfrtp_1)
                          0.25    0.76   clock uncertainty
                          0.00    0.76   clock reconvergence pessimism
                          0.35    1.12   library removal time
                                  1.12   data required time
-----------------------------------------------------------------------------
                                  1.12   data required time
                                 -2.60   data arrival time
-----------------------------------------------------------------------------
                                  1.48   slack (MET)


Startpoint: rst_n (input port clocked by clk)
Endpoint: _1317_ (removal check against rising-edge clock clk)
Path Group: asynchronous
Path Type: min

Fanout     Cap    Slew   Delay    Time   Description
-----------------------------------------------------------------------------
                          0.00    0.00   clock clk (rise edge)
                          0.00    0.00   clock network delay (propagated)
                          2.00    2.00 ^ input external delay
                  0.02    0.01    2.01 ^ rst_n (in)
     1    0.00                           rst_n (net)
                  0.02    0.00    2.01 ^ input1/A (sky130_fd_sc_hd__clkbuf_2)
                  0.14    0.16    2.17 ^ input1/X (sky130_fd_sc_hd__clkbuf_2)
     3    0.03                           net1 (net)
                  0.14    0.00    2.17 ^ fanout14/A (sky130_fd_sc_hd__clkbuf_4)
                  0.13    0.22    2.40 ^ fanout14/X (sky130_fd_sc_hd__clkbuf_4)
     8    0.04                           net14 (net)
                  0.13    0.00    2.40 ^ fanout12/A (sky130_fd_sc_hd__clkbuf_4)
                  0.15    0.23    2.63 ^ fanout12/X (sky130_fd_sc_hd__clkbuf_4)
    10    0.05                           net12 (net)
                  0.15    0.00    2.63 ^ _1317_/RESET_B (sky130_fd_sc_hd__dfrtp_4)
                                  2.63   data arrival time

                          0.00    0.00   clock clk (rise edge)
                          0.00    0.00   clock source latency
                  0.12    0.08    0.08 ^ clk (in)
     1    0.02                           clk (net)
                  0.12    0.00    0.08 ^ clkbuf_0_clk/A (sky130_fd_sc_hd__clkbuf_16)
                  0.14    0.24    0.32 ^ clkbuf_0_clk/X (sky130_fd_sc_hd__clkbuf_16)
    16    0.12                           clknet_0_clk (net)
                  0.14    0.00    0.33 ^ clkbuf_4_10_0_clk/A (sky130_fd_sc_hd__clkbuf_8)
                  0.09    0.21    0.53 ^ clkbuf_4_10_0_clk/X (sky130_fd_sc_hd__clkbuf_8)
    15    0.04                           clknet_4_10_0_clk (net)
                  0.09    0.00    0.54 ^ _1317_/CLK (sky130_fd_sc_hd__dfrtp_4)
                          0.25    0.79   clock uncertainty
                          0.00    0.79   clock reconvergence pessimism
                          0.36    1.15   library removal time
                                  1.15   data required time
-----------------------------------------------------------------------------
                                  1.15   data required time
                                 -2.63   data arrival time
-----------------------------------------------------------------------------
                                  1.48   slack (MET)


Startpoint: rst_n (input port clocked by clk)
Endpoint: _1327_ (removal check against rising-edge clock clk)
Path Group: asynchronous
Path Type: min

Fanout     Cap    Slew   Delay    Time   Description
-----------------------------------------------------------------------------
                          0.00    0.00   clock clk (rise edge)
                          0.00    0.00   clock network delay (propagated)
                          2.00    2.00 ^ input external delay
                  0.02    0.01    2.01 ^ rst_n (in)
     1    0.00                           rst_n (net)
                  0.02    0.00    2.01 ^ input1/A (sky130_fd_sc_hd__clkbuf_2)
                  0.14    0.16    2.17 ^ input1/X (sky130_fd_sc_hd__clkbuf_2)
     3    0.03                           net1 (net)
                  0.14    0.00    2.17 ^ fanout14/A (sky130_fd_sc_hd__clkbuf_4)
                  0.13    0.22    2.40 ^ fanout14/X (sky130_fd_sc_hd__clkbuf_4)
     8    0.04                           net14 (net)
                  0.13    0.00    2.40 ^ fanout13/A (sky130_fd_sc_hd__clkbuf_2)
                  0.15    0.20    2.60 ^ fanout13/X (sky130_fd_sc_hd__clkbuf_2)
     6    0.03                           net13 (net)
                  0.15    0.00    2.60 ^ _1327_/RESET_B (sky130_fd_sc_hd__dfrtp_1)
                                  2.60   data arrival time

                          0.00    0.00   clock clk (rise edge)
                          0.00    0.00   clock source latency
                  0.12    0.08    0.08 ^ clk (in)
     1    0.02                           clk (net)
                  0.12    0.00    0.08 ^ clkbuf_0_clk/A (sky130_fd_sc_hd__clkbuf_16)
                  0.14    0.24    0.32 ^ clkbuf_0_clk/X (sky130_fd_sc_hd__clkbuf_16)
    16    0.12                           clknet_0_clk (net)
                  0.14    0.00    0.33 ^ clkbuf_4_14_0_clk/A (sky130_fd_sc_hd__clkbuf_8)
                  0.06    0.18    0.51 ^ clkbuf_4_14_0_clk/X (sky130_fd_sc_hd__clkbuf_8)
     8    0.03                           clknet_4_14_0_clk (net)
                  0.06    0.00    0.51 ^ _1327_/CLK (sky130_fd_sc_hd__dfrtp_1)
                          0.25    0.76   clock uncertainty
                          0.00    0.76   clock reconvergence pessimism
                          0.35    1.12   library removal time
                                  1.12   data required time
-----------------------------------------------------------------------------
                                  1.12   data required time
                                 -2.60   data arrival time
-----------------------------------------------------------------------------
                                  1.48   slack (MET)


Startpoint: rst_n (input port clocked by clk)
Endpoint: _1321_ (removal check against rising-edge clock clk)
Path Group: asynchronous
Path Type: min

Fanout     Cap    Slew   Delay    Time   Description
-----------------------------------------------------------------------------
                          0.00    0.00   clock clk (rise edge)
                          0.00    0.00   clock network delay (propagated)
                          2.00    2.00 ^ input external delay
                  0.02    0.01    2.01 ^ rst_n (in)
     1    0.00                           rst_n (net)
                  0.02    0.00    2.01 ^ input1/A (sky130_fd_sc_hd__clkbuf_2)
                  0.14    0.16    2.17 ^ input1/X (sky130_fd_sc_hd__clkbuf_2)
     3    0.03                           net1 (net)
                  0.14    0.00    2.17 ^ fanout14/A (sky130_fd_sc_hd__clkbuf_4)
                  0.13    0.22    2.40 ^ fanout14/X (sky130_fd_sc_hd__clkbuf_4)
     8    0.04                           net14 (net)
                  0.13    0.00    2.40 ^ fanout12/A (sky130_fd_sc_hd__clkbuf_4)
                  0.15    0.23    2.63 ^ fanout12/X (sky130_fd_sc_hd__clkbuf_4)
    10    0.05                           net12 (net)
                  0.15    0.00    2.63 ^ _1321_/RESET_B (sky130_fd_sc_hd__dfrtp_1)
                                  2.63   data arrival time

                          0.00    0.00   clock clk (rise edge)
                          0.00    0.00   clock source latency
                  0.12    0.08    0.08 ^ clk (in)
     1    0.02                           clk (net)
                  0.12    0.00    0.08 ^ clkbuf_0_clk/A (sky130_fd_sc_hd__clkbuf_16)
                  0.14    0.24    0.32 ^ clkbuf_0_clk/X (sky130_fd_sc_hd__clkbuf_16)
    16    0.12                           clknet_0_clk (net)
                  0.14    0.00    0.33 ^ clkbuf_4_10_0_clk/A (sky130_fd_sc_hd__clkbuf_8)
                  0.09    0.21    0.53 ^ clkbuf_4_10_0_clk/X (sky130_fd_sc_hd__clkbuf_8)
    15    0.04                           clknet_4_10_0_clk (net)
                  0.09    0.00    0.54 ^ _1321_/CLK (sky130_fd_sc_hd__dfrtp_1)
                          0.25    0.79   clock uncertainty
                          0.00    0.79   clock reconvergence pessimism
                          0.36    1.15   library removal time
                                  1.15   data required time
-----------------------------------------------------------------------------
                                  1.15   data required time
                                 -2.63   data arrival time
-----------------------------------------------------------------------------
                                  1.48   slack (MET)


Startpoint: rst_n (input port clocked by clk)
Endpoint: _1318_ (removal check against rising-edge clock clk)
Path Group: asynchronous
Path Type: min

Fanout     Cap    Slew   Delay    Time   Description
-----------------------------------------------------------------------------
                          0.00    0.00   clock clk (rise edge)
                          0.00    0.00   clock network delay (propagated)
                          2.00    2.00 ^ input external delay
                  0.02    0.01    2.01 ^ rst_n (in)
     1    0.00                           rst_n (net)
                  0.02    0.00    2.01 ^ input1/A (sky130_fd_sc_hd__clkbuf_2)
                  0.14    0.16    2.17 ^ input1/X (sky130_fd_sc_hd__clkbuf_2)
     3    0.03                           net1 (net)
                  0.14    0.00    2.17 ^ fanout14/A (sky130_fd_sc_hd__clkbuf_4)
                  0.13    0.22    2.40 ^ fanout14/X (sky130_fd_sc_hd__clkbuf_4)
     8    0.04                           net14 (net)
                  0.13    0.00    2.40 ^ fanout12/A (sky130_fd_sc_hd__clkbuf_4)
                  0.15    0.23    2.63 ^ fanout12/X (sky130_fd_sc_hd__clkbuf_4)
    10    0.05                           net12 (net)
                  0.15    0.00    2.63 ^ _1318_/RESET_B (sky130_fd_sc_hd__dfrtp_1)
                                  2.63   data arrival time

                          0.00    0.00   clock clk (rise edge)
                          0.00    0.00   clock source latency
                  0.12    0.08    0.08 ^ clk (in)
     1    0.02                           clk (net)
                  0.12    0.00    0.08 ^ clkbuf_0_clk/A (sky130_fd_sc_hd__clkbuf_16)
                  0.14    0.24    0.32 ^ clkbuf_0_clk/X (sky130_fd_sc_hd__clkbuf_16)
    16    0.12                           clknet_0_clk (net)
                  0.14    0.00    0.33 ^ clkbuf_4_10_0_clk/A (sky130_fd_sc_hd__clkbuf_8)
                  0.09    0.21    0.53 ^ clkbuf_4_10_0_clk/X (sky130_fd_sc_hd__clkbuf_8)
    15    0.04                           clknet_4_10_0_clk (net)
                  0.09    0.00    0.54 ^ _1318_/CLK (sky130_fd_sc_hd__dfrtp_1)
                          0.25    0.79   clock uncertainty
                          0.00    0.79   clock reconvergence pessimism
                          0.36    1.15   library removal time
                                  1.15   data required time
-----------------------------------------------------------------------------
                                  1.15   data required time
                                 -2.63   data arrival time
-----------------------------------------------------------------------------
                                  1.48   slack (MET)


Startpoint: rst_n (input port clocked by clk)
Endpoint: _1322_ (removal check against rising-edge clock clk)
Path Group: asynchronous
Path Type: min

Fanout     Cap    Slew   Delay    Time   Description
-----------------------------------------------------------------------------
                          0.00    0.00   clock clk (rise edge)
                          0.00    0.00   clock network delay (propagated)
                          2.00    2.00 ^ input external delay
                  0.02    0.01    2.01 ^ rst_n (in)
     1    0.00                           rst_n (net)
                  0.02    0.00    2.01 ^ input1/A (sky130_fd_sc_hd__clkbuf_2)
                  0.14    0.16    2.17 ^ input1/X (sky130_fd_sc_hd__clkbuf_2)
     3    0.03                           net1 (net)
                  0.14    0.00    2.17 ^ fanout14/A (sky130_fd_sc_hd__clkbuf_4)
                  0.13    0.22    2.40 ^ fanout14/X (sky130_fd_sc_hd__clkbuf_4)
     8    0.04                           net14 (net)
                  0.13    0.00    2.40 ^ fanout12/A (sky130_fd_sc_hd__clkbuf_4)
                  0.15    0.23    2.63 ^ fanout12/X (sky130_fd_sc_hd__clkbuf_4)
    10    0.05                           net12 (net)
                  0.15    0.00    2.63 ^ _1322_/RESET_B (sky130_fd_sc_hd__dfrtp_1)
                                  2.63   data arrival time

                          0.00    0.00   clock clk (rise edge)
                          0.00    0.00   clock source latency
                  0.12    0.08    0.08 ^ clk (in)
     1    0.02                           clk (net)
                  0.12    0.00    0.08 ^ clkbuf_0_clk/A (sky130_fd_sc_hd__clkbuf_16)
                  0.14    0.24    0.32 ^ clkbuf_0_clk/X (sky130_fd_sc_hd__clkbuf_16)
    16    0.12                           clknet_0_clk (net)
                  0.14    0.00    0.33 ^ clkbuf_4_10_0_clk/A (sky130_fd_sc_hd__clkbuf_8)
                  0.09    0.21    0.53 ^ clkbuf_4_10_0_clk/X (sky130_fd_sc_hd__clkbuf_8)
    15    0.04                           clknet_4_10_0_clk (net)
                  0.09    0.00    0.54 ^ _1322_/CLK (sky130_fd_sc_hd__dfrtp_1)
                          0.25    0.79   clock uncertainty
                          0.00    0.79   clock reconvergence pessimism
                          0.36    1.15   library removal time
                                  1.15   data required time
-----------------------------------------------------------------------------
                                  1.15   data required time
                                 -2.63   data arrival time
-----------------------------------------------------------------------------
                                  1.48   slack (MET)


Startpoint: rst_n (input port clocked by clk)
Endpoint: _1307_ (removal check against rising-edge clock clk)
Path Group: asynchronous
Path Type: min

Fanout     Cap    Slew   Delay    Time   Description
-----------------------------------------------------------------------------
                          0.00    0.00   clock clk (rise edge)
                          0.00    0.00   clock network delay (propagated)
                          2.00    2.00 ^ input external delay
                  0.02    0.01    2.01 ^ rst_n (in)
     1    0.00                           rst_n (net)
                  0.02    0.00    2.01 ^ input1/A (sky130_fd_sc_hd__clkbuf_2)
                  0.14    0.16    2.17 ^ input1/X (sky130_fd_sc_hd__clkbuf_2)
     3    0.03                           net1 (net)
                  0.14    0.00    2.17 ^ fanout14/A (sky130_fd_sc_hd__clkbuf_4)
                  0.13    0.22    2.40 ^ fanout14/X (sky130_fd_sc_hd__clkbuf_4)
     8    0.04                           net14 (net)
                  0.13    0.00    2.40 ^ fanout12/A (sky130_fd_sc_hd__clkbuf_4)
                  0.15    0.23    2.63 ^ fanout12/X (sky130_fd_sc_hd__clkbuf_4)
    10    0.05                           net12 (net)
                  0.15    0.00    2.63 ^ _1307_/RESET_B (sky130_fd_sc_hd__dfrtp_1)
                                  2.63   data arrival time

                          0.00    0.00   clock clk (rise edge)
                          0.00    0.00   clock source latency
                  0.12    0.08    0.08 ^ clk (in)
     1    0.02                           clk (net)
                  0.12    0.00    0.08 ^ clkbuf_0_clk/A (sky130_fd_sc_hd__clkbuf_16)
                  0.14    0.24    0.32 ^ clkbuf_0_clk/X (sky130_fd_sc_hd__clkbuf_16)
    16    0.12                           clknet_0_clk (net)
                  0.14    0.00    0.33 ^ clkbuf_4_10_0_clk/A (sky130_fd_sc_hd__clkbuf_8)
                  0.09    0.21    0.53 ^ clkbuf_4_10_0_clk/X (sky130_fd_sc_hd__clkbuf_8)
    15    0.04                           clknet_4_10_0_clk (net)
                  0.09    0.00    0.54 ^ _1307_/CLK (sky130_fd_sc_hd__dfrtp_1)
                          0.25    0.79   clock uncertainty
                          0.00    0.79   clock reconvergence pessimism
                          0.36    1.15   library removal time
                                  1.15   data required time
-----------------------------------------------------------------------------
                                  1.15   data required time
                                 -2.63   data arrival time
-----------------------------------------------------------------------------
                                  1.48   slack (MET)


Startpoint: rst_n (input port clocked by clk)
Endpoint: _1319_ (removal check against rising-edge clock clk)
Path Group: asynchronous
Path Type: min

Fanout     Cap    Slew   Delay    Time   Description
-----------------------------------------------------------------------------
                          0.00    0.00   clock clk (rise edge)
                          0.00    0.00   clock network delay (propagated)
                          2.00    2.00 ^ input external delay
                  0.02    0.01    2.01 ^ rst_n (in)
     1    0.00                           rst_n (net)
                  0.02    0.00    2.01 ^ input1/A (sky130_fd_sc_hd__clkbuf_2)
                  0.14    0.16    2.17 ^ input1/X (sky130_fd_sc_hd__clkbuf_2)
     3    0.03                           net1 (net)
                  0.14    0.00    2.17 ^ fanout14/A (sky130_fd_sc_hd__clkbuf_4)
                  0.13    0.22    2.40 ^ fanout14/X (sky130_fd_sc_hd__clkbuf_4)
     8    0.04                           net14 (net)
                  0.13    0.00    2.40 ^ fanout12/A (sky130_fd_sc_hd__clkbuf_4)
                  0.15    0.23    2.63 ^ fanout12/X (sky130_fd_sc_hd__clkbuf_4)
    10    0.05                           net12 (net)
                  0.15    0.00    2.63 ^ _1319_/RESET_B (sky130_fd_sc_hd__dfrtp_1)
                                  2.63   data arrival time

                          0.00    0.00   clock clk (rise edge)
                          0.00    0.00   clock source latency
                  0.12    0.08    0.08 ^ clk (in)
     1    0.02                           clk (net)
                  0.12    0.00    0.08 ^ clkbuf_0_clk/A (sky130_fd_sc_hd__clkbuf_16)
                  0.14    0.24    0.32 ^ clkbuf_0_clk/X (sky130_fd_sc_hd__clkbuf_16)
    16    0.12                           clknet_0_clk (net)
                  0.14    0.00    0.33 ^ clkbuf_4_11_0_clk/A (sky130_fd_sc_hd__clkbuf_8)
                  0.08    0.19    0.52 ^ clkbuf_4_11_0_clk/X (sky130_fd_sc_hd__clkbuf_8)
    12    0.04                           clknet_4_11_0_clk (net)
                  0.08    0.00    0.52 ^ _1319_/CLK (sky130_fd_sc_hd__dfrtp_1)
                          0.25    0.77   clock uncertainty
                          0.00    0.77   clock reconvergence pessimism
                          0.36    1.13   library removal time
                                  1.13   data required time
-----------------------------------------------------------------------------
                                  1.13   data required time
                                 -2.63   data arrival time
-----------------------------------------------------------------------------
                                  1.50   slack (MET)


Startpoint: rst_n (input port clocked by clk)
Endpoint: _1314_ (removal check against rising-edge clock clk)
Path Group: asynchronous
Path Type: min

Fanout     Cap    Slew   Delay    Time   Description
-----------------------------------------------------------------------------
                          0.00    0.00   clock clk (rise edge)
                          0.00    0.00   clock network delay (propagated)
                          2.00    2.00 ^ input external delay
                  0.02    0.01    2.01 ^ rst_n (in)
     1    0.00                           rst_n (net)
                  0.02    0.00    2.01 ^ input1/A (sky130_fd_sc_hd__clkbuf_2)
                  0.14    0.16    2.17 ^ input1/X (sky130_fd_sc_hd__clkbuf_2)
     3    0.03                           net1 (net)
                  0.14    0.00    2.17 ^ fanout14/A (sky130_fd_sc_hd__clkbuf_4)
                  0.13    0.22    2.40 ^ fanout14/X (sky130_fd_sc_hd__clkbuf_4)
     8    0.04                           net14 (net)
                  0.13    0.00    2.40 ^ fanout12/A (sky130_fd_sc_hd__clkbuf_4)
                  0.15    0.23    2.63 ^ fanout12/X (sky130_fd_sc_hd__clkbuf_4)
    10    0.05                           net12 (net)
                  0.15    0.00    2.63 ^ _1314_/RESET_B (sky130_fd_sc_hd__dfrtp_1)
                                  2.63   data arrival time

                          0.00    0.00   clock clk (rise edge)
                          0.00    0.00   clock source latency
                  0.12    0.08    0.08 ^ clk (in)
     1    0.02                           clk (net)
                  0.12    0.00    0.08 ^ clkbuf_0_clk/A (sky130_fd_sc_hd__clkbuf_16)
                  0.14    0.24    0.32 ^ clkbuf_0_clk/X (sky130_fd_sc_hd__clkbuf_16)
    16    0.12                           clknet_0_clk (net)
                  0.14    0.00    0.33 ^ clkbuf_4_11_0_clk/A (sky130_fd_sc_hd__clkbuf_8)
                  0.08    0.19    0.52 ^ clkbuf_4_11_0_clk/X (sky130_fd_sc_hd__clkbuf_8)
    12    0.04                           clknet_4_11_0_clk (net)
                  0.08    0.00    0.52 ^ _1314_/CLK (sky130_fd_sc_hd__dfrtp_1)
                          0.25    0.77   clock uncertainty
                          0.00    0.77   clock reconvergence pessimism
                          0.36    1.13   library removal time
                                  1.13   data required time
-----------------------------------------------------------------------------
                                  1.13   data required time
                                 -2.63   data arrival time
-----------------------------------------------------------------------------
                                  1.50   slack (MET)


Startpoint: rst_n (input port clocked by clk)
Endpoint: _1325_ (removal check against rising-edge clock clk)
Path Group: asynchronous
Path Type: min

Fanout     Cap    Slew   Delay    Time   Description
-----------------------------------------------------------------------------
                          0.00    0.00   clock clk (rise edge)
                          0.00    0.00   clock network delay (propagated)
                          2.00    2.00 ^ input external delay
                  0.02    0.01    2.01 ^ rst_n (in)
     1    0.00                           rst_n (net)
                  0.02    0.00    2.01 ^ input1/A (sky130_fd_sc_hd__clkbuf_2)
                  0.14    0.16    2.17 ^ input1/X (sky130_fd_sc_hd__clkbuf_2)
     3    0.03                           net1 (net)
                  0.14    0.00    2.17 ^ fanout14/A (sky130_fd_sc_hd__clkbuf_4)
                  0.13    0.22    2.40 ^ fanout14/X (sky130_fd_sc_hd__clkbuf_4)
     8    0.04                           net14 (net)
                  0.13    0.00    2.40 ^ fanout12/A (sky130_fd_sc_hd__clkbuf_4)
                  0.15    0.23    2.63 ^ fanout12/X (sky130_fd_sc_hd__clkbuf_4)
    10    0.05                           net12 (net)
                  0.15    0.00    2.63 ^ _1325_/RESET_B (sky130_fd_sc_hd__dfrtp_1)
                                  2.63   data arrival time

                          0.00    0.00   clock clk (rise edge)
                          0.00    0.00   clock source latency
                  0.12    0.08    0.08 ^ clk (in)
     1    0.02                           clk (net)
                  0.12    0.00    0.08 ^ clkbuf_0_clk/A (sky130_fd_sc_hd__clkbuf_16)
                  0.14    0.24    0.32 ^ clkbuf_0_clk/X (sky130_fd_sc_hd__clkbuf_16)
    16    0.12                           clknet_0_clk (net)
                  0.14    0.00    0.33 ^ clkbuf_4_11_0_clk/A (sky130_fd_sc_hd__clkbuf_8)
                  0.08    0.19    0.52 ^ clkbuf_4_11_0_clk/X (sky130_fd_sc_hd__clkbuf_8)
    12    0.04                           clknet_4_11_0_clk (net)
                  0.08    0.00    0.52 ^ _1325_/CLK (sky130_fd_sc_hd__dfrtp_1)
                          0.25    0.77   clock uncertainty
                          0.00    0.77   clock reconvergence pessimism
                          0.36    1.13   library removal time
                                  1.13   data required time
-----------------------------------------------------------------------------
                                  1.13   data required time
                                 -2.63   data arrival time
-----------------------------------------------------------------------------
                                  1.50   slack (MET)


Startpoint: rst_n (input port clocked by clk)
Endpoint: _1328_ (removal check against rising-edge clock clk)
Path Group: asynchronous
Path Type: min

Fanout     Cap    Slew   Delay    Time   Description
-----------------------------------------------------------------------------
                          0.00    0.00   clock clk (rise edge)
                          0.00    0.00   clock network delay (propagated)
                          2.00    2.00 ^ input external delay
                  0.02    0.01    2.01 ^ rst_n (in)
     1    0.00                           rst_n (net)
                  0.02    0.00    2.01 ^ input1/A (sky130_fd_sc_hd__clkbuf_2)
                  0.14    0.16    2.17 ^ input1/X (sky130_fd_sc_hd__clkbuf_2)
     3    0.03                           net1 (net)
                  0.14    0.00    2.17 ^ fanout14/A (sky130_fd_sc_hd__clkbuf_4)
                  0.13    0.22    2.40 ^ fanout14/X (sky130_fd_sc_hd__clkbuf_4)
     8    0.04                           net14 (net)
                  0.13    0.00    2.40 ^ fanout12/A (sky130_fd_sc_hd__clkbuf_4)
                  0.15    0.23    2.63 ^ fanout12/X (sky130_fd_sc_hd__clkbuf_4)
    10    0.05                           net12 (net)
                  0.15    0.00    2.63 ^ _1328_/SET_B (sky130_fd_sc_hd__dfstp_1)
                                  2.63   data arrival time

                          0.00    0.00   clock clk (rise edge)
                          0.00    0.00   clock source latency
                  0.12    0.08    0.08 ^ clk (in)
     1    0.02                           clk (net)
                  0.12    0.00    0.08 ^ clkbuf_0_clk/A (sky130_fd_sc_hd__clkbuf_16)
                  0.14    0.24    0.32 ^ clkbuf_0_clk/X (sky130_fd_sc_hd__clkbuf_16)
    16    0.12                           clknet_0_clk (net)
                  0.14    0.00    0.33 ^ clkbuf_4_10_0_clk/A (sky130_fd_sc_hd__clkbuf_8)
                  0.09    0.21    0.53 ^ clkbuf_4_10_0_clk/X (sky130_fd_sc_hd__clkbuf_8)
    15    0.04                           clknet_4_10_0_clk (net)
                  0.09    0.00    0.54 ^ _1328_/CLK (sky130_fd_sc_hd__dfstp_1)
                          0.25    0.79   clock uncertainty
                          0.00    0.79   clock reconvergence pessimism
                          0.16    0.94   library removal time
                                  0.94   data required time
-----------------------------------------------------------------------------
                                  0.94   data required time
                                 -2.63   data arrival time
-----------------------------------------------------------------------------
                                  1.69   slack (MET)


Startpoint: _1323_ (rising edge-triggered flip-flop clocked by clk)
Endpoint: pass_fail (output port clocked by clk)
Path Group: clk
Path Type: min

Fanout     Cap    Slew   Delay    Time   Description
-----------------------------------------------------------------------------
                          0.00    0.00   clock clk (rise edge)
                          0.00    0.00   clock source latency
                  0.12    0.08    0.08 ^ clk (in)
     1    0.02                           clk (net)
                  0.12    0.00    0.08 ^ clkbuf_0_clk/A (sky130_fd_sc_hd__clkbuf_16)
                  0.14    0.22    0.29 ^ clkbuf_0_clk/X (sky130_fd_sc_hd__clkbuf_16)
    16    0.12                           clknet_0_clk (net)
                  0.14    0.00    0.30 ^ clkbuf_4_11_0_clk/A (sky130_fd_sc_hd__clkbuf_8)
                  0.08    0.18    0.47 ^ clkbuf_4_11_0_clk/X (sky130_fd_sc_hd__clkbuf_8)
    12    0.04                           clknet_4_11_0_clk (net)
                  0.08    0.00    0.48 ^ _1323_/CLK (sky130_fd_sc_hd__dfrtp_1)
                  0.08    0.34    0.81 ^ _1323_/Q (sky130_fd_sc_hd__dfrtp_1)
     2    0.01                           net4 (net)
                  0.08    0.00    0.81 ^ output4/A (sky130_fd_sc_hd__buf_2)
                  0.17    0.20    1.01 ^ output4/X (sky130_fd_sc_hd__buf_2)
     1    0.03                           pass_fail (net)
                  0.17    0.00    1.01 ^ pass_fail (out)
                                  1.01   data arrival time

                          0.00    0.00   clock clk (rise edge)
                          0.00    0.00   clock network delay (propagated)
                          0.25    0.25   clock uncertainty
                          0.00    0.25   clock reconvergence pessimism
                         -2.00   -1.75   output external delay
                                 -1.75   data required time
-----------------------------------------------------------------------------
                                 -1.75   data required time
                                 -1.01   data arrival time
-----------------------------------------------------------------------------
                                  2.76   slack (MET)


Startpoint: _1329_ (rising edge-triggered flip-flop clocked by clk)
Endpoint: done (output port clocked by clk)
Path Group: clk
Path Type: min

Fanout     Cap    Slew   Delay    Time   Description
-----------------------------------------------------------------------------
                          0.00    0.00   clock clk (rise edge)
                          0.00    0.00   clock source latency
                  0.12    0.08    0.08 ^ clk (in)
     1    0.02                           clk (net)
                  0.12    0.00    0.08 ^ clkbuf_0_clk/A (sky130_fd_sc_hd__clkbuf_16)
                  0.14    0.22    0.29 ^ clkbuf_0_clk/X (sky130_fd_sc_hd__clkbuf_16)
    16    0.12                           clknet_0_clk (net)
                  0.14    0.00    0.30 ^ clkbuf_4_10_0_clk/A (sky130_fd_sc_hd__clkbuf_8)
                  0.09    0.19    0.48 ^ clkbuf_4_10_0_clk/X (sky130_fd_sc_hd__clkbuf_8)
    15    0.04                           clknet_4_10_0_clk (net)
                  0.09    0.00    0.49 ^ _1329_/CLK (sky130_fd_sc_hd__dfrtp_1)
                  0.13    0.44    0.93 v _1329_/Q (sky130_fd_sc_hd__dfrtp_1)
     1    0.02                           net3 (net)
                  0.13    0.00    0.93 v output3/A (sky130_fd_sc_hd__clkbuf_4)
                  0.08    0.21    1.14 v output3/X (sky130_fd_sc_hd__clkbuf_4)
     1    0.03                           done (net)
                  0.08    0.00    1.14 v done (out)
                                  1.14   data arrival time

                          0.00    0.00   clock clk (rise edge)
                          0.00    0.00   clock network delay (propagated)
                          0.25    0.25   clock uncertainty
                          0.00    0.25   clock reconvergence pessimism
                         -2.00   -1.75   output external delay
                                 -1.75   data required time
-----------------------------------------------------------------------------
                                 -1.75   data required time
                                 -1.14   data arrival time
-----------------------------------------------------------------------------
                                  2.89   slack (MET)



