
===========================================================================
report_checks -path_delay min (Hold)
============================================================================
======================= Typical Corner ===================================

Startpoint: _1314_ (rising edge-triggered flip-flop clocked by clk)
Endpoint: _1319_ (rising edge-triggered flip-flop clocked by clk)
Path Group: clk
Path Type: min

Fanout     Cap    Slew   Delay    Time   Description
-----------------------------------------------------------------------------
                          0.00    0.00   clock clk (rise edge)
                          0.00    0.00   clock source latency
                  0.04    0.03    0.03 ^ clk (in)
     1    0.01                           clk (net)
                  0.04    0.00    0.03 ^ clkbuf_0_clk/A (sky130_fd_sc_hd__clkbuf_16)
                  0.09    0.15    0.18 ^ clkbuf_0_clk/X (sky130_fd_sc_hd__clkbuf_16)
    16    0.07                           clknet_0_clk (net)
                  0.09    0.00    0.18 ^ clkbuf_4_11_0_clk/A (sky130_fd_sc_hd__clkbuf_8)
                  0.06    0.14    0.32 ^ clkbuf_4_11_0_clk/X (sky130_fd_sc_hd__clkbuf_8)
    12    0.02                           clknet_4_11_0_clk (net)
                  0.06    0.00    0.32 ^ _1314_/CLK (sky130_fd_sc_hd__dfrtp_1)
                  0.05    0.31    0.63 ^ _1314_/Q (sky130_fd_sc_hd__dfrtp_1)
     1    0.00                           u_sram.re_r (net)
                  0.05    0.00    0.63 ^ hold2/A (sky130_fd_sc_hd__buf_1)
                  0.14    0.14    0.78 ^ hold2/X (sky130_fd_sc_hd__buf_1)
     3    0.01                           net18 (net)
                  0.14    0.00    0.78 ^ _1319_/D (sky130_fd_sc_hd__dfrtp_1)
                                  0.78   data arrival time

                          0.00    0.00   clock clk (rise edge)
                          0.00    0.00   clock source latency
                  0.04    0.03    0.03 ^ clk (in)
     1    0.01                           clk (net)
                  0.04    0.00    0.03 ^ clkbuf_0_clk/A (sky130_fd_sc_hd__clkbuf_16)
                  0.09    0.17    0.20 ^ clkbuf_0_clk/X (sky130_fd_sc_hd__clkbuf_16)
    16    0.07                           clknet_0_clk (net)
                  0.09    0.00    0.20 ^ clkbuf_4_11_0_clk/A (sky130_fd_sc_hd__clkbuf_8)
                  0.06    0.16    0.36 ^ clkbuf_4_11_0_clk/X (sky130_fd_sc_hd__clkbuf_8)
    12    0.02                           clknet_4_11_0_clk (net)
                  0.06    0.00    0.36 ^ _1319_/CLK (sky130_fd_sc_hd__dfrtp_1)
                          0.25    0.61   clock uncertainty
                         -0.03    0.57   clock reconvergence pessimism
                         -0.05    0.52   library hold time
                                  0.52   data required time
-----------------------------------------------------------------------------
                                  0.52   data required time
                                 -0.78   data arrival time
-----------------------------------------------------------------------------
                                  0.26   slack (MET)


Startpoint: _1172_ (rising edge-triggered flip-flop clocked by clk)
Endpoint: _1172_ (rising edge-triggered flip-flop clocked by clk)
Path Group: clk
Path Type: min

Fanout     Cap    Slew   Delay    Time   Description
-----------------------------------------------------------------------------
                          0.00    0.00   clock clk (rise edge)
                          0.00    0.00   clock source latency
                  0.04    0.03    0.03 ^ clk (in)
     1    0.01                           clk (net)
                  0.04    0.00    0.03 ^ clkbuf_0_clk/A (sky130_fd_sc_hd__clkbuf_16)
                  0.09    0.15    0.18 ^ clkbuf_0_clk/X (sky130_fd_sc_hd__clkbuf_16)
    16    0.07                           clknet_0_clk (net)
                  0.09    0.00    0.18 ^ clkbuf_4_14_0_clk/A (sky130_fd_sc_hd__clkbuf_8)
                  0.06    0.14    0.32 ^ clkbuf_4_14_0_clk/X (sky130_fd_sc_hd__clkbuf_8)
     8    0.02                           clknet_4_14_0_clk (net)
                  0.06    0.00    0.32 ^ _1172_/CLK (sky130_fd_sc_hd__dfrtp_1)
                  0.11    0.36    0.68 ^ _1172_/Q (sky130_fd_sc_hd__dfrtp_1)
     5    0.01                           u_addr_gen.state[1] (net)
                  0.11    0.00    0.68 ^ _0703_/A (sky130_fd_sc_hd__or2_1)
                  0.04    0.11    0.79 ^ _0703_/X (sky130_fd_sc_hd__or2_1)
     1    0.00                           _0157_ (net)
                  0.04    0.00    0.79 ^ _0704_/A (sky130_fd_sc_hd__clkbuf_1)
                  0.04    0.07    0.86 ^ _0704_/X (sky130_fd_sc_hd__clkbuf_1)
     1    0.00                           _0001_ (net)
                  0.04    0.00    0.86 ^ _1172_/D (sky130_fd_sc_hd__dfrtp_1)
                                  0.86   data arrival time

                          0.00    0.00   clock clk (rise edge)
                          0.00    0.00   clock source latency
                  0.04    0.03    0.03 ^ clk (in)
     1    0.01                           clk (net)
                  0.04    0.00    0.03 ^ clkbuf_0_clk/A (sky130_fd_sc_hd__clkbuf_16)
                  0.09    0.17    0.20 ^ clkbuf_0_clk/X (sky130_fd_sc_hd__clkbuf_16)
    16    0.07                           clknet_0_clk (net)
                  0.09    0.00    0.20 ^ clkbuf_4_14_0_clk/A (sky130_fd_sc_hd__clkbuf_8)
                  0.06    0.16    0.36 ^ clkbuf_4_14_0_clk/X (sky130_fd_sc_hd__clkbuf_8)
     8    0.02                           clknet_4_14_0_clk (net)
                  0.06    0.00    0.36 ^ _1172_/CLK (sky130_fd_sc_hd__dfrtp_1)
                          0.25    0.61   clock uncertainty
                         -0.03    0.57   clock reconvergence pessimism
                         -0.03    0.54   library hold time
                                  0.54   data required time
-----------------------------------------------------------------------------
                                  0.54   data required time
                                 -0.86   data arrival time
-----------------------------------------------------------------------------
                                  0.31   slack (MET)


Startpoint: _1180_ (rising edge-triggered flip-flop clocked by clk)
Endpoint: _1329_ (rising edge-triggered flip-flop clocked by clk)
Path Group: clk
Path Type: min

Fanout     Cap    Slew   Delay    Time   Description
-----------------------------------------------------------------------------
                          0.00    0.00   clock clk (rise edge)
                          0.00    0.00   clock source latency
                  0.04    0.03    0.03 ^ clk (in)
     1    0.01                           clk (net)
                  0.04    0.00    0.03 ^ clkbuf_0_clk/A (sky130_fd_sc_hd__clkbuf_16)
                  0.09    0.15    0.18 ^ clkbuf_0_clk/X (sky130_fd_sc_hd__clkbuf_16)
    16    0.07                           clknet_0_clk (net)
                  0.09    0.00    0.18 ^ clkbuf_4_11_0_clk/A (sky130_fd_sc_hd__clkbuf_8)
                  0.06    0.14    0.32 ^ clkbuf_4_11_0_clk/X (sky130_fd_sc_hd__clkbuf_8)
    12    0.02                           clknet_4_11_0_clk (net)
                  0.06    0.00    0.32 ^ _1180_/CLK (sky130_fd_sc_hd__dfrtp_1)
                  0.09    0.34    0.66 ^ _1180_/Q (sky130_fd_sc_hd__dfrtp_1)
     2    0.01                           u_fsm.addr_done_seen (net)
                  0.09    0.00    0.66 ^ _0696_/A1 (sky130_fd_sc_hd__a21o_1)
                  0.04    0.11    0.77 ^ _0696_/X (sky130_fd_sc_hd__a21o_1)
     1    0.00                           _0153_ (net)
                  0.04    0.00    0.77 ^ _0697_/A (sky130_fd_sc_hd__clkbuf_2)
                  0.08    0.12    0.89 ^ _0697_/X (sky130_fd_sc_hd__clkbuf_2)
     5    0.01                           _0003_ (net)
                  0.08    0.00    0.89 ^ _1329_/D (sky130_fd_sc_hd__dfrtp_1)
                                  0.89   data arrival time

                          0.00    0.00   clock clk (rise edge)
                          0.00    0.00   clock source latency
                  0.04    0.03    0.03 ^ clk (in)
     1    0.01                           clk (net)
                  0.04    0.00    0.03 ^ clkbuf_0_clk/A (sky130_fd_sc_hd__clkbuf_16)
                  0.09    0.17    0.20 ^ clkbuf_0_clk/X (sky130_fd_sc_hd__clkbuf_16)
    16    0.07                           clknet_0_clk (net)
                  0.09    0.00    0.20 ^ clkbuf_4_10_0_clk/A (sky130_fd_sc_hd__clkbuf_8)
                  0.08    0.18    0.38 ^ clkbuf_4_10_0_clk/X (sky130_fd_sc_hd__clkbuf_8)
    15    0.04                           clknet_4_10_0_clk (net)
                  0.08    0.00    0.38 ^ _1329_/CLK (sky130_fd_sc_hd__dfrtp_1)
                          0.25    0.63   clock uncertainty
                         -0.02    0.61   clock reconvergence pessimism
                         -0.04    0.58   library hold time
                                  0.58   data required time
-----------------------------------------------------------------------------
                                  0.58   data required time
                                 -0.89   data arrival time
-----------------------------------------------------------------------------
                                  0.31   slack (MET)


Startpoint: _1326_ (rising edge-triggered flip-flop clocked by clk)
Endpoint: _1326_ (rising edge-triggered flip-flop clocked by clk)
Path Group: clk
Path Type: min

Fanout     Cap    Slew   Delay    Time   Description
-----------------------------------------------------------------------------
                          0.00    0.00   clock clk (rise edge)
                          0.00    0.00   clock source latency
                  0.04    0.03    0.03 ^ clk (in)
     1    0.01                           clk (net)
                  0.04    0.00    0.03 ^ clkbuf_0_clk/A (sky130_fd_sc_hd__clkbuf_16)
                  0.09    0.15    0.18 ^ clkbuf_0_clk/X (sky130_fd_sc_hd__clkbuf_16)
    16    0.07                           clknet_0_clk (net)
                  0.09    0.00    0.18 ^ clkbuf_4_11_0_clk/A (sky130_fd_sc_hd__clkbuf_8)
                  0.06    0.14    0.32 ^ clkbuf_4_11_0_clk/X (sky130_fd_sc_hd__clkbuf_8)
    12    0.02                           clknet_4_11_0_clk (net)
                  0.06    0.00    0.32 ^ _1326_/CLK (sky130_fd_sc_hd__dfrtp_4)
                  0.10    0.43    0.75 ^ _1326_/Q (sky130_fd_sc_hd__dfrtp_4)
    10    0.02                           u_fsm.state[2] (net)
                  0.10    0.00    0.75 ^ _0698_/B2 (sky130_fd_sc_hd__a221o_1)
                  0.04    0.14    0.89 ^ _0698_/X (sky130_fd_sc_hd__a221o_1)
     1    0.00                           u_fsm.next_state[2] (net)
                  0.04    0.00    0.89 ^ _1326_/D (sky130_fd_sc_hd__dfrtp_4)
                                  0.89   data arrival time

                          0.00    0.00   clock clk (rise edge)
                          0.00    0.00   clock source latency
                  0.04    0.03    0.03 ^ clk (in)
     1    0.01                           clk (net)
                  0.04    0.00    0.03 ^ clkbuf_0_clk/A (sky130_fd_sc_hd__clkbuf_16)
                  0.09    0.17    0.20 ^ clkbuf_0_clk/X (sky130_fd_sc_hd__clkbuf_16)
    16    0.07                           clknet_0_clk (net)
                  0.09    0.00    0.20 ^ clkbuf_4_11_0_clk/A (sky130_fd_sc_hd__clkbuf_8)
                  0.06    0.16    0.36 ^ clkbuf_4_11_0_clk/X (sky130_fd_sc_hd__clkbuf_8)
    12    0.02                           clknet_4_11_0_clk (net)
                  0.06    0.00    0.36 ^ _1326_/CLK (sky130_fd_sc_hd__dfrtp_4)
                          0.25    0.61   clock uncertainty
                         -0.03    0.57   clock reconvergence pessimism
                         -0.03    0.54   library hold time
                                  0.54   data required time
-----------------------------------------------------------------------------
                                  0.54   data required time
                                 -0.89   data arrival time
-----------------------------------------------------------------------------
                                  0.35   slack (MET)


Startpoint: _1326_ (rising edge-triggered flip-flop clocked by clk)
Endpoint: _1324_ (rising edge-triggered flip-flop clocked by clk)
Path Group: clk
Path Type: min

Fanout     Cap    Slew   Delay    Time   Description
-----------------------------------------------------------------------------
                          0.00    0.00   clock clk (rise edge)
                          0.00    0.00   clock source latency
                  0.04    0.03    0.03 ^ clk (in)
     1    0.01                           clk (net)
                  0.04    0.00    0.03 ^ clkbuf_0_clk/A (sky130_fd_sc_hd__clkbuf_16)
                  0.09    0.15    0.18 ^ clkbuf_0_clk/X (sky130_fd_sc_hd__clkbuf_16)
    16    0.07                           clknet_0_clk (net)
                  0.09    0.00    0.18 ^ clkbuf_4_11_0_clk/A (sky130_fd_sc_hd__clkbuf_8)
                  0.06    0.14    0.32 ^ clkbuf_4_11_0_clk/X (sky130_fd_sc_hd__clkbuf_8)
    12    0.02                           clknet_4_11_0_clk (net)
                  0.06    0.00    0.32 ^ _1326_/CLK (sky130_fd_sc_hd__dfrtp_4)
                  0.10    0.43    0.75 ^ _1326_/Q (sky130_fd_sc_hd__dfrtp_4)
    10    0.02                           u_fsm.state[2] (net)
                  0.10    0.00    0.75 ^ _0709_/A1 (sky130_fd_sc_hd__a31o_1)
                  0.04    0.14    0.89 ^ _0709_/X (sky130_fd_sc_hd__a31o_1)
     1    0.00                           u_fsm.next_state[0] (net)
                  0.04    0.00    0.89 ^ _1324_/D (sky130_fd_sc_hd__dfrtp_2)
                                  0.89   data arrival time

                          0.00    0.00   clock clk (rise edge)
                          0.00    0.00   clock source latency
                  0.04    0.03    0.03 ^ clk (in)
     1    0.01                           clk (net)
                  0.04    0.00    0.03 ^ clkbuf_0_clk/A (sky130_fd_sc_hd__clkbuf_16)
                  0.09    0.17    0.20 ^ clkbuf_0_clk/X (sky130_fd_sc_hd__clkbuf_16)
    16    0.07                           clknet_0_clk (net)
                  0.09    0.00    0.20 ^ clkbuf_4_11_0_clk/A (sky130_fd_sc_hd__clkbuf_8)
                  0.06    0.16    0.36 ^ clkbuf_4_11_0_clk/X (sky130_fd_sc_hd__clkbuf_8)
    12    0.02                           clknet_4_11_0_clk (net)
                  0.06    0.00    0.36 ^ _1324_/CLK (sky130_fd_sc_hd__dfrtp_2)
                          0.25    0.61   clock uncertainty
                         -0.03    0.57   clock reconvergence pessimism
                         -0.03    0.54   library hold time
                                  0.54   data required time
-----------------------------------------------------------------------------
                                  0.54   data required time
                                 -0.89   data arrival time
-----------------------------------------------------------------------------
                                  0.35   slack (MET)


Startpoint: _1319_ (rising edge-triggered flip-flop clocked by clk)
Endpoint: _1321_ (rising edge-triggered flip-flop clocked by clk)
Path Group: clk
Path Type: min

Fanout     Cap    Slew   Delay    Time   Description
-----------------------------------------------------------------------------
                          0.00    0.00   clock clk (rise edge)
                          0.00    0.00   clock source latency
                  0.04    0.03    0.03 ^ clk (in)
     1    0.01                           clk (net)
                  0.04    0.00    0.03 ^ clkbuf_0_clk/A (sky130_fd_sc_hd__clkbuf_16)
                  0.09    0.15    0.18 ^ clkbuf_0_clk/X (sky130_fd_sc_hd__clkbuf_16)
    16    0.07                           clknet_0_clk (net)
                  0.09    0.00    0.18 ^ clkbuf_4_11_0_clk/A (sky130_fd_sc_hd__clkbuf_8)
                  0.06    0.14    0.32 ^ clkbuf_4_11_0_clk/X (sky130_fd_sc_hd__clkbuf_8)
    12    0.02                           clknet_4_11_0_clk (net)
                  0.06    0.00    0.32 ^ _1319_/CLK (sky130_fd_sc_hd__dfrtp_1)
                  0.09    0.34    0.66 ^ _1319_/Q (sky130_fd_sc_hd__dfrtp_1)
     3    0.01                           u_fsm.rvalid (net)
                  0.09    0.00    0.66 ^ _0710_/B (sky130_fd_sc_hd__and3_1)
                  0.07    0.16    0.82 ^ _0710_/X (sky130_fd_sc_hd__and3_1)
     1    0.00                           _0161_ (net)
                  0.07    0.00    0.82 ^ _0711_/A (sky130_fd_sc_hd__clkbuf_1)
                  0.09    0.11    0.93 ^ _0711_/X (sky130_fd_sc_hd__clkbuf_1)
     2    0.01                           u_comparator.enable (net)
                  0.09    0.00    0.93 ^ _1321_/D (sky130_fd_sc_hd__dfrtp_1)
                                  0.93   data arrival time

                          0.00    0.00   clock clk (rise edge)
                          0.00    0.00   clock source latency
                  0.04    0.03    0.03 ^ clk (in)
     1    0.01                           clk (net)
                  0.04    0.00    0.03 ^ clkbuf_0_clk/A (sky130_fd_sc_hd__clkbuf_16)
                  0.09    0.17    0.20 ^ clkbuf_0_clk/X (sky130_fd_sc_hd__clkbuf_16)
    16    0.07                           clknet_0_clk (net)
                  0.09    0.00    0.20 ^ clkbuf_4_10_0_clk/A (sky130_fd_sc_hd__clkbuf_8)
                  0.08    0.18    0.38 ^ clkbuf_4_10_0_clk/X (sky130_fd_sc_hd__clkbuf_8)
    15    0.04                           clknet_4_10_0_clk (net)
                  0.08    0.00    0.38 ^ _1321_/CLK (sky130_fd_sc_hd__dfrtp_1)
                          0.25    0.63   clock uncertainty
                         -0.02    0.61   clock reconvergence pessimism
                         -0.04    0.57   library hold time
                                  0.57   data required time
-----------------------------------------------------------------------------
                                  0.57   data required time
                                 -0.93   data arrival time
-----------------------------------------------------------------------------
                                  0.36   slack (MET)


Startpoint: _1325_ (rising edge-triggered flip-flop clocked by clk)
Endpoint: _1317_ (rising edge-triggered flip-flop clocked by clk)
Path Group: clk
Path Type: min

Fanout     Cap    Slew   Delay    Time   Description
-----------------------------------------------------------------------------
                          0.00    0.00   clock clk (rise edge)
                          0.00    0.00   clock source latency
                  0.04    0.03    0.03 ^ clk (in)
     1    0.01                           clk (net)
                  0.04    0.00    0.03 ^ clkbuf_0_clk/A (sky130_fd_sc_hd__clkbuf_16)
                  0.09    0.15    0.18 ^ clkbuf_0_clk/X (sky130_fd_sc_hd__clkbuf_16)
    16    0.07                           clknet_0_clk (net)
                  0.09    0.00    0.18 ^ clkbuf_4_11_0_clk/A (sky130_fd_sc_hd__clkbuf_8)
                  0.06    0.14    0.32 ^ clkbuf_4_11_0_clk/X (sky130_fd_sc_hd__clkbuf_8)
    12    0.02                           clknet_4_11_0_clk (net)
                  0.06    0.00    0.32 ^ _1325_/CLK (sky130_fd_sc_hd__dfrtp_1)
                  0.15    0.38    0.71 ^ _1325_/Q (sky130_fd_sc_hd__dfrtp_1)
     5    0.02                           u_fsm.state[1] (net)
                  0.15    0.00    0.71 ^ _0700_/B (sky130_fd_sc_hd__or3b_2)
                  0.09    0.17    0.88 ^ _0700_/X (sky130_fd_sc_hd__or3b_2)
     3    0.01                           _0155_ (net)
                  0.09    0.00    0.88 ^ _0674_/B (sky130_fd_sc_hd__xnor2_1)
                  0.04    0.07    0.94 v _0674_/Y (sky130_fd_sc_hd__xnor2_1)
     1    0.00                           _0142_ (net)
                  0.04    0.00    0.94 v _1317_/D (sky130_fd_sc_hd__dfrtp_4)
                                  0.94   data arrival time

                          0.00    0.00   clock clk (rise edge)
                          0.00    0.00   clock source latency
                  0.04    0.03    0.03 ^ clk (in)
     1    0.01                           clk (net)
                  0.04    0.00    0.03 ^ clkbuf_0_clk/A (sky130_fd_sc_hd__clkbuf_16)
                  0.09    0.17    0.20 ^ clkbuf_0_clk/X (sky130_fd_sc_hd__clkbuf_16)
    16    0.07                           clknet_0_clk (net)
                  0.09    0.00    0.20 ^ clkbuf_4_10_0_clk/A (sky130_fd_sc_hd__clkbuf_8)
                  0.08    0.18    0.38 ^ clkbuf_4_10_0_clk/X (sky130_fd_sc_hd__clkbuf_8)
    15    0.04                           clknet_4_10_0_clk (net)
                  0.08    0.00    0.38 ^ _1317_/CLK (sky130_fd_sc_hd__dfrtp_4)
                          0.25    0.63   clock uncertainty
                         -0.02    0.61   clock reconvergence pessimism
                         -0.03    0.58   library hold time
                                  0.58   data required time
-----------------------------------------------------------------------------
                                  0.58   data required time
                                 -0.94   data arrival time
-----------------------------------------------------------------------------
                                  0.36   slack (MET)


Startpoint: _1318_ (rising edge-triggered flip-flop clocked by clk)
Endpoint: _1318_ (rising edge-triggered flip-flop clocked by clk)
Path Group: clk
Path Type: min

Fanout     Cap    Slew   Delay    Time   Description
-----------------------------------------------------------------------------
                          0.00    0.00   clock clk (rise edge)
                          0.00    0.00   clock source latency
                  0.04    0.03    0.03 ^ clk (in)
     1    0.01                           clk (net)
                  0.04    0.00    0.03 ^ clkbuf_0_clk/A (sky130_fd_sc_hd__clkbuf_16)
                  0.09    0.15    0.18 ^ clkbuf_0_clk/X (sky130_fd_sc_hd__clkbuf_16)
    16    0.07                           clknet_0_clk (net)
                  0.09    0.00    0.18 ^ clkbuf_4_10_0_clk/A (sky130_fd_sc_hd__clkbuf_8)
                  0.08    0.16    0.34 ^ clkbuf_4_10_0_clk/X (sky130_fd_sc_hd__clkbuf_8)
    15    0.04                           clknet_4_10_0_clk (net)
                  0.08    0.00    0.34 ^ _1318_/CLK (sky130_fd_sc_hd__dfrtp_1)
                  0.12    0.37    0.72 ^ _1318_/Q (sky130_fd_sc_hd__dfrtp_1)
     2    0.01                           u_pattern_gen.state_r[1] (net)
                  0.12    0.00    0.72 ^ _0675_/A1 (sky130_fd_sc_hd__mux2_1)
                  0.04    0.14    0.86 ^ _0675_/X (sky130_fd_sc_hd__mux2_1)
     1    0.00                           _0570_ (net)
                  0.04    0.00    0.86 ^ _0676_/A (sky130_fd_sc_hd__clkbuf_1)
                  0.05    0.08    0.93 ^ _0676_/X (sky130_fd_sc_hd__clkbuf_1)
     1    0.00                           _0143_ (net)
                  0.05    0.00    0.93 ^ _1318_/D (sky130_fd_sc_hd__dfrtp_1)
                                  0.93   data arrival time

                          0.00    0.00   clock clk (rise edge)
                          0.00    0.00   clock source latency
                  0.04    0.03    0.03 ^ clk (in)
     1    0.01                           clk (net)
                  0.04    0.00    0.03 ^ clkbuf_0_clk/A (sky130_fd_sc_hd__clkbuf_16)
                  0.09    0.17    0.20 ^ clkbuf_0_clk/X (sky130_fd_sc_hd__clkbuf_16)
    16    0.07                           clknet_0_clk (net)
                  0.09    0.00    0.20 ^ clkbuf_4_10_0_clk/A (sky130_fd_sc_hd__clkbuf_8)
                  0.08    0.18    0.38 ^ clkbuf_4_10_0_clk/X (sky130_fd_sc_hd__clkbuf_8)
    15    0.04                           clknet_4_10_0_clk (net)
                  0.08    0.00    0.38 ^ _1318_/CLK (sky130_fd_sc_hd__dfrtp_1)
                          0.25    0.63   clock uncertainty
                         -0.04    0.59   clock reconvergence pessimism
                         -0.03    0.56   library hold time
                                  0.56   data required time
-----------------------------------------------------------------------------
                                  0.56   data required time
                                 -0.93   data arrival time
-----------------------------------------------------------------------------
                                  0.37   slack (MET)


Startpoint: _1178_ (rising edge-triggered flip-flop clocked by clk)
Endpoint: _1178_ (rising edge-triggered flip-flop clocked by clk)
Path Group: clk
Path Type: min

Fanout     Cap    Slew   Delay    Time   Description
-----------------------------------------------------------------------------
                          0.00    0.00   clock clk (rise edge)
                          0.00    0.00   clock source latency
                  0.04    0.03    0.03 ^ clk (in)
     1    0.01                           clk (net)
                  0.04    0.00    0.03 ^ clkbuf_0_clk/A (sky130_fd_sc_hd__clkbuf_16)
                  0.09    0.15    0.18 ^ clkbuf_0_clk/X (sky130_fd_sc_hd__clkbuf_16)
    16    0.07                           clknet_0_clk (net)
                  0.09    0.00    0.18 ^ clkbuf_4_15_0_clk/A (sky130_fd_sc_hd__clkbuf_8)
                  0.05    0.14    0.32 ^ clkbuf_4_15_0_clk/X (sky130_fd_sc_hd__clkbuf_8)
     6    0.02                           clknet_4_15_0_clk (net)
                  0.05    0.00    0.32 ^ _1178_/CLK (sky130_fd_sc_hd__dfrtp_4)
                  0.13    0.44    0.76 ^ _1178_/Q (sky130_fd_sc_hd__dfrtp_4)
     9    0.03                           u_addr_gen.addr[5] (net)
                  0.13    0.00    0.76 ^ _0904_/B2 (sky130_fd_sc_hd__a2bb2o_1)
                  0.05    0.14    0.90 ^ _0904_/X (sky130_fd_sc_hd__a2bb2o_1)
     1    0.00                           _0013_ (net)
                  0.05    0.00    0.90 ^ _1178_/D (sky130_fd_sc_hd__dfrtp_4)
                                  0.90   data arrival time

                          0.00    0.00   clock clk (rise edge)
                          0.00    0.00   clock source latency
                  0.04    0.03    0.03 ^ clk (in)
     1    0.01                           clk (net)
                  0.04    0.00    0.03 ^ clkbuf_0_clk/A (sky130_fd_sc_hd__clkbuf_16)
                  0.09    0.17    0.20 ^ clkbuf_0_clk/X (sky130_fd_sc_hd__clkbuf_16)
    16    0.07                           clknet_0_clk (net)
                  0.09    0.00    0.20 ^ clkbuf_4_15_0_clk/A (sky130_fd_sc_hd__clkbuf_8)
                  0.05    0.15    0.35 ^ clkbuf_4_15_0_clk/X (sky130_fd_sc_hd__clkbuf_8)
     6    0.02                           clknet_4_15_0_clk (net)
                  0.05    0.00    0.35 ^ _1178_/CLK (sky130_fd_sc_hd__dfrtp_4)
                          0.25    0.60   clock uncertainty
                         -0.03    0.57   clock reconvergence pessimism
                         -0.03    0.53   library hold time
                                  0.53   data required time
-----------------------------------------------------------------------------
                                  0.53   data required time
                                 -0.90   data arrival time
-----------------------------------------------------------------------------
                                  0.37   slack (MET)


Startpoint: _1171_ (rising edge-triggered flip-flop clocked by clk)
Endpoint: _1171_ (rising edge-triggered flip-flop clocked by clk)
Path Group: clk
Path Type: min

Fanout     Cap    Slew   Delay    Time   Description
-----------------------------------------------------------------------------
                          0.00    0.00   clock clk (rise edge)
                          0.00    0.00   clock source latency
                  0.04    0.03    0.03 ^ clk (in)
     1    0.01                           clk (net)
                  0.04    0.00    0.03 ^ clkbuf_0_clk/A (sky130_fd_sc_hd__clkbuf_16)
                  0.09    0.15    0.18 ^ clkbuf_0_clk/X (sky130_fd_sc_hd__clkbuf_16)
    16    0.07                           clknet_0_clk (net)
                  0.09    0.00    0.18 ^ clkbuf_4_14_0_clk/A (sky130_fd_sc_hd__clkbuf_8)
                  0.06    0.14    0.32 ^ clkbuf_4_14_0_clk/X (sky130_fd_sc_hd__clkbuf_8)
     8    0.02                           clknet_4_14_0_clk (net)
                  0.06    0.00    0.32 ^ _1171_/CLK (sky130_fd_sc_hd__dfstp_1)
                  0.05    0.35    0.68 v _1171_/Q (sky130_fd_sc_hd__dfstp_1)
     3    0.01                           u_addr_gen.state[0] (net)
                  0.05    0.00    0.68 v _0860_/B (sky130_fd_sc_hd__and2_1)
                  0.04    0.15    0.82 v _0860_/X (sky130_fd_sc_hd__and2_1)
     1    0.00                           _0306_ (net)
                  0.04    0.00    0.82 v _0861_/A (sky130_fd_sc_hd__buf_1)
                  0.06    0.11    0.93 v _0861_/X (sky130_fd_sc_hd__buf_1)
     3    0.01                           _0000_ (net)
                  0.06    0.00    0.93 v _1171_/D (sky130_fd_sc_hd__dfstp_1)
                                  0.93   data arrival time

                          0.00    0.00   clock clk (rise edge)
                          0.00    0.00   clock source latency
                  0.04    0.03    0.03 ^ clk (in)
     1    0.01                           clk (net)
                  0.04    0.00    0.03 ^ clkbuf_0_clk/A (sky130_fd_sc_hd__clkbuf_16)
                  0.09    0.17    0.20 ^ clkbuf_0_clk/X (sky130_fd_sc_hd__clkbuf_16)
    16    0.07                           clknet_0_clk (net)
                  0.09    0.00    0.20 ^ clkbuf_4_14_0_clk/A (sky130_fd_sc_hd__clkbuf_8)
                  0.06    0.16    0.36 ^ clkbuf_4_14_0_clk/X (sky130_fd_sc_hd__clkbuf_8)
     8    0.02                           clknet_4_14_0_clk (net)
                  0.06    0.00    0.36 ^ _1171_/CLK (sky130_fd_sc_hd__dfstp_1)
                          0.25    0.61   clock uncertainty
                         -0.03    0.57   clock reconvergence pessimism
                         -0.02    0.56   library hold time
                                  0.56   data required time
-----------------------------------------------------------------------------
                                  0.56   data required time
                                 -0.93   data arrival time
-----------------------------------------------------------------------------
                                  0.37   slack (MET)


Startpoint: _1314_ (rising edge-triggered flip-flop clocked by clk)
Endpoint: _1315_ (rising edge-triggered flip-flop clocked by clk)
Path Group: clk
Path Type: min

Fanout     Cap    Slew   Delay    Time   Description
-----------------------------------------------------------------------------
                          0.00    0.00   clock clk (rise edge)
                          0.00    0.00   clock source latency
                  0.04    0.03    0.03 ^ clk (in)
     1    0.01                           clk (net)
                  0.04    0.00    0.03 ^ clkbuf_0_clk/A (sky130_fd_sc_hd__clkbuf_16)
                  0.09    0.15    0.18 ^ clkbuf_0_clk/X (sky130_fd_sc_hd__clkbuf_16)
    16    0.07                           clknet_0_clk (net)
                  0.09    0.00    0.18 ^ clkbuf_4_11_0_clk/A (sky130_fd_sc_hd__clkbuf_8)
                  0.06    0.14    0.32 ^ clkbuf_4_11_0_clk/X (sky130_fd_sc_hd__clkbuf_8)
    12    0.02                           clknet_4_11_0_clk (net)
                  0.06    0.00    0.32 ^ _1314_/CLK (sky130_fd_sc_hd__dfrtp_1)
                  0.04    0.35    0.67 v _1314_/Q (sky130_fd_sc_hd__dfrtp_1)
     1    0.00                           u_sram.re_r (net)
                  0.04    0.00    0.67 v hold2/A (sky130_fd_sc_hd__buf_1)
                  0.07    0.12    0.79 v hold2/X (sky130_fd_sc_hd__buf_1)
     3    0.01                           net18 (net)
                  0.07    0.00    0.79 v _0798_/C1 (sky130_fd_sc_hd__o221a_1)
                  0.04    0.12    0.91 v _0798_/X (sky130_fd_sc_hd__o221a_1)
     1    0.00                           _0005_ (net)
                  0.04    0.00    0.91 v _1315_/D (sky130_fd_sc_hd__dfrtp_1)
                                  0.91   data arrival time

                          0.00    0.00   clock clk (rise edge)
                          0.00    0.00   clock source latency
                  0.04    0.03    0.03 ^ clk (in)
     1    0.01                           clk (net)
                  0.04    0.00    0.03 ^ clkbuf_0_clk/A (sky130_fd_sc_hd__clkbuf_16)
                  0.09    0.17    0.20 ^ clkbuf_0_clk/X (sky130_fd_sc_hd__clkbuf_16)
    16    0.07                           clknet_0_clk (net)
                  0.09    0.00    0.20 ^ clkbuf_4_11_0_clk/A (sky130_fd_sc_hd__clkbuf_8)
                  0.06    0.16    0.36 ^ clkbuf_4_11_0_clk/X (sky130_fd_sc_hd__clkbuf_8)
    12    0.02                           clknet_4_11_0_clk (net)
                  0.06    0.00    0.36 ^ _1315_/CLK (sky130_fd_sc_hd__dfrtp_1)
                          0.25    0.61   clock uncertainty
                         -0.03    0.57   clock reconvergence pessimism
                         -0.04    0.53   library hold time
                                  0.53   data required time
-----------------------------------------------------------------------------
                                  0.53   data required time
                                 -0.91   data arrival time
-----------------------------------------------------------------------------
                                  0.38   slack (MET)


Startpoint: _1327_ (rising edge-triggered flip-flop clocked by clk)
Endpoint: _1320_ (rising edge-triggered flip-flop clocked by clk)
Path Group: clk
Path Type: min

Fanout     Cap    Slew   Delay    Time   Description
-----------------------------------------------------------------------------
                          0.00    0.00   clock clk (rise edge)
                          0.00    0.00   clock source latency
                  0.04    0.03    0.03 ^ clk (in)
     1    0.01                           clk (net)
                  0.04    0.00    0.03 ^ clkbuf_0_clk/A (sky130_fd_sc_hd__clkbuf_16)
                  0.09    0.15    0.18 ^ clkbuf_0_clk/X (sky130_fd_sc_hd__clkbuf_16)
    16    0.07                           clknet_0_clk (net)
                  0.09    0.00    0.18 ^ clkbuf_4_14_0_clk/A (sky130_fd_sc_hd__clkbuf_8)
                  0.06    0.14    0.32 ^ clkbuf_4_14_0_clk/X (sky130_fd_sc_hd__clkbuf_8)
     8    0.02                           clknet_4_14_0_clk (net)
                  0.06    0.00    0.32 ^ _1327_/CLK (sky130_fd_sc_hd__dfrtp_1)
                  0.10    0.35    0.67 ^ _1327_/Q (sky130_fd_sc_hd__dfrtp_1)
     2    0.01                           u_addr_gen.start (net)
                  0.10    0.00    0.67 ^ _0855_/A (sky130_fd_sc_hd__inv_2)
                  0.04    0.06    0.73 v _0855_/Y (sky130_fd_sc_hd__inv_2)
     5    0.01                           _0302_ (net)
                  0.04    0.00    0.73 v _0677_/B1 (sky130_fd_sc_hd__o21ai_1)
                  0.09    0.08    0.80 ^ _0677_/Y (sky130_fd_sc_hd__o21ai_1)
     1    0.00                           _0571_ (net)
                  0.09    0.00    0.80 ^ _0678_/B1 (sky130_fd_sc_hd__a22o_1)
                  0.04    0.12    0.92 ^ _0678_/X (sky130_fd_sc_hd__a22o_1)
     1    0.00                           _0144_ (net)
                  0.04    0.00    0.92 ^ _1320_/D (sky130_fd_sc_hd__dfrtp_1)
                                  0.92   data arrival time

                          0.00    0.00   clock clk (rise edge)
                          0.00    0.00   clock source latency
                  0.04    0.03    0.03 ^ clk (in)
     1    0.01                           clk (net)
                  0.04    0.00    0.03 ^ clkbuf_0_clk/A (sky130_fd_sc_hd__clkbuf_16)
                  0.09    0.17    0.20 ^ clkbuf_0_clk/X (sky130_fd_sc_hd__clkbuf_16)
    16    0.07                           clknet_0_clk (net)
                  0.09    0.00    0.20 ^ clkbuf_4_14_0_clk/A (sky130_fd_sc_hd__clkbuf_8)
                  0.06    0.16    0.36 ^ clkbuf_4_14_0_clk/X (sky130_fd_sc_hd__clkbuf_8)
     8    0.02                           clknet_4_14_0_clk (net)
                  0.06    0.00    0.36 ^ _1320_/CLK (sky130_fd_sc_hd__dfrtp_1)
                          0.25    0.61   clock uncertainty
                         -0.03    0.57   clock reconvergence pessimism
                         -0.03    0.54   library hold time
                                  0.54   data required time
-----------------------------------------------------------------------------
                                  0.54   data required time
                                 -0.92   data arrival time
-----------------------------------------------------------------------------
                                  0.38   slack (MET)


Startpoint: _1327_ (rising edge-triggered flip-flop clocked by clk)
Endpoint: _1179_ (rising edge-triggered flip-flop clocked by clk)
Path Group: clk
Path Type: min

Fanout     Cap    Slew   Delay    Time   Description
-----------------------------------------------------------------------------
                          0.00    0.00   clock clk (rise edge)
                          0.00    0.00   clock source latency
                  0.04    0.03    0.03 ^ clk (in)
     1    0.01                           clk (net)
                  0.04    0.00    0.03 ^ clkbuf_0_clk/A (sky130_fd_sc_hd__clkbuf_16)
                  0.09    0.15    0.18 ^ clkbuf_0_clk/X (sky130_fd_sc_hd__clkbuf_16)
    16    0.07                           clknet_0_clk (net)
                  0.09    0.00    0.18 ^ clkbuf_4_14_0_clk/A (sky130_fd_sc_hd__clkbuf_8)
                  0.06    0.14    0.32 ^ clkbuf_4_14_0_clk/X (sky130_fd_sc_hd__clkbuf_8)
     8    0.02                           clknet_4_14_0_clk (net)
                  0.06    0.00    0.32 ^ _1327_/CLK (sky130_fd_sc_hd__dfrtp_1)
                  0.07    0.37    0.69 v _1327_/Q (sky130_fd_sc_hd__dfrtp_1)
     2    0.01                           u_addr_gen.start (net)
                  0.07    0.00    0.69 v _0855_/A (sky130_fd_sc_hd__inv_2)
                  0.07    0.08    0.78 ^ _0855_/Y (sky130_fd_sc_hd__inv_2)
     5    0.01                           _0302_ (net)
                  0.07    0.00    0.78 ^ _0859_/A1 (sky130_fd_sc_hd__a32o_1)
                  0.06    0.15    0.93 ^ _0859_/X (sky130_fd_sc_hd__a32o_1)
     1    0.00                           _0581_ (net)
                  0.06    0.00    0.93 ^ _1179_/D (sky130_fd_sc_hd__dfrtp_1)
                                  0.93   data arrival time

                          0.00    0.00   clock clk (rise edge)
                          0.00    0.00   clock source latency
                  0.04    0.03    0.03 ^ clk (in)
     1    0.01                           clk (net)
                  0.04    0.00    0.03 ^ clkbuf_0_clk/A (sky130_fd_sc_hd__clkbuf_16)
                  0.09    0.17    0.20 ^ clkbuf_0_clk/X (sky130_fd_sc_hd__clkbuf_16)
    16    0.07                           clknet_0_clk (net)
                  0.09    0.00    0.20 ^ clkbuf_4_14_0_clk/A (sky130_fd_sc_hd__clkbuf_8)
                  0.06    0.16    0.36 ^ clkbuf_4_14_0_clk/X (sky130_fd_sc_hd__clkbuf_8)
     8    0.02                           clknet_4_14_0_clk (net)
                  0.06    0.00    0.36 ^ _1179_/CLK (sky130_fd_sc_hd__dfrtp_1)
                          0.25    0.61   clock uncertainty
                         -0.03    0.57   clock reconvergence pessimism
                         -0.04    0.54   library hold time
                                  0.54   data required time
-----------------------------------------------------------------------------
                                  0.54   data required time
                                 -0.93   data arrival time
-----------------------------------------------------------------------------
                                  0.39   slack (MET)


Startpoint: _1172_ (rising edge-triggered flip-flop clocked by clk)
Endpoint: _1173_ (rising edge-triggered flip-flop clocked by clk)
Path Group: clk
Path Type: min

Fanout     Cap    Slew   Delay    Time   Description
-----------------------------------------------------------------------------
                          0.00    0.00   clock clk (rise edge)
                          0.00    0.00   clock source latency
                  0.04    0.03    0.03 ^ clk (in)
     1    0.01                           clk (net)
                  0.04    0.00    0.03 ^ clkbuf_0_clk/A (sky130_fd_sc_hd__clkbuf_16)
                  0.09    0.15    0.18 ^ clkbuf_0_clk/X (sky130_fd_sc_hd__clkbuf_16)
    16    0.07                           clknet_0_clk (net)
                  0.09    0.00    0.18 ^ clkbuf_4_14_0_clk/A (sky130_fd_sc_hd__clkbuf_8)
                  0.06    0.14    0.32 ^ clkbuf_4_14_0_clk/X (sky130_fd_sc_hd__clkbuf_8)
     8    0.02                           clknet_4_14_0_clk (net)
                  0.06    0.00    0.32 ^ _1172_/CLK (sky130_fd_sc_hd__dfrtp_1)
                  0.07    0.38    0.70 v _1172_/Q (sky130_fd_sc_hd__dfrtp_1)
     5    0.01                           u_addr_gen.state[1] (net)
                  0.07    0.00    0.70 v _0879_/A (sky130_fd_sc_hd__nand2_1)
                  0.08    0.09    0.80 ^ _0879_/Y (sky130_fd_sc_hd__nand2_1)
     3    0.01                           _0322_ (net)
                  0.08    0.00    0.80 ^ _0884_/A2 (sky130_fd_sc_hd__o21ai_1)
                  0.05    0.07    0.87 v _0884_/Y (sky130_fd_sc_hd__o21ai_1)
     2    0.01                           _0327_ (net)
                  0.05    0.00    0.87 v _0885_/B1 (sky130_fd_sc_hd__o21a_1)
                  0.03    0.09    0.96 v _0885_/X (sky130_fd_sc_hd__o21a_1)
     1    0.00                           _0008_ (net)
                  0.03    0.00    0.96 v _1173_/D (sky130_fd_sc_hd__dfrtp_1)
                                  0.96   data arrival time

                          0.00    0.00   clock clk (rise edge)
                          0.00    0.00   clock source latency
                  0.04    0.03    0.03 ^ clk (in)
     1    0.01                           clk (net)
                  0.04    0.00    0.03 ^ clkbuf_0_clk/A (sky130_fd_sc_hd__clkbuf_16)
                  0.09    0.17    0.20 ^ clkbuf_0_clk/X (sky130_fd_sc_hd__clkbuf_16)
    16    0.07                           clknet_0_clk (net)
                  0.09    0.00    0.20 ^ clkbuf_4_13_0_clk/A (sky130_fd_sc_hd__clkbuf_8)
                  0.06    0.16    0.36 ^ clkbuf_4_13_0_clk/X (sky130_fd_sc_hd__clkbuf_8)
     9    0.03                           clknet_4_13_0_clk (net)
                  0.06    0.00    0.36 ^ _1173_/CLK (sky130_fd_sc_hd__dfrtp_1)
                          0.25    0.61   clock uncertainty
                         -0.02    0.59   clock reconvergence pessimism
                         -0.04    0.56   library hold time
                                  0.56   data required time
-----------------------------------------------------------------------------
                                  0.56   data required time
                                 -0.96   data arrival time
-----------------------------------------------------------------------------
                                  0.40   slack (MET)


Startpoint: _1234_ (rising edge-triggered flip-flop clocked by clk)
Endpoint: _1316_ (rising edge-triggered flip-flop clocked by clk)
Path Group: clk
Path Type: min

Fanout     Cap    Slew   Delay    Time   Description
-----------------------------------------------------------------------------
                          0.00    0.00   clock clk (rise edge)
                          0.00    0.00   clock source latency
                  0.04    0.03    0.03 ^ clk (in)
     1    0.01                           clk (net)
                  0.04    0.00    0.03 ^ clkbuf_0_clk/A (sky130_fd_sc_hd__clkbuf_16)
                  0.09    0.15    0.18 ^ clkbuf_0_clk/X (sky130_fd_sc_hd__clkbuf_16)
    16    0.07                           clknet_0_clk (net)
                  0.09    0.00    0.18 ^ clkbuf_4_7_0_clk/A (sky130_fd_sc_hd__clkbuf_8)
                  0.07    0.16    0.34 ^ clkbuf_4_7_0_clk/X (sky130_fd_sc_hd__clkbuf_8)
    13    0.03                           clknet_4_7_0_clk (net)
                  0.07    0.00    0.34 ^ _1234_/CLK (sky130_fd_sc_hd__dfxtp_1)
                  0.06    0.31    0.64 ^ _1234_/Q (sky130_fd_sc_hd__dfxtp_1)
     2    0.00                           u_sram.mem[36][0] (net)
                  0.06    0.00    0.64 ^ _0802_/A1 (sky130_fd_sc_hd__a211o_1)
                  0.03    0.10    0.75 ^ _0802_/X (sky130_fd_sc_hd__a211o_1)
     1    0.00                           _0250_ (net)
                  0.03    0.00    0.75 ^ _0835_/A2 (sky130_fd_sc_hd__a2111o_1)
                  0.04    0.11    0.86 ^ _0835_/X (sky130_fd_sc_hd__a2111o_1)
     1    0.00                           _0283_ (net)
                  0.04    0.00    0.86 ^ _0854_/A1 (sky130_fd_sc_hd__o31a_1)
                  0.06    0.13    0.99 ^ _0854_/X (sky130_fd_sc_hd__o31a_1)
     1    0.01                           _0004_ (net)
                  0.06    0.00    0.99 ^ _1316_/D (sky130_fd_sc_hd__dfrtp_1)
                                  0.99   data arrival time

                          0.00    0.00   clock clk (rise edge)
                          0.00    0.00   clock source latency
                  0.04    0.03    0.03 ^ clk (in)
     1    0.01                           clk (net)
                  0.04    0.00    0.03 ^ clkbuf_0_clk/A (sky130_fd_sc_hd__clkbuf_16)
                  0.09    0.17    0.20 ^ clkbuf_0_clk/X (sky130_fd_sc_hd__clkbuf_16)
    16    0.07                           clknet_0_clk (net)
                  0.09    0.00    0.20 ^ clkbuf_4_10_0_clk/A (sky130_fd_sc_hd__clkbuf_8)
                  0.08    0.18    0.38 ^ clkbuf_4_10_0_clk/X (sky130_fd_sc_hd__clkbuf_8)
    15    0.04                           clknet_4_10_0_clk (net)
                  0.08    0.00    0.38 ^ _1316_/CLK (sky130_fd_sc_hd__dfrtp_1)
                          0.25    0.63   clock uncertainty
                         -0.02    0.61   clock reconvergence pessimism
                         -0.03    0.58   library hold time
                                  0.58   data required time
-----------------------------------------------------------------------------
                                  0.58   data required time
                                 -0.99   data arrival time
-----------------------------------------------------------------------------
                                  0.41   slack (MET)


Startpoint: _1322_ (rising edge-triggered flip-flop clocked by clk)
Endpoint: _1323_ (rising edge-triggered flip-flop clocked by clk)
Path Group: clk
Path Type: min

Fanout     Cap    Slew   Delay    Time   Description
-----------------------------------------------------------------------------
                          0.00    0.00   clock clk (rise edge)
                          0.00    0.00   clock source latency
                  0.04    0.03    0.03 ^ clk (in)
     1    0.01                           clk (net)
                  0.04    0.00    0.03 ^ clkbuf_0_clk/A (sky130_fd_sc_hd__clkbuf_16)
                  0.09    0.15    0.18 ^ clkbuf_0_clk/X (sky130_fd_sc_hd__clkbuf_16)
    16    0.07                           clknet_0_clk (net)
                  0.09    0.00    0.18 ^ clkbuf_4_10_0_clk/A (sky130_fd_sc_hd__clkbuf_8)
                  0.08    0.16    0.34 ^ clkbuf_4_10_0_clk/X (sky130_fd_sc_hd__clkbuf_8)
    15    0.04                           clknet_4_10_0_clk (net)
                  0.08    0.00    0.34 ^ _1322_/CLK (sky130_fd_sc_hd__dfrtp_1)
                  0.06    0.38    0.72 v _1322_/Q (sky130_fd_sc_hd__dfrtp_1)
     2    0.01                           u_fsm.fail_latch (net)
                  0.06    0.00    0.72 v _0682_/A (sky130_fd_sc_hd__inv_2)
                  0.03    0.05    0.77 ^ _0682_/Y (sky130_fd_sc_hd__inv_2)
     1    0.00                           _0574_ (net)
                  0.03    0.00    0.77 ^ _0683_/A1 (sky130_fd_sc_hd__mux2_1)
                  0.05    0.11    0.88 ^ _0683_/X (sky130_fd_sc_hd__mux2_1)
     1    0.00                           _0575_ (net)
                  0.05    0.00    0.89 ^ _0684_/A (sky130_fd_sc_hd__clkbuf_1)
                  0.05    0.08    0.96 ^ _0684_/X (sky130_fd_sc_hd__clkbuf_1)
     1    0.00                           _0146_ (net)
                  0.05    0.00    0.96 ^ _1323_/D (sky130_fd_sc_hd__dfrtp_1)
                                  0.96   data arrival time

                          0.00    0.00   clock clk (rise edge)
                          0.00    0.00   clock source latency
                  0.04    0.03    0.03 ^ clk (in)
     1    0.01                           clk (net)
                  0.04    0.00    0.03 ^ clkbuf_0_clk/A (sky130_fd_sc_hd__clkbuf_16)
                  0.09    0.17    0.20 ^ clkbuf_0_clk/X (sky130_fd_sc_hd__clkbuf_16)
    16    0.07                           clknet_0_clk (net)
                  0.09    0.00    0.20 ^ clkbuf_4_11_0_clk/A (sky130_fd_sc_hd__clkbuf_8)
                  0.06    0.16    0.36 ^ clkbuf_4_11_0_clk/X (sky130_fd_sc_hd__clkbuf_8)
    12    0.02                           clknet_4_11_0_clk (net)
                  0.06    0.00    0.36 ^ _1323_/CLK (sky130_fd_sc_hd__dfrtp_1)
                          0.25    0.61   clock uncertainty
                         -0.02    0.59   clock reconvergence pessimism
                         -0.03    0.55   library hold time
                                  0.55   data required time
-----------------------------------------------------------------------------
                                  0.55   data required time
                                 -0.96   data arrival time
-----------------------------------------------------------------------------
                                  0.41   slack (MET)


Startpoint: _1315_ (rising edge-triggered flip-flop clocked by clk)
Endpoint: _1328_ (rising edge-triggered flip-flop clocked by clk)
Path Group: clk
Path Type: min

Fanout     Cap    Slew   Delay    Time   Description
-----------------------------------------------------------------------------
                          0.00    0.00   clock clk (rise edge)
                          0.00    0.00   clock source latency
                  0.04    0.03    0.03 ^ clk (in)
     1    0.01                           clk (net)
                  0.04    0.00    0.03 ^ clkbuf_0_clk/A (sky130_fd_sc_hd__clkbuf_16)
                  0.09    0.15    0.18 ^ clkbuf_0_clk/X (sky130_fd_sc_hd__clkbuf_16)
    16    0.07                           clknet_0_clk (net)
                  0.09    0.00    0.18 ^ clkbuf_4_11_0_clk/A (sky130_fd_sc_hd__clkbuf_8)
                  0.06    0.14    0.32 ^ clkbuf_4_11_0_clk/X (sky130_fd_sc_hd__clkbuf_8)
    12    0.02                           clknet_4_11_0_clk (net)
                  0.06    0.00    0.32 ^ _1315_/CLK (sky130_fd_sc_hd__dfrtp_1)
                  0.07    0.32    0.64 ^ _1315_/Q (sky130_fd_sc_hd__dfrtp_1)
     1    0.01                           u_comparator.read_data[1] (net)
                  0.07    0.00    0.64 ^ _0685_/A (sky130_fd_sc_hd__inv_2)
                  0.02    0.04    0.68 v _0685_/Y (sky130_fd_sc_hd__inv_2)
     2    0.01                           _0576_ (net)
                  0.02    0.00    0.68 v _0688_/A1 (sky130_fd_sc_hd__a21oi_1)
                  0.11    0.12    0.80 ^ _0688_/Y (sky130_fd_sc_hd__a21oi_1)
     1    0.00                           _0579_ (net)
                  0.11    0.00    0.80 ^ _0689_/A1 (sky130_fd_sc_hd__mux2_1)
                  0.04    0.13    0.92 ^ _0689_/X (sky130_fd_sc_hd__mux2_1)
     1    0.00                           _0580_ (net)
                  0.04    0.00    0.92 ^ _0690_/A (sky130_fd_sc_hd__clkbuf_1)
                  0.04    0.07    1.00 ^ _0690_/X (sky130_fd_sc_hd__clkbuf_1)
     1    0.00                           _0147_ (net)
                  0.04    0.00    1.00 ^ _1328_/D (sky130_fd_sc_hd__dfstp_1)
                                  1.00   data arrival time

                          0.00    0.00   clock clk (rise edge)
                          0.00    0.00   clock source latency
                  0.04    0.03    0.03 ^ clk (in)
     1    0.01                           clk (net)
                  0.04    0.00    0.03 ^ clkbuf_0_clk/A (sky130_fd_sc_hd__clkbuf_16)
                  0.09    0.17    0.20 ^ clkbuf_0_clk/X (sky130_fd_sc_hd__clkbuf_16)
    16    0.07                           clknet_0_clk (net)
                  0.09    0.00    0.20 ^ clkbuf_4_10_0_clk/A (sky130_fd_sc_hd__clkbuf_8)
                  0.08    0.18    0.38 ^ clkbuf_4_10_0_clk/X (sky130_fd_sc_hd__clkbuf_8)
    15    0.04                           clknet_4_10_0_clk (net)
                  0.08    0.00    0.38 ^ _1328_/CLK (sky130_fd_sc_hd__dfstp_1)
                          0.25    0.63   clock uncertainty
                         -0.02    0.61   clock reconvergence pessimism
                         -0.03    0.58   library hold time
                                  0.58   data required time
-----------------------------------------------------------------------------
                                  0.58   data required time
                                 -1.00   data arrival time
-----------------------------------------------------------------------------
                                  0.41   slack (MET)


Startpoint: _1174_ (rising edge-triggered flip-flop clocked by clk)
Endpoint: _1174_ (rising edge-triggered flip-flop clocked by clk)
Path Group: clk
Path Type: min

Fanout     Cap    Slew   Delay    Time   Description
-----------------------------------------------------------------------------
                          0.00    0.00   clock clk (rise edge)
                          0.00    0.00   clock source latency
                  0.04    0.03    0.03 ^ clk (in)
     1    0.01                           clk (net)
                  0.04    0.00    0.03 ^ clkbuf_0_clk/A (sky130_fd_sc_hd__clkbuf_16)
                  0.09    0.15    0.18 ^ clkbuf_0_clk/X (sky130_fd_sc_hd__clkbuf_16)
    16    0.07                           clknet_0_clk (net)
                  0.09    0.00    0.18 ^ clkbuf_4_13_0_clk/A (sky130_fd_sc_hd__clkbuf_8)
                  0.06    0.15    0.33 ^ clkbuf_4_13_0_clk/X (sky130_fd_sc_hd__clkbuf_8)
     9    0.03                           clknet_4_13_0_clk (net)
                  0.06    0.00    0.33 ^ _1174_/CLK (sky130_fd_sc_hd__dfrtp_1)
                  0.09    0.34    0.67 ^ _1174_/Q (sky130_fd_sc_hd__dfrtp_1)
     3    0.01                           u_addr_gen.addr[1] (net)
                  0.09    0.00    0.67 ^ _0866_/A (sky130_fd_sc_hd__clkbuf_2)
                  0.14    0.18    0.85 ^ _0866_/X (sky130_fd_sc_hd__clkbuf_2)
    10    0.03                           _0311_ (net)
                  0.14    0.00    0.85 ^ _0889_/B1 (sky130_fd_sc_hd__a2bb2o_1)
                  0.06    0.15    1.01 ^ _0889_/X (sky130_fd_sc_hd__a2bb2o_1)
     1    0.00                           _0009_ (net)
                  0.06    0.00    1.01 ^ _1174_/D (sky130_fd_sc_hd__dfrtp_1)
                                  1.01   data arrival time

                          0.00    0.00   clock clk (rise edge)
                          0.00    0.00   clock source latency
                  0.04    0.03    0.03 ^ clk (in)
     1    0.01                           clk (net)
                  0.04    0.00    0.03 ^ clkbuf_0_clk/A (sky130_fd_sc_hd__clkbuf_16)
                  0.09    0.17    0.20 ^ clkbuf_0_clk/X (sky130_fd_sc_hd__clkbuf_16)
    16    0.07                           clknet_0_clk (net)
                  0.09    0.00    0.20 ^ clkbuf_4_13_0_clk/A (sky130_fd_sc_hd__clkbuf_8)
                  0.06    0.16    0.36 ^ clkbuf_4_13_0_clk/X (sky130_fd_sc_hd__clkbuf_8)
     9    0.03                           clknet_4_13_0_clk (net)
                  0.06    0.00    0.36 ^ _1174_/CLK (sky130_fd_sc_hd__dfrtp_1)
                          0.25    0.61   clock uncertainty
                         -0.03    0.58   clock reconvergence pessimism
                         -0.04    0.54   library hold time
                                  0.54   data required time
-----------------------------------------------------------------------------
                                  0.54   data required time
                                 -1.01   data arrival time
-----------------------------------------------------------------------------
                                  0.46   slack (MET)


Startpoint: _1172_ (rising edge-triggered flip-flop clocked by clk)
Endpoint: _1176_ (rising edge-triggered flip-flop clocked by clk)
Path Group: clk
Path Type: min

Fanout     Cap    Slew   Delay    Time   Description
-----------------------------------------------------------------------------
                          0.00    0.00   clock clk (rise edge)
                          0.00    0.00   clock source latency
                  0.04    0.03    0.03 ^ clk (in)
     1    0.01                           clk (net)
                  0.04    0.00    0.03 ^ clkbuf_0_clk/A (sky130_fd_sc_hd__clkbuf_16)
                  0.09    0.15    0.18 ^ clkbuf_0_clk/X (sky130_fd_sc_hd__clkbuf_16)
    16    0.07                           clknet_0_clk (net)
                  0.09    0.00    0.18 ^ clkbuf_4_14_0_clk/A (sky130_fd_sc_hd__clkbuf_8)
                  0.06    0.14    0.32 ^ clkbuf_4_14_0_clk/X (sky130_fd_sc_hd__clkbuf_8)
     8    0.02                           clknet_4_14_0_clk (net)
                  0.06    0.00    0.32 ^ _1172_/CLK (sky130_fd_sc_hd__dfrtp_1)
                  0.11    0.36    0.68 ^ _1172_/Q (sky130_fd_sc_hd__dfrtp_1)
     5    0.01                           u_addr_gen.state[1] (net)
                  0.11    0.00    0.68 ^ _0879_/A (sky130_fd_sc_hd__nand2_1)
                  0.06    0.08    0.76 v _0879_/Y (sky130_fd_sc_hd__nand2_1)
     3    0.01                           _0322_ (net)
                  0.06    0.00    0.76 v _0890_/A2 (sky130_fd_sc_hd__o21ai_1)
                  0.11    0.14    0.91 ^ _0890_/Y (sky130_fd_sc_hd__o21ai_1)
     2    0.01                           _0331_ (net)
                  0.11    0.00    0.91 ^ _0898_/B1 (sky130_fd_sc_hd__a2bb2o_1)
                  0.05    0.14    1.04 ^ _0898_/X (sky130_fd_sc_hd__a2bb2o_1)
     1    0.00                           _0011_ (net)
                  0.05    0.00    1.04 ^ _1176_/D (sky130_fd_sc_hd__dfrtp_4)
                                  1.04   data arrival time

                          0.00    0.00   clock clk (rise edge)
                          0.00    0.00   clock source latency
                  0.04    0.03    0.03 ^ clk (in)
     1    0.01                           clk (net)
                  0.04    0.00    0.03 ^ clkbuf_0_clk/A (sky130_fd_sc_hd__clkbuf_16)
                  0.09    0.17    0.20 ^ clkbuf_0_clk/X (sky130_fd_sc_hd__clkbuf_16)
    16    0.07                           clknet_0_clk (net)
                  0.09    0.00    0.20 ^ clkbuf_4_12_0_clk/A (sky130_fd_sc_hd__clkbuf_8)
                  0.05    0.16    0.35 ^ clkbuf_4_12_0_clk/X (sky130_fd_sc_hd__clkbuf_8)
     7    0.02                           clknet_4_12_0_clk (net)
                  0.05    0.00    0.36 ^ _1176_/CLK (sky130_fd_sc_hd__dfrtp_4)
                          0.25    0.61   clock uncertainty
                         -0.02    0.59   clock reconvergence pessimism
                         -0.03    0.55   library hold time
                                  0.55   data required time
-----------------------------------------------------------------------------
                                  0.55   data required time
                                 -1.04   data arrival time
-----------------------------------------------------------------------------
                                  0.49   slack (MET)


Startpoint: _1326_ (rising edge-triggered flip-flop clocked by clk)
Endpoint: _1327_ (rising edge-triggered flip-flop clocked by clk)
Path Group: clk
Path Type: min

Fanout     Cap    Slew   Delay    Time   Description
-----------------------------------------------------------------------------
                          0.00    0.00   clock clk (rise edge)
                          0.00    0.00   clock source latency
                  0.04    0.03    0.03 ^ clk (in)
     1    0.01                           clk (net)
                  0.04    0.00    0.03 ^ clkbuf_0_clk/A (sky130_fd_sc_hd__clkbuf_16)
                  0.09    0.15    0.18 ^ clkbuf_0_clk/X (sky130_fd_sc_hd__clkbuf_16)
    16    0.07                           clknet_0_clk (net)
                  0.09    0.00    0.18 ^ clkbuf_4_11_0_clk/A (sky130_fd_sc_hd__clkbuf_8)
                  0.06    0.14    0.32 ^ clkbuf_4_11_0_clk/X (sky130_fd_sc_hd__clkbuf_8)
    12    0.02                           clknet_4_11_0_clk (net)
                  0.06    0.00    0.32 ^ _1326_/CLK (sky130_fd_sc_hd__dfrtp_4)
                  0.10    0.43    0.75 ^ _1326_/Q (sky130_fd_sc_hd__dfrtp_4)
    10    0.02                           u_fsm.state[2] (net)
                  0.10    0.00    0.75 ^ _0705_/A_N (sky130_fd_sc_hd__and3b_1)
                  0.04    0.18    0.93 v _0705_/X (sky130_fd_sc_hd__and3b_1)
     1    0.00                           _0158_ (net)
                  0.04    0.00    0.93 v _0706_/A (sky130_fd_sc_hd__buf_1)
                  0.07    0.12    1.04 v _0706_/X (sky130_fd_sc_hd__buf_1)
     3    0.01                           _0002_ (net)
                  0.07    0.00    1.05 v _1327_/D (sky130_fd_sc_hd__dfrtp_1)
                                  1.05   data arrival time

                          0.00    0.00   clock clk (rise edge)
                          0.00    0.00   clock source latency
                  0.04    0.03    0.03 ^ clk (in)
     1    0.01                           clk (net)
                  0.04    0.00    0.03 ^ clkbuf_0_clk/A (sky130_fd_sc_hd__clkbuf_16)
                  0.09    0.17    0.20 ^ clkbuf_0_clk/X (sky130_fd_sc_hd__clkbuf_16)
    16    0.07                           clknet_0_clk (net)
                  0.09    0.00    0.20 ^ clkbuf_4_14_0_clk/A (sky130_fd_sc_hd__clkbuf_8)
                  0.06    0.16    0.36 ^ clkbuf_4_14_0_clk/X (sky130_fd_sc_hd__clkbuf_8)
     8    0.02                           clknet_4_14_0_clk (net)
                  0.06    0.00    0.36 ^ _1327_/CLK (sky130_fd_sc_hd__dfrtp_1)
                          0.25    0.61   clock uncertainty
                         -0.02    0.59   clock reconvergence pessimism
                         -0.06    0.53   library hold time
                                  0.53   data required time
-----------------------------------------------------------------------------
                                  0.53   data required time
                                 -1.05   data arrival time
-----------------------------------------------------------------------------
                                  0.51   slack (MET)


Startpoint: _1172_ (rising edge-triggered flip-flop clocked by clk)
Endpoint: _1175_ (rising edge-triggered flip-flop clocked by clk)
Path Group: clk
Path Type: min

Fanout     Cap    Slew   Delay    Time   Description
-----------------------------------------------------------------------------
                          0.00    0.00   clock clk (rise edge)
                          0.00    0.00   clock source latency
                  0.04    0.03    0.03 ^ clk (in)
     1    0.01                           clk (net)
                  0.04    0.00    0.03 ^ clkbuf_0_clk/A (sky130_fd_sc_hd__clkbuf_16)
                  0.09    0.15    0.18 ^ clkbuf_0_clk/X (sky130_fd_sc_hd__clkbuf_16)
    16    0.07                           clknet_0_clk (net)
                  0.09    0.00    0.18 ^ clkbuf_4_14_0_clk/A (sky130_fd_sc_hd__clkbuf_8)
                  0.06    0.14    0.32 ^ clkbuf_4_14_0_clk/X (sky130_fd_sc_hd__clkbuf_8)
     8    0.02                           clknet_4_14_0_clk (net)
                  0.06    0.00    0.32 ^ _1172_/CLK (sky130_fd_sc_hd__dfrtp_1)
                  0.07    0.38    0.70 v _1172_/Q (sky130_fd_sc_hd__dfrtp_1)
     5    0.01                           u_addr_gen.state[1] (net)
                  0.07    0.00    0.70 v _0879_/A (sky130_fd_sc_hd__nand2_1)
                  0.08    0.09    0.80 ^ _0879_/Y (sky130_fd_sc_hd__nand2_1)
     3    0.01                           _0322_ (net)
                  0.08    0.00    0.80 ^ _0890_/A2 (sky130_fd_sc_hd__o21ai_1)
                  0.05    0.07    0.87 v _0890_/Y (sky130_fd_sc_hd__o21ai_1)
     2    0.01                           _0331_ (net)
                  0.05    0.00    0.87 v _0893_/A (sky130_fd_sc_hd__and2_1)
                  0.04    0.13    1.00 v _0893_/X (sky130_fd_sc_hd__and2_1)
     1    0.00                           _0334_ (net)
                  0.04    0.00    1.00 v _0894_/A (sky130_fd_sc_hd__clkbuf_1)
                  0.03    0.08    1.08 v _0894_/X (sky130_fd_sc_hd__clkbuf_1)
     1    0.00                           _0010_ (net)
                  0.03    0.00    1.08 v _1175_/D (sky130_fd_sc_hd__dfrtp_2)
                                  1.08   data arrival time

                          0.00    0.00   clock clk (rise edge)
                          0.00    0.00   clock source latency
                  0.04    0.03    0.03 ^ clk (in)
     1    0.01                           clk (net)
                  0.04    0.00    0.03 ^ clkbuf_0_clk/A (sky130_fd_sc_hd__clkbuf_16)
                  0.09    0.17    0.20 ^ clkbuf_0_clk/X (sky130_fd_sc_hd__clkbuf_16)
    16    0.07                           clknet_0_clk (net)
                  0.09    0.00    0.20 ^ clkbuf_4_13_0_clk/A (sky130_fd_sc_hd__clkbuf_8)
                  0.06    0.16    0.36 ^ clkbuf_4_13_0_clk/X (sky130_fd_sc_hd__clkbuf_8)
     9    0.03                           clknet_4_13_0_clk (net)
                  0.06    0.00    0.36 ^ _1175_/CLK (sky130_fd_sc_hd__dfrtp_2)
                          0.25    0.61   clock uncertainty
                         -0.02    0.59   clock reconvergence pessimism
                         -0.03    0.56   library hold time
                                  0.56   data required time
-----------------------------------------------------------------------------
                                  0.56   data required time
                                 -1.08   data arrival time
-----------------------------------------------------------------------------
                                  0.52   slack (MET)


Startpoint: _1180_ (rising edge-triggered flip-flop clocked by clk)
Endpoint: _1325_ (rising edge-triggered flip-flop clocked by clk)
Path Group: clk
Path Type: min

Fanout     Cap    Slew   Delay    Time   Description
-----------------------------------------------------------------------------
                          0.00    0.00   clock clk (rise edge)
                          0.00    0.00   clock source latency
                  0.04    0.03    0.03 ^ clk (in)
     1    0.01                           clk (net)
                  0.04    0.00    0.03 ^ clkbuf_0_clk/A (sky130_fd_sc_hd__clkbuf_16)
                  0.09    0.15    0.18 ^ clkbuf_0_clk/X (sky130_fd_sc_hd__clkbuf_16)
    16    0.07                           clknet_0_clk (net)
                  0.09    0.00    0.18 ^ clkbuf_4_11_0_clk/A (sky130_fd_sc_hd__clkbuf_8)
                  0.06    0.14    0.32 ^ clkbuf_4_11_0_clk/X (sky130_fd_sc_hd__clkbuf_8)
    12    0.02                           clknet_4_11_0_clk (net)
                  0.06    0.00    0.32 ^ _1180_/CLK (sky130_fd_sc_hd__dfrtp_1)
                  0.09    0.34    0.66 ^ _1180_/Q (sky130_fd_sc_hd__dfrtp_1)
     2    0.01                           u_fsm.addr_done_seen (net)
                  0.09    0.00    0.66 ^ _0696_/A1 (sky130_fd_sc_hd__a21o_1)
                  0.04    0.11    0.77 ^ _0696_/X (sky130_fd_sc_hd__a21o_1)
     1    0.00                           _0153_ (net)
                  0.04    0.00    0.77 ^ _0697_/A (sky130_fd_sc_hd__clkbuf_2)
                  0.08    0.12    0.89 ^ _0697_/X (sky130_fd_sc_hd__clkbuf_2)
     5    0.01                           _0003_ (net)
                  0.08    0.00    0.89 ^ _0701_/A (sky130_fd_sc_hd__or3b_1)
                  0.04    0.10    0.99 ^ _0701_/X (sky130_fd_sc_hd__or3b_1)
     1    0.00                           _0156_ (net)
                  0.04    0.00    0.99 ^ _0702_/A (sky130_fd_sc_hd__clkbuf_1)
                  0.04    0.07    1.06 ^ _0702_/X (sky130_fd_sc_hd__clkbuf_1)
     1    0.00                           u_fsm.next_state[1] (net)
                  0.04    0.00    1.06 ^ _1325_/D (sky130_fd_sc_hd__dfrtp_1)
                                  1.06   data arrival time

                          0.00    0.00   clock clk (rise edge)
                          0.00    0.00   clock source latency
                  0.04    0.03    0.03 ^ clk (in)
     1    0.01                           clk (net)
                  0.04    0.00    0.03 ^ clkbuf_0_clk/A (sky130_fd_sc_hd__clkbuf_16)
                  0.09    0.17    0.20 ^ clkbuf_0_clk/X (sky130_fd_sc_hd__clkbuf_16)
    16    0.07                           clknet_0_clk (net)
                  0.09    0.00    0.20 ^ clkbuf_4_11_0_clk/A (sky130_fd_sc_hd__clkbuf_8)
                  0.06    0.16    0.36 ^ clkbuf_4_11_0_clk/X (sky130_fd_sc_hd__clkbuf_8)
    12    0.02                           clknet_4_11_0_clk (net)
                  0.06    0.00    0.36 ^ _1325_/CLK (sky130_fd_sc_hd__dfrtp_1)
                          0.25    0.61   clock uncertainty
                         -0.03    0.57   clock reconvergence pessimism
                         -0.03    0.54   library hold time
                                  0.54   data required time
-----------------------------------------------------------------------------
                                  0.54   data required time
                                 -1.06   data arrival time
-----------------------------------------------------------------------------
                                  0.52   slack (MET)


Startpoint: _1324_ (rising edge-triggered flip-flop clocked by clk)
Endpoint: _1314_ (rising edge-triggered flip-flop clocked by clk)
Path Group: clk
Path Type: min

Fanout     Cap    Slew   Delay    Time   Description
-----------------------------------------------------------------------------
                          0.00    0.00   clock clk (rise edge)
                          0.00    0.00   clock source latency
                  0.04    0.03    0.03 ^ clk (in)
     1    0.01                           clk (net)
                  0.04    0.00    0.03 ^ clkbuf_0_clk/A (sky130_fd_sc_hd__clkbuf_16)
                  0.09    0.15    0.18 ^ clkbuf_0_clk/X (sky130_fd_sc_hd__clkbuf_16)
    16    0.07                           clknet_0_clk (net)
                  0.09    0.00    0.18 ^ clkbuf_4_11_0_clk/A (sky130_fd_sc_hd__clkbuf_8)
                  0.06    0.14    0.32 ^ clkbuf_4_11_0_clk/X (sky130_fd_sc_hd__clkbuf_8)
    12    0.02                           clknet_4_11_0_clk (net)
                  0.06    0.00    0.32 ^ _1324_/CLK (sky130_fd_sc_hd__dfrtp_2)
                  0.10    0.38    0.70 ^ _1324_/Q (sky130_fd_sc_hd__dfrtp_2)
     7    0.02                           u_fsm.state[0] (net)
                  0.10    0.00    0.70 ^ _0691_/B (sky130_fd_sc_hd__and3b_1)
                  0.08    0.18    0.88 ^ _0691_/X (sky130_fd_sc_hd__and3b_1)
     2    0.01                           _0148_ (net)
                  0.08    0.00    0.88 ^ _0712_/B (sky130_fd_sc_hd__and2_1)
                  0.04    0.12    0.99 ^ _0712_/X (sky130_fd_sc_hd__and2_1)
     1    0.00                           _0162_ (net)
                  0.04    0.00    0.99 ^ _0713_/A (sky130_fd_sc_hd__clkbuf_1)
                  0.05    0.08    1.07 ^ _0713_/X (sky130_fd_sc_hd__clkbuf_1)
     1    0.00                           u_sram.read_req (net)
                  0.05    0.00    1.07 ^ _1314_/D (sky130_fd_sc_hd__dfrtp_1)
                                  1.07   data arrival time

                          0.00    0.00   clock clk (rise edge)
                          0.00    0.00   clock source latency
                  0.04    0.03    0.03 ^ clk (in)
     1    0.01                           clk (net)
                  0.04    0.00    0.03 ^ clkbuf_0_clk/A (sky130_fd_sc_hd__clkbuf_16)
                  0.09    0.17    0.20 ^ clkbuf_0_clk/X (sky130_fd_sc_hd__clkbuf_16)
    16    0.07                           clknet_0_clk (net)
                  0.09    0.00    0.20 ^ clkbuf_4_11_0_clk/A (sky130_fd_sc_hd__clkbuf_8)
                  0.06    0.16    0.36 ^ clkbuf_4_11_0_clk/X (sky130_fd_sc_hd__clkbuf_8)
    12    0.02                           clknet_4_11_0_clk (net)
                  0.06    0.00    0.36 ^ _1314_/CLK (sky130_fd_sc_hd__dfrtp_1)
                          0.25    0.61   clock uncertainty
                         -0.03    0.57   clock reconvergence pessimism
                         -0.03    0.54   library hold time
                                  0.54   data required time
-----------------------------------------------------------------------------
                                  0.54   data required time
                                 -1.07   data arrival time
-----------------------------------------------------------------------------
                                  0.53   slack (MET)


Startpoint: _1317_ (rising edge-triggered flip-flop clocked by clk)
Endpoint: _1298_ (rising edge-triggered flip-flop clocked by clk)
Path Group: clk
Path Type: min

Fanout     Cap    Slew   Delay    Time   Description
-----------------------------------------------------------------------------
                          0.00    0.00   clock clk (rise edge)
                          0.00    0.00   clock source latency
                  0.04    0.03    0.03 ^ clk (in)
     1    0.01                           clk (net)
                  0.04    0.00    0.03 ^ clkbuf_0_clk/A (sky130_fd_sc_hd__clkbuf_16)
                  0.09    0.15    0.18 ^ clkbuf_0_clk/X (sky130_fd_sc_hd__clkbuf_16)
    16    0.07                           clknet_0_clk (net)
                  0.09    0.00    0.18 ^ clkbuf_4_10_0_clk/A (sky130_fd_sc_hd__clkbuf_8)
                  0.08    0.16    0.34 ^ clkbuf_4_10_0_clk/X (sky130_fd_sc_hd__clkbuf_8)
    15    0.04                           clknet_4_10_0_clk (net)
                  0.08    0.00    0.34 ^ _1317_/CLK (sky130_fd_sc_hd__dfrtp_4)
                  0.10    0.43    0.78 ^ _1317_/Q (sky130_fd_sc_hd__dfrtp_4)
     4    0.02                           u_pattern_gen.state_r[0] (net)
                  0.10    0.00    0.78 ^ _0876_/A (sky130_fd_sc_hd__buf_2)
                  0.09    0.15    0.93 ^ _0876_/X (sky130_fd_sc_hd__buf_2)
    10    0.02                           _0320_ (net)
                  0.09    0.00    0.93 ^ _0650_/A0 (sky130_fd_sc_hd__mux2_1)
                  0.04    0.12    1.05 ^ _0650_/X (sky130_fd_sc_hd__mux2_1)
     1    0.00                           _0556_ (net)
                  0.04    0.00    1.05 ^ _0651_/A (sky130_fd_sc_hd__clkbuf_1)
                  0.04    0.07    1.12 ^ _0651_/X (sky130_fd_sc_hd__clkbuf_1)
     1    0.00                           _0132_ (net)
                  0.04    0.00    1.12 ^ _1298_/D (sky130_fd_sc_hd__dfxtp_1)
                                  1.12   data arrival time

                          0.00    0.00   clock clk (rise edge)
                          0.00    0.00   clock source latency
                  0.04    0.03    0.03 ^ clk (in)
     1    0.01                           clk (net)
                  0.04    0.00    0.03 ^ clkbuf_0_clk/A (sky130_fd_sc_hd__clkbuf_16)
                  0.09    0.17    0.20 ^ clkbuf_0_clk/X (sky130_fd_sc_hd__clkbuf_16)
    16    0.07                           clknet_0_clk (net)
                  0.09    0.00    0.20 ^ clkbuf_4_2_0_clk/A (sky130_fd_sc_hd__clkbuf_8)
                  0.08    0.18    0.38 ^ clkbuf_4_2_0_clk/X (sky130_fd_sc_hd__clkbuf_8)
    14    0.04                           clknet_4_2_0_clk (net)
                  0.08    0.00    0.38 ^ _1298_/CLK (sky130_fd_sc_hd__dfxtp_1)
                          0.25    0.63   clock uncertainty
                         -0.02    0.61   clock reconvergence pessimism
                         -0.03    0.58   library hold time
                                  0.58   data required time
-----------------------------------------------------------------------------
                                  0.58   data required time
                                 -1.12   data arrival time
-----------------------------------------------------------------------------
                                  0.54   slack (MET)


Startpoint: _1177_ (rising edge-triggered flip-flop clocked by clk)
Endpoint: _1177_ (rising edge-triggered flip-flop clocked by clk)
Path Group: clk
Path Type: min

Fanout     Cap    Slew   Delay    Time   Description
-----------------------------------------------------------------------------
                          0.00    0.00   clock clk (rise edge)
                          0.00    0.00   clock source latency
                  0.04    0.03    0.03 ^ clk (in)
     1    0.01                           clk (net)
                  0.04    0.00    0.03 ^ clkbuf_0_clk/A (sky130_fd_sc_hd__clkbuf_16)
                  0.09    0.15    0.18 ^ clkbuf_0_clk/X (sky130_fd_sc_hd__clkbuf_16)
    16    0.07                           clknet_0_clk (net)
                  0.09    0.00    0.18 ^ clkbuf_4_15_0_clk/A (sky130_fd_sc_hd__clkbuf_8)
                  0.05    0.14    0.32 ^ clkbuf_4_15_0_clk/X (sky130_fd_sc_hd__clkbuf_8)
     6    0.02                           clknet_4_15_0_clk (net)
                  0.05    0.00    0.32 ^ _1177_/CLK (sky130_fd_sc_hd__dfrtp_4)
                  0.14    0.46    0.77 ^ _1177_/Q (sky130_fd_sc_hd__dfrtp_4)
     8    0.04                           u_addr_gen.addr[4] (net)
                  0.14    0.00    0.78 ^ _0900_/B1 (sky130_fd_sc_hd__a21o_1)
                  0.04    0.10    0.87 ^ _0900_/X (sky130_fd_sc_hd__a21o_1)
     1    0.00                           _0339_ (net)
                  0.04    0.00    0.87 ^ _0901_/B (sky130_fd_sc_hd__and2_1)
                  0.05    0.11    0.99 ^ _0901_/X (sky130_fd_sc_hd__and2_1)
     1    0.00                           _0340_ (net)
                  0.05    0.00    0.99 ^ _0902_/A (sky130_fd_sc_hd__clkbuf_1)
                  0.05    0.08    1.07 ^ _0902_/X (sky130_fd_sc_hd__clkbuf_1)
     1    0.00                           _0012_ (net)
                  0.05    0.00    1.07 ^ _1177_/D (sky130_fd_sc_hd__dfrtp_4)
                                  1.07   data arrival time

                          0.00    0.00   clock clk (rise edge)
                          0.00    0.00   clock source latency
                  0.04    0.03    0.03 ^ clk (in)
     1    0.01                           clk (net)
                  0.04    0.00    0.03 ^ clkbuf_0_clk/A (sky130_fd_sc_hd__clkbuf_16)
                  0.09    0.17    0.20 ^ clkbuf_0_clk/X (sky130_fd_sc_hd__clkbuf_16)
    16    0.07                           clknet_0_clk (net)
                  0.09    0.00    0.20 ^ clkbuf_4_15_0_clk/A (sky130_fd_sc_hd__clkbuf_8)
                  0.05    0.15    0.35 ^ clkbuf_4_15_0_clk/X (sky130_fd_sc_hd__clkbuf_8)
     6    0.02                           clknet_4_15_0_clk (net)
                  0.05    0.00    0.35 ^ _1177_/CLK (sky130_fd_sc_hd__dfrtp_4)
                          0.25    0.60   clock uncertainty
                         -0.03    0.57   clock reconvergence pessimism
                         -0.04    0.53   library hold time
                                  0.53   data required time
-----------------------------------------------------------------------------
                                  0.53   data required time
                                 -1.07   data arrival time
-----------------------------------------------------------------------------
                                  0.54   slack (MET)


Startpoint: _1317_ (rising edge-triggered flip-flop clocked by clk)
Endpoint: _1170_ (rising edge-triggered flip-flop clocked by clk)
Path Group: clk
Path Type: min

Fanout     Cap    Slew   Delay    Time   Description
-----------------------------------------------------------------------------
                          0.00    0.00   clock clk (rise edge)
                          0.00    0.00   clock source latency
                  0.04    0.03    0.03 ^ clk (in)
     1    0.01                           clk (net)
                  0.04    0.00    0.03 ^ clkbuf_0_clk/A (sky130_fd_sc_hd__clkbuf_16)
                  0.09    0.15    0.18 ^ clkbuf_0_clk/X (sky130_fd_sc_hd__clkbuf_16)
    16    0.07                           clknet_0_clk (net)
                  0.09    0.00    0.18 ^ clkbuf_4_10_0_clk/A (sky130_fd_sc_hd__clkbuf_8)
                  0.08    0.16    0.34 ^ clkbuf_4_10_0_clk/X (sky130_fd_sc_hd__clkbuf_8)
    15    0.04                           clknet_4_10_0_clk (net)
                  0.08    0.00    0.34 ^ _1317_/CLK (sky130_fd_sc_hd__dfrtp_4)
                  0.10    0.43    0.78 ^ _1317_/Q (sky130_fd_sc_hd__dfrtp_4)
     4    0.02                           u_pattern_gen.state_r[0] (net)
                  0.10    0.00    0.78 ^ _0876_/A (sky130_fd_sc_hd__buf_2)
                  0.09    0.15    0.93 ^ _0876_/X (sky130_fd_sc_hd__buf_2)
    10    0.02                           _0320_ (net)
                  0.09    0.00    0.93 ^ _0877_/A1 (sky130_fd_sc_hd__mux2_1)
                  0.04    0.12    1.05 ^ _0877_/X (sky130_fd_sc_hd__mux2_1)
     1    0.00                           _0321_ (net)
                  0.04    0.00    1.05 ^ _0878_/A (sky130_fd_sc_hd__clkbuf_1)
                  0.04    0.07    1.12 ^ _0878_/X (sky130_fd_sc_hd__clkbuf_1)
     1    0.00                           _0007_ (net)
                  0.04    0.00    1.12 ^ _1170_/D (sky130_fd_sc_hd__dfxtp_1)
                                  1.12   data arrival time

                          0.00    0.00   clock clk (rise edge)
                          0.00    0.00   clock source latency
                  0.04    0.03    0.03 ^ clk (in)
     1    0.01                           clk (net)
                  0.04    0.00    0.03 ^ clkbuf_0_clk/A (sky130_fd_sc_hd__clkbuf_16)
                  0.09    0.17    0.20 ^ clkbuf_0_clk/X (sky130_fd_sc_hd__clkbuf_16)
    16    0.07                           clknet_0_clk (net)
                  0.09    0.00    0.20 ^ clkbuf_4_2_0_clk/A (sky130_fd_sc_hd__clkbuf_8)
                  0.08    0.18    0.38 ^ clkbuf_4_2_0_clk/X (sky130_fd_sc_hd__clkbuf_8)
    14    0.04                           clknet_4_2_0_clk (net)
                  0.08    0.00    0.38 ^ _1170_/CLK (sky130_fd_sc_hd__dfxtp_1)
                          0.25    0.63   clock uncertainty
                         -0.02    0.61   clock reconvergence pessimism
                         -0.03    0.58   library hold time
                                  0.58   data required time
-----------------------------------------------------------------------------
                                  0.58   data required time
                                 -1.12   data arrival time
-----------------------------------------------------------------------------
                                  0.54   slack (MET)


Startpoint: _1317_ (rising edge-triggered flip-flop clocked by clk)
Endpoint: _1300_ (rising edge-triggered flip-flop clocked by clk)
Path Group: clk
Path Type: min

Fanout     Cap    Slew   Delay    Time   Description
-----------------------------------------------------------------------------
                          0.00    0.00   clock clk (rise edge)
                          0.00    0.00   clock source latency
                  0.04    0.03    0.03 ^ clk (in)
     1    0.01                           clk (net)
                  0.04    0.00    0.03 ^ clkbuf_0_clk/A (sky130_fd_sc_hd__clkbuf_16)
                  0.09    0.15    0.18 ^ clkbuf_0_clk/X (sky130_fd_sc_hd__clkbuf_16)
    16    0.07                           clknet_0_clk (net)
                  0.09    0.00    0.18 ^ clkbuf_4_10_0_clk/A (sky130_fd_sc_hd__clkbuf_8)
                  0.08    0.16    0.34 ^ clkbuf_4_10_0_clk/X (sky130_fd_sc_hd__clkbuf_8)
    15    0.04                           clknet_4_10_0_clk (net)
                  0.08    0.00    0.34 ^ _1317_/CLK (sky130_fd_sc_hd__dfrtp_4)
                  0.10    0.43    0.78 ^ _1317_/Q (sky130_fd_sc_hd__dfrtp_4)
     4    0.02                           u_pattern_gen.state_r[0] (net)
                  0.10    0.00    0.78 ^ _0876_/A (sky130_fd_sc_hd__buf_2)
                  0.09    0.15    0.93 ^ _0876_/X (sky130_fd_sc_hd__buf_2)
    10    0.02                           _0320_ (net)
                  0.09    0.00    0.93 ^ _0655_/A0 (sky130_fd_sc_hd__mux2_1)
                  0.04    0.13    1.05 ^ _0655_/X (sky130_fd_sc_hd__mux2_1)
     1    0.00                           _0559_ (net)
                  0.04    0.00    1.05 ^ _0656_/A (sky130_fd_sc_hd__clkbuf_1)
                  0.04    0.07    1.13 ^ _0656_/X (sky130_fd_sc_hd__clkbuf_1)
     1    0.00                           _0134_ (net)
                  0.04    0.00    1.13 ^ _1300_/D (sky130_fd_sc_hd__dfxtp_1)
                                  1.13   data arrival time

                          0.00    0.00   clock clk (rise edge)
                          0.00    0.00   clock source latency
                  0.04    0.03    0.03 ^ clk (in)
     1    0.01                           clk (net)
                  0.04    0.00    0.03 ^ clkbuf_0_clk/A (sky130_fd_sc_hd__clkbuf_16)
                  0.09    0.17    0.20 ^ clkbuf_0_clk/X (sky130_fd_sc_hd__clkbuf_16)
    16    0.07                           clknet_0_clk (net)
                  0.09    0.00    0.20 ^ clkbuf_4_2_0_clk/A (sky130_fd_sc_hd__clkbuf_8)
                  0.08    0.18    0.38 ^ clkbuf_4_2_0_clk/X (sky130_fd_sc_hd__clkbuf_8)
    14    0.04                           clknet_4_2_0_clk (net)
                  0.08    0.00    0.38 ^ _1300_/CLK (sky130_fd_sc_hd__dfxtp_1)
                          0.25    0.63   clock uncertainty
                         -0.02    0.61   clock reconvergence pessimism
                         -0.02    0.58   library hold time
                                  0.58   data required time
-----------------------------------------------------------------------------
                                  0.58   data required time
                                 -1.13   data arrival time
-----------------------------------------------------------------------------
                                  0.54   slack (MET)


Startpoint: _1317_ (rising edge-triggered flip-flop clocked by clk)
Endpoint: _1296_ (rising edge-triggered flip-flop clocked by clk)
Path Group: clk
Path Type: min

Fanout     Cap    Slew   Delay    Time   Description
-----------------------------------------------------------------------------
                          0.00    0.00   clock clk (rise edge)
                          0.00    0.00   clock source latency
                  0.04    0.03    0.03 ^ clk (in)
     1    0.01                           clk (net)
                  0.04    0.00    0.03 ^ clkbuf_0_clk/A (sky130_fd_sc_hd__clkbuf_16)
                  0.09    0.15    0.18 ^ clkbuf_0_clk/X (sky130_fd_sc_hd__clkbuf_16)
    16    0.07                           clknet_0_clk (net)
                  0.09    0.00    0.18 ^ clkbuf_4_10_0_clk/A (sky130_fd_sc_hd__clkbuf_8)
                  0.08    0.16    0.34 ^ clkbuf_4_10_0_clk/X (sky130_fd_sc_hd__clkbuf_8)
    15    0.04                           clknet_4_10_0_clk (net)
                  0.08    0.00    0.34 ^ _1317_/CLK (sky130_fd_sc_hd__dfrtp_4)
                  0.10    0.43    0.78 ^ _1317_/Q (sky130_fd_sc_hd__dfrtp_4)
     4    0.02                           u_pattern_gen.state_r[0] (net)
                  0.10    0.00    0.78 ^ _0876_/A (sky130_fd_sc_hd__buf_2)
                  0.09    0.15    0.93 ^ _0876_/X (sky130_fd_sc_hd__buf_2)
    10    0.02                           _0320_ (net)
                  0.09    0.00    0.93 ^ _0645_/A0 (sky130_fd_sc_hd__mux2_1)
                  0.05    0.13    1.06 ^ _0645_/X (sky130_fd_sc_hd__mux2_1)
     1    0.00                           _0553_ (net)
                  0.05    0.00    1.06 ^ _0646_/A (sky130_fd_sc_hd__clkbuf_1)
                  0.04    0.07    1.13 ^ _0646_/X (sky130_fd_sc_hd__clkbuf_1)
     1    0.00                           _0130_ (net)
                  0.04    0.00    1.13 ^ _1296_/D (sky130_fd_sc_hd__dfxtp_1)
                                  1.13   data arrival time

                          0.00    0.00   clock clk (rise edge)
                          0.00    0.00   clock source latency
                  0.04    0.03    0.03 ^ clk (in)
     1    0.01                           clk (net)
                  0.04    0.00    0.03 ^ clkbuf_0_clk/A (sky130_fd_sc_hd__clkbuf_16)
                  0.09    0.17    0.20 ^ clkbuf_0_clk/X (sky130_fd_sc_hd__clkbuf_16)
    16    0.07                           clknet_0_clk (net)
                  0.09    0.00    0.20 ^ clkbuf_4_2_0_clk/A (sky130_fd_sc_hd__clkbuf_8)
                  0.08    0.18    0.38 ^ clkbuf_4_2_0_clk/X (sky130_fd_sc_hd__clkbuf_8)
    14    0.04                           clknet_4_2_0_clk (net)
                  0.08    0.00    0.38 ^ _1296_/CLK (sky130_fd_sc_hd__dfxtp_1)
                          0.25    0.63   clock uncertainty
                         -0.02    0.61   clock reconvergence pessimism
                         -0.03    0.58   library hold time
                                  0.58   data required time
-----------------------------------------------------------------------------
                                  0.58   data required time
                                 -1.13   data arrival time
-----------------------------------------------------------------------------
                                  0.55   slack (MET)


Startpoint: _1317_ (rising edge-triggered flip-flop clocked by clk)
Endpoint: _1294_ (rising edge-triggered flip-flop clocked by clk)
Path Group: clk
Path Type: min

Fanout     Cap    Slew   Delay    Time   Description
-----------------------------------------------------------------------------
                          0.00    0.00   clock clk (rise edge)
                          0.00    0.00   clock source latency
                  0.04    0.03    0.03 ^ clk (in)
     1    0.01                           clk (net)
                  0.04    0.00    0.03 ^ clkbuf_0_clk/A (sky130_fd_sc_hd__clkbuf_16)
                  0.09    0.15    0.18 ^ clkbuf_0_clk/X (sky130_fd_sc_hd__clkbuf_16)
    16    0.07                           clknet_0_clk (net)
                  0.09    0.00    0.18 ^ clkbuf_4_10_0_clk/A (sky130_fd_sc_hd__clkbuf_8)
                  0.08    0.16    0.34 ^ clkbuf_4_10_0_clk/X (sky130_fd_sc_hd__clkbuf_8)
    15    0.04                           clknet_4_10_0_clk (net)
                  0.08    0.00    0.34 ^ _1317_/CLK (sky130_fd_sc_hd__dfrtp_4)
                  0.10    0.43    0.78 ^ _1317_/Q (sky130_fd_sc_hd__dfrtp_4)
     4    0.02                           u_pattern_gen.state_r[0] (net)
                  0.10    0.00    0.78 ^ _0876_/A (sky130_fd_sc_hd__buf_2)
                  0.09    0.15    0.93 ^ _0876_/X (sky130_fd_sc_hd__buf_2)
    10    0.02                           _0320_ (net)
                  0.09    0.00    0.93 ^ _0640_/A0 (sky130_fd_sc_hd__mux2_1)
                  0.04    0.12    1.05 ^ _0640_/X (sky130_fd_sc_hd__mux2_1)
     1    0.00                           _0550_ (net)
                  0.04    0.00    1.05 ^ _0641_/A (sky130_fd_sc_hd__clkbuf_1)
                  0.05    0.08    1.13 ^ _0641_/X (sky130_fd_sc_hd__clkbuf_1)
     1    0.00                           _0128_ (net)
                  0.05    0.00    1.13 ^ _1294_/D (sky130_fd_sc_hd__dfxtp_1)
                                  1.13   data arrival time

                          0.00    0.00   clock clk (rise edge)
                          0.00    0.00   clock source latency
                  0.04    0.03    0.03 ^ clk (in)
     1    0.01                           clk (net)
                  0.04    0.00    0.03 ^ clkbuf_0_clk/A (sky130_fd_sc_hd__clkbuf_16)
                  0.09    0.17    0.20 ^ clkbuf_0_clk/X (sky130_fd_sc_hd__clkbuf_16)
    16    0.07                           clknet_0_clk (net)
                  0.09    0.00    0.20 ^ clkbuf_4_2_0_clk/A (sky130_fd_sc_hd__clkbuf_8)
                  0.08    0.18    0.38 ^ clkbuf_4_2_0_clk/X (sky130_fd_sc_hd__clkbuf_8)
    14    0.04                           clknet_4_2_0_clk (net)
                  0.08    0.00    0.38 ^ _1294_/CLK (sky130_fd_sc_hd__dfxtp_1)
                          0.25    0.63   clock uncertainty
                         -0.02    0.61   clock reconvergence pessimism
                         -0.03    0.58   library hold time
                                  0.58   data required time
-----------------------------------------------------------------------------
                                  0.58   data required time
                                 -1.13   data arrival time
-----------------------------------------------------------------------------
                                  0.55   slack (MET)


Startpoint: _1317_ (rising edge-triggered flip-flop clocked by clk)
Endpoint: _1288_ (rising edge-triggered flip-flop clocked by clk)
Path Group: clk
Path Type: min

Fanout     Cap    Slew   Delay    Time   Description
-----------------------------------------------------------------------------
                          0.00    0.00   clock clk (rise edge)
                          0.00    0.00   clock source latency
                  0.04    0.03    0.03 ^ clk (in)
     1    0.01                           clk (net)
                  0.04    0.00    0.03 ^ clkbuf_0_clk/A (sky130_fd_sc_hd__clkbuf_16)
                  0.09    0.15    0.18 ^ clkbuf_0_clk/X (sky130_fd_sc_hd__clkbuf_16)
    16    0.07                           clknet_0_clk (net)
                  0.09    0.00    0.18 ^ clkbuf_4_10_0_clk/A (sky130_fd_sc_hd__clkbuf_8)
                  0.08    0.16    0.34 ^ clkbuf_4_10_0_clk/X (sky130_fd_sc_hd__clkbuf_8)
    15    0.04                           clknet_4_10_0_clk (net)
                  0.08    0.00    0.34 ^ _1317_/CLK (sky130_fd_sc_hd__dfrtp_4)
                  0.10    0.43    0.78 ^ _1317_/Q (sky130_fd_sc_hd__dfrtp_4)
     4    0.02                           u_pattern_gen.state_r[0] (net)
                  0.10    0.00    0.78 ^ _0876_/A (sky130_fd_sc_hd__buf_2)
                  0.09    0.15    0.93 ^ _0876_/X (sky130_fd_sc_hd__buf_2)
    10    0.02                           _0320_ (net)
                  0.09    0.00    0.93 ^ _0625_/A0 (sky130_fd_sc_hd__mux2_1)
                  0.04    0.12    1.05 ^ _0625_/X (sky130_fd_sc_hd__mux2_1)
     1    0.00                           _0541_ (net)
                  0.04    0.00    1.05 ^ _0626_/A (sky130_fd_sc_hd__clkbuf_1)
                  0.04    0.07    1.12 ^ _0626_/X (sky130_fd_sc_hd__clkbuf_1)
     1    0.00                           _0122_ (net)
                  0.04    0.00    1.12 ^ _1288_/D (sky130_fd_sc_hd__dfxtp_1)
                                  1.12   data arrival time

                          0.00    0.00   clock clk (rise edge)
                          0.00    0.00   clock source latency
                  0.04    0.03    0.03 ^ clk (in)
     1    0.01                           clk (net)
                  0.04    0.00    0.03 ^ clkbuf_0_clk/A (sky130_fd_sc_hd__clkbuf_16)
                  0.09    0.17    0.20 ^ clkbuf_0_clk/X (sky130_fd_sc_hd__clkbuf_16)
    16    0.07                           clknet_0_clk (net)
                  0.09    0.00    0.20 ^ clkbuf_4_1_0_clk/A (sky130_fd_sc_hd__clkbuf_8)
                  0.06    0.17    0.36 ^ clkbuf_4_1_0_clk/X (sky130_fd_sc_hd__clkbuf_8)
    10    0.03                           clknet_4_1_0_clk (net)
                  0.06    0.00    0.37 ^ _1288_/CLK (sky130_fd_sc_hd__dfxtp_1)
                          0.25    0.62   clock uncertainty
                         -0.02    0.60   clock reconvergence pessimism
                         -0.03    0.57   library hold time
                                  0.57   data required time
-----------------------------------------------------------------------------
                                  0.57   data required time
                                 -1.12   data arrival time
-----------------------------------------------------------------------------
                                  0.55   slack (MET)


Startpoint: _1317_ (rising edge-triggered flip-flop clocked by clk)
Endpoint: _1304_ (rising edge-triggered flip-flop clocked by clk)
Path Group: clk
Path Type: min

Fanout     Cap    Slew   Delay    Time   Description
-----------------------------------------------------------------------------
                          0.00    0.00   clock clk (rise edge)
                          0.00    0.00   clock source latency
                  0.04    0.03    0.03 ^ clk (in)
     1    0.01                           clk (net)
                  0.04    0.00    0.03 ^ clkbuf_0_clk/A (sky130_fd_sc_hd__clkbuf_16)
                  0.09    0.15    0.18 ^ clkbuf_0_clk/X (sky130_fd_sc_hd__clkbuf_16)
    16    0.07                           clknet_0_clk (net)
                  0.09    0.00    0.18 ^ clkbuf_4_10_0_clk/A (sky130_fd_sc_hd__clkbuf_8)
                  0.08    0.16    0.34 ^ clkbuf_4_10_0_clk/X (sky130_fd_sc_hd__clkbuf_8)
    15    0.04                           clknet_4_10_0_clk (net)
                  0.08    0.00    0.34 ^ _1317_/CLK (sky130_fd_sc_hd__dfrtp_4)
                  0.10    0.43    0.78 ^ _1317_/Q (sky130_fd_sc_hd__dfrtp_4)
     4    0.02                           u_pattern_gen.state_r[0] (net)
                  0.10    0.00    0.78 ^ _0876_/A (sky130_fd_sc_hd__buf_2)
                  0.09    0.15    0.93 ^ _0876_/X (sky130_fd_sc_hd__buf_2)
    10    0.02                           _0320_ (net)
                  0.09    0.00    0.93 ^ _0665_/A0 (sky130_fd_sc_hd__mux2_1)
                  0.04    0.12    1.05 ^ _0665_/X (sky130_fd_sc_hd__mux2_1)
     1    0.00                           _0565_ (net)
                  0.04    0.00    1.05 ^ _0666_/A (sky130_fd_sc_hd__clkbuf_1)
                  0.03    0.07    1.12 ^ _0666_/X (sky130_fd_sc_hd__clkbuf_1)
     1    0.00                           _0138_ (net)
                  0.03    0.00    1.12 ^ _1304_/D (sky130_fd_sc_hd__dfxtp_1)
                                  1.12   data arrival time

                          0.00    0.00   clock clk (rise edge)
                          0.00    0.00   clock source latency
                  0.04    0.03    0.03 ^ clk (in)
     1    0.01                           clk (net)
                  0.04    0.00    0.03 ^ clkbuf_0_clk/A (sky130_fd_sc_hd__clkbuf_16)
                  0.09    0.17    0.20 ^ clkbuf_0_clk/X (sky130_fd_sc_hd__clkbuf_16)
    16    0.07                           clknet_0_clk (net)
                  0.09    0.00    0.20 ^ clkbuf_4_9_0_clk/A (sky130_fd_sc_hd__clkbuf_8)
                  0.06    0.16    0.36 ^ clkbuf_4_9_0_clk/X (sky130_fd_sc_hd__clkbuf_8)
     8    0.02                           clknet_4_9_0_clk (net)
                  0.06    0.00    0.36 ^ _1304_/CLK (sky130_fd_sc_hd__dfxtp_1)
                          0.25    0.61   clock uncertainty
                         -0.02    0.59   clock reconvergence pessimism
                         -0.03    0.56   library hold time
                                  0.56   data required time
-----------------------------------------------------------------------------
                                  0.56   data required time
                                 -1.12   data arrival time
-----------------------------------------------------------------------------
                                  0.56   slack (MET)


Startpoint: _1317_ (rising edge-triggered flip-flop clocked by clk)
Endpoint: _1290_ (rising edge-triggered flip-flop clocked by clk)
Path Group: clk
Path Type: min

Fanout     Cap    Slew   Delay    Time   Description
-----------------------------------------------------------------------------
                          0.00    0.00   clock clk (rise edge)
                          0.00    0.00   clock source latency
                  0.04    0.03    0.03 ^ clk (in)
     1    0.01                           clk (net)
                  0.04    0.00    0.03 ^ clkbuf_0_clk/A (sky130_fd_sc_hd__clkbuf_16)
                  0.09    0.15    0.18 ^ clkbuf_0_clk/X (sky130_fd_sc_hd__clkbuf_16)
    16    0.07                           clknet_0_clk (net)
                  0.09    0.00    0.18 ^ clkbuf_4_10_0_clk/A (sky130_fd_sc_hd__clkbuf_8)
                  0.08    0.16    0.34 ^ clkbuf_4_10_0_clk/X (sky130_fd_sc_hd__clkbuf_8)
    15    0.04                           clknet_4_10_0_clk (net)
                  0.08    0.00    0.34 ^ _1317_/CLK (sky130_fd_sc_hd__dfrtp_4)
                  0.10    0.43    0.78 ^ _1317_/Q (sky130_fd_sc_hd__dfrtp_4)
     4    0.02                           u_pattern_gen.state_r[0] (net)
                  0.10    0.00    0.78 ^ _0876_/A (sky130_fd_sc_hd__buf_2)
                  0.09    0.15    0.93 ^ _0876_/X (sky130_fd_sc_hd__buf_2)
    10    0.02                           _0320_ (net)
                  0.09    0.00    0.93 ^ _0630_/A0 (sky130_fd_sc_hd__mux2_1)
                  0.05    0.13    1.06 ^ _0630_/X (sky130_fd_sc_hd__mux2_1)
     1    0.00                           _0544_ (net)
                  0.05    0.00    1.06 ^ _0631_/A (sky130_fd_sc_hd__clkbuf_1)
                  0.04    0.07    1.13 ^ _0631_/X (sky130_fd_sc_hd__clkbuf_1)
     1    0.00                           _0124_ (net)
                  0.04    0.00    1.13 ^ _1290_/D (sky130_fd_sc_hd__dfxtp_1)
                                  1.13   data arrival time

                          0.00    0.00   clock clk (rise edge)
                          0.00    0.00   clock source latency
                  0.04    0.03    0.03 ^ clk (in)
     1    0.01                           clk (net)
                  0.04    0.00    0.03 ^ clkbuf_0_clk/A (sky130_fd_sc_hd__clkbuf_16)
                  0.09    0.17    0.20 ^ clkbuf_0_clk/X (sky130_fd_sc_hd__clkbuf_16)
    16    0.07                           clknet_0_clk (net)
                  0.09    0.00    0.20 ^ clkbuf_4_9_0_clk/A (sky130_fd_sc_hd__clkbuf_8)
                  0.06    0.16    0.36 ^ clkbuf_4_9_0_clk/X (sky130_fd_sc_hd__clkbuf_8)
     8    0.02                           clknet_4_9_0_clk (net)
                  0.06    0.00    0.36 ^ _1290_/CLK (sky130_fd_sc_hd__dfxtp_1)
                          0.25    0.61   clock uncertainty
                         -0.02    0.59   clock reconvergence pessimism
                         -0.03    0.56   library hold time
                                  0.56   data required time
-----------------------------------------------------------------------------
                                  0.56   data required time
                                 -1.13   data arrival time
-----------------------------------------------------------------------------
                                  0.56   slack (MET)


Startpoint: _1317_ (rising edge-triggered flip-flop clocked by clk)
Endpoint: _1306_ (rising edge-triggered flip-flop clocked by clk)
Path Group: clk
Path Type: min

Fanout     Cap    Slew   Delay    Time   Description
-----------------------------------------------------------------------------
                          0.00    0.00   clock clk (rise edge)
                          0.00    0.00   clock source latency
                  0.04    0.03    0.03 ^ clk (in)
     1    0.01                           clk (net)
                  0.04    0.00    0.03 ^ clkbuf_0_clk/A (sky130_fd_sc_hd__clkbuf_16)
                  0.09    0.15    0.18 ^ clkbuf_0_clk/X (sky130_fd_sc_hd__clkbuf_16)
    16    0.07                           clknet_0_clk (net)
                  0.09    0.00    0.18 ^ clkbuf_4_10_0_clk/A (sky130_fd_sc_hd__clkbuf_8)
                  0.08    0.16    0.34 ^ clkbuf_4_10_0_clk/X (sky130_fd_sc_hd__clkbuf_8)
    15    0.04                           clknet_4_10_0_clk (net)
                  0.08    0.00    0.34 ^ _1317_/CLK (sky130_fd_sc_hd__dfrtp_4)
                  0.10    0.43    0.78 ^ _1317_/Q (sky130_fd_sc_hd__dfrtp_4)
     4    0.02                           u_pattern_gen.state_r[0] (net)
                  0.10    0.00    0.78 ^ _0876_/A (sky130_fd_sc_hd__buf_2)
                  0.09    0.15    0.93 ^ _0876_/X (sky130_fd_sc_hd__buf_2)
    10    0.02                           _0320_ (net)
                  0.09    0.00    0.93 ^ _0670_/A0 (sky130_fd_sc_hd__mux2_1)
                  0.05    0.13    1.06 ^ _0670_/X (sky130_fd_sc_hd__mux2_1)
     1    0.00                           _0568_ (net)
                  0.05    0.00    1.06 ^ _0671_/A (sky130_fd_sc_hd__clkbuf_1)
                  0.04    0.08    1.14 ^ _0671_/X (sky130_fd_sc_hd__clkbuf_1)
     1    0.00                           _0140_ (net)
                  0.04    0.00    1.14 ^ _1306_/D (sky130_fd_sc_hd__dfxtp_1)
                                  1.14   data arrival time

                          0.00    0.00   clock clk (rise edge)
                          0.00    0.00   clock source latency
                  0.04    0.03    0.03 ^ clk (in)
     1    0.01                           clk (net)
                  0.04    0.00    0.03 ^ clkbuf_0_clk/A (sky130_fd_sc_hd__clkbuf_16)
                  0.09    0.17    0.20 ^ clkbuf_0_clk/X (sky130_fd_sc_hd__clkbuf_16)
    16    0.07                           clknet_0_clk (net)
                  0.09    0.00    0.20 ^ clkbuf_4_10_0_clk/A (sky130_fd_sc_hd__clkbuf_8)
                  0.08    0.18    0.38 ^ clkbuf_4_10_0_clk/X (sky130_fd_sc_hd__clkbuf_8)
    15    0.04                           clknet_4_10_0_clk (net)
                  0.08    0.00    0.38 ^ _1306_/CLK (sky130_fd_sc_hd__dfxtp_1)
                          0.25    0.63   clock uncertainty
                         -0.04    0.59   clock reconvergence pessimism
                         -0.03    0.57   library hold time
                                  0.57   data required time
-----------------------------------------------------------------------------
                                  0.57   data required time
                                 -1.14   data arrival time
-----------------------------------------------------------------------------
                                  0.57   slack (MET)


Startpoint: _1317_ (rising edge-triggered flip-flop clocked by clk)
Endpoint: _1302_ (rising edge-triggered flip-flop clocked by clk)
Path Group: clk
Path Type: min

Fanout     Cap    Slew   Delay    Time   Description
-----------------------------------------------------------------------------
                          0.00    0.00   clock clk (rise edge)
                          0.00    0.00   clock source latency
                  0.04    0.03    0.03 ^ clk (in)
     1    0.01                           clk (net)
                  0.04    0.00    0.03 ^ clkbuf_0_clk/A (sky130_fd_sc_hd__clkbuf_16)
                  0.09    0.15    0.18 ^ clkbuf_0_clk/X (sky130_fd_sc_hd__clkbuf_16)
    16    0.07                           clknet_0_clk (net)
                  0.09    0.00    0.18 ^ clkbuf_4_10_0_clk/A (sky130_fd_sc_hd__clkbuf_8)
                  0.08    0.16    0.34 ^ clkbuf_4_10_0_clk/X (sky130_fd_sc_hd__clkbuf_8)
    15    0.04                           clknet_4_10_0_clk (net)
                  0.08    0.00    0.34 ^ _1317_/CLK (sky130_fd_sc_hd__dfrtp_4)
                  0.10    0.43    0.78 ^ _1317_/Q (sky130_fd_sc_hd__dfrtp_4)
     4    0.02                           u_pattern_gen.state_r[0] (net)
                  0.10    0.00    0.78 ^ _0876_/A (sky130_fd_sc_hd__buf_2)
                  0.09    0.15    0.93 ^ _0876_/X (sky130_fd_sc_hd__buf_2)
    10    0.02                           _0320_ (net)
                  0.09    0.00    0.93 ^ _0660_/A0 (sky130_fd_sc_hd__mux2_1)
                  0.04    0.13    1.05 ^ _0660_/X (sky130_fd_sc_hd__mux2_1)
     1    0.00                           _0562_ (net)
                  0.04    0.00    1.05 ^ _0661_/A (sky130_fd_sc_hd__clkbuf_1)
                  0.05    0.08    1.14 ^ _0661_/X (sky130_fd_sc_hd__clkbuf_1)
     1    0.00                           _0136_ (net)
                  0.05    0.00    1.14 ^ _1302_/D (sky130_fd_sc_hd__dfxtp_1)
                                  1.14   data arrival time

                          0.00    0.00   clock clk (rise edge)
                          0.00    0.00   clock source latency
                  0.04    0.03    0.03 ^ clk (in)
     1    0.01                           clk (net)
                  0.04    0.00    0.03 ^ clkbuf_0_clk/A (sky130_fd_sc_hd__clkbuf_16)
                  0.09    0.17    0.20 ^ clkbuf_0_clk/X (sky130_fd_sc_hd__clkbuf_16)
    16    0.07                           clknet_0_clk (net)
                  0.09    0.00    0.20 ^ clkbuf_4_1_0_clk/A (sky130_fd_sc_hd__clkbuf_8)
                  0.06    0.17    0.36 ^ clkbuf_4_1_0_clk/X (sky130_fd_sc_hd__clkbuf_8)
    10    0.03                           clknet_4_1_0_clk (net)
                  0.06    0.00    0.37 ^ _1302_/CLK (sky130_fd_sc_hd__dfxtp_1)
                          0.25    0.62   clock uncertainty
                         -0.02    0.60   clock reconvergence pessimism
                         -0.03    0.57   library hold time
                                  0.57   data required time
-----------------------------------------------------------------------------
                                  0.57   data required time
                                 -1.14   data arrival time
-----------------------------------------------------------------------------
                                  0.57   slack (MET)


Startpoint: _1317_ (rising edge-triggered flip-flop clocked by clk)
Endpoint: _1292_ (rising edge-triggered flip-flop clocked by clk)
Path Group: clk
Path Type: min

Fanout     Cap    Slew   Delay    Time   Description
-----------------------------------------------------------------------------
                          0.00    0.00   clock clk (rise edge)
                          0.00    0.00   clock source latency
                  0.04    0.03    0.03 ^ clk (in)
     1    0.01                           clk (net)
                  0.04    0.00    0.03 ^ clkbuf_0_clk/A (sky130_fd_sc_hd__clkbuf_16)
                  0.09    0.15    0.18 ^ clkbuf_0_clk/X (sky130_fd_sc_hd__clkbuf_16)
    16    0.07                           clknet_0_clk (net)
                  0.09    0.00    0.18 ^ clkbuf_4_10_0_clk/A (sky130_fd_sc_hd__clkbuf_8)
                  0.08    0.16    0.34 ^ clkbuf_4_10_0_clk/X (sky130_fd_sc_hd__clkbuf_8)
    15    0.04                           clknet_4_10_0_clk (net)
                  0.08    0.00    0.34 ^ _1317_/CLK (sky130_fd_sc_hd__dfrtp_4)
                  0.10    0.43    0.78 ^ _1317_/Q (sky130_fd_sc_hd__dfrtp_4)
     4    0.02                           u_pattern_gen.state_r[0] (net)
                  0.10    0.00    0.78 ^ _0915_/A (sky130_fd_sc_hd__clkbuf_4)
                  0.08    0.17    0.94 ^ _0915_/X (sky130_fd_sc_hd__clkbuf_4)
    10    0.02                           _0350_ (net)
                  0.08    0.00    0.94 ^ _0635_/A1 (sky130_fd_sc_hd__mux2_1)
                  0.05    0.13    1.07 ^ _0635_/X (sky130_fd_sc_hd__mux2_1)
     1    0.00                           _0547_ (net)
                  0.05    0.00    1.07 ^ _0636_/A (sky130_fd_sc_hd__clkbuf_1)
                  0.04    0.07    1.15 ^ _0636_/X (sky130_fd_sc_hd__clkbuf_1)
     1    0.00                           _0126_ (net)
                  0.04    0.00    1.15 ^ _1292_/D (sky130_fd_sc_hd__dfxtp_1)
                                  1.15   data arrival time

                          0.00    0.00   clock clk (rise edge)
                          0.00    0.00   clock source latency
                  0.04    0.03    0.03 ^ clk (in)
     1    0.01                           clk (net)
                  0.04    0.00    0.03 ^ clkbuf_0_clk/A (sky130_fd_sc_hd__clkbuf_16)
                  0.09    0.17    0.20 ^ clkbuf_0_clk/X (sky130_fd_sc_hd__clkbuf_16)
    16    0.07                           clknet_0_clk (net)
                  0.09    0.00    0.20 ^ clkbuf_4_0_0_clk/A (sky130_fd_sc_hd__clkbuf_8)
                  0.06    0.17    0.36 ^ clkbuf_4_0_0_clk/X (sky130_fd_sc_hd__clkbuf_8)
    10    0.03                           clknet_4_0_0_clk (net)
                  0.06    0.00    0.36 ^ _1292_/CLK (sky130_fd_sc_hd__dfxtp_1)
                          0.25    0.61   clock uncertainty
                         -0.02    0.60   clock reconvergence pessimism
                         -0.03    0.57   library hold time
                                  0.57   data required time
-----------------------------------------------------------------------------
                                  0.57   data required time
                                 -1.15   data arrival time
-----------------------------------------------------------------------------
                                  0.58   slack (MET)


Startpoint: _1175_ (rising edge-triggered flip-flop clocked by clk)
Endpoint: _1194_ (rising edge-triggered flip-flop clocked by clk)
Path Group: clk
Path Type: min

Fanout     Cap    Slew   Delay    Time   Description
-----------------------------------------------------------------------------
                          0.00    0.00   clock clk (rise edge)
                          0.00    0.00   clock source latency
                  0.04    0.03    0.03 ^ clk (in)
     1    0.01                           clk (net)
                  0.04    0.00    0.03 ^ clkbuf_0_clk/A (sky130_fd_sc_hd__clkbuf_16)
                  0.09    0.15    0.18 ^ clkbuf_0_clk/X (sky130_fd_sc_hd__clkbuf_16)
    16    0.07                           clknet_0_clk (net)
                  0.09    0.00    0.18 ^ clkbuf_4_13_0_clk/A (sky130_fd_sc_hd__clkbuf_8)
                  0.06    0.15    0.33 ^ clkbuf_4_13_0_clk/X (sky130_fd_sc_hd__clkbuf_8)
     9    0.03                           clknet_4_13_0_clk (net)
                  0.06    0.00    0.33 ^ _1175_/CLK (sky130_fd_sc_hd__dfrtp_2)
                  0.11    0.39    0.71 ^ _1175_/Q (sky130_fd_sc_hd__dfrtp_2)
     8    0.02                           u_addr_gen.addr[2] (net)
                  0.11    0.00    0.72 ^ _0952_/C (sky130_fd_sc_hd__or4b_2)
                  0.05    0.14    0.85 ^ _0952_/X (sky130_fd_sc_hd__or4b_2)
     4    0.01                           _0376_ (net)
                  0.05    0.00    0.85 ^ _0953_/C (sky130_fd_sc_hd__or3_2)
                  0.05    0.11    0.96 ^ _0953_/X (sky130_fd_sc_hd__or3_2)
     2    0.01                           _0377_ (net)
                  0.05    0.00    0.96 ^ _0956_/S (sky130_fd_sc_hd__mux2_1)
                  0.04    0.12    1.08 ^ _0956_/X (sky130_fd_sc_hd__mux2_1)
     1    0.00                           _0379_ (net)
                  0.04    0.00    1.08 ^ _0957_/A (sky130_fd_sc_hd__clkbuf_1)
                  0.04    0.08    1.16 ^ _0957_/X (sky130_fd_sc_hd__clkbuf_1)
     1    0.00                           _0028_ (net)
                  0.04    0.00    1.16 ^ _1194_/D (sky130_fd_sc_hd__dfxtp_1)
                                  1.16   data arrival time

                          0.00    0.00   clock clk (rise edge)
                          0.00    0.00   clock source latency
                  0.04    0.03    0.03 ^ clk (in)
     1    0.01                           clk (net)
                  0.04    0.00    0.03 ^ clkbuf_0_clk/A (sky130_fd_sc_hd__clkbuf_16)
                  0.09    0.17    0.20 ^ clkbuf_0_clk/X (sky130_fd_sc_hd__clkbuf_16)
    16    0.07                           clknet_0_clk (net)
                  0.09    0.00    0.20 ^ clkbuf_4_2_0_clk/A (sky130_fd_sc_hd__clkbuf_8)
                  0.08    0.18    0.38 ^ clkbuf_4_2_0_clk/X (sky130_fd_sc_hd__clkbuf_8)
    14    0.04                           clknet_4_2_0_clk (net)
                  0.08    0.00    0.38 ^ _1194_/CLK (sky130_fd_sc_hd__dfxtp_1)
                          0.25    0.63   clock uncertainty
                         -0.02    0.61   clock reconvergence pessimism
                         -0.03    0.58   library hold time
                                  0.58   data required time
-----------------------------------------------------------------------------
                                  0.58   data required time
                                 -1.16   data arrival time
-----------------------------------------------------------------------------
                                  0.58   slack (MET)


Startpoint: _1175_ (rising edge-triggered flip-flop clocked by clk)
Endpoint: _1193_ (rising edge-triggered flip-flop clocked by clk)
Path Group: clk
Path Type: min

Fanout     Cap    Slew   Delay    Time   Description
-----------------------------------------------------------------------------
                          0.00    0.00   clock clk (rise edge)
                          0.00    0.00   clock source latency
                  0.04    0.03    0.03 ^ clk (in)
     1    0.01                           clk (net)
                  0.04    0.00    0.03 ^ clkbuf_0_clk/A (sky130_fd_sc_hd__clkbuf_16)
                  0.09    0.15    0.18 ^ clkbuf_0_clk/X (sky130_fd_sc_hd__clkbuf_16)
    16    0.07                           clknet_0_clk (net)
                  0.09    0.00    0.18 ^ clkbuf_4_13_0_clk/A (sky130_fd_sc_hd__clkbuf_8)
                  0.06    0.15    0.33 ^ clkbuf_4_13_0_clk/X (sky130_fd_sc_hd__clkbuf_8)
     9    0.03                           clknet_4_13_0_clk (net)
                  0.06    0.00    0.33 ^ _1175_/CLK (sky130_fd_sc_hd__dfrtp_2)
                  0.11    0.39    0.71 ^ _1175_/Q (sky130_fd_sc_hd__dfrtp_2)
     8    0.02                           u_addr_gen.addr[2] (net)
                  0.11    0.00    0.72 ^ _0952_/C (sky130_fd_sc_hd__or4b_2)
                  0.05    0.14    0.85 ^ _0952_/X (sky130_fd_sc_hd__or4b_2)
     4    0.01                           _0376_ (net)
                  0.05    0.00    0.85 ^ _0953_/C (sky130_fd_sc_hd__or3_2)
                  0.05    0.11    0.96 ^ _0953_/X (sky130_fd_sc_hd__or3_2)
     2    0.01                           _0377_ (net)
                  0.05    0.00    0.96 ^ _0954_/S (sky130_fd_sc_hd__mux2_1)
                  0.05    0.12    1.09 ^ _0954_/X (sky130_fd_sc_hd__mux2_1)
     1    0.00                           _0378_ (net)
                  0.05    0.00    1.09 ^ _0955_/A (sky130_fd_sc_hd__clkbuf_1)
                  0.04    0.08    1.16 ^ _0955_/X (sky130_fd_sc_hd__clkbuf_1)
     1    0.00                           _0027_ (net)
                  0.04    0.00    1.16 ^ _1193_/D (sky130_fd_sc_hd__dfxtp_1)
                                  1.16   data arrival time

                          0.00    0.00   clock clk (rise edge)
                          0.00    0.00   clock source latency
                  0.04    0.03    0.03 ^ clk (in)
     1    0.01                           clk (net)
                  0.04    0.00    0.03 ^ clkbuf_0_clk/A (sky130_fd_sc_hd__clkbuf_16)
                  0.09    0.17    0.20 ^ clkbuf_0_clk/X (sky130_fd_sc_hd__clkbuf_16)
    16    0.07                           clknet_0_clk (net)
                  0.09    0.00    0.20 ^ clkbuf_4_2_0_clk/A (sky130_fd_sc_hd__clkbuf_8)
                  0.08    0.18    0.38 ^ clkbuf_4_2_0_clk/X (sky130_fd_sc_hd__clkbuf_8)
    14    0.04                           clknet_4_2_0_clk (net)
                  0.08    0.00    0.38 ^ _1193_/CLK (sky130_fd_sc_hd__dfxtp_1)
                          0.25    0.63   clock uncertainty
                         -0.02    0.61   clock reconvergence pessimism
                         -0.03    0.58   library hold time
                                  0.58   data required time
-----------------------------------------------------------------------------
                                  0.58   data required time
                                 -1.16   data arrival time
-----------------------------------------------------------------------------
                                  0.58   slack (MET)


Startpoint: _1317_ (rising edge-triggered flip-flop clocked by clk)
Endpoint: _1264_ (rising edge-triggered flip-flop clocked by clk)
Path Group: clk
Path Type: min

Fanout     Cap    Slew   Delay    Time   Description
-----------------------------------------------------------------------------
                          0.00    0.00   clock clk (rise edge)
                          0.00    0.00   clock source latency
                  0.04    0.03    0.03 ^ clk (in)
     1    0.01                           clk (net)
                  0.04    0.00    0.03 ^ clkbuf_0_clk/A (sky130_fd_sc_hd__clkbuf_16)
                  0.09    0.15    0.18 ^ clkbuf_0_clk/X (sky130_fd_sc_hd__clkbuf_16)
    16    0.07                           clknet_0_clk (net)
                  0.09    0.00    0.18 ^ clkbuf_4_10_0_clk/A (sky130_fd_sc_hd__clkbuf_8)
                  0.08    0.16    0.34 ^ clkbuf_4_10_0_clk/X (sky130_fd_sc_hd__clkbuf_8)
    15    0.04                           clknet_4_10_0_clk (net)
                  0.08    0.00    0.34 ^ _1317_/CLK (sky130_fd_sc_hd__dfrtp_4)
                  0.10    0.43    0.78 ^ _1317_/Q (sky130_fd_sc_hd__dfrtp_4)
     4    0.02                           u_pattern_gen.state_r[0] (net)
                  0.10    0.00    0.78 ^ _0915_/A (sky130_fd_sc_hd__clkbuf_4)
                  0.08    0.17    0.94 ^ _0915_/X (sky130_fd_sc_hd__clkbuf_4)
    10    0.02                           _0350_ (net)
                  0.08    0.00    0.94 ^ _1149_/A1 (sky130_fd_sc_hd__mux2_1)
                  0.04    0.12    1.07 ^ _1149_/X (sky130_fd_sc_hd__mux2_1)
     1    0.00                           _0502_ (net)
                  0.04    0.00    1.07 ^ _1150_/A (sky130_fd_sc_hd__clkbuf_1)
                  0.04    0.07    1.14 ^ _1150_/X (sky130_fd_sc_hd__clkbuf_1)
     1    0.00                           _0098_ (net)
                  0.04    0.00    1.14 ^ _1264_/D (sky130_fd_sc_hd__dfxtp_1)
                                  1.14   data arrival time

                          0.00    0.00   clock clk (rise edge)
                          0.00    0.00   clock source latency
                  0.04    0.03    0.03 ^ clk (in)
     1    0.01                           clk (net)
                  0.04    0.00    0.03 ^ clkbuf_0_clk/A (sky130_fd_sc_hd__clkbuf_16)
                  0.09    0.17    0.20 ^ clkbuf_0_clk/X (sky130_fd_sc_hd__clkbuf_16)
    16    0.07                           clknet_0_clk (net)
                  0.09    0.00    0.20 ^ clkbuf_4_4_0_clk/A (sky130_fd_sc_hd__clkbuf_8)
                  0.06    0.16    0.36 ^ clkbuf_4_4_0_clk/X (sky130_fd_sc_hd__clkbuf_8)
     9    0.03                           clknet_4_4_0_clk (net)
                  0.06    0.00    0.36 ^ _1264_/CLK (sky130_fd_sc_hd__dfxtp_1)
                          0.25    0.61   clock uncertainty
                         -0.02    0.59   clock reconvergence pessimism
                         -0.03    0.56   library hold time
                                  0.56   data required time
-----------------------------------------------------------------------------
                                  0.56   data required time
                                 -1.14   data arrival time
-----------------------------------------------------------------------------
                                  0.58   slack (MET)


Startpoint: _1317_ (rising edge-triggered flip-flop clocked by clk)
Endpoint: _1284_ (rising edge-triggered flip-flop clocked by clk)
Path Group: clk
Path Type: min

Fanout     Cap    Slew   Delay    Time   Description
-----------------------------------------------------------------------------
                          0.00    0.00   clock clk (rise edge)
                          0.00    0.00   clock source latency
                  0.04    0.03    0.03 ^ clk (in)
     1    0.01                           clk (net)
                  0.04    0.00    0.03 ^ clkbuf_0_clk/A (sky130_fd_sc_hd__clkbuf_16)
                  0.09    0.15    0.18 ^ clkbuf_0_clk/X (sky130_fd_sc_hd__clkbuf_16)
    16    0.07                           clknet_0_clk (net)
                  0.09    0.00    0.18 ^ clkbuf_4_10_0_clk/A (sky130_fd_sc_hd__clkbuf_8)
                  0.08    0.16    0.34 ^ clkbuf_4_10_0_clk/X (sky130_fd_sc_hd__clkbuf_8)
    15    0.04                           clknet_4_10_0_clk (net)
                  0.08    0.00    0.34 ^ _1317_/CLK (sky130_fd_sc_hd__dfrtp_4)
                  0.10    0.43    0.78 ^ _1317_/Q (sky130_fd_sc_hd__dfrtp_4)
     4    0.02                           u_pattern_gen.state_r[0] (net)
                  0.10    0.00    0.78 ^ _0915_/A (sky130_fd_sc_hd__clkbuf_4)
                  0.08    0.17    0.94 ^ _0915_/X (sky130_fd_sc_hd__clkbuf_4)
    10    0.02                           _0350_ (net)
                  0.08    0.00    0.94 ^ _0615_/A1 (sky130_fd_sc_hd__mux2_1)
                  0.05    0.13    1.07 ^ _0615_/X (sky130_fd_sc_hd__mux2_1)
     1    0.00                           _0535_ (net)
                  0.05    0.00    1.07 ^ _0616_/A (sky130_fd_sc_hd__clkbuf_1)
                  0.04    0.08    1.15 ^ _0616_/X (sky130_fd_sc_hd__clkbuf_1)
     1    0.00                           _0118_ (net)
                  0.04    0.00    1.15 ^ _1284_/D (sky130_fd_sc_hd__dfxtp_1)
                                  1.15   data arrival time

                          0.00    0.00   clock clk (rise edge)
                          0.00    0.00   clock source latency
                  0.04    0.03    0.03 ^ clk (in)
     1    0.01                           clk (net)
                  0.04    0.00    0.03 ^ clkbuf_0_clk/A (sky130_fd_sc_hd__clkbuf_16)
                  0.09    0.17    0.20 ^ clkbuf_0_clk/X (sky130_fd_sc_hd__clkbuf_16)
    16    0.07                           clknet_0_clk (net)
                  0.09    0.00    0.20 ^ clkbuf_4_1_0_clk/A (sky130_fd_sc_hd__clkbuf_8)
                  0.06    0.17    0.36 ^ clkbuf_4_1_0_clk/X (sky130_fd_sc_hd__clkbuf_8)
    10    0.03                           clknet_4_1_0_clk (net)
                  0.06    0.00    0.37 ^ _1284_/CLK (sky130_fd_sc_hd__dfxtp_1)
                          0.25    0.62   clock uncertainty
                         -0.02    0.60   clock reconvergence pessimism
                         -0.03    0.57   library hold time
                                  0.57   data required time
-----------------------------------------------------------------------------
                                  0.57   data required time
                                 -1.15   data arrival time
-----------------------------------------------------------------------------
                                  0.58   slack (MET)


Startpoint: _1317_ (rising edge-triggered flip-flop clocked by clk)
Endpoint: _1268_ (rising edge-triggered flip-flop clocked by clk)
Path Group: clk
Path Type: min

Fanout     Cap    Slew   Delay    Time   Description
-----------------------------------------------------------------------------
                          0.00    0.00   clock clk (rise edge)
                          0.00    0.00   clock source latency
                  0.04    0.03    0.03 ^ clk (in)
     1    0.01                           clk (net)
                  0.04    0.00    0.03 ^ clkbuf_0_clk/A (sky130_fd_sc_hd__clkbuf_16)
                  0.09    0.15    0.18 ^ clkbuf_0_clk/X (sky130_fd_sc_hd__clkbuf_16)
    16    0.07                           clknet_0_clk (net)
                  0.09    0.00    0.18 ^ clkbuf_4_10_0_clk/A (sky130_fd_sc_hd__clkbuf_8)
                  0.08    0.16    0.34 ^ clkbuf_4_10_0_clk/X (sky130_fd_sc_hd__clkbuf_8)
    15    0.04                           clknet_4_10_0_clk (net)
                  0.08    0.00    0.34 ^ _1317_/CLK (sky130_fd_sc_hd__dfrtp_4)
                  0.10    0.43    0.78 ^ _1317_/Q (sky130_fd_sc_hd__dfrtp_4)
     4    0.02                           u_pattern_gen.state_r[0] (net)
                  0.10    0.00    0.78 ^ _0915_/A (sky130_fd_sc_hd__clkbuf_4)
                  0.08    0.17    0.94 ^ _0915_/X (sky130_fd_sc_hd__clkbuf_4)
    10    0.02                           _0350_ (net)
                  0.08    0.00    0.94 ^ _1160_/A1 (sky130_fd_sc_hd__mux2_1)
                  0.05    0.13    1.07 ^ _1160_/X (sky130_fd_sc_hd__mux2_1)
     1    0.00                           _0509_ (net)
                  0.05    0.00    1.07 ^ _1161_/A (sky130_fd_sc_hd__clkbuf_1)
                  0.04    0.08    1.14 ^ _1161_/X (sky130_fd_sc_hd__clkbuf_1)
     1    0.00                           _0102_ (net)
                  0.04    0.00    1.14 ^ _1268_/D (sky130_fd_sc_hd__dfxtp_1)
                                  1.14   data arrival time

                          0.00    0.00   clock clk (rise edge)
                          0.00    0.00   clock source latency
                  0.04    0.03    0.03 ^ clk (in)
     1    0.01                           clk (net)
                  0.04    0.00    0.03 ^ clkbuf_0_clk/A (sky130_fd_sc_hd__clkbuf_16)
                  0.09    0.17    0.20 ^ clkbuf_0_clk/X (sky130_fd_sc_hd__clkbuf_16)
    16    0.07                           clknet_0_clk (net)
                  0.09    0.00    0.20 ^ clkbuf_4_12_0_clk/A (sky130_fd_sc_hd__clkbuf_8)
                  0.05    0.16    0.35 ^ clkbuf_4_12_0_clk/X (sky130_fd_sc_hd__clkbuf_8)
     7    0.02                           clknet_4_12_0_clk (net)
                  0.05    0.00    0.36 ^ _1268_/CLK (sky130_fd_sc_hd__dfxtp_1)
                          0.25    0.61   clock uncertainty
                         -0.02    0.59   clock reconvergence pessimism
                         -0.03    0.56   library hold time
                                  0.56   data required time
-----------------------------------------------------------------------------
                                  0.56   data required time
                                 -1.14   data arrival time
-----------------------------------------------------------------------------
                                  0.59   slack (MET)


Startpoint: _1317_ (rising edge-triggered flip-flop clocked by clk)
Endpoint: _1262_ (rising edge-triggered flip-flop clocked by clk)
Path Group: clk
Path Type: min

Fanout     Cap    Slew   Delay    Time   Description
-----------------------------------------------------------------------------
                          0.00    0.00   clock clk (rise edge)
                          0.00    0.00   clock source latency
                  0.04    0.03    0.03 ^ clk (in)
     1    0.01                           clk (net)
                  0.04    0.00    0.03 ^ clkbuf_0_clk/A (sky130_fd_sc_hd__clkbuf_16)
                  0.09    0.15    0.18 ^ clkbuf_0_clk/X (sky130_fd_sc_hd__clkbuf_16)
    16    0.07                           clknet_0_clk (net)
                  0.09    0.00    0.18 ^ clkbuf_4_10_0_clk/A (sky130_fd_sc_hd__clkbuf_8)
                  0.08    0.16    0.34 ^ clkbuf_4_10_0_clk/X (sky130_fd_sc_hd__clkbuf_8)
    15    0.04                           clknet_4_10_0_clk (net)
                  0.08    0.00    0.34 ^ _1317_/CLK (sky130_fd_sc_hd__dfrtp_4)
                  0.10    0.43    0.78 ^ _1317_/Q (sky130_fd_sc_hd__dfrtp_4)
     4    0.02                           u_pattern_gen.state_r[0] (net)
                  0.10    0.00    0.78 ^ _0915_/A (sky130_fd_sc_hd__clkbuf_4)
                  0.08    0.17    0.94 ^ _0915_/X (sky130_fd_sc_hd__clkbuf_4)
    10    0.02                           _0350_ (net)
                  0.08    0.00    0.94 ^ _1144_/A1 (sky130_fd_sc_hd__mux2_1)
                  0.05    0.13    1.07 ^ _1144_/X (sky130_fd_sc_hd__mux2_1)
     1    0.00                           _0499_ (net)
                  0.05    0.00    1.07 ^ _1145_/A (sky130_fd_sc_hd__clkbuf_1)
                  0.05    0.08    1.15 ^ _1145_/X (sky130_fd_sc_hd__clkbuf_1)
     1    0.00                           _0096_ (net)
                  0.05    0.00    1.15 ^ _1262_/D (sky130_fd_sc_hd__dfxtp_1)
                                  1.15   data arrival time

                          0.00    0.00   clock clk (rise edge)
                          0.00    0.00   clock source latency
                  0.04    0.03    0.03 ^ clk (in)
     1    0.01                           clk (net)
                  0.04    0.00    0.03 ^ clkbuf_0_clk/A (sky130_fd_sc_hd__clkbuf_16)
                  0.09    0.17    0.20 ^ clkbuf_0_clk/X (sky130_fd_sc_hd__clkbuf_16)
    16    0.07                           clknet_0_clk (net)
                  0.09    0.00    0.20 ^ clkbuf_4_4_0_clk/A (sky130_fd_sc_hd__clkbuf_8)
                  0.06    0.16    0.36 ^ clkbuf_4_4_0_clk/X (sky130_fd_sc_hd__clkbuf_8)
     9    0.03                           clknet_4_4_0_clk (net)
                  0.06    0.00    0.36 ^ _1262_/CLK (sky130_fd_sc_hd__dfxtp_1)
                          0.25    0.61   clock uncertainty
                         -0.02    0.59   clock reconvergence pessimism
                         -0.03    0.56   library hold time
                                  0.56   data required time
-----------------------------------------------------------------------------
                                  0.56   data required time
                                 -1.15   data arrival time
-----------------------------------------------------------------------------
                                  0.59   slack (MET)


Startpoint: _1176_ (rising edge-triggered flip-flop clocked by clk)
Endpoint: _1305_ (rising edge-triggered flip-flop clocked by clk)
Path Group: clk
Path Type: min

Fanout     Cap    Slew   Delay    Time   Description
-----------------------------------------------------------------------------
                          0.00    0.00   clock clk (rise edge)
                          0.00    0.00   clock source latency
                  0.04    0.03    0.03 ^ clk (in)
     1    0.01                           clk (net)
                  0.04    0.00    0.03 ^ clkbuf_0_clk/A (sky130_fd_sc_hd__clkbuf_16)
                  0.09    0.15    0.18 ^ clkbuf_0_clk/X (sky130_fd_sc_hd__clkbuf_16)
    16    0.07                           clknet_0_clk (net)
                  0.09    0.00    0.18 ^ clkbuf_4_12_0_clk/A (sky130_fd_sc_hd__clkbuf_8)
                  0.05    0.14    0.32 ^ clkbuf_4_12_0_clk/X (sky130_fd_sc_hd__clkbuf_8)
     7    0.02                           clknet_4_12_0_clk (net)
                  0.05    0.00    0.32 ^ _1176_/CLK (sky130_fd_sc_hd__dfrtp_4)
                  0.10    0.42    0.74 ^ _1176_/Q (sky130_fd_sc_hd__dfrtp_4)
     8    0.02                           u_addr_gen.addr[3] (net)
                  0.10    0.00    0.74 ^ _0999_/C (sky130_fd_sc_hd__or4_2)
                  0.04    0.13    0.87 ^ _0999_/X (sky130_fd_sc_hd__or4_2)
     4    0.01                           _0407_ (net)
                  0.04    0.00    0.87 ^ _0667_/A (sky130_fd_sc_hd__or2_1)
                  0.09    0.12    0.99 ^ _0667_/X (sky130_fd_sc_hd__or2_1)
     2    0.01                           _0566_ (net)
                  0.09    0.00    0.99 ^ _0668_/S (sky130_fd_sc_hd__mux2_1)
                  0.05    0.13    1.12 ^ _0668_/X (sky130_fd_sc_hd__mux2_1)
     1    0.00                           _0567_ (net)
                  0.05    0.00    1.12 ^ _0669_/A (sky130_fd_sc_hd__clkbuf_1)
                  0.04    0.07    1.19 ^ _0669_/X (sky130_fd_sc_hd__clkbuf_1)
     1    0.00                           _0139_ (net)
                  0.04    0.00    1.19 ^ _1305_/D (sky130_fd_sc_hd__dfxtp_1)
                                  1.19   data arrival time

                          0.00    0.00   clock clk (rise edge)
                          0.00    0.00   clock source latency
                  0.04    0.03    0.03 ^ clk (in)
     1    0.01                           clk (net)
                  0.04    0.00    0.03 ^ clkbuf_0_clk/A (sky130_fd_sc_hd__clkbuf_16)
                  0.09    0.17    0.20 ^ clkbuf_0_clk/X (sky130_fd_sc_hd__clkbuf_16)
    16    0.07                           clknet_0_clk (net)
                  0.09    0.00    0.20 ^ clkbuf_4_10_0_clk/A (sky130_fd_sc_hd__clkbuf_8)
                  0.08    0.18    0.38 ^ clkbuf_4_10_0_clk/X (sky130_fd_sc_hd__clkbuf_8)
    15    0.04                           clknet_4_10_0_clk (net)
                  0.08    0.00    0.38 ^ _1305_/CLK (sky130_fd_sc_hd__dfxtp_1)
                          0.25    0.63   clock uncertainty
                         -0.02    0.61   clock reconvergence pessimism
                         -0.02    0.59   library hold time
                                  0.59   data required time
-----------------------------------------------------------------------------
                                  0.59   data required time
                                 -1.19   data arrival time
-----------------------------------------------------------------------------
                                  0.61   slack (MET)


Startpoint: _1176_ (rising edge-triggered flip-flop clocked by clk)
Endpoint: _1234_ (rising edge-triggered flip-flop clocked by clk)
Path Group: clk
Path Type: min

Fanout     Cap    Slew   Delay    Time   Description
-----------------------------------------------------------------------------
                          0.00    0.00   clock clk (rise edge)
                          0.00    0.00   clock source latency
                  0.04    0.03    0.03 ^ clk (in)
     1    0.01                           clk (net)
                  0.04    0.00    0.03 ^ clkbuf_0_clk/A (sky130_fd_sc_hd__clkbuf_16)
                  0.09    0.15    0.18 ^ clkbuf_0_clk/X (sky130_fd_sc_hd__clkbuf_16)
    16    0.07                           clknet_0_clk (net)
                  0.09    0.00    0.18 ^ clkbuf_4_12_0_clk/A (sky130_fd_sc_hd__clkbuf_8)
                  0.05    0.14    0.32 ^ clkbuf_4_12_0_clk/X (sky130_fd_sc_hd__clkbuf_8)
     7    0.02                           clknet_4_12_0_clk (net)
                  0.05    0.00    0.32 ^ _1176_/CLK (sky130_fd_sc_hd__dfrtp_4)
                  0.10    0.42    0.74 ^ _1176_/Q (sky130_fd_sc_hd__dfrtp_4)
     8    0.02                           u_addr_gen.addr[3] (net)
                  0.10    0.00    0.74 ^ _0975_/C (sky130_fd_sc_hd__or4b_4)
                  0.04    0.13    0.87 ^ _0975_/X (sky130_fd_sc_hd__or4b_4)
     4    0.01                           _0391_ (net)
                  0.04    0.00    0.87 ^ _1067_/A (sky130_fd_sc_hd__or2_1)
                  0.09    0.12    0.99 ^ _1067_/X (sky130_fd_sc_hd__or2_1)
     2    0.01                           _0451_ (net)
                  0.09    0.00    0.99 ^ _1070_/S (sky130_fd_sc_hd__mux2_1)
                  0.04    0.13    1.12 ^ _1070_/X (sky130_fd_sc_hd__mux2_1)
     1    0.00                           _0453_ (net)
                  0.04    0.00    1.12 ^ _1071_/A (sky130_fd_sc_hd__clkbuf_1)
                  0.04    0.07    1.19 ^ _1071_/X (sky130_fd_sc_hd__clkbuf_1)
     1    0.00                           _0068_ (net)
                  0.04    0.00    1.19 ^ _1234_/D (sky130_fd_sc_hd__dfxtp_1)
                                  1.19   data arrival time

                          0.00    0.00   clock clk (rise edge)
                          0.00    0.00   clock source latency
                  0.04    0.03    0.03 ^ clk (in)
     1    0.01                           clk (net)
                  0.04    0.00    0.03 ^ clkbuf_0_clk/A (sky130_fd_sc_hd__clkbuf_16)
                  0.09    0.17    0.20 ^ clkbuf_0_clk/X (sky130_fd_sc_hd__clkbuf_16)
    16    0.07                           clknet_0_clk (net)
                  0.09    0.00    0.20 ^ clkbuf_4_7_0_clk/A (sky130_fd_sc_hd__clkbuf_8)
                  0.07    0.17    0.37 ^ clkbuf_4_7_0_clk/X (sky130_fd_sc_hd__clkbuf_8)
    13    0.03                           clknet_4_7_0_clk (net)
                  0.07    0.00    0.37 ^ _1234_/CLK (sky130_fd_sc_hd__dfxtp_1)
                          0.25    0.62   clock uncertainty
                         -0.02    0.60   clock reconvergence pessimism
                         -0.03    0.58   library hold time
                                  0.58   data required time
-----------------------------------------------------------------------------
                                  0.58   data required time
                                 -1.19   data arrival time
-----------------------------------------------------------------------------
                                  0.61   slack (MET)


Startpoint: _1176_ (rising edge-triggered flip-flop clocked by clk)
Endpoint: _1233_ (rising edge-triggered flip-flop clocked by clk)
Path Group: clk
Path Type: min

Fanout     Cap    Slew   Delay    Time   Description
-----------------------------------------------------------------------------
                          0.00    0.00   clock clk (rise edge)
                          0.00    0.00   clock source latency
                  0.04    0.03    0.03 ^ clk (in)
     1    0.01                           clk (net)
                  0.04    0.00    0.03 ^ clkbuf_0_clk/A (sky130_fd_sc_hd__clkbuf_16)
                  0.09    0.15    0.18 ^ clkbuf_0_clk/X (sky130_fd_sc_hd__clkbuf_16)
    16    0.07                           clknet_0_clk (net)
                  0.09    0.00    0.18 ^ clkbuf_4_12_0_clk/A (sky130_fd_sc_hd__clkbuf_8)
                  0.05    0.14    0.32 ^ clkbuf_4_12_0_clk/X (sky130_fd_sc_hd__clkbuf_8)
     7    0.02                           clknet_4_12_0_clk (net)
                  0.05    0.00    0.32 ^ _1176_/CLK (sky130_fd_sc_hd__dfrtp_4)
                  0.10    0.42    0.74 ^ _1176_/Q (sky130_fd_sc_hd__dfrtp_4)
     8    0.02                           u_addr_gen.addr[3] (net)
                  0.10    0.00    0.74 ^ _0975_/C (sky130_fd_sc_hd__or4b_4)
                  0.04    0.13    0.87 ^ _0975_/X (sky130_fd_sc_hd__or4b_4)
     4    0.01                           _0391_ (net)
                  0.04    0.00    0.87 ^ _1067_/A (sky130_fd_sc_hd__or2_1)
                  0.09    0.12    0.99 ^ _1067_/X (sky130_fd_sc_hd__or2_1)
     2    0.01                           _0451_ (net)
                  0.09    0.00    0.99 ^ _1068_/S (sky130_fd_sc_hd__mux2_1)
                  0.05    0.13    1.12 ^ _1068_/X (sky130_fd_sc_hd__mux2_1)
     1    0.00                           _0452_ (net)
                  0.05    0.00    1.12 ^ _1069_/A (sky130_fd_sc_hd__clkbuf_1)
                  0.04    0.07    1.19 ^ _1069_/X (sky130_fd_sc_hd__clkbuf_1)
     1    0.00                           _0067_ (net)
                  0.04    0.00    1.19 ^ _1233_/D (sky130_fd_sc_hd__dfxtp_1)
                                  1.19   data arrival time

                          0.00    0.00   clock clk (rise edge)
                          0.00    0.00   clock source latency
                  0.04    0.03    0.03 ^ clk (in)
     1    0.01                           clk (net)
                  0.04    0.00    0.03 ^ clkbuf_0_clk/A (sky130_fd_sc_hd__clkbuf_16)
                  0.09    0.17    0.20 ^ clkbuf_0_clk/X (sky130_fd_sc_hd__clkbuf_16)
    16    0.07                           clknet_0_clk (net)
                  0.09    0.00    0.20 ^ clkbuf_4_7_0_clk/A (sky130_fd_sc_hd__clkbuf_8)
                  0.07    0.17    0.37 ^ clkbuf_4_7_0_clk/X (sky130_fd_sc_hd__clkbuf_8)
    13    0.03                           clknet_4_7_0_clk (net)
                  0.07    0.00    0.37 ^ _1233_/CLK (sky130_fd_sc_hd__dfxtp_1)
                          0.25    0.62   clock uncertainty
                         -0.02    0.60   clock reconvergence pessimism
                         -0.03    0.58   library hold time
                                  0.58   data required time
-----------------------------------------------------------------------------
                                  0.58   data required time
                                 -1.19   data arrival time
-----------------------------------------------------------------------------
                                  0.61   slack (MET)


Startpoint: _1175_ (rising edge-triggered flip-flop clocked by clk)
Endpoint: _1289_ (rising edge-triggered flip-flop clocked by clk)
Path Group: clk
Path Type: min

Fanout     Cap    Slew   Delay    Time   Description
-----------------------------------------------------------------------------
                          0.00    0.00   clock clk (rise edge)
                          0.00    0.00   clock source latency
                  0.04    0.03    0.03 ^ clk (in)
     1    0.01                           clk (net)
                  0.04    0.00    0.03 ^ clkbuf_0_clk/A (sky130_fd_sc_hd__clkbuf_16)
                  0.09    0.15    0.18 ^ clkbuf_0_clk/X (sky130_fd_sc_hd__clkbuf_16)
    16    0.07                           clknet_0_clk (net)
                  0.09    0.00    0.18 ^ clkbuf_4_13_0_clk/A (sky130_fd_sc_hd__clkbuf_8)
                  0.06    0.15    0.33 ^ clkbuf_4_13_0_clk/X (sky130_fd_sc_hd__clkbuf_8)
     9    0.03                           clknet_4_13_0_clk (net)
                  0.06    0.00    0.33 ^ _1175_/CLK (sky130_fd_sc_hd__dfrtp_2)
                  0.11    0.39    0.71 ^ _1175_/Q (sky130_fd_sc_hd__dfrtp_2)
     8    0.02                           u_addr_gen.addr[2] (net)
                  0.11    0.00    0.72 ^ _0952_/C (sky130_fd_sc_hd__or4b_2)
                  0.05    0.14    0.85 ^ _0952_/X (sky130_fd_sc_hd__or4b_2)
     4    0.01                           _0376_ (net)
                  0.05    0.00    0.85 ^ _0627_/B (sky130_fd_sc_hd__or3_1)
                  0.09    0.13    0.98 ^ _0627_/X (sky130_fd_sc_hd__or3_1)
     2    0.01                           _0542_ (net)
                  0.09    0.00    0.98 ^ _0628_/S (sky130_fd_sc_hd__mux2_1)
                  0.04    0.13    1.10 ^ _0628_/X (sky130_fd_sc_hd__mux2_1)
     1    0.00                           _0543_ (net)
                  0.04    0.00    1.11 ^ _0629_/A (sky130_fd_sc_hd__clkbuf_1)
                  0.04    0.07    1.18 ^ _0629_/X (sky130_fd_sc_hd__clkbuf_1)
     1    0.00                           _0123_ (net)
                  0.04    0.00    1.18 ^ _1289_/D (sky130_fd_sc_hd__dfxtp_1)
                                  1.18   data arrival time

                          0.00    0.00   clock clk (rise edge)
                          0.00    0.00   clock source latency
                  0.04    0.03    0.03 ^ clk (in)
     1    0.01                           clk (net)
                  0.04    0.00    0.03 ^ clkbuf_0_clk/A (sky130_fd_sc_hd__clkbuf_16)
                  0.09    0.17    0.20 ^ clkbuf_0_clk/X (sky130_fd_sc_hd__clkbuf_16)
    16    0.07                           clknet_0_clk (net)
                  0.09    0.00    0.20 ^ clkbuf_4_9_0_clk/A (sky130_fd_sc_hd__clkbuf_8)
                  0.06    0.16    0.36 ^ clkbuf_4_9_0_clk/X (sky130_fd_sc_hd__clkbuf_8)
     8    0.02                           clknet_4_9_0_clk (net)
                  0.06    0.00    0.36 ^ _1289_/CLK (sky130_fd_sc_hd__dfxtp_1)
                          0.25    0.61   clock uncertainty
                         -0.02    0.59   clock reconvergence pessimism
                         -0.03    0.56   library hold time
                                  0.56   data required time
-----------------------------------------------------------------------------
                                  0.56   data required time
                                 -1.18   data arrival time
-----------------------------------------------------------------------------
                                  0.62   slack (MET)


Startpoint: _1176_ (rising edge-triggered flip-flop clocked by clk)
Endpoint: _1210_ (rising edge-triggered flip-flop clocked by clk)
Path Group: clk
Path Type: min

Fanout     Cap    Slew   Delay    Time   Description
-----------------------------------------------------------------------------
                          0.00    0.00   clock clk (rise edge)
                          0.00    0.00   clock source latency
                  0.04    0.03    0.03 ^ clk (in)
     1    0.01                           clk (net)
                  0.04    0.00    0.03 ^ clkbuf_0_clk/A (sky130_fd_sc_hd__clkbuf_16)
                  0.09    0.15    0.18 ^ clkbuf_0_clk/X (sky130_fd_sc_hd__clkbuf_16)
    16    0.07                           clknet_0_clk (net)
                  0.09    0.00    0.18 ^ clkbuf_4_12_0_clk/A (sky130_fd_sc_hd__clkbuf_8)
                  0.05    0.14    0.32 ^ clkbuf_4_12_0_clk/X (sky130_fd_sc_hd__clkbuf_8)
     7    0.02                           clknet_4_12_0_clk (net)
                  0.05    0.00    0.32 ^ _1176_/CLK (sky130_fd_sc_hd__dfrtp_4)
                  0.10    0.42    0.74 ^ _1176_/Q (sky130_fd_sc_hd__dfrtp_4)
     8    0.02                           u_addr_gen.addr[3] (net)
                  0.10    0.00    0.74 ^ _0999_/C (sky130_fd_sc_hd__or4_2)
                  0.04    0.13    0.87 ^ _0999_/X (sky130_fd_sc_hd__or4_2)
     4    0.01                           _0407_ (net)
                  0.04    0.00    0.87 ^ _1000_/B (sky130_fd_sc_hd__or2_1)
                  0.09    0.12    0.99 ^ _1000_/X (sky130_fd_sc_hd__or2_1)
     2    0.01                           _0408_ (net)
                  0.09    0.00    0.99 ^ _1003_/S (sky130_fd_sc_hd__mux2_1)
                  0.05    0.13    1.12 ^ _1003_/X (sky130_fd_sc_hd__mux2_1)
     1    0.00                           _0410_ (net)
                  0.05    0.00    1.12 ^ _1004_/A (sky130_fd_sc_hd__clkbuf_1)
                  0.05    0.08    1.20 ^ _1004_/X (sky130_fd_sc_hd__clkbuf_1)
     1    0.00                           _0044_ (net)
                  0.05    0.00    1.20 ^ _1210_/D (sky130_fd_sc_hd__dfxtp_1)
                                  1.20   data arrival time

                          0.00    0.00   clock clk (rise edge)
                          0.00    0.00   clock source latency
                  0.04    0.03    0.03 ^ clk (in)
     1    0.01                           clk (net)
                  0.04    0.00    0.03 ^ clkbuf_0_clk/A (sky130_fd_sc_hd__clkbuf_16)
                  0.09    0.17    0.20 ^ clkbuf_0_clk/X (sky130_fd_sc_hd__clkbuf_16)
    16    0.07                           clknet_0_clk (net)
                  0.09    0.00    0.20 ^ clkbuf_4_10_0_clk/A (sky130_fd_sc_hd__clkbuf_8)
                  0.08    0.18    0.38 ^ clkbuf_4_10_0_clk/X (sky130_fd_sc_hd__clkbuf_8)
    15    0.04                           clknet_4_10_0_clk (net)
                  0.08    0.00    0.38 ^ _1210_/CLK (sky130_fd_sc_hd__dfxtp_1)
                          0.25    0.63   clock uncertainty
                         -0.02    0.61   clock reconvergence pessimism
                         -0.03    0.59   library hold time
                                  0.59   data required time
-----------------------------------------------------------------------------
                                  0.59   data required time
                                 -1.20   data arrival time
-----------------------------------------------------------------------------
                                  0.62   slack (MET)


Startpoint: _1176_ (rising edge-triggered flip-flop clocked by clk)
Endpoint: _1209_ (rising edge-triggered flip-flop clocked by clk)
Path Group: clk
Path Type: min

Fanout     Cap    Slew   Delay    Time   Description
-----------------------------------------------------------------------------
                          0.00    0.00   clock clk (rise edge)
                          0.00    0.00   clock source latency
                  0.04    0.03    0.03 ^ clk (in)
     1    0.01                           clk (net)
                  0.04    0.00    0.03 ^ clkbuf_0_clk/A (sky130_fd_sc_hd__clkbuf_16)
                  0.09    0.15    0.18 ^ clkbuf_0_clk/X (sky130_fd_sc_hd__clkbuf_16)
    16    0.07                           clknet_0_clk (net)
                  0.09    0.00    0.18 ^ clkbuf_4_12_0_clk/A (sky130_fd_sc_hd__clkbuf_8)
                  0.05    0.14    0.32 ^ clkbuf_4_12_0_clk/X (sky130_fd_sc_hd__clkbuf_8)
     7    0.02                           clknet_4_12_0_clk (net)
                  0.05    0.00    0.32 ^ _1176_/CLK (sky130_fd_sc_hd__dfrtp_4)
                  0.10    0.42    0.74 ^ _1176_/Q (sky130_fd_sc_hd__dfrtp_4)
     8    0.02                           u_addr_gen.addr[3] (net)
                  0.10    0.00    0.74 ^ _0999_/C (sky130_fd_sc_hd__or4_2)
                  0.04    0.13    0.87 ^ _0999_/X (sky130_fd_sc_hd__or4_2)
     4    0.01                           _0407_ (net)
                  0.04    0.00    0.87 ^ _1000_/B (sky130_fd_sc_hd__or2_1)
                  0.09    0.12    0.99 ^ _1000_/X (sky130_fd_sc_hd__or2_1)
     2    0.01                           _0408_ (net)
                  0.09    0.00    0.99 ^ _1001_/S (sky130_fd_sc_hd__mux2_1)
                  0.05    0.13    1.12 ^ _1001_/X (sky130_fd_sc_hd__mux2_1)
     1    0.00                           _0409_ (net)
                  0.05    0.00    1.12 ^ _1002_/A (sky130_fd_sc_hd__clkbuf_1)
                  0.04    0.07    1.19 ^ _1002_/X (sky130_fd_sc_hd__clkbuf_1)
     1    0.00                           _0043_ (net)
                  0.04    0.00    1.19 ^ _1209_/D (sky130_fd_sc_hd__dfxtp_1)
                                  1.19   data arrival time

                          0.00    0.00   clock clk (rise edge)
                          0.00    0.00   clock source latency
                  0.04    0.03    0.03 ^ clk (in)
     1    0.01                           clk (net)
                  0.04    0.00    0.03 ^ clkbuf_0_clk/A (sky130_fd_sc_hd__clkbuf_16)
                  0.09    0.17    0.20 ^ clkbuf_0_clk/X (sky130_fd_sc_hd__clkbuf_16)
    16    0.07                           clknet_0_clk (net)
                  0.09    0.00    0.20 ^ clkbuf_4_8_0_clk/A (sky130_fd_sc_hd__clkbuf_8)
                  0.06    0.17    0.36 ^ clkbuf_4_8_0_clk/X (sky130_fd_sc_hd__clkbuf_8)
    10    0.03                           clknet_4_8_0_clk (net)
                  0.06    0.00    0.37 ^ _1209_/CLK (sky130_fd_sc_hd__dfxtp_1)
                          0.25    0.62   clock uncertainty
                         -0.02    0.60   clock reconvergence pessimism
                         -0.03    0.57   library hold time
                                  0.57   data required time
-----------------------------------------------------------------------------
                                  0.57   data required time
                                 -1.19   data arrival time
-----------------------------------------------------------------------------
                                  0.62   slack (MET)


Startpoint: _1176_ (rising edge-triggered flip-flop clocked by clk)
Endpoint: _1266_ (rising edge-triggered flip-flop clocked by clk)
Path Group: clk
Path Type: min

Fanout     Cap    Slew   Delay    Time   Description
-----------------------------------------------------------------------------
                          0.00    0.00   clock clk (rise edge)
                          0.00    0.00   clock source latency
                  0.04    0.03    0.03 ^ clk (in)
     1    0.01                           clk (net)
                  0.04    0.00    0.03 ^ clkbuf_0_clk/A (sky130_fd_sc_hd__clkbuf_16)
                  0.09    0.15    0.18 ^ clkbuf_0_clk/X (sky130_fd_sc_hd__clkbuf_16)
    16    0.07                           clknet_0_clk (net)
                  0.09    0.00    0.18 ^ clkbuf_4_12_0_clk/A (sky130_fd_sc_hd__clkbuf_8)
                  0.05    0.14    0.32 ^ clkbuf_4_12_0_clk/X (sky130_fd_sc_hd__clkbuf_8)
     7    0.02                           clknet_4_12_0_clk (net)
                  0.05    0.00    0.32 ^ _1176_/CLK (sky130_fd_sc_hd__dfrtp_4)
                  0.10    0.42    0.74 ^ _1176_/Q (sky130_fd_sc_hd__dfrtp_4)
     8    0.02                           u_addr_gen.addr[3] (net)
                  0.10    0.00    0.74 ^ _0975_/C (sky130_fd_sc_hd__or4b_4)
                  0.04    0.13    0.87 ^ _0975_/X (sky130_fd_sc_hd__or4b_4)
     4    0.01                           _0391_ (net)
                  0.04    0.00    0.87 ^ _1152_/A (sky130_fd_sc_hd__or2_1)
                  0.10    0.12    0.99 ^ _1152_/X (sky130_fd_sc_hd__or2_1)
     2    0.01                           _0504_ (net)
                  0.10    0.00    0.99 ^ _1155_/S (sky130_fd_sc_hd__mux2_1)
                  0.05    0.14    1.13 ^ _1155_/X (sky130_fd_sc_hd__mux2_1)
     1    0.00                           _0506_ (net)
                  0.05    0.00    1.13 ^ _1156_/A (sky130_fd_sc_hd__clkbuf_1)
                  0.04    0.07    1.20 ^ _1156_/X (sky130_fd_sc_hd__clkbuf_1)
     1    0.00                           _0100_ (net)
                  0.04    0.00    1.20 ^ _1266_/D (sky130_fd_sc_hd__dfxtp_1)
                                  1.20   data arrival time

                          0.00    0.00   clock clk (rise edge)
                          0.00    0.00   clock source latency
                  0.04    0.03    0.03 ^ clk (in)
     1    0.01                           clk (net)
                  0.04    0.00    0.03 ^ clkbuf_0_clk/A (sky130_fd_sc_hd__clkbuf_16)
                  0.09    0.17    0.20 ^ clkbuf_0_clk/X (sky130_fd_sc_hd__clkbuf_16)
    16    0.07                           clknet_0_clk (net)
                  0.09    0.00    0.20 ^ clkbuf_4_4_0_clk/A (sky130_fd_sc_hd__clkbuf_8)
                  0.06    0.16    0.36 ^ clkbuf_4_4_0_clk/X (sky130_fd_sc_hd__clkbuf_8)
     9    0.03                           clknet_4_4_0_clk (net)
                  0.06    0.00    0.36 ^ _1266_/CLK (sky130_fd_sc_hd__dfxtp_1)
                          0.25    0.61   clock uncertainty
                         -0.02    0.59   clock reconvergence pessimism
                         -0.03    0.56   library hold time
                                  0.56   data required time
-----------------------------------------------------------------------------
                                  0.56   data required time
                                 -1.20   data arrival time
-----------------------------------------------------------------------------
                                  0.63   slack (MET)


Startpoint: _1176_ (rising edge-triggered flip-flop clocked by clk)
Endpoint: _1201_ (rising edge-triggered flip-flop clocked by clk)
Path Group: clk
Path Type: min

Fanout     Cap    Slew   Delay    Time   Description
-----------------------------------------------------------------------------
                          0.00    0.00   clock clk (rise edge)
                          0.00    0.00   clock source latency
                  0.04    0.03    0.03 ^ clk (in)
     1    0.01                           clk (net)
                  0.04    0.00    0.03 ^ clkbuf_0_clk/A (sky130_fd_sc_hd__clkbuf_16)
                  0.09    0.15    0.18 ^ clkbuf_0_clk/X (sky130_fd_sc_hd__clkbuf_16)
    16    0.07                           clknet_0_clk (net)
                  0.09    0.00    0.18 ^ clkbuf_4_12_0_clk/A (sky130_fd_sc_hd__clkbuf_8)
                  0.05    0.14    0.32 ^ clkbuf_4_12_0_clk/X (sky130_fd_sc_hd__clkbuf_8)
     7    0.02                           clknet_4_12_0_clk (net)
                  0.05    0.00    0.32 ^ _1176_/CLK (sky130_fd_sc_hd__dfrtp_4)
                  0.10    0.42    0.74 ^ _1176_/Q (sky130_fd_sc_hd__dfrtp_4)
     8    0.02                           u_addr_gen.addr[3] (net)
                  0.10    0.00    0.74 ^ _0975_/C (sky130_fd_sc_hd__or4b_4)
                  0.04    0.13    0.87 ^ _0975_/X (sky130_fd_sc_hd__or4b_4)
     4    0.01                           _0391_ (net)
                  0.04    0.00    0.87 ^ _0976_/B (sky130_fd_sc_hd__or2_1)
                  0.09    0.12    0.99 ^ _0976_/X (sky130_fd_sc_hd__or2_1)
     2    0.01                           _0392_ (net)
                  0.09    0.00    0.99 ^ _0977_/S (sky130_fd_sc_hd__mux2_1)
                  0.04    0.13    1.12 ^ _0977_/X (sky130_fd_sc_hd__mux2_1)
     1    0.00                           _0393_ (net)
                  0.04    0.00    1.12 ^ _0978_/A (sky130_fd_sc_hd__clkbuf_1)
                  0.05    0.08    1.20 ^ _0978_/X (sky130_fd_sc_hd__clkbuf_1)
     1    0.00                           _0035_ (net)
                  0.05    0.00    1.20 ^ _1201_/D (sky130_fd_sc_hd__dfxtp_1)
                                  1.20   data arrival time

                          0.00    0.00   clock clk (rise edge)
                          0.00    0.00   clock source latency
                  0.04    0.03    0.03 ^ clk (in)
     1    0.01                           clk (net)
                  0.04    0.00    0.03 ^ clkbuf_0_clk/A (sky130_fd_sc_hd__clkbuf_16)
                  0.09    0.17    0.20 ^ clkbuf_0_clk/X (sky130_fd_sc_hd__clkbuf_16)
    16    0.07                           clknet_0_clk (net)
                  0.09    0.00    0.20 ^ clkbuf_4_9_0_clk/A (sky130_fd_sc_hd__clkbuf_8)
                  0.06    0.16    0.36 ^ clkbuf_4_9_0_clk/X (sky130_fd_sc_hd__clkbuf_8)
     8    0.02                           clknet_4_9_0_clk (net)
                  0.06    0.00    0.36 ^ _1201_/CLK (sky130_fd_sc_hd__dfxtp_1)
                          0.25    0.61   clock uncertainty
                         -0.02    0.59   clock reconvergence pessimism
                         -0.03    0.56   library hold time
                                  0.56   data required time
-----------------------------------------------------------------------------
                                  0.56   data required time
                                 -1.20   data arrival time
-----------------------------------------------------------------------------
                                  0.64   slack (MET)


Startpoint: _1176_ (rising edge-triggered flip-flop clocked by clk)
Endpoint: _1297_ (rising edge-triggered flip-flop clocked by clk)
Path Group: clk
Path Type: min

Fanout     Cap    Slew   Delay    Time   Description
-----------------------------------------------------------------------------
                          0.00    0.00   clock clk (rise edge)
                          0.00    0.00   clock source latency
                  0.04    0.03    0.03 ^ clk (in)
     1    0.01                           clk (net)
                  0.04    0.00    0.03 ^ clkbuf_0_clk/A (sky130_fd_sc_hd__clkbuf_16)
                  0.09    0.15    0.18 ^ clkbuf_0_clk/X (sky130_fd_sc_hd__clkbuf_16)
    16    0.07                           clknet_0_clk (net)
                  0.09    0.00    0.18 ^ clkbuf_4_12_0_clk/A (sky130_fd_sc_hd__clkbuf_8)
                  0.05    0.14    0.32 ^ clkbuf_4_12_0_clk/X (sky130_fd_sc_hd__clkbuf_8)
     7    0.02                           clknet_4_12_0_clk (net)
                  0.05    0.00    0.32 ^ _1176_/CLK (sky130_fd_sc_hd__dfrtp_4)
                  0.10    0.42    0.74 ^ _1176_/Q (sky130_fd_sc_hd__dfrtp_4)
     8    0.02                           u_addr_gen.addr[3] (net)
                  0.10    0.00    0.74 ^ _0975_/C (sky130_fd_sc_hd__or4b_4)
                  0.04    0.13    0.87 ^ _0975_/X (sky130_fd_sc_hd__or4b_4)
     4    0.01                           _0391_ (net)
                  0.04    0.00    0.87 ^ _0647_/A (sky130_fd_sc_hd__or2_1)
                  0.10    0.12    0.99 ^ _0647_/X (sky130_fd_sc_hd__or2_1)
     2    0.01                           _0554_ (net)
                  0.10    0.00    0.99 ^ _0648_/S (sky130_fd_sc_hd__mux2_1)
                  0.04    0.13    1.13 ^ _0648_/X (sky130_fd_sc_hd__mux2_1)
     1    0.00                           _0555_ (net)
                  0.04    0.00    1.13 ^ _0649_/A (sky130_fd_sc_hd__clkbuf_1)
                  0.04    0.08    1.20 ^ _0649_/X (sky130_fd_sc_hd__clkbuf_1)
     1    0.00                           _0131_ (net)
                  0.04    0.00    1.20 ^ _1297_/D (sky130_fd_sc_hd__dfxtp_1)
                                  1.20   data arrival time

                          0.00    0.00   clock clk (rise edge)
                          0.00    0.00   clock source latency
                  0.04    0.03    0.03 ^ clk (in)
     1    0.01                           clk (net)
                  0.04    0.00    0.03 ^ clkbuf_0_clk/A (sky130_fd_sc_hd__clkbuf_16)
                  0.09    0.17    0.20 ^ clkbuf_0_clk/X (sky130_fd_sc_hd__clkbuf_16)
    16    0.07                           clknet_0_clk (net)
                  0.09    0.00    0.20 ^ clkbuf_4_0_0_clk/A (sky130_fd_sc_hd__clkbuf_8)
                  0.06    0.17    0.36 ^ clkbuf_4_0_0_clk/X (sky130_fd_sc_hd__clkbuf_8)
    10    0.03                           clknet_4_0_0_clk (net)
                  0.06    0.00    0.36 ^ _1297_/CLK (sky130_fd_sc_hd__dfxtp_1)
                          0.25    0.61   clock uncertainty
                         -0.02    0.60   clock reconvergence pessimism
                         -0.03    0.57   library hold time
                                  0.57   data required time
-----------------------------------------------------------------------------
                                  0.57   data required time
                                 -1.20   data arrival time
-----------------------------------------------------------------------------
                                  0.64   slack (MET)


Startpoint: _1176_ (rising edge-triggered flip-flop clocked by clk)
Endpoint: _1265_ (rising edge-triggered flip-flop clocked by clk)
Path Group: clk
Path Type: min

Fanout     Cap    Slew   Delay    Time   Description
-----------------------------------------------------------------------------
                          0.00    0.00   clock clk (rise edge)
                          0.00    0.00   clock source latency
                  0.04    0.03    0.03 ^ clk (in)
     1    0.01                           clk (net)
                  0.04    0.00    0.03 ^ clkbuf_0_clk/A (sky130_fd_sc_hd__clkbuf_16)
                  0.09    0.15    0.18 ^ clkbuf_0_clk/X (sky130_fd_sc_hd__clkbuf_16)
    16    0.07                           clknet_0_clk (net)
                  0.09    0.00    0.18 ^ clkbuf_4_12_0_clk/A (sky130_fd_sc_hd__clkbuf_8)
                  0.05    0.14    0.32 ^ clkbuf_4_12_0_clk/X (sky130_fd_sc_hd__clkbuf_8)
     7    0.02                           clknet_4_12_0_clk (net)
                  0.05    0.00    0.32 ^ _1176_/CLK (sky130_fd_sc_hd__dfrtp_4)
                  0.10    0.42    0.74 ^ _1176_/Q (sky130_fd_sc_hd__dfrtp_4)
     8    0.02                           u_addr_gen.addr[3] (net)
                  0.10    0.00    0.74 ^ _0975_/C (sky130_fd_sc_hd__or4b_4)
                  0.04    0.13    0.87 ^ _0975_/X (sky130_fd_sc_hd__or4b_4)
     4    0.01                           _0391_ (net)
                  0.04    0.00    0.87 ^ _1152_/A (sky130_fd_sc_hd__or2_1)
                  0.10    0.12    0.99 ^ _1152_/X (sky130_fd_sc_hd__or2_1)
     2    0.01                           _0504_ (net)
                  0.10    0.00    0.99 ^ _1153_/S (sky130_fd_sc_hd__mux2_1)
                  0.05    0.14    1.13 ^ _1153_/X (sky130_fd_sc_hd__mux2_1)
     1    0.00                           _0505_ (net)
                  0.05    0.00    1.13 ^ _1154_/A (sky130_fd_sc_hd__clkbuf_1)
                  0.04    0.08    1.20 ^ _1154_/X (sky130_fd_sc_hd__clkbuf_1)
     1    0.00                           _0099_ (net)
                  0.04    0.00    1.20 ^ _1265_/D (sky130_fd_sc_hd__dfxtp_1)
                                  1.20   data arrival time

                          0.00    0.00   clock clk (rise edge)
                          0.00    0.00   clock source latency
                  0.04    0.03    0.03 ^ clk (in)
     1    0.01                           clk (net)
                  0.04    0.00    0.03 ^ clkbuf_0_clk/A (sky130_fd_sc_hd__clkbuf_16)
                  0.09    0.17    0.20 ^ clkbuf_0_clk/X (sky130_fd_sc_hd__clkbuf_16)
    16    0.07                           clknet_0_clk (net)
                  0.09    0.00    0.20 ^ clkbuf_4_4_0_clk/A (sky130_fd_sc_hd__clkbuf_8)
                  0.06    0.16    0.36 ^ clkbuf_4_4_0_clk/X (sky130_fd_sc_hd__clkbuf_8)
     9    0.03                           clknet_4_4_0_clk (net)
                  0.06    0.00    0.36 ^ _1265_/CLK (sky130_fd_sc_hd__dfxtp_1)
                          0.25    0.61   clock uncertainty
                         -0.02    0.59   clock reconvergence pessimism
                         -0.03    0.56   library hold time
                                  0.56   data required time
-----------------------------------------------------------------------------
                                  0.56   data required time
                                 -1.20   data arrival time
-----------------------------------------------------------------------------
                                  0.64   slack (MET)


Startpoint: _1175_ (rising edge-triggered flip-flop clocked by clk)
Endpoint: _1258_ (rising edge-triggered flip-flop clocked by clk)
Path Group: clk
Path Type: min

Fanout     Cap    Slew   Delay    Time   Description
-----------------------------------------------------------------------------
                          0.00    0.00   clock clk (rise edge)
                          0.00    0.00   clock source latency
                  0.04    0.03    0.03 ^ clk (in)
     1    0.01                           clk (net)
                  0.04    0.00    0.03 ^ clkbuf_0_clk/A (sky130_fd_sc_hd__clkbuf_16)
                  0.09    0.15    0.18 ^ clkbuf_0_clk/X (sky130_fd_sc_hd__clkbuf_16)
    16    0.07                           clknet_0_clk (net)
                  0.09    0.00    0.18 ^ clkbuf_4_13_0_clk/A (sky130_fd_sc_hd__clkbuf_8)
                  0.06    0.15    0.33 ^ clkbuf_4_13_0_clk/X (sky130_fd_sc_hd__clkbuf_8)
     9    0.03                           clknet_4_13_0_clk (net)
                  0.06    0.00    0.33 ^ _1175_/CLK (sky130_fd_sc_hd__dfrtp_2)
                  0.11    0.39    0.71 ^ _1175_/Q (sky130_fd_sc_hd__dfrtp_2)
     8    0.02                           u_addr_gen.addr[2] (net)
                  0.11    0.00    0.72 ^ _0952_/C (sky130_fd_sc_hd__or4b_2)
                  0.05    0.14    0.85 ^ _0952_/X (sky130_fd_sc_hd__or4b_2)
     4    0.01                           _0376_ (net)
                  0.05    0.00    0.85 ^ _1130_/B (sky130_fd_sc_hd__or3_1)
                  0.09    0.13    0.98 ^ _1130_/X (sky130_fd_sc_hd__or3_1)
     2    0.01                           _0490_ (net)
                  0.09    0.00    0.98 ^ _1134_/S (sky130_fd_sc_hd__mux2_1)
                  0.05    0.13    1.12 ^ _1134_/X (sky130_fd_sc_hd__mux2_1)
     1    0.00                           _0493_ (net)
                  0.05    0.00    1.12 ^ _1135_/A (sky130_fd_sc_hd__clkbuf_1)
                  0.04    0.08    1.19 ^ _1135_/X (sky130_fd_sc_hd__clkbuf_1)
     1    0.00                           _0092_ (net)
                  0.04    0.00    1.19 ^ _1258_/D (sky130_fd_sc_hd__dfxtp_1)
                                  1.19   data arrival time

                          0.00    0.00   clock clk (rise edge)
                          0.00    0.00   clock source latency
                  0.04    0.03    0.03 ^ clk (in)
     1    0.01                           clk (net)
                  0.04    0.00    0.03 ^ clkbuf_0_clk/A (sky130_fd_sc_hd__clkbuf_16)
                  0.09    0.17    0.20 ^ clkbuf_0_clk/X (sky130_fd_sc_hd__clkbuf_16)
    16    0.07                           clknet_0_clk (net)
                  0.09    0.00    0.20 ^ clkbuf_4_6_0_clk/A (sky130_fd_sc_hd__clkbuf_8)
                  0.05    0.15    0.35 ^ clkbuf_4_6_0_clk/X (sky130_fd_sc_hd__clkbuf_8)
    10    0.02                           clknet_4_6_0_clk (net)
                  0.05    0.00    0.35 ^ _1258_/CLK (sky130_fd_sc_hd__dfxtp_1)
                          0.25    0.60   clock uncertainty
                         -0.02    0.58   clock reconvergence pessimism
                         -0.03    0.55   library hold time
                                  0.55   data required time
-----------------------------------------------------------------------------
                                  0.55   data required time
                                 -1.19   data arrival time
-----------------------------------------------------------------------------
                                  0.64   slack (MET)


Startpoint: _1175_ (rising edge-triggered flip-flop clocked by clk)
Endpoint: _1226_ (rising edge-triggered flip-flop clocked by clk)
Path Group: clk
Path Type: min

Fanout     Cap    Slew   Delay    Time   Description
-----------------------------------------------------------------------------
                          0.00    0.00   clock clk (rise edge)
                          0.00    0.00   clock source latency
                  0.04    0.03    0.03 ^ clk (in)
     1    0.01                           clk (net)
                  0.04    0.00    0.03 ^ clkbuf_0_clk/A (sky130_fd_sc_hd__clkbuf_16)
                  0.09    0.15    0.18 ^ clkbuf_0_clk/X (sky130_fd_sc_hd__clkbuf_16)
    16    0.07                           clknet_0_clk (net)
                  0.09    0.00    0.18 ^ clkbuf_4_13_0_clk/A (sky130_fd_sc_hd__clkbuf_8)
                  0.06    0.15    0.33 ^ clkbuf_4_13_0_clk/X (sky130_fd_sc_hd__clkbuf_8)
     9    0.03                           clknet_4_13_0_clk (net)
                  0.06    0.00    0.33 ^ _1175_/CLK (sky130_fd_sc_hd__dfrtp_2)
                  0.11    0.39    0.71 ^ _1175_/Q (sky130_fd_sc_hd__dfrtp_2)
     8    0.02                           u_addr_gen.addr[2] (net)
                  0.11    0.00    0.72 ^ _0952_/C (sky130_fd_sc_hd__or4b_2)
                  0.05    0.14    0.85 ^ _0952_/X (sky130_fd_sc_hd__or4b_2)
     4    0.01                           _0376_ (net)
                  0.05    0.00    0.85 ^ _1047_/B (sky130_fd_sc_hd__or3_1)
                  0.10    0.13    0.99 ^ _1047_/X (sky130_fd_sc_hd__or3_1)
     2    0.01                           _0439_ (net)
                  0.10    0.00    0.99 ^ _1050_/S (sky130_fd_sc_hd__mux2_1)
                  0.05    0.14    1.12 ^ _1050_/X (sky130_fd_sc_hd__mux2_1)
     1    0.00                           _0441_ (net)
                  0.05    0.00    1.12 ^ _1051_/A (sky130_fd_sc_hd__clkbuf_1)
                  0.04    0.07    1.19 ^ _1051_/X (sky130_fd_sc_hd__clkbuf_1)
     1    0.00                           _0060_ (net)
                  0.04    0.00    1.19 ^ _1226_/D (sky130_fd_sc_hd__dfxtp_1)
                                  1.19   data arrival time

                          0.00    0.00   clock clk (rise edge)
                          0.00    0.00   clock source latency
                  0.04    0.03    0.03 ^ clk (in)
     1    0.01                           clk (net)
                  0.04    0.00    0.03 ^ clkbuf_0_clk/A (sky130_fd_sc_hd__clkbuf_16)
                  0.09    0.17    0.20 ^ clkbuf_0_clk/X (sky130_fd_sc_hd__clkbuf_16)
    16    0.07                           clknet_0_clk (net)
                  0.09    0.00    0.20 ^ clkbuf_4_6_0_clk/A (sky130_fd_sc_hd__clkbuf_8)
                  0.05    0.15    0.35 ^ clkbuf_4_6_0_clk/X (sky130_fd_sc_hd__clkbuf_8)
    10    0.02                           clknet_4_6_0_clk (net)
                  0.05    0.00    0.35 ^ _1226_/CLK (sky130_fd_sc_hd__dfxtp_1)
                          0.25    0.60   clock uncertainty
                         -0.02    0.58   clock reconvergence pessimism
                         -0.03    0.55   library hold time
                                  0.55   data required time
-----------------------------------------------------------------------------
                                  0.55   data required time
                                 -1.19   data arrival time
-----------------------------------------------------------------------------
                                  0.64   slack (MET)


Startpoint: _1174_ (rising edge-triggered flip-flop clocked by clk)
Endpoint: _1309_ (rising edge-triggered flip-flop clocked by clk)
Path Group: clk
Path Type: min

Fanout     Cap    Slew   Delay    Time   Description
-----------------------------------------------------------------------------
                          0.00    0.00   clock clk (rise edge)
                          0.00    0.00   clock source latency
                  0.04    0.03    0.03 ^ clk (in)
     1    0.01                           clk (net)
                  0.04    0.00    0.03 ^ clkbuf_0_clk/A (sky130_fd_sc_hd__clkbuf_16)
                  0.09    0.15    0.18 ^ clkbuf_0_clk/X (sky130_fd_sc_hd__clkbuf_16)
    16    0.07                           clknet_0_clk (net)
                  0.09    0.00    0.18 ^ clkbuf_4_13_0_clk/A (sky130_fd_sc_hd__clkbuf_8)
                  0.06    0.15    0.33 ^ clkbuf_4_13_0_clk/X (sky130_fd_sc_hd__clkbuf_8)
     9    0.03                           clknet_4_13_0_clk (net)
                  0.06    0.00    0.33 ^ _1174_/CLK (sky130_fd_sc_hd__dfrtp_1)
                  0.09    0.34    0.67 ^ _1174_/Q (sky130_fd_sc_hd__dfrtp_1)
     3    0.01                           u_addr_gen.addr[1] (net)
                  0.09    0.00    0.67 ^ hold1/A (sky130_fd_sc_hd__dlygate4sd3_1)
                  0.05    0.52    1.19 ^ hold1/X (sky130_fd_sc_hd__dlygate4sd3_1)
     1    0.00                           net17 (net)
                  0.05    0.00    1.19 ^ _1309_/D (sky130_fd_sc_hd__dfrtp_4)
                                  1.19   data arrival time

                          0.00    0.00   clock clk (rise edge)
                          0.00    0.00   clock source latency
                  0.04    0.03    0.03 ^ clk (in)
     1    0.01                           clk (net)
                  0.04    0.00    0.03 ^ clkbuf_0_clk/A (sky130_fd_sc_hd__clkbuf_16)
                  0.09    0.17    0.20 ^ clkbuf_0_clk/X (sky130_fd_sc_hd__clkbuf_16)
    16    0.07                           clknet_0_clk (net)
                  0.09    0.00    0.20 ^ clkbuf_4_15_0_clk/A (sky130_fd_sc_hd__clkbuf_8)
                  0.05    0.15    0.35 ^ clkbuf_4_15_0_clk/X (sky130_fd_sc_hd__clkbuf_8)
     6    0.02                           clknet_4_15_0_clk (net)
                  0.05    0.00    0.35 ^ _1309_/CLK (sky130_fd_sc_hd__dfrtp_4)
                          0.25    0.60   clock uncertainty
                         -0.02    0.58   clock reconvergence pessimism
                         -0.04    0.54   library hold time
                                  0.54   data required time
-----------------------------------------------------------------------------
                                  0.54   data required time
                                 -1.19   data arrival time
-----------------------------------------------------------------------------
                                  0.64   slack (MET)


Startpoint: _1176_ (rising edge-triggered flip-flop clocked by clk)
Endpoint: _1242_ (rising edge-triggered flip-flop clocked by clk)
Path Group: clk
Path Type: min

Fanout     Cap    Slew   Delay    Time   Description
-----------------------------------------------------------------------------
                          0.00    0.00   clock clk (rise edge)
                          0.00    0.00   clock source latency
                  0.04    0.03    0.03 ^ clk (in)
     1    0.01                           clk (net)
                  0.04    0.00    0.03 ^ clkbuf_0_clk/A (sky130_fd_sc_hd__clkbuf_16)
                  0.09    0.15    0.18 ^ clkbuf_0_clk/X (sky130_fd_sc_hd__clkbuf_16)
    16    0.07                           clknet_0_clk (net)
                  0.09    0.00    0.18 ^ clkbuf_4_12_0_clk/A (sky130_fd_sc_hd__clkbuf_8)
                  0.05    0.14    0.32 ^ clkbuf_4_12_0_clk/X (sky130_fd_sc_hd__clkbuf_8)
     7    0.02                           clknet_4_12_0_clk (net)
                  0.05    0.00    0.32 ^ _1176_/CLK (sky130_fd_sc_hd__dfrtp_4)
                  0.10    0.42    0.74 ^ _1176_/Q (sky130_fd_sc_hd__dfrtp_4)
     8    0.02                           u_addr_gen.addr[3] (net)
                  0.10    0.00    0.74 ^ _0999_/C (sky130_fd_sc_hd__or4_2)
                  0.04    0.13    0.87 ^ _0999_/X (sky130_fd_sc_hd__or4_2)
     4    0.01                           _0407_ (net)
                  0.04    0.00    0.87 ^ _1087_/A (sky130_fd_sc_hd__or2_1)
                  0.10    0.13    1.00 ^ _1087_/X (sky130_fd_sc_hd__or2_1)
     2    0.01                           _0463_ (net)
                  0.10    0.00    1.00 ^ _1090_/S (sky130_fd_sc_hd__mux2_1)
                  0.04    0.13    1.13 ^ _1090_/X (sky130_fd_sc_hd__mux2_1)
     1    0.00                           _0465_ (net)
                  0.04    0.00    1.13 ^ _1091_/A (sky130_fd_sc_hd__clkbuf_1)
                  0.05    0.08    1.21 ^ _1091_/X (sky130_fd_sc_hd__clkbuf_1)
     1    0.00                           _0076_ (net)
                  0.05    0.00    1.21 ^ _1242_/D (sky130_fd_sc_hd__dfxtp_1)
                                  1.21   data arrival time

                          0.00    0.00   clock clk (rise edge)
                          0.00    0.00   clock source latency
                  0.04    0.03    0.03 ^ clk (in)
     1    0.01                           clk (net)
                  0.04    0.00    0.03 ^ clkbuf_0_clk/A (sky130_fd_sc_hd__clkbuf_16)
                  0.09    0.17    0.20 ^ clkbuf_0_clk/X (sky130_fd_sc_hd__clkbuf_16)
    16    0.07                           clknet_0_clk (net)
                  0.09    0.00    0.20 ^ clkbuf_4_13_0_clk/A (sky130_fd_sc_hd__clkbuf_8)
                  0.06    0.16    0.36 ^ clkbuf_4_13_0_clk/X (sky130_fd_sc_hd__clkbuf_8)
     9    0.03                           clknet_4_13_0_clk (net)
                  0.06    0.00    0.36 ^ _1242_/CLK (sky130_fd_sc_hd__dfxtp_1)
                          0.25    0.61   clock uncertainty
                         -0.02    0.59   clock reconvergence pessimism
                         -0.03    0.56   library hold time
                                  0.56   data required time
-----------------------------------------------------------------------------
                                  0.56   data required time
                                 -1.21   data arrival time
-----------------------------------------------------------------------------
                                  0.64   slack (MET)


Startpoint: _1176_ (rising edge-triggered flip-flop clocked by clk)
Endpoint: _1241_ (rising edge-triggered flip-flop clocked by clk)
Path Group: clk
Path Type: min

Fanout     Cap    Slew   Delay    Time   Description
-----------------------------------------------------------------------------
                          0.00    0.00   clock clk (rise edge)
                          0.00    0.00   clock source latency
                  0.04    0.03    0.03 ^ clk (in)
     1    0.01                           clk (net)
                  0.04    0.00    0.03 ^ clkbuf_0_clk/A (sky130_fd_sc_hd__clkbuf_16)
                  0.09    0.15    0.18 ^ clkbuf_0_clk/X (sky130_fd_sc_hd__clkbuf_16)
    16    0.07                           clknet_0_clk (net)
                  0.09    0.00    0.18 ^ clkbuf_4_12_0_clk/A (sky130_fd_sc_hd__clkbuf_8)
                  0.05    0.14    0.32 ^ clkbuf_4_12_0_clk/X (sky130_fd_sc_hd__clkbuf_8)
     7    0.02                           clknet_4_12_0_clk (net)
                  0.05    0.00    0.32 ^ _1176_/CLK (sky130_fd_sc_hd__dfrtp_4)
                  0.10    0.42    0.74 ^ _1176_/Q (sky130_fd_sc_hd__dfrtp_4)
     8    0.02                           u_addr_gen.addr[3] (net)
                  0.10    0.00    0.74 ^ _0999_/C (sky130_fd_sc_hd__or4_2)
                  0.04    0.13    0.87 ^ _0999_/X (sky130_fd_sc_hd__or4_2)
     4    0.01                           _0407_ (net)
                  0.04    0.00    0.87 ^ _1087_/A (sky130_fd_sc_hd__or2_1)
                  0.10    0.13    1.00 ^ _1087_/X (sky130_fd_sc_hd__or2_1)
     2    0.01                           _0463_ (net)
                  0.10    0.00    1.00 ^ _1088_/S (sky130_fd_sc_hd__mux2_1)
                  0.04    0.13    1.13 ^ _1088_/X (sky130_fd_sc_hd__mux2_1)
     1    0.00                           _0464_ (net)
                  0.04    0.00    1.13 ^ _1089_/A (sky130_fd_sc_hd__clkbuf_1)
                  0.05    0.08    1.21 ^ _1089_/X (sky130_fd_sc_hd__clkbuf_1)
     1    0.00                           _0075_ (net)
                  0.05    0.00    1.21 ^ _1241_/D (sky130_fd_sc_hd__dfxtp_1)
                                  1.21   data arrival time

                          0.00    0.00   clock clk (rise edge)
                          0.00    0.00   clock source latency
                  0.04    0.03    0.03 ^ clk (in)
     1    0.01                           clk (net)
                  0.04    0.00    0.03 ^ clkbuf_0_clk/A (sky130_fd_sc_hd__clkbuf_16)
                  0.09    0.17    0.20 ^ clkbuf_0_clk/X (sky130_fd_sc_hd__clkbuf_16)
    16    0.07                           clknet_0_clk (net)
                  0.09    0.00    0.20 ^ clkbuf_4_13_0_clk/A (sky130_fd_sc_hd__clkbuf_8)
                  0.06    0.16    0.36 ^ clkbuf_4_13_0_clk/X (sky130_fd_sc_hd__clkbuf_8)
     9    0.03                           clknet_4_13_0_clk (net)
                  0.06    0.00    0.36 ^ _1241_/CLK (sky130_fd_sc_hd__dfxtp_1)
                          0.25    0.61   clock uncertainty
                         -0.02    0.59   clock reconvergence pessimism
                         -0.03    0.56   library hold time
                                  0.56   data required time
-----------------------------------------------------------------------------
                                  0.56   data required time
                                 -1.21   data arrival time
-----------------------------------------------------------------------------
                                  0.64   slack (MET)


Startpoint: _1175_ (rising edge-triggered flip-flop clocked by clk)
Endpoint: _1257_ (rising edge-triggered flip-flop clocked by clk)
Path Group: clk
Path Type: min

Fanout     Cap    Slew   Delay    Time   Description
-----------------------------------------------------------------------------
                          0.00    0.00   clock clk (rise edge)
                          0.00    0.00   clock source latency
                  0.04    0.03    0.03 ^ clk (in)
     1    0.01                           clk (net)
                  0.04    0.00    0.03 ^ clkbuf_0_clk/A (sky130_fd_sc_hd__clkbuf_16)
                  0.09    0.15    0.18 ^ clkbuf_0_clk/X (sky130_fd_sc_hd__clkbuf_16)
    16    0.07                           clknet_0_clk (net)
                  0.09    0.00    0.18 ^ clkbuf_4_13_0_clk/A (sky130_fd_sc_hd__clkbuf_8)
                  0.06    0.15    0.33 ^ clkbuf_4_13_0_clk/X (sky130_fd_sc_hd__clkbuf_8)
     9    0.03                           clknet_4_13_0_clk (net)
                  0.06    0.00    0.33 ^ _1175_/CLK (sky130_fd_sc_hd__dfrtp_2)
                  0.11    0.39    0.71 ^ _1175_/Q (sky130_fd_sc_hd__dfrtp_2)
     8    0.02                           u_addr_gen.addr[2] (net)
                  0.11    0.00    0.72 ^ _0952_/C (sky130_fd_sc_hd__or4b_2)
                  0.05    0.14    0.85 ^ _0952_/X (sky130_fd_sc_hd__or4b_2)
     4    0.01                           _0376_ (net)
                  0.05    0.00    0.85 ^ _1130_/B (sky130_fd_sc_hd__or3_1)
                  0.09    0.13    0.98 ^ _1130_/X (sky130_fd_sc_hd__or3_1)
     2    0.01                           _0490_ (net)
                  0.09    0.00    0.98 ^ _1131_/S (sky130_fd_sc_hd__mux2_1)
                  0.05    0.14    1.12 ^ _1131_/X (sky130_fd_sc_hd__mux2_1)
     1    0.00                           _0491_ (net)
                  0.05    0.00    1.12 ^ _1132_/A (sky130_fd_sc_hd__clkbuf_1)
                  0.04    0.08    1.20 ^ _1132_/X (sky130_fd_sc_hd__clkbuf_1)
     1    0.00                           _0091_ (net)
                  0.04    0.00    1.20 ^ _1257_/D (sky130_fd_sc_hd__dfxtp_1)
                                  1.20   data arrival time

                          0.00    0.00   clock clk (rise edge)
                          0.00    0.00   clock source latency
                  0.04    0.03    0.03 ^ clk (in)
     1    0.01                           clk (net)
                  0.04    0.00    0.03 ^ clkbuf_0_clk/A (sky130_fd_sc_hd__clkbuf_16)
                  0.09    0.17    0.20 ^ clkbuf_0_clk/X (sky130_fd_sc_hd__clkbuf_16)
    16    0.07                           clknet_0_clk (net)
                  0.09    0.00    0.20 ^ clkbuf_4_6_0_clk/A (sky130_fd_sc_hd__clkbuf_8)
                  0.05    0.15    0.35 ^ clkbuf_4_6_0_clk/X (sky130_fd_sc_hd__clkbuf_8)
    10    0.02                           clknet_4_6_0_clk (net)
                  0.05    0.00    0.35 ^ _1257_/CLK (sky130_fd_sc_hd__dfxtp_1)
                          0.25    0.60   clock uncertainty
                         -0.02    0.58   clock reconvergence pessimism
                         -0.03    0.55   library hold time
                                  0.55   data required time
-----------------------------------------------------------------------------
                                  0.55   data required time
                                 -1.20   data arrival time
-----------------------------------------------------------------------------
                                  0.64   slack (MET)


Startpoint: _1175_ (rising edge-triggered flip-flop clocked by clk)
Endpoint: _1225_ (rising edge-triggered flip-flop clocked by clk)
Path Group: clk
Path Type: min

Fanout     Cap    Slew   Delay    Time   Description
-----------------------------------------------------------------------------
                          0.00    0.00   clock clk (rise edge)
                          0.00    0.00   clock source latency
                  0.04    0.03    0.03 ^ clk (in)
     1    0.01                           clk (net)
                  0.04    0.00    0.03 ^ clkbuf_0_clk/A (sky130_fd_sc_hd__clkbuf_16)
                  0.09    0.15    0.18 ^ clkbuf_0_clk/X (sky130_fd_sc_hd__clkbuf_16)
    16    0.07                           clknet_0_clk (net)
                  0.09    0.00    0.18 ^ clkbuf_4_13_0_clk/A (sky130_fd_sc_hd__clkbuf_8)
                  0.06    0.15    0.33 ^ clkbuf_4_13_0_clk/X (sky130_fd_sc_hd__clkbuf_8)
     9    0.03                           clknet_4_13_0_clk (net)
                  0.06    0.00    0.33 ^ _1175_/CLK (sky130_fd_sc_hd__dfrtp_2)
                  0.11    0.39    0.71 ^ _1175_/Q (sky130_fd_sc_hd__dfrtp_2)
     8    0.02                           u_addr_gen.addr[2] (net)
                  0.11    0.00    0.72 ^ _0952_/C (sky130_fd_sc_hd__or4b_2)
                  0.05    0.14    0.85 ^ _0952_/X (sky130_fd_sc_hd__or4b_2)
     4    0.01                           _0376_ (net)
                  0.05    0.00    0.85 ^ _1047_/B (sky130_fd_sc_hd__or3_1)
                  0.10    0.13    0.99 ^ _1047_/X (sky130_fd_sc_hd__or3_1)
     2    0.01                           _0439_ (net)
                  0.10    0.00    0.99 ^ _1048_/S (sky130_fd_sc_hd__mux2_1)
                  0.04    0.13    1.12 ^ _1048_/X (sky130_fd_sc_hd__mux2_1)
     1    0.00                           _0440_ (net)
                  0.04    0.00    1.12 ^ _1049_/A (sky130_fd_sc_hd__clkbuf_1)
                  0.05    0.08    1.19 ^ _1049_/X (sky130_fd_sc_hd__clkbuf_1)
     1    0.00                           _0059_ (net)
                  0.05    0.00    1.19 ^ _1225_/D (sky130_fd_sc_hd__dfxtp_1)
                                  1.19   data arrival time

                          0.00    0.00   clock clk (rise edge)
                          0.00    0.00   clock source latency
                  0.04    0.03    0.03 ^ clk (in)
     1    0.01                           clk (net)
                  0.04    0.00    0.03 ^ clkbuf_0_clk/A (sky130_fd_sc_hd__clkbuf_16)
                  0.09    0.17    0.20 ^ clkbuf_0_clk/X (sky130_fd_sc_hd__clkbuf_16)
    16    0.07                           clknet_0_clk (net)
                  0.09    0.00    0.20 ^ clkbuf_4_6_0_clk/A (sky130_fd_sc_hd__clkbuf_8)
                  0.05    0.15    0.35 ^ clkbuf_4_6_0_clk/X (sky130_fd_sc_hd__clkbuf_8)
    10    0.02                           clknet_4_6_0_clk (net)
                  0.05    0.00    0.35 ^ _1225_/CLK (sky130_fd_sc_hd__dfxtp_1)
                          0.25    0.60   clock uncertainty
                         -0.02    0.58   clock reconvergence pessimism
                         -0.03    0.55   library hold time
                                  0.55   data required time
-----------------------------------------------------------------------------
                                  0.55   data required time
                                 -1.19   data arrival time
-----------------------------------------------------------------------------
                                  0.64   slack (MET)


Startpoint: _1178_ (rising edge-triggered flip-flop clocked by clk)
Endpoint: _1254_ (rising edge-triggered flip-flop clocked by clk)
Path Group: clk
Path Type: min

Fanout     Cap    Slew   Delay    Time   Description
-----------------------------------------------------------------------------
                          0.00    0.00   clock clk (rise edge)
                          0.00    0.00   clock source latency
                  0.04    0.03    0.03 ^ clk (in)
     1    0.01                           clk (net)
                  0.04    0.00    0.03 ^ clkbuf_0_clk/A (sky130_fd_sc_hd__clkbuf_16)
                  0.09    0.15    0.18 ^ clkbuf_0_clk/X (sky130_fd_sc_hd__clkbuf_16)
    16    0.07                           clknet_0_clk (net)
                  0.09    0.00    0.18 ^ clkbuf_4_15_0_clk/A (sky130_fd_sc_hd__clkbuf_8)
                  0.05    0.14    0.32 ^ clkbuf_4_15_0_clk/X (sky130_fd_sc_hd__clkbuf_8)
     6    0.02                           clknet_4_15_0_clk (net)
                  0.05    0.00    0.32 ^ _1178_/CLK (sky130_fd_sc_hd__dfrtp_4)
                  0.13    0.44    0.76 ^ _1178_/Q (sky130_fd_sc_hd__dfrtp_4)
     9    0.03                           u_addr_gen.addr[5] (net)
                  0.13    0.00    0.76 ^ _1092_/A_N (sky130_fd_sc_hd__nand3b_4)
                  0.07    0.16    0.92 ^ _1092_/Y (sky130_fd_sc_hd__nand3b_4)
     8    0.02                           _0466_ (net)
                  0.07    0.00    0.92 ^ _1120_/B (sky130_fd_sc_hd__nor2_1)
                  0.04    0.06    0.98 v _1120_/Y (sky130_fd_sc_hd__nor2_1)
     2    0.01                           _0484_ (net)
                  0.04    0.00    0.98 v _1123_/S (sky130_fd_sc_hd__mux2_1)
                  0.04    0.17    1.15 ^ _1123_/X (sky130_fd_sc_hd__mux2_1)
     1    0.00                           _0486_ (net)
                  0.04    0.00    1.15 ^ _1124_/A (sky130_fd_sc_hd__clkbuf_1)
                  0.03    0.07    1.22 ^ _1124_/X (sky130_fd_sc_hd__clkbuf_1)
     1    0.00                           _0088_ (net)
                  0.03    0.00    1.22 ^ _1254_/D (sky130_fd_sc_hd__dfxtp_1)
                                  1.22   data arrival time

                          0.00    0.00   clock clk (rise edge)
                          0.00    0.00   clock source latency
                  0.04    0.03    0.03 ^ clk (in)
     1    0.01                           clk (net)
                  0.04    0.00    0.03 ^ clkbuf_0_clk/A (sky130_fd_sc_hd__clkbuf_16)
                  0.09    0.17    0.20 ^ clkbuf_0_clk/X (sky130_fd_sc_hd__clkbuf_16)
    16    0.07                           clknet_0_clk (net)
                  0.09    0.00    0.20 ^ clkbuf_4_5_0_clk/A (sky130_fd_sc_hd__clkbuf_8)
                  0.07    0.17    0.37 ^ clkbuf_4_5_0_clk/X (sky130_fd_sc_hd__clkbuf_8)
    11    0.03                           clknet_4_5_0_clk (net)
                  0.07    0.00    0.37 ^ _1254_/CLK (sky130_fd_sc_hd__dfxtp_1)
                          0.25    0.62   clock uncertainty
                         -0.02    0.60   clock reconvergence pessimism
                         -0.03    0.57   library hold time
                                  0.57   data required time
-----------------------------------------------------------------------------
                                  0.57   data required time
                                 -1.22   data arrival time
-----------------------------------------------------------------------------
                                  0.65   slack (MET)


Startpoint: _1178_ (rising edge-triggered flip-flop clocked by clk)
Endpoint: _1182_ (rising edge-triggered flip-flop clocked by clk)
Path Group: clk
Path Type: min

Fanout     Cap    Slew   Delay    Time   Description
-----------------------------------------------------------------------------
                          0.00    0.00   clock clk (rise edge)
                          0.00    0.00   clock source latency
                  0.04    0.03    0.03 ^ clk (in)
     1    0.01                           clk (net)
                  0.04    0.00    0.03 ^ clkbuf_0_clk/A (sky130_fd_sc_hd__clkbuf_16)
                  0.09    0.15    0.18 ^ clkbuf_0_clk/X (sky130_fd_sc_hd__clkbuf_16)
    16    0.07                           clknet_0_clk (net)
                  0.09    0.00    0.18 ^ clkbuf_4_15_0_clk/A (sky130_fd_sc_hd__clkbuf_8)
                  0.05    0.14    0.32 ^ clkbuf_4_15_0_clk/X (sky130_fd_sc_hd__clkbuf_8)
     6    0.02                           clknet_4_15_0_clk (net)
                  0.05    0.00    0.32 ^ _1178_/CLK (sky130_fd_sc_hd__dfrtp_4)
                  0.10    0.49    0.81 v _1178_/Q (sky130_fd_sc_hd__dfrtp_4)
     9    0.03                           u_addr_gen.addr[5] (net)
                  0.10    0.00    0.81 v _0869_/B (sky130_fd_sc_hd__nand3_4)
                  0.07    0.11    0.91 ^ _0869_/Y (sky130_fd_sc_hd__nand3_4)
     8    0.02                           _0314_ (net)
                  0.07    0.00    0.91 ^ _0912_/A (sky130_fd_sc_hd__or2_1)
                  0.08    0.12    1.03 ^ _0912_/X (sky130_fd_sc_hd__or2_1)
     2    0.01                           _0348_ (net)
                  0.08    0.00    1.03 ^ _0917_/S (sky130_fd_sc_hd__mux2_1)
                  0.04    0.13    1.16 ^ _0917_/X (sky130_fd_sc_hd__mux2_1)
     1    0.00                           _0352_ (net)
                  0.04    0.00    1.16 ^ _0918_/A (sky130_fd_sc_hd__clkbuf_1)
                  0.04    0.07    1.23 ^ _0918_/X (sky130_fd_sc_hd__clkbuf_1)
     1    0.00                           _0016_ (net)
                  0.04    0.00    1.23 ^ _1182_/D (sky130_fd_sc_hd__dfxtp_1)
                                  1.23   data arrival time

                          0.00    0.00   clock clk (rise edge)
                          0.00    0.00   clock source latency
                  0.04    0.03    0.03 ^ clk (in)
     1    0.01                           clk (net)
                  0.04    0.00    0.03 ^ clkbuf_0_clk/A (sky130_fd_sc_hd__clkbuf_16)
                  0.09    0.17    0.20 ^ clkbuf_0_clk/X (sky130_fd_sc_hd__clkbuf_16)
    16    0.07                           clknet_0_clk (net)
                  0.09    0.00    0.20 ^ clkbuf_4_10_0_clk/A (sky130_fd_sc_hd__clkbuf_8)
                  0.08    0.18    0.38 ^ clkbuf_4_10_0_clk/X (sky130_fd_sc_hd__clkbuf_8)
    15    0.04                           clknet_4_10_0_clk (net)
                  0.08    0.00    0.38 ^ _1182_/CLK (sky130_fd_sc_hd__dfxtp_1)
                          0.25    0.63   clock uncertainty
                         -0.02    0.61   clock reconvergence pessimism
                         -0.02    0.59   library hold time
                                  0.59   data required time
-----------------------------------------------------------------------------
                                  0.59   data required time
                                 -1.23   data arrival time
-----------------------------------------------------------------------------
                                  0.65   slack (MET)


Startpoint: _1176_ (rising edge-triggered flip-flop clocked by clk)
Endpoint: _1273_ (rising edge-triggered flip-flop clocked by clk)
Path Group: clk
Path Type: min

Fanout     Cap    Slew   Delay    Time   Description
-----------------------------------------------------------------------------
                          0.00    0.00   clock clk (rise edge)
                          0.00    0.00   clock source latency
                  0.04    0.03    0.03 ^ clk (in)
     1    0.01                           clk (net)
                  0.04    0.00    0.03 ^ clkbuf_0_clk/A (sky130_fd_sc_hd__clkbuf_16)
                  0.09    0.15    0.18 ^ clkbuf_0_clk/X (sky130_fd_sc_hd__clkbuf_16)
    16    0.07                           clknet_0_clk (net)
                  0.09    0.00    0.18 ^ clkbuf_4_12_0_clk/A (sky130_fd_sc_hd__clkbuf_8)
                  0.05    0.14    0.32 ^ clkbuf_4_12_0_clk/X (sky130_fd_sc_hd__clkbuf_8)
     7    0.02                           clknet_4_12_0_clk (net)
                  0.05    0.00    0.32 ^ _1176_/CLK (sky130_fd_sc_hd__dfrtp_4)
                  0.10    0.42    0.74 ^ _1176_/Q (sky130_fd_sc_hd__dfrtp_4)
     8    0.02                           u_addr_gen.addr[3] (net)
                  0.10    0.00    0.74 ^ _0999_/C (sky130_fd_sc_hd__or4_2)
                  0.04    0.13    0.87 ^ _0999_/X (sky130_fd_sc_hd__or4_2)
     4    0.01                           _0407_ (net)
                  0.04    0.00    0.87 ^ _0585_/A (sky130_fd_sc_hd__or2_1)
                  0.10    0.13    1.00 ^ _0585_/X (sky130_fd_sc_hd__or2_1)
     2    0.01                           _0516_ (net)
                  0.10    0.00    1.00 ^ _0586_/S (sky130_fd_sc_hd__mux2_1)
                  0.05    0.14    1.13 ^ _0586_/X (sky130_fd_sc_hd__mux2_1)
     1    0.00                           _0517_ (net)
                  0.05    0.00    1.13 ^ _0587_/A (sky130_fd_sc_hd__clkbuf_1)
                  0.04    0.08    1.21 ^ _0587_/X (sky130_fd_sc_hd__clkbuf_1)
     1    0.00                           _0107_ (net)
                  0.04    0.00    1.21 ^ _1273_/D (sky130_fd_sc_hd__dfxtp_1)
                                  1.21   data arrival time

                          0.00    0.00   clock clk (rise edge)
                          0.00    0.00   clock source latency
                  0.04    0.03    0.03 ^ clk (in)
     1    0.01                           clk (net)
                  0.04    0.00    0.03 ^ clkbuf_0_clk/A (sky130_fd_sc_hd__clkbuf_16)
                  0.09    0.17    0.20 ^ clkbuf_0_clk/X (sky130_fd_sc_hd__clkbuf_16)
    16    0.07                           clknet_0_clk (net)
                  0.09    0.00    0.20 ^ clkbuf_4_14_0_clk/A (sky130_fd_sc_hd__clkbuf_8)
                  0.06    0.16    0.36 ^ clkbuf_4_14_0_clk/X (sky130_fd_sc_hd__clkbuf_8)
     8    0.02                           clknet_4_14_0_clk (net)
                  0.06    0.00    0.36 ^ _1273_/CLK (sky130_fd_sc_hd__dfxtp_1)
                          0.25    0.61   clock uncertainty
                         -0.02    0.59   clock reconvergence pessimism
                         -0.03    0.56   library hold time
                                  0.56   data required time
-----------------------------------------------------------------------------
                                  0.56   data required time
                                 -1.21   data arrival time
-----------------------------------------------------------------------------
                                  0.65   slack (MET)


Startpoint: _1176_ (rising edge-triggered flip-flop clocked by clk)
Endpoint: _1202_ (rising edge-triggered flip-flop clocked by clk)
Path Group: clk
Path Type: min

Fanout     Cap    Slew   Delay    Time   Description
-----------------------------------------------------------------------------
                          0.00    0.00   clock clk (rise edge)
                          0.00    0.00   clock source latency
                  0.04    0.03    0.03 ^ clk (in)
     1    0.01                           clk (net)
                  0.04    0.00    0.03 ^ clkbuf_0_clk/A (sky130_fd_sc_hd__clkbuf_16)
                  0.09    0.15    0.18 ^ clkbuf_0_clk/X (sky130_fd_sc_hd__clkbuf_16)
    16    0.07                           clknet_0_clk (net)
                  0.09    0.00    0.18 ^ clkbuf_4_12_0_clk/A (sky130_fd_sc_hd__clkbuf_8)
                  0.05    0.14    0.32 ^ clkbuf_4_12_0_clk/X (sky130_fd_sc_hd__clkbuf_8)
     7    0.02                           clknet_4_12_0_clk (net)
                  0.05    0.00    0.32 ^ _1176_/CLK (sky130_fd_sc_hd__dfrtp_4)
                  0.10    0.42    0.74 ^ _1176_/Q (sky130_fd_sc_hd__dfrtp_4)
     8    0.02                           u_addr_gen.addr[3] (net)
                  0.10    0.00    0.74 ^ _0975_/C (sky130_fd_sc_hd__or4b_4)
                  0.04    0.13    0.87 ^ _0975_/X (sky130_fd_sc_hd__or4b_4)
     4    0.01                           _0391_ (net)
                  0.04    0.00    0.87 ^ _0976_/B (sky130_fd_sc_hd__or2_1)
                  0.09    0.12    0.99 ^ _0976_/X (sky130_fd_sc_hd__or2_1)
     2    0.01                           _0392_ (net)
                  0.09    0.00    0.99 ^ _0979_/S (sky130_fd_sc_hd__mux2_1)
                  0.05    0.14    1.12 ^ _0979_/X (sky130_fd_sc_hd__mux2_1)
     1    0.00                           _0394_ (net)
                  0.05    0.00    1.12 ^ _0980_/A (sky130_fd_sc_hd__clkbuf_1)
                  0.05    0.09    1.21 ^ _0980_/X (sky130_fd_sc_hd__clkbuf_1)
     1    0.00                           _0036_ (net)
                  0.05    0.00    1.21 ^ _1202_/D (sky130_fd_sc_hd__dfxtp_1)
                                  1.21   data arrival time

                          0.00    0.00   clock clk (rise edge)
                          0.00    0.00   clock source latency
                  0.04    0.03    0.03 ^ clk (in)
     1    0.01                           clk (net)
                  0.04    0.00    0.03 ^ clkbuf_0_clk/A (sky130_fd_sc_hd__clkbuf_16)
                  0.09    0.17    0.20 ^ clkbuf_0_clk/X (sky130_fd_sc_hd__clkbuf_16)
    16    0.07                           clknet_0_clk (net)
                  0.09    0.00    0.20 ^ clkbuf_4_9_0_clk/A (sky130_fd_sc_hd__clkbuf_8)
                  0.06    0.16    0.36 ^ clkbuf_4_9_0_clk/X (sky130_fd_sc_hd__clkbuf_8)
     8    0.02                           clknet_4_9_0_clk (net)
                  0.06    0.00    0.36 ^ _1202_/CLK (sky130_fd_sc_hd__dfxtp_1)
                          0.25    0.61   clock uncertainty
                         -0.02    0.59   clock reconvergence pessimism
                         -0.03    0.56   library hold time
                                  0.56   data required time
-----------------------------------------------------------------------------
                                  0.56   data required time
                                 -1.21   data arrival time
-----------------------------------------------------------------------------
                                  0.65   slack (MET)


Startpoint: _1176_ (rising edge-triggered flip-flop clocked by clk)
Endpoint: _1274_ (rising edge-triggered flip-flop clocked by clk)
Path Group: clk
Path Type: min

Fanout     Cap    Slew   Delay    Time   Description
-----------------------------------------------------------------------------
                          0.00    0.00   clock clk (rise edge)
                          0.00    0.00   clock source latency
                  0.04    0.03    0.03 ^ clk (in)
     1    0.01                           clk (net)
                  0.04    0.00    0.03 ^ clkbuf_0_clk/A (sky130_fd_sc_hd__clkbuf_16)
                  0.09    0.15    0.18 ^ clkbuf_0_clk/X (sky130_fd_sc_hd__clkbuf_16)
    16    0.07                           clknet_0_clk (net)
                  0.09    0.00    0.18 ^ clkbuf_4_12_0_clk/A (sky130_fd_sc_hd__clkbuf_8)
                  0.05    0.14    0.32 ^ clkbuf_4_12_0_clk/X (sky130_fd_sc_hd__clkbuf_8)
     7    0.02                           clknet_4_12_0_clk (net)
                  0.05    0.00    0.32 ^ _1176_/CLK (sky130_fd_sc_hd__dfrtp_4)
                  0.10    0.42    0.74 ^ _1176_/Q (sky130_fd_sc_hd__dfrtp_4)
     8    0.02                           u_addr_gen.addr[3] (net)
                  0.10    0.00    0.74 ^ _0999_/C (sky130_fd_sc_hd__or4_2)
                  0.04    0.13    0.87 ^ _0999_/X (sky130_fd_sc_hd__or4_2)
     4    0.01                           _0407_ (net)
                  0.04    0.00    0.87 ^ _0585_/A (sky130_fd_sc_hd__or2_1)
                  0.10    0.13    1.00 ^ _0585_/X (sky130_fd_sc_hd__or2_1)
     2    0.01                           _0516_ (net)
                  0.10    0.00    1.00 ^ _0588_/S (sky130_fd_sc_hd__mux2_1)
                  0.04    0.13    1.13 ^ _0588_/X (sky130_fd_sc_hd__mux2_1)
     1    0.00                           _0518_ (net)
                  0.04    0.00    1.13 ^ _0589_/A (sky130_fd_sc_hd__clkbuf_1)
                  0.04    0.07    1.20 ^ _0589_/X (sky130_fd_sc_hd__clkbuf_1)
     1    0.00                           _0108_ (net)
                  0.04    0.00    1.20 ^ _1274_/D (sky130_fd_sc_hd__dfxtp_1)
                                  1.20   data arrival time

                          0.00    0.00   clock clk (rise edge)
                          0.00    0.00   clock source latency
                  0.04    0.03    0.03 ^ clk (in)
     1    0.01                           clk (net)
                  0.04    0.00    0.03 ^ clkbuf_0_clk/A (sky130_fd_sc_hd__clkbuf_16)
                  0.09    0.17    0.20 ^ clkbuf_0_clk/X (sky130_fd_sc_hd__clkbuf_16)
    16    0.07                           clknet_0_clk (net)
                  0.09    0.00    0.20 ^ clkbuf_4_15_0_clk/A (sky130_fd_sc_hd__clkbuf_8)
                  0.05    0.15    0.35 ^ clkbuf_4_15_0_clk/X (sky130_fd_sc_hd__clkbuf_8)
     6    0.02                           clknet_4_15_0_clk (net)
                  0.05    0.00    0.35 ^ _1274_/CLK (sky130_fd_sc_hd__dfxtp_1)
                          0.25    0.60   clock uncertainty
                         -0.02    0.58   clock reconvergence pessimism
                         -0.03    0.55   library hold time
                                  0.55   data required time
-----------------------------------------------------------------------------
                                  0.55   data required time
                                 -1.20   data arrival time
-----------------------------------------------------------------------------
                                  0.65   slack (MET)


Startpoint: _1178_ (rising edge-triggered flip-flop clocked by clk)
Endpoint: _1224_ (rising edge-triggered flip-flop clocked by clk)
Path Group: clk
Path Type: min

Fanout     Cap    Slew   Delay    Time   Description
-----------------------------------------------------------------------------
                          0.00    0.00   clock clk (rise edge)
                          0.00    0.00   clock source latency
                  0.04    0.03    0.03 ^ clk (in)
     1    0.01                           clk (net)
                  0.04    0.00    0.03 ^ clkbuf_0_clk/A (sky130_fd_sc_hd__clkbuf_16)
                  0.09    0.15    0.18 ^ clkbuf_0_clk/X (sky130_fd_sc_hd__clkbuf_16)
    16    0.07                           clknet_0_clk (net)
                  0.09    0.00    0.18 ^ clkbuf_4_15_0_clk/A (sky130_fd_sc_hd__clkbuf_8)
                  0.05    0.14    0.32 ^ clkbuf_4_15_0_clk/X (sky130_fd_sc_hd__clkbuf_8)
     6    0.02                           clknet_4_15_0_clk (net)
                  0.05    0.00    0.32 ^ _1178_/CLK (sky130_fd_sc_hd__dfrtp_4)
                  0.10    0.49    0.81 v _1178_/Q (sky130_fd_sc_hd__dfrtp_4)
     9    0.03                           u_addr_gen.addr[5] (net)
                  0.10    0.00    0.81 v _1005_/B (sky130_fd_sc_hd__nand3b_4)
                  0.07    0.11    0.91 ^ _1005_/Y (sky130_fd_sc_hd__nand3b_4)
     8    0.02                           _0411_ (net)
                  0.07    0.00    0.91 ^ _1041_/B (sky130_fd_sc_hd__nor2_1)
                  0.04    0.06    0.97 v _1041_/Y (sky130_fd_sc_hd__nor2_1)
     2    0.01                           _0435_ (net)
                  0.04    0.00    0.97 v _1045_/S (sky130_fd_sc_hd__mux2_1)
                  0.04    0.18    1.15 ^ _1045_/X (sky130_fd_sc_hd__mux2_1)
     1    0.00                           _0438_ (net)
                  0.04    0.00    1.15 ^ _1046_/A (sky130_fd_sc_hd__clkbuf_1)
                  0.04    0.07    1.22 ^ _1046_/X (sky130_fd_sc_hd__clkbuf_1)
     1    0.00                           _0058_ (net)
                  0.04    0.00    1.22 ^ _1224_/D (sky130_fd_sc_hd__dfxtp_1)
                                  1.22   data arrival time

                          0.00    0.00   clock clk (rise edge)
                          0.00    0.00   clock source latency
                  0.04    0.03    0.03 ^ clk (in)
     1    0.01                           clk (net)
                  0.04    0.00    0.03 ^ clkbuf_0_clk/A (sky130_fd_sc_hd__clkbuf_16)
                  0.09    0.17    0.20 ^ clkbuf_0_clk/X (sky130_fd_sc_hd__clkbuf_16)
    16    0.07                           clknet_0_clk (net)
                  0.09    0.00    0.20 ^ clkbuf_4_1_0_clk/A (sky130_fd_sc_hd__clkbuf_8)
                  0.06    0.17    0.36 ^ clkbuf_4_1_0_clk/X (sky130_fd_sc_hd__clkbuf_8)
    10    0.03                           clknet_4_1_0_clk (net)
                  0.06    0.00    0.37 ^ _1224_/CLK (sky130_fd_sc_hd__dfxtp_1)
                          0.25    0.62   clock uncertainty
                         -0.02    0.60   clock reconvergence pessimism
                         -0.03    0.57   library hold time
                                  0.57   data required time
-----------------------------------------------------------------------------
                                  0.57   data required time
                                 -1.22   data arrival time
-----------------------------------------------------------------------------
                                  0.65   slack (MET)


Startpoint: _1178_ (rising edge-triggered flip-flop clocked by clk)
Endpoint: _1222_ (rising edge-triggered flip-flop clocked by clk)
Path Group: clk
Path Type: min

Fanout     Cap    Slew   Delay    Time   Description
-----------------------------------------------------------------------------
                          0.00    0.00   clock clk (rise edge)
                          0.00    0.00   clock source latency
                  0.04    0.03    0.03 ^ clk (in)
     1    0.01                           clk (net)
                  0.04    0.00    0.03 ^ clkbuf_0_clk/A (sky130_fd_sc_hd__clkbuf_16)
                  0.09    0.15    0.18 ^ clkbuf_0_clk/X (sky130_fd_sc_hd__clkbuf_16)
    16    0.07                           clknet_0_clk (net)
                  0.09    0.00    0.18 ^ clkbuf_4_15_0_clk/A (sky130_fd_sc_hd__clkbuf_8)
                  0.05    0.14    0.32 ^ clkbuf_4_15_0_clk/X (sky130_fd_sc_hd__clkbuf_8)
     6    0.02                           clknet_4_15_0_clk (net)
                  0.05    0.00    0.32 ^ _1178_/CLK (sky130_fd_sc_hd__dfrtp_4)
                  0.10    0.49    0.81 v _1178_/Q (sky130_fd_sc_hd__dfrtp_4)
     9    0.03                           u_addr_gen.addr[5] (net)
                  0.10    0.00    0.81 v _1005_/B (sky130_fd_sc_hd__nand3b_4)
                  0.07    0.11    0.91 ^ _1005_/Y (sky130_fd_sc_hd__nand3b_4)
     8    0.02                           _0411_ (net)
                  0.07    0.00    0.91 ^ _1035_/B (sky130_fd_sc_hd__nor2_1)
                  0.05    0.06    0.98 v _1035_/Y (sky130_fd_sc_hd__nor2_1)
     2    0.01                           _0431_ (net)
                  0.05    0.00    0.98 v _1038_/S (sky130_fd_sc_hd__mux2_1)
                  0.04    0.18    1.16 ^ _1038_/X (sky130_fd_sc_hd__mux2_1)
     1    0.00                           _0433_ (net)
                  0.04    0.00    1.16 ^ _1039_/A (sky130_fd_sc_hd__clkbuf_1)
                  0.04    0.07    1.23 ^ _1039_/X (sky130_fd_sc_hd__clkbuf_1)
     1    0.00                           _0056_ (net)
                  0.04    0.00    1.23 ^ _1222_/D (sky130_fd_sc_hd__dfxtp_1)
                                  1.23   data arrival time

                          0.00    0.00   clock clk (rise edge)
                          0.00    0.00   clock source latency
                  0.04    0.03    0.03 ^ clk (in)
     1    0.01                           clk (net)
                  0.04    0.00    0.03 ^ clkbuf_0_clk/A (sky130_fd_sc_hd__clkbuf_16)
                  0.09    0.17    0.20 ^ clkbuf_0_clk/X (sky130_fd_sc_hd__clkbuf_16)
    16    0.07                           clknet_0_clk (net)
                  0.09    0.00    0.20 ^ clkbuf_4_7_0_clk/A (sky130_fd_sc_hd__clkbuf_8)
                  0.07    0.17    0.37 ^ clkbuf_4_7_0_clk/X (sky130_fd_sc_hd__clkbuf_8)
    13    0.03                           clknet_4_7_0_clk (net)
                  0.07    0.00    0.37 ^ _1222_/CLK (sky130_fd_sc_hd__dfxtp_1)
                          0.25    0.62   clock uncertainty
                         -0.02    0.60   clock reconvergence pessimism
                         -0.03    0.58   library hold time
                                  0.58   data required time
-----------------------------------------------------------------------------
                                  0.58   data required time
                                 -1.23   data arrival time
-----------------------------------------------------------------------------
                                  0.66   slack (MET)


Startpoint: _1178_ (rising edge-triggered flip-flop clocked by clk)
Endpoint: _1188_ (rising edge-triggered flip-flop clocked by clk)
Path Group: clk
Path Type: min

Fanout     Cap    Slew   Delay    Time   Description
-----------------------------------------------------------------------------
                          0.00    0.00   clock clk (rise edge)
                          0.00    0.00   clock source latency
                  0.04    0.03    0.03 ^ clk (in)
     1    0.01                           clk (net)
                  0.04    0.00    0.03 ^ clkbuf_0_clk/A (sky130_fd_sc_hd__clkbuf_16)
                  0.09    0.15    0.18 ^ clkbuf_0_clk/X (sky130_fd_sc_hd__clkbuf_16)
    16    0.07                           clknet_0_clk (net)
                  0.09    0.00    0.18 ^ clkbuf_4_15_0_clk/A (sky130_fd_sc_hd__clkbuf_8)
                  0.05    0.14    0.32 ^ clkbuf_4_15_0_clk/X (sky130_fd_sc_hd__clkbuf_8)
     6    0.02                           clknet_4_15_0_clk (net)
                  0.05    0.00    0.32 ^ _1178_/CLK (sky130_fd_sc_hd__dfrtp_4)
                  0.10    0.49    0.81 v _1178_/Q (sky130_fd_sc_hd__dfrtp_4)
     9    0.03                           u_addr_gen.addr[5] (net)
                  0.10    0.00    0.81 v _0869_/B (sky130_fd_sc_hd__nand3_4)
                  0.07    0.11    0.91 ^ _0869_/Y (sky130_fd_sc_hd__nand3_4)
     8    0.02                           _0314_ (net)
                  0.07    0.00    0.91 ^ _0934_/A (sky130_fd_sc_hd__nor2_1)
                  0.04    0.06    0.97 v _0934_/Y (sky130_fd_sc_hd__nor2_1)
     2    0.01                           _0364_ (net)
                  0.04    0.00    0.97 v _0938_/S (sky130_fd_sc_hd__mux2_1)
                  0.05    0.18    1.15 ^ _0938_/X (sky130_fd_sc_hd__mux2_1)
     1    0.00                           _0367_ (net)
                  0.05    0.00    1.15 ^ _0939_/A (sky130_fd_sc_hd__clkbuf_1)
                  0.04    0.07    1.23 ^ _0939_/X (sky130_fd_sc_hd__clkbuf_1)
     1    0.00                           _0022_ (net)
                  0.04    0.00    1.23 ^ _1188_/D (sky130_fd_sc_hd__dfxtp_1)
                                  1.23   data arrival time

                          0.00    0.00   clock clk (rise edge)
                          0.00    0.00   clock source latency
                  0.04    0.03    0.03 ^ clk (in)
     1    0.01                           clk (net)
                  0.04    0.00    0.03 ^ clkbuf_0_clk/A (sky130_fd_sc_hd__clkbuf_16)
                  0.09    0.17    0.20 ^ clkbuf_0_clk/X (sky130_fd_sc_hd__clkbuf_16)
    16    0.07                           clknet_0_clk (net)
                  0.09    0.00    0.20 ^ clkbuf_4_8_0_clk/A (sky130_fd_sc_hd__clkbuf_8)
                  0.06    0.17    0.36 ^ clkbuf_4_8_0_clk/X (sky130_fd_sc_hd__clkbuf_8)
    10    0.03                           clknet_4_8_0_clk (net)
                  0.06    0.00    0.37 ^ _1188_/CLK (sky130_fd_sc_hd__dfxtp_1)
                          0.25    0.62   clock uncertainty
                         -0.02    0.60   clock reconvergence pessimism
                         -0.03    0.57   library hold time
                                  0.57   data required time
-----------------------------------------------------------------------------
                                  0.57   data required time
                                 -1.23   data arrival time
-----------------------------------------------------------------------------
                                  0.66   slack (MET)


Startpoint: _1178_ (rising edge-triggered flip-flop clocked by clk)
Endpoint: _1186_ (rising edge-triggered flip-flop clocked by clk)
Path Group: clk
Path Type: min

Fanout     Cap    Slew   Delay    Time   Description
-----------------------------------------------------------------------------
                          0.00    0.00   clock clk (rise edge)
                          0.00    0.00   clock source latency
                  0.04    0.03    0.03 ^ clk (in)
     1    0.01                           clk (net)
                  0.04    0.00    0.03 ^ clkbuf_0_clk/A (sky130_fd_sc_hd__clkbuf_16)
                  0.09    0.15    0.18 ^ clkbuf_0_clk/X (sky130_fd_sc_hd__clkbuf_16)
    16    0.07                           clknet_0_clk (net)
                  0.09    0.00    0.18 ^ clkbuf_4_15_0_clk/A (sky130_fd_sc_hd__clkbuf_8)
                  0.05    0.14    0.32 ^ clkbuf_4_15_0_clk/X (sky130_fd_sc_hd__clkbuf_8)
     6    0.02                           clknet_4_15_0_clk (net)
                  0.05    0.00    0.32 ^ _1178_/CLK (sky130_fd_sc_hd__dfrtp_4)
                  0.10    0.49    0.81 v _1178_/Q (sky130_fd_sc_hd__dfrtp_4)
     9    0.03                           u_addr_gen.addr[5] (net)
                  0.10    0.00    0.81 v _0869_/B (sky130_fd_sc_hd__nand3_4)
                  0.07    0.11    0.91 ^ _0869_/Y (sky130_fd_sc_hd__nand3_4)
     8    0.02                           _0314_ (net)
                  0.07    0.00    0.91 ^ _0926_/A (sky130_fd_sc_hd__or2_1)
                  0.08    0.12    1.03 ^ _0926_/X (sky130_fd_sc_hd__or2_1)
     2    0.01                           _0358_ (net)
                  0.08    0.00    1.03 ^ _0929_/S (sky130_fd_sc_hd__mux2_1)
                  0.05    0.13    1.16 ^ _0929_/X (sky130_fd_sc_hd__mux2_1)
     1    0.00                           _0360_ (net)
                  0.05    0.00    1.16 ^ _0930_/A (sky130_fd_sc_hd__clkbuf_1)
                  0.04    0.08    1.24 ^ _0930_/X (sky130_fd_sc_hd__clkbuf_1)
     1    0.00                           _0020_ (net)
                  0.04    0.00    1.24 ^ _1186_/D (sky130_fd_sc_hd__dfxtp_1)
                                  1.24   data arrival time

                          0.00    0.00   clock clk (rise edge)
                          0.00    0.00   clock source latency
                  0.04    0.03    0.03 ^ clk (in)
     1    0.01                           clk (net)
                  0.04    0.00    0.03 ^ clkbuf_0_clk/A (sky130_fd_sc_hd__clkbuf_16)
                  0.09    0.17    0.20 ^ clkbuf_0_clk/X (sky130_fd_sc_hd__clkbuf_16)
    16    0.07                           clknet_0_clk (net)
                  0.09    0.00    0.20 ^ clkbuf_4_2_0_clk/A (sky130_fd_sc_hd__clkbuf_8)
                  0.08    0.18    0.38 ^ clkbuf_4_2_0_clk/X (sky130_fd_sc_hd__clkbuf_8)
    14    0.04                           clknet_4_2_0_clk (net)
                  0.08    0.00    0.38 ^ _1186_/CLK (sky130_fd_sc_hd__dfxtp_1)
                          0.25    0.63   clock uncertainty
                         -0.02    0.61   clock reconvergence pessimism
                         -0.03    0.58   library hold time
                                  0.58   data required time
-----------------------------------------------------------------------------
                                  0.58   data required time
                                 -1.24   data arrival time
-----------------------------------------------------------------------------
                                  0.66   slack (MET)


Startpoint: _1178_ (rising edge-triggered flip-flop clocked by clk)
Endpoint: _1217_ (rising edge-triggered flip-flop clocked by clk)
Path Group: clk
Path Type: min

Fanout     Cap    Slew   Delay    Time   Description
-----------------------------------------------------------------------------
                          0.00    0.00   clock clk (rise edge)
                          0.00    0.00   clock source latency
                  0.04    0.03    0.03 ^ clk (in)
     1    0.01                           clk (net)
                  0.04    0.00    0.03 ^ clkbuf_0_clk/A (sky130_fd_sc_hd__clkbuf_16)
                  0.09    0.15    0.18 ^ clkbuf_0_clk/X (sky130_fd_sc_hd__clkbuf_16)
    16    0.07                           clknet_0_clk (net)
                  0.09    0.00    0.18 ^ clkbuf_4_15_0_clk/A (sky130_fd_sc_hd__clkbuf_8)
                  0.05    0.14    0.32 ^ clkbuf_4_15_0_clk/X (sky130_fd_sc_hd__clkbuf_8)
     6    0.02                           clknet_4_15_0_clk (net)
                  0.05    0.00    0.32 ^ _1178_/CLK (sky130_fd_sc_hd__dfrtp_4)
                  0.10    0.49    0.81 v _1178_/Q (sky130_fd_sc_hd__dfrtp_4)
     9    0.03                           u_addr_gen.addr[5] (net)
                  0.10    0.00    0.81 v _1005_/B (sky130_fd_sc_hd__nand3b_4)
                  0.07    0.11    0.91 ^ _1005_/Y (sky130_fd_sc_hd__nand3b_4)
     8    0.02                           _0411_ (net)
                  0.07    0.00    0.91 ^ _1025_/B (sky130_fd_sc_hd__or2_1)
                  0.09    0.13    1.04 ^ _1025_/X (sky130_fd_sc_hd__or2_1)
     2    0.01                           _0425_ (net)
                  0.09    0.00    1.04 ^ _1026_/S (sky130_fd_sc_hd__mux2_1)
                  0.04    0.13    1.17 ^ _1026_/X (sky130_fd_sc_hd__mux2_1)
     1    0.00                           _0426_ (net)
                  0.04    0.00    1.17 ^ _1027_/A (sky130_fd_sc_hd__clkbuf_1)
                  0.04    0.07    1.24 ^ _1027_/X (sky130_fd_sc_hd__clkbuf_1)
     1    0.00                           _0051_ (net)
                  0.04    0.00    1.24 ^ _1217_/D (sky130_fd_sc_hd__dfxtp_1)
                                  1.24   data arrival time

                          0.00    0.00   clock clk (rise edge)
                          0.00    0.00   clock source latency
                  0.04    0.03    0.03 ^ clk (in)
     1    0.01                           clk (net)
                  0.04    0.00    0.03 ^ clkbuf_0_clk/A (sky130_fd_sc_hd__clkbuf_16)
                  0.09    0.17    0.20 ^ clkbuf_0_clk/X (sky130_fd_sc_hd__clkbuf_16)
    16    0.07                           clknet_0_clk (net)
                  0.09    0.00    0.20 ^ clkbuf_4_7_0_clk/A (sky130_fd_sc_hd__clkbuf_8)
                  0.07    0.17    0.37 ^ clkbuf_4_7_0_clk/X (sky130_fd_sc_hd__clkbuf_8)
    13    0.03                           clknet_4_7_0_clk (net)
                  0.07    0.00    0.37 ^ _1217_/CLK (sky130_fd_sc_hd__dfxtp_1)
                          0.25    0.62   clock uncertainty
                         -0.02    0.60   clock reconvergence pessimism
                         -0.03    0.58   library hold time
                                  0.58   data required time
-----------------------------------------------------------------------------
                                  0.58   data required time
                                 -1.24   data arrival time
-----------------------------------------------------------------------------
                                  0.66   slack (MET)


Startpoint: _1178_ (rising edge-triggered flip-flop clocked by clk)
Endpoint: _1189_ (rising edge-triggered flip-flop clocked by clk)
Path Group: clk
Path Type: min

Fanout     Cap    Slew   Delay    Time   Description
-----------------------------------------------------------------------------
                          0.00    0.00   clock clk (rise edge)
                          0.00    0.00   clock source latency
                  0.04    0.03    0.03 ^ clk (in)
     1    0.01                           clk (net)
                  0.04    0.00    0.03 ^ clkbuf_0_clk/A (sky130_fd_sc_hd__clkbuf_16)
                  0.09    0.15    0.18 ^ clkbuf_0_clk/X (sky130_fd_sc_hd__clkbuf_16)
    16    0.07                           clknet_0_clk (net)
                  0.09    0.00    0.18 ^ clkbuf_4_15_0_clk/A (sky130_fd_sc_hd__clkbuf_8)
                  0.05    0.14    0.32 ^ clkbuf_4_15_0_clk/X (sky130_fd_sc_hd__clkbuf_8)
     6    0.02                           clknet_4_15_0_clk (net)
                  0.05    0.00    0.32 ^ _1178_/CLK (sky130_fd_sc_hd__dfrtp_4)
                  0.10    0.49    0.81 v _1178_/Q (sky130_fd_sc_hd__dfrtp_4)
     9    0.03                           u_addr_gen.addr[5] (net)
                  0.10    0.00    0.81 v _0869_/B (sky130_fd_sc_hd__nand3_4)
                  0.07    0.11    0.91 ^ _0869_/Y (sky130_fd_sc_hd__nand3_4)
     8    0.02                           _0314_ (net)
                  0.07    0.00    0.91 ^ _0941_/A (sky130_fd_sc_hd__nor2_1)
                  0.04    0.06    0.97 v _0941_/Y (sky130_fd_sc_hd__nor2_1)
     2    0.01                           _0369_ (net)
                  0.04    0.00    0.97 v _0942_/S (sky130_fd_sc_hd__mux2_1)
                  0.04    0.18    1.15 ^ _0942_/X (sky130_fd_sc_hd__mux2_1)
     1    0.00                           _0370_ (net)
                  0.04    0.00    1.15 ^ _0943_/A (sky130_fd_sc_hd__clkbuf_1)
                  0.04    0.07    1.23 ^ _0943_/X (sky130_fd_sc_hd__clkbuf_1)
     1    0.00                           _0023_ (net)
                  0.04    0.00    1.23 ^ _1189_/D (sky130_fd_sc_hd__dfxtp_1)
                                  1.23   data arrival time

                          0.00    0.00   clock clk (rise edge)
                          0.00    0.00   clock source latency
                  0.04    0.03    0.03 ^ clk (in)
     1    0.01                           clk (net)
                  0.04    0.00    0.03 ^ clkbuf_0_clk/A (sky130_fd_sc_hd__clkbuf_16)
                  0.09    0.17    0.20 ^ clkbuf_0_clk/X (sky130_fd_sc_hd__clkbuf_16)
    16    0.07                           clknet_0_clk (net)
                  0.09    0.00    0.20 ^ clkbuf_4_3_0_clk/A (sky130_fd_sc_hd__clkbuf_8)
                  0.06    0.16    0.36 ^ clkbuf_4_3_0_clk/X (sky130_fd_sc_hd__clkbuf_8)
     9    0.03                           clknet_4_3_0_clk (net)
                  0.06    0.00    0.36 ^ _1189_/CLK (sky130_fd_sc_hd__dfxtp_1)
                          0.25    0.61   clock uncertainty
                         -0.02    0.59   clock reconvergence pessimism
                         -0.03    0.56   library hold time
                                  0.56   data required time
-----------------------------------------------------------------------------
                                  0.56   data required time
                                 -1.23   data arrival time
-----------------------------------------------------------------------------
                                  0.66   slack (MET)


Startpoint: _1318_ (rising edge-triggered flip-flop clocked by clk)
Endpoint: _1169_ (rising edge-triggered flip-flop clocked by clk)
Path Group: clk
Path Type: min

Fanout     Cap    Slew   Delay    Time   Description
-----------------------------------------------------------------------------
                          0.00    0.00   clock clk (rise edge)
                          0.00    0.00   clock source latency
                  0.04    0.03    0.03 ^ clk (in)
     1    0.01                           clk (net)
                  0.04    0.00    0.03 ^ clkbuf_0_clk/A (sky130_fd_sc_hd__clkbuf_16)
                  0.09    0.15    0.18 ^ clkbuf_0_clk/X (sky130_fd_sc_hd__clkbuf_16)
    16    0.07                           clknet_0_clk (net)
                  0.09    0.00    0.18 ^ clkbuf_4_10_0_clk/A (sky130_fd_sc_hd__clkbuf_8)
                  0.08    0.16    0.34 ^ clkbuf_4_10_0_clk/X (sky130_fd_sc_hd__clkbuf_8)
    15    0.04                           clknet_4_10_0_clk (net)
                  0.08    0.00    0.34 ^ _1318_/CLK (sky130_fd_sc_hd__dfrtp_1)
                  0.12    0.37    0.72 ^ _1318_/Q (sky130_fd_sc_hd__dfrtp_1)
     2    0.01                           u_pattern_gen.state_r[1] (net)
                  0.12    0.00    0.72 ^ _0862_/B (sky130_fd_sc_hd__xor2_2)
                  0.14    0.17    0.89 ^ _0862_/X (sky130_fd_sc_hd__xor2_2)
     4    0.01                           _0307_ (net)
                  0.14    0.00    0.89 ^ _0863_/A (sky130_fd_sc_hd__buf_2)
                  0.09    0.16    1.05 ^ _0863_/X (sky130_fd_sc_hd__buf_2)
    10    0.02                           _0308_ (net)
                  0.09    0.00    1.05 ^ _0874_/A1 (sky130_fd_sc_hd__mux2_1)
                  0.04    0.13    1.18 ^ _0874_/X (sky130_fd_sc_hd__mux2_1)
     1    0.00                           _0319_ (net)
                  0.04    0.00    1.18 ^ _0875_/A (sky130_fd_sc_hd__clkbuf_1)
                  0.04    0.07    1.25 ^ _0875_/X (sky130_fd_sc_hd__clkbuf_1)
     1    0.00                           _0006_ (net)
                  0.04    0.00    1.25 ^ _1169_/D (sky130_fd_sc_hd__dfxtp_1)
                                  1.25   data arrival time

                          0.00    0.00   clock clk (rise edge)
                          0.00    0.00   clock source latency
                  0.04    0.03    0.03 ^ clk (in)
     1    0.01                           clk (net)
                  0.04    0.00    0.03 ^ clkbuf_0_clk/A (sky130_fd_sc_hd__clkbuf_16)
                  0.09    0.17    0.20 ^ clkbuf_0_clk/X (sky130_fd_sc_hd__clkbuf_16)
    16    0.07                           clknet_0_clk (net)
                  0.09    0.00    0.20 ^ clkbuf_4_2_0_clk/A (sky130_fd_sc_hd__clkbuf_8)
                  0.08    0.18    0.38 ^ clkbuf_4_2_0_clk/X (sky130_fd_sc_hd__clkbuf_8)
    14    0.04                           clknet_4_2_0_clk (net)
                  0.08    0.00    0.38 ^ _1169_/CLK (sky130_fd_sc_hd__dfxtp_1)
                          0.25    0.63   clock uncertainty
                         -0.02    0.61   clock reconvergence pessimism
                         -0.02    0.59   library hold time
                                  0.59   data required time
-----------------------------------------------------------------------------
                                  0.59   data required time
                                 -1.25   data arrival time
-----------------------------------------------------------------------------
                                  0.67   slack (MET)


Startpoint: _1178_ (rising edge-triggered flip-flop clocked by clk)
Endpoint: _1187_ (rising edge-triggered flip-flop clocked by clk)
Path Group: clk
Path Type: min

Fanout     Cap    Slew   Delay    Time   Description
-----------------------------------------------------------------------------
                          0.00    0.00   clock clk (rise edge)
                          0.00    0.00   clock source latency
                  0.04    0.03    0.03 ^ clk (in)
     1    0.01                           clk (net)
                  0.04    0.00    0.03 ^ clkbuf_0_clk/A (sky130_fd_sc_hd__clkbuf_16)
                  0.09    0.15    0.18 ^ clkbuf_0_clk/X (sky130_fd_sc_hd__clkbuf_16)
    16    0.07                           clknet_0_clk (net)
                  0.09    0.00    0.18 ^ clkbuf_4_15_0_clk/A (sky130_fd_sc_hd__clkbuf_8)
                  0.05    0.14    0.32 ^ clkbuf_4_15_0_clk/X (sky130_fd_sc_hd__clkbuf_8)
     6    0.02                           clknet_4_15_0_clk (net)
                  0.05    0.00    0.32 ^ _1178_/CLK (sky130_fd_sc_hd__dfrtp_4)
                  0.10    0.49    0.81 v _1178_/Q (sky130_fd_sc_hd__dfrtp_4)
     9    0.03                           u_addr_gen.addr[5] (net)
                  0.10    0.00    0.81 v _0869_/B (sky130_fd_sc_hd__nand3_4)
                  0.07    0.11    0.91 ^ _0869_/Y (sky130_fd_sc_hd__nand3_4)
     8    0.02                           _0314_ (net)
                  0.07    0.00    0.91 ^ _0934_/A (sky130_fd_sc_hd__nor2_1)
                  0.04    0.06    0.97 v _0934_/Y (sky130_fd_sc_hd__nor2_1)
     2    0.01                           _0364_ (net)
                  0.04    0.00    0.97 v _0935_/S (sky130_fd_sc_hd__mux2_1)
                  0.04    0.18    1.15 ^ _0935_/X (sky130_fd_sc_hd__mux2_1)
     1    0.00                           _0365_ (net)
                  0.04    0.00    1.15 ^ _0936_/A (sky130_fd_sc_hd__clkbuf_1)
                  0.05    0.08    1.23 ^ _0936_/X (sky130_fd_sc_hd__clkbuf_1)
     1    0.00                           _0021_ (net)
                  0.05    0.00    1.23 ^ _1187_/D (sky130_fd_sc_hd__dfxtp_1)
                                  1.23   data arrival time

                          0.00    0.00   clock clk (rise edge)
                          0.00    0.00   clock source latency
                  0.04    0.03    0.03 ^ clk (in)
     1    0.01                           clk (net)
                  0.04    0.00    0.03 ^ clkbuf_0_clk/A (sky130_fd_sc_hd__clkbuf_16)
                  0.09    0.17    0.20 ^ clkbuf_0_clk/X (sky130_fd_sc_hd__clkbuf_16)
    16    0.07                           clknet_0_clk (net)
                  0.09    0.00    0.20 ^ clkbuf_4_8_0_clk/A (sky130_fd_sc_hd__clkbuf_8)
                  0.06    0.17    0.36 ^ clkbuf_4_8_0_clk/X (sky130_fd_sc_hd__clkbuf_8)
    10    0.03                           clknet_4_8_0_clk (net)
                  0.06    0.00    0.37 ^ _1187_/CLK (sky130_fd_sc_hd__dfxtp_1)
                          0.25    0.62   clock uncertainty
                         -0.02    0.60   clock reconvergence pessimism
                         -0.03    0.57   library hold time
                                  0.57   data required time
-----------------------------------------------------------------------------
                                  0.57   data required time
                                 -1.23   data arrival time
-----------------------------------------------------------------------------
                                  0.67   slack (MET)


Startpoint: _1178_ (rising edge-triggered flip-flop clocked by clk)
Endpoint: _1220_ (rising edge-triggered flip-flop clocked by clk)
Path Group: clk
Path Type: min

Fanout     Cap    Slew   Delay    Time   Description
-----------------------------------------------------------------------------
                          0.00    0.00   clock clk (rise edge)
                          0.00    0.00   clock source latency
                  0.04    0.03    0.03 ^ clk (in)
     1    0.01                           clk (net)
                  0.04    0.00    0.03 ^ clkbuf_0_clk/A (sky130_fd_sc_hd__clkbuf_16)
                  0.09    0.15    0.18 ^ clkbuf_0_clk/X (sky130_fd_sc_hd__clkbuf_16)
    16    0.07                           clknet_0_clk (net)
                  0.09    0.00    0.18 ^ clkbuf_4_15_0_clk/A (sky130_fd_sc_hd__clkbuf_8)
                  0.05    0.14    0.32 ^ clkbuf_4_15_0_clk/X (sky130_fd_sc_hd__clkbuf_8)
     6    0.02                           clknet_4_15_0_clk (net)
                  0.05    0.00    0.32 ^ _1178_/CLK (sky130_fd_sc_hd__dfrtp_4)
                  0.10    0.49    0.81 v _1178_/Q (sky130_fd_sc_hd__dfrtp_4)
     9    0.03                           u_addr_gen.addr[5] (net)
                  0.10    0.00    0.81 v _1005_/B (sky130_fd_sc_hd__nand3b_4)
                  0.07    0.11    0.91 ^ _1005_/Y (sky130_fd_sc_hd__nand3b_4)
     8    0.02                           _0411_ (net)
                  0.07    0.00    0.91 ^ _1030_/B (sky130_fd_sc_hd__nor2_1)
                  0.05    0.06    0.98 v _1030_/Y (sky130_fd_sc_hd__nor2_1)
     2    0.01                           _0428_ (net)
                  0.05    0.00    0.98 v _1033_/S (sky130_fd_sc_hd__mux2_1)
                  0.04    0.18    1.16 ^ _1033_/X (sky130_fd_sc_hd__mux2_1)
     1    0.00                           _0430_ (net)
                  0.04    0.00    1.16 ^ _1034_/A (sky130_fd_sc_hd__clkbuf_1)
                  0.04    0.07    1.23 ^ _1034_/X (sky130_fd_sc_hd__clkbuf_1)
     1    0.00                           _0054_ (net)
                  0.04    0.00    1.23 ^ _1220_/D (sky130_fd_sc_hd__dfxtp_1)
                                  1.23   data arrival time

                          0.00    0.00   clock clk (rise edge)
                          0.00    0.00   clock source latency
                  0.04    0.03    0.03 ^ clk (in)
     1    0.01                           clk (net)
                  0.04    0.00    0.03 ^ clkbuf_0_clk/A (sky130_fd_sc_hd__clkbuf_16)
                  0.09    0.17    0.20 ^ clkbuf_0_clk/X (sky130_fd_sc_hd__clkbuf_16)
    16    0.07                           clknet_0_clk (net)
                  0.09    0.00    0.20 ^ clkbuf_4_9_0_clk/A (sky130_fd_sc_hd__clkbuf_8)
                  0.06    0.16    0.36 ^ clkbuf_4_9_0_clk/X (sky130_fd_sc_hd__clkbuf_8)
     8    0.02                           clknet_4_9_0_clk (net)
                  0.06    0.00    0.36 ^ _1220_/CLK (sky130_fd_sc_hd__dfxtp_1)
                          0.25    0.61   clock uncertainty
                         -0.02    0.59   clock reconvergence pessimism
                         -0.03    0.56   library hold time
                                  0.56   data required time
-----------------------------------------------------------------------------
                                  0.56   data required time
                                 -1.23   data arrival time
-----------------------------------------------------------------------------
                                  0.67   slack (MET)


Startpoint: _1178_ (rising edge-triggered flip-flop clocked by clk)
Endpoint: _1192_ (rising edge-triggered flip-flop clocked by clk)
Path Group: clk
Path Type: min

Fanout     Cap    Slew   Delay    Time   Description
-----------------------------------------------------------------------------
                          0.00    0.00   clock clk (rise edge)
                          0.00    0.00   clock source latency
                  0.04    0.03    0.03 ^ clk (in)
     1    0.01                           clk (net)
                  0.04    0.00    0.03 ^ clkbuf_0_clk/A (sky130_fd_sc_hd__clkbuf_16)
                  0.09    0.15    0.18 ^ clkbuf_0_clk/X (sky130_fd_sc_hd__clkbuf_16)
    16    0.07                           clknet_0_clk (net)
                  0.09    0.00    0.18 ^ clkbuf_4_15_0_clk/A (sky130_fd_sc_hd__clkbuf_8)
                  0.05    0.14    0.32 ^ clkbuf_4_15_0_clk/X (sky130_fd_sc_hd__clkbuf_8)
     6    0.02                           clknet_4_15_0_clk (net)
                  0.05    0.00    0.32 ^ _1178_/CLK (sky130_fd_sc_hd__dfrtp_4)
                  0.10    0.49    0.81 v _1178_/Q (sky130_fd_sc_hd__dfrtp_4)
     9    0.03                           u_addr_gen.addr[5] (net)
                  0.10    0.00    0.81 v _0869_/B (sky130_fd_sc_hd__nand3_4)
                  0.07    0.11    0.91 ^ _0869_/Y (sky130_fd_sc_hd__nand3_4)
     8    0.02                           _0314_ (net)
                  0.07    0.00    0.91 ^ _0947_/A (sky130_fd_sc_hd__nor2_1)
                  0.05    0.06    0.98 v _0947_/Y (sky130_fd_sc_hd__nor2_1)
     2    0.01                           _0373_ (net)
                  0.05    0.00    0.98 v _0950_/S (sky130_fd_sc_hd__mux2_1)
                  0.04    0.18    1.16 ^ _0950_/X (sky130_fd_sc_hd__mux2_1)
     1    0.00                           _0375_ (net)
                  0.04    0.00    1.16 ^ _0951_/A (sky130_fd_sc_hd__clkbuf_1)
                  0.04    0.07    1.23 ^ _0951_/X (sky130_fd_sc_hd__clkbuf_1)
     1    0.00                           _0026_ (net)
                  0.04    0.00    1.23 ^ _1192_/D (sky130_fd_sc_hd__dfxtp_1)
                                  1.23   data arrival time

                          0.00    0.00   clock clk (rise edge)
                          0.00    0.00   clock source latency
                  0.04    0.03    0.03 ^ clk (in)
     1    0.01                           clk (net)
                  0.04    0.00    0.03 ^ clkbuf_0_clk/A (sky130_fd_sc_hd__clkbuf_16)
                  0.09    0.17    0.20 ^ clkbuf_0_clk/X (sky130_fd_sc_hd__clkbuf_16)
    16    0.07                           clknet_0_clk (net)
                  0.09    0.00    0.20 ^ clkbuf_4_3_0_clk/A (sky130_fd_sc_hd__clkbuf_8)
                  0.06    0.16    0.36 ^ clkbuf_4_3_0_clk/X (sky130_fd_sc_hd__clkbuf_8)
     9    0.03                           clknet_4_3_0_clk (net)
                  0.06    0.00    0.36 ^ _1192_/CLK (sky130_fd_sc_hd__dfxtp_1)
                          0.25    0.61   clock uncertainty
                         -0.02    0.59   clock reconvergence pessimism
                         -0.03    0.56   library hold time
                                  0.56   data required time
-----------------------------------------------------------------------------
                                  0.56   data required time
                                 -1.23   data arrival time
-----------------------------------------------------------------------------
                                  0.67   slack (MET)


Startpoint: _1178_ (rising edge-triggered flip-flop clocked by clk)
Endpoint: _1255_ (rising edge-triggered flip-flop clocked by clk)
Path Group: clk
Path Type: min

Fanout     Cap    Slew   Delay    Time   Description
-----------------------------------------------------------------------------
                          0.00    0.00   clock clk (rise edge)
                          0.00    0.00   clock source latency
                  0.04    0.03    0.03 ^ clk (in)
     1    0.01                           clk (net)
                  0.04    0.00    0.03 ^ clkbuf_0_clk/A (sky130_fd_sc_hd__clkbuf_16)
                  0.09    0.15    0.18 ^ clkbuf_0_clk/X (sky130_fd_sc_hd__clkbuf_16)
    16    0.07                           clknet_0_clk (net)
                  0.09    0.00    0.18 ^ clkbuf_4_15_0_clk/A (sky130_fd_sc_hd__clkbuf_8)
                  0.05    0.14    0.32 ^ clkbuf_4_15_0_clk/X (sky130_fd_sc_hd__clkbuf_8)
     6    0.02                           clknet_4_15_0_clk (net)
                  0.05    0.00    0.32 ^ _1178_/CLK (sky130_fd_sc_hd__dfrtp_4)
                  0.13    0.44    0.76 ^ _1178_/Q (sky130_fd_sc_hd__dfrtp_4)
     9    0.03                           u_addr_gen.addr[5] (net)
                  0.13    0.00    0.76 ^ _1092_/A_N (sky130_fd_sc_hd__nand3b_4)
                  0.07    0.16    0.92 ^ _1092_/Y (sky130_fd_sc_hd__nand3b_4)
     8    0.02                           _0466_ (net)
                  0.07    0.00    0.92 ^ _1125_/B (sky130_fd_sc_hd__nor2_1)
                  0.05    0.06    0.98 v _1125_/Y (sky130_fd_sc_hd__nor2_1)
     2    0.01                           _0487_ (net)
                  0.05    0.00    0.98 v _1126_/S (sky130_fd_sc_hd__mux2_1)
                  0.04    0.18    1.16 ^ _1126_/X (sky130_fd_sc_hd__mux2_1)
     1    0.00                           _0488_ (net)
                  0.04    0.00    1.16 ^ _1127_/A (sky130_fd_sc_hd__clkbuf_1)
                  0.04    0.07    1.23 ^ _1127_/X (sky130_fd_sc_hd__clkbuf_1)
     1    0.00                           _0089_ (net)
                  0.04    0.00    1.23 ^ _1255_/D (sky130_fd_sc_hd__dfxtp_1)
                                  1.23   data arrival time

                          0.00    0.00   clock clk (rise edge)
                          0.00    0.00   clock source latency
                  0.04    0.03    0.03 ^ clk (in)
     1    0.01                           clk (net)
                  0.04    0.00    0.03 ^ clkbuf_0_clk/A (sky130_fd_sc_hd__clkbuf_16)
                  0.09    0.17    0.20 ^ clkbuf_0_clk/X (sky130_fd_sc_hd__clkbuf_16)
    16    0.07                           clknet_0_clk (net)
                  0.09    0.00    0.20 ^ clkbuf_4_3_0_clk/A (sky130_fd_sc_hd__clkbuf_8)
                  0.06    0.16    0.36 ^ clkbuf_4_3_0_clk/X (sky130_fd_sc_hd__clkbuf_8)
     9    0.03                           clknet_4_3_0_clk (net)
                  0.06    0.00    0.36 ^ _1255_/CLK (sky130_fd_sc_hd__dfxtp_1)
                          0.25    0.61   clock uncertainty
                         -0.02    0.59   clock reconvergence pessimism
                         -0.03    0.56   library hold time
                                  0.56   data required time
-----------------------------------------------------------------------------
                                  0.56   data required time
                                 -1.23   data arrival time
-----------------------------------------------------------------------------
                                  0.67   slack (MET)


Startpoint: _1178_ (rising edge-triggered flip-flop clocked by clk)
Endpoint: _1252_ (rising edge-triggered flip-flop clocked by clk)
Path Group: clk
Path Type: min

Fanout     Cap    Slew   Delay    Time   Description
-----------------------------------------------------------------------------
                          0.00    0.00   clock clk (rise edge)
                          0.00    0.00   clock source latency
                  0.04    0.03    0.03 ^ clk (in)
     1    0.01                           clk (net)
                  0.04    0.00    0.03 ^ clkbuf_0_clk/A (sky130_fd_sc_hd__clkbuf_16)
                  0.09    0.15    0.18 ^ clkbuf_0_clk/X (sky130_fd_sc_hd__clkbuf_16)
    16    0.07                           clknet_0_clk (net)
                  0.09    0.00    0.18 ^ clkbuf_4_15_0_clk/A (sky130_fd_sc_hd__clkbuf_8)
                  0.05    0.14    0.32 ^ clkbuf_4_15_0_clk/X (sky130_fd_sc_hd__clkbuf_8)
     6    0.02                           clknet_4_15_0_clk (net)
                  0.05    0.00    0.32 ^ _1178_/CLK (sky130_fd_sc_hd__dfrtp_4)
                  0.13    0.44    0.76 ^ _1178_/Q (sky130_fd_sc_hd__dfrtp_4)
     9    0.03                           u_addr_gen.addr[5] (net)
                  0.13    0.00    0.76 ^ _1092_/A_N (sky130_fd_sc_hd__nand3b_4)
                  0.07    0.16    0.92 ^ _1092_/Y (sky130_fd_sc_hd__nand3b_4)
     8    0.02                           _0466_ (net)
                  0.07    0.00    0.92 ^ _1115_/B (sky130_fd_sc_hd__nor2_1)
                  0.05    0.06    0.98 v _1115_/Y (sky130_fd_sc_hd__nor2_1)
     2    0.01                           _0481_ (net)
                  0.05    0.00    0.98 v _1118_/S (sky130_fd_sc_hd__mux2_1)
                  0.05    0.19    1.17 ^ _1118_/X (sky130_fd_sc_hd__mux2_1)
     1    0.00                           _0483_ (net)
                  0.05    0.00    1.17 ^ _1119_/A (sky130_fd_sc_hd__clkbuf_1)
                  0.04    0.07    1.24 ^ _1119_/X (sky130_fd_sc_hd__clkbuf_1)
     1    0.00                           _0086_ (net)
                  0.04    0.00    1.24 ^ _1252_/D (sky130_fd_sc_hd__dfxtp_1)
                                  1.24   data arrival time

                          0.00    0.00   clock clk (rise edge)
                          0.00    0.00   clock source latency
                  0.04    0.03    0.03 ^ clk (in)
     1    0.01                           clk (net)
                  0.04    0.00    0.03 ^ clkbuf_0_clk/A (sky130_fd_sc_hd__clkbuf_16)
                  0.09    0.17    0.20 ^ clkbuf_0_clk/X (sky130_fd_sc_hd__clkbuf_16)
    16    0.07                           clknet_0_clk (net)
                  0.09    0.00    0.20 ^ clkbuf_4_5_0_clk/A (sky130_fd_sc_hd__clkbuf_8)
                  0.07    0.17    0.37 ^ clkbuf_4_5_0_clk/X (sky130_fd_sc_hd__clkbuf_8)
    11    0.03                           clknet_4_5_0_clk (net)
                  0.07    0.00    0.37 ^ _1252_/CLK (sky130_fd_sc_hd__dfxtp_1)
                          0.25    0.62   clock uncertainty
                         -0.02    0.60   clock reconvergence pessimism
                         -0.03    0.57   library hold time
                                  0.57   data required time
-----------------------------------------------------------------------------
                                  0.57   data required time
                                 -1.24   data arrival time
-----------------------------------------------------------------------------
                                  0.67   slack (MET)


Startpoint: _1178_ (rising edge-triggered flip-flop clocked by clk)
Endpoint: _1181_ (rising edge-triggered flip-flop clocked by clk)
Path Group: clk
Path Type: min

Fanout     Cap    Slew   Delay    Time   Description
-----------------------------------------------------------------------------
                          0.00    0.00   clock clk (rise edge)
                          0.00    0.00   clock source latency
                  0.04    0.03    0.03 ^ clk (in)
     1    0.01                           clk (net)
                  0.04    0.00    0.03 ^ clkbuf_0_clk/A (sky130_fd_sc_hd__clkbuf_16)
                  0.09    0.15    0.18 ^ clkbuf_0_clk/X (sky130_fd_sc_hd__clkbuf_16)
    16    0.07                           clknet_0_clk (net)
                  0.09    0.00    0.18 ^ clkbuf_4_15_0_clk/A (sky130_fd_sc_hd__clkbuf_8)
                  0.05    0.14    0.32 ^ clkbuf_4_15_0_clk/X (sky130_fd_sc_hd__clkbuf_8)
     6    0.02                           clknet_4_15_0_clk (net)
                  0.05    0.00    0.32 ^ _1178_/CLK (sky130_fd_sc_hd__dfrtp_4)
                  0.10    0.49    0.81 v _1178_/Q (sky130_fd_sc_hd__dfrtp_4)
     9    0.03                           u_addr_gen.addr[5] (net)
                  0.10    0.00    0.81 v _0869_/B (sky130_fd_sc_hd__nand3_4)
                  0.07    0.11    0.91 ^ _0869_/Y (sky130_fd_sc_hd__nand3_4)
     8    0.02                           _0314_ (net)
                  0.07    0.00    0.91 ^ _0912_/A (sky130_fd_sc_hd__or2_1)
                  0.08    0.12    1.03 ^ _0912_/X (sky130_fd_sc_hd__or2_1)
     2    0.01                           _0348_ (net)
                  0.08    0.00    1.03 ^ _0913_/S (sky130_fd_sc_hd__mux2_1)
                  0.05    0.13    1.17 ^ _0913_/X (sky130_fd_sc_hd__mux2_1)
     1    0.00                           _0349_ (net)
                  0.05    0.00    1.17 ^ _0914_/A (sky130_fd_sc_hd__clkbuf_1)
                  0.04    0.07    1.24 ^ _0914_/X (sky130_fd_sc_hd__clkbuf_1)
     1    0.00                           _0015_ (net)
                  0.04    0.00    1.24 ^ _1181_/D (sky130_fd_sc_hd__dfxtp_1)
                                  1.24   data arrival time

                          0.00    0.00   clock clk (rise edge)
                          0.00    0.00   clock source latency
                  0.04    0.03    0.03 ^ clk (in)
     1    0.01                           clk (net)
                  0.04    0.00    0.03 ^ clkbuf_0_clk/A (sky130_fd_sc_hd__clkbuf_16)
                  0.09    0.17    0.20 ^ clkbuf_0_clk/X (sky130_fd_sc_hd__clkbuf_16)
    16    0.07                           clknet_0_clk (net)
                  0.09    0.00    0.20 ^ clkbuf_4_8_0_clk/A (sky130_fd_sc_hd__clkbuf_8)
                  0.06    0.17    0.36 ^ clkbuf_4_8_0_clk/X (sky130_fd_sc_hd__clkbuf_8)
    10    0.03                           clknet_4_8_0_clk (net)
                  0.06    0.00    0.37 ^ _1181_/CLK (sky130_fd_sc_hd__dfxtp_1)
                          0.25    0.62   clock uncertainty
                         -0.02    0.60   clock reconvergence pessimism
                         -0.03    0.57   library hold time
                                  0.57   data required time
-----------------------------------------------------------------------------
                                  0.57   data required time
                                 -1.24   data arrival time
-----------------------------------------------------------------------------
                                  0.67   slack (MET)


Startpoint: _1178_ (rising edge-triggered flip-flop clocked by clk)
Endpoint: _1253_ (rising edge-triggered flip-flop clocked by clk)
Path Group: clk
Path Type: min

Fanout     Cap    Slew   Delay    Time   Description
-----------------------------------------------------------------------------
                          0.00    0.00   clock clk (rise edge)
                          0.00    0.00   clock source latency
                  0.04    0.03    0.03 ^ clk (in)
     1    0.01                           clk (net)
                  0.04    0.00    0.03 ^ clkbuf_0_clk/A (sky130_fd_sc_hd__clkbuf_16)
                  0.09    0.15    0.18 ^ clkbuf_0_clk/X (sky130_fd_sc_hd__clkbuf_16)
    16    0.07                           clknet_0_clk (net)
                  0.09    0.00    0.18 ^ clkbuf_4_15_0_clk/A (sky130_fd_sc_hd__clkbuf_8)
                  0.05    0.14    0.32 ^ clkbuf_4_15_0_clk/X (sky130_fd_sc_hd__clkbuf_8)
     6    0.02                           clknet_4_15_0_clk (net)
                  0.05    0.00    0.32 ^ _1178_/CLK (sky130_fd_sc_hd__dfrtp_4)
                  0.13    0.44    0.76 ^ _1178_/Q (sky130_fd_sc_hd__dfrtp_4)
     9    0.03                           u_addr_gen.addr[5] (net)
                  0.13    0.00    0.76 ^ _1092_/A_N (sky130_fd_sc_hd__nand3b_4)
                  0.07    0.16    0.92 ^ _1092_/Y (sky130_fd_sc_hd__nand3b_4)
     8    0.02                           _0466_ (net)
                  0.07    0.00    0.92 ^ _1120_/B (sky130_fd_sc_hd__nor2_1)
                  0.04    0.06    0.98 v _1120_/Y (sky130_fd_sc_hd__nor2_1)
     2    0.01                           _0484_ (net)
                  0.04    0.00    0.98 v _1121_/S (sky130_fd_sc_hd__mux2_1)
                  0.04    0.18    1.16 ^ _1121_/X (sky130_fd_sc_hd__mux2_1)
     1    0.00                           _0485_ (net)
                  0.04    0.00    1.16 ^ _1122_/A (sky130_fd_sc_hd__clkbuf_1)
                  0.05    0.08    1.24 ^ _1122_/X (sky130_fd_sc_hd__clkbuf_1)
     1    0.00                           _0087_ (net)
                  0.05    0.00    1.24 ^ _1253_/D (sky130_fd_sc_hd__dfxtp_1)
                                  1.24   data arrival time

                          0.00    0.00   clock clk (rise edge)
                          0.00    0.00   clock source latency
                  0.04    0.03    0.03 ^ clk (in)
     1    0.01                           clk (net)
                  0.04    0.00    0.03 ^ clkbuf_0_clk/A (sky130_fd_sc_hd__clkbuf_16)
                  0.09    0.17    0.20 ^ clkbuf_0_clk/X (sky130_fd_sc_hd__clkbuf_16)
    16    0.07                           clknet_0_clk (net)
                  0.09    0.00    0.20 ^ clkbuf_4_5_0_clk/A (sky130_fd_sc_hd__clkbuf_8)
                  0.07    0.17    0.37 ^ clkbuf_4_5_0_clk/X (sky130_fd_sc_hd__clkbuf_8)
    11    0.03                           clknet_4_5_0_clk (net)
                  0.07    0.00    0.37 ^ _1253_/CLK (sky130_fd_sc_hd__dfxtp_1)
                          0.25    0.62   clock uncertainty
                         -0.02    0.60   clock reconvergence pessimism
                         -0.03    0.57   library hold time
                                  0.57   data required time
-----------------------------------------------------------------------------
                                  0.57   data required time
                                 -1.24   data arrival time
-----------------------------------------------------------------------------
                                  0.67   slack (MET)


Startpoint: _1178_ (rising edge-triggered flip-flop clocked by clk)
Endpoint: _1185_ (rising edge-triggered flip-flop clocked by clk)
Path Group: clk
Path Type: min

Fanout     Cap    Slew   Delay    Time   Description
-----------------------------------------------------------------------------
                          0.00    0.00   clock clk (rise edge)
                          0.00    0.00   clock source latency
                  0.04    0.03    0.03 ^ clk (in)
     1    0.01                           clk (net)
                  0.04    0.00    0.03 ^ clkbuf_0_clk/A (sky130_fd_sc_hd__clkbuf_16)
                  0.09    0.15    0.18 ^ clkbuf_0_clk/X (sky130_fd_sc_hd__clkbuf_16)
    16    0.07                           clknet_0_clk (net)
                  0.09    0.00    0.18 ^ clkbuf_4_15_0_clk/A (sky130_fd_sc_hd__clkbuf_8)
                  0.05    0.14    0.32 ^ clkbuf_4_15_0_clk/X (sky130_fd_sc_hd__clkbuf_8)
     6    0.02                           clknet_4_15_0_clk (net)
                  0.05    0.00    0.32 ^ _1178_/CLK (sky130_fd_sc_hd__dfrtp_4)
                  0.10    0.49    0.81 v _1178_/Q (sky130_fd_sc_hd__dfrtp_4)
     9    0.03                           u_addr_gen.addr[5] (net)
                  0.10    0.00    0.81 v _0869_/B (sky130_fd_sc_hd__nand3_4)
                  0.07    0.11    0.91 ^ _0869_/Y (sky130_fd_sc_hd__nand3_4)
     8    0.02                           _0314_ (net)
                  0.07    0.00    0.91 ^ _0926_/A (sky130_fd_sc_hd__or2_1)
                  0.08    0.12    1.03 ^ _0926_/X (sky130_fd_sc_hd__or2_1)
     2    0.01                           _0358_ (net)
                  0.08    0.00    1.03 ^ _0927_/S (sky130_fd_sc_hd__mux2_1)
                  0.04    0.13    1.16 ^ _0927_/X (sky130_fd_sc_hd__mux2_1)
     1    0.00                           _0359_ (net)
                  0.04    0.00    1.16 ^ _0928_/A (sky130_fd_sc_hd__clkbuf_1)
                  0.04    0.08    1.24 ^ _0928_/X (sky130_fd_sc_hd__clkbuf_1)
     1    0.00                           _0019_ (net)
                  0.04    0.00    1.24 ^ _1185_/D (sky130_fd_sc_hd__dfxtp_1)
                                  1.24   data arrival time

                          0.00    0.00   clock clk (rise edge)
                          0.00    0.00   clock source latency
                  0.04    0.03    0.03 ^ clk (in)
     1    0.01                           clk (net)
                  0.04    0.00    0.03 ^ clkbuf_0_clk/A (sky130_fd_sc_hd__clkbuf_16)
                  0.09    0.17    0.20 ^ clkbuf_0_clk/X (sky130_fd_sc_hd__clkbuf_16)
    16    0.07                           clknet_0_clk (net)
                  0.09    0.00    0.20 ^ clkbuf_4_8_0_clk/A (sky130_fd_sc_hd__clkbuf_8)
                  0.06    0.17    0.36 ^ clkbuf_4_8_0_clk/X (sky130_fd_sc_hd__clkbuf_8)
    10    0.03                           clknet_4_8_0_clk (net)
                  0.06    0.00    0.36 ^ _1185_/CLK (sky130_fd_sc_hd__dfxtp_1)
                          0.25    0.61   clock uncertainty
                         -0.02    0.60   clock reconvergence pessimism
                         -0.03    0.57   library hold time
                                  0.57   data required time
-----------------------------------------------------------------------------
                                  0.57   data required time
                                 -1.24   data arrival time
-----------------------------------------------------------------------------
                                  0.67   slack (MET)


Startpoint: _1173_ (rising edge-triggered flip-flop clocked by clk)
Endpoint: _1308_ (rising edge-triggered flip-flop clocked by clk)
Path Group: clk
Path Type: min

Fanout     Cap    Slew   Delay    Time   Description
-----------------------------------------------------------------------------
                          0.00    0.00   clock clk (rise edge)
                          0.00    0.00   clock source latency
                  0.04    0.03    0.03 ^ clk (in)
     1    0.01                           clk (net)
                  0.04    0.00    0.03 ^ clkbuf_0_clk/A (sky130_fd_sc_hd__clkbuf_16)
                  0.09    0.15    0.18 ^ clkbuf_0_clk/X (sky130_fd_sc_hd__clkbuf_16)
    16    0.07                           clknet_0_clk (net)
                  0.09    0.00    0.18 ^ clkbuf_4_13_0_clk/A (sky130_fd_sc_hd__clkbuf_8)
                  0.06    0.15    0.33 ^ clkbuf_4_13_0_clk/X (sky130_fd_sc_hd__clkbuf_8)
     9    0.03                           clknet_4_13_0_clk (net)
                  0.06    0.00    0.33 ^ _1173_/CLK (sky130_fd_sc_hd__dfrtp_1)
                  0.11    0.36    0.68 ^ _1173_/Q (sky130_fd_sc_hd__dfrtp_1)
     4    0.01                           u_addr_gen.addr[0] (net)
                  0.11    0.00    0.68 ^ hold3/A (sky130_fd_sc_hd__dlygate4sd3_1)
                  0.06    0.53    1.21 ^ hold3/X (sky130_fd_sc_hd__dlygate4sd3_1)
     1    0.00                           net19 (net)
                  0.06    0.00    1.21 ^ _1308_/D (sky130_fd_sc_hd__dfrtp_4)
                                  1.21   data arrival time

                          0.00    0.00   clock clk (rise edge)
                          0.00    0.00   clock source latency
                  0.04    0.03    0.03 ^ clk (in)
     1    0.01                           clk (net)
                  0.04    0.00    0.03 ^ clkbuf_0_clk/A (sky130_fd_sc_hd__clkbuf_16)
                  0.09    0.17    0.20 ^ clkbuf_0_clk/X (sky130_fd_sc_hd__clkbuf_16)
    16    0.07                           clknet_0_clk (net)
                  0.09    0.00    0.20 ^ clkbuf_4_13_0_clk/A (sky130_fd_sc_hd__clkbuf_8)
                  0.06    0.16    0.36 ^ clkbuf_4_13_0_clk/X (sky130_fd_sc_hd__clkbuf_8)
     9    0.03                           clknet_4_13_0_clk (net)
                  0.06    0.00    0.36 ^ _1308_/CLK (sky130_fd_sc_hd__dfrtp_4)
                          0.25    0.61   clock uncertainty
                         -0.03    0.58   clock reconvergence pessimism
                         -0.04    0.54   library hold time
                                  0.54   data required time
-----------------------------------------------------------------------------
                                  0.54   data required time
                                 -1.21   data arrival time
-----------------------------------------------------------------------------
                                  0.67   slack (MET)


Startpoint: _1178_ (rising edge-triggered flip-flop clocked by clk)
Endpoint: _1223_ (rising edge-triggered flip-flop clocked by clk)
Path Group: clk
Path Type: min

Fanout     Cap    Slew   Delay    Time   Description
-----------------------------------------------------------------------------
                          0.00    0.00   clock clk (rise edge)
                          0.00    0.00   clock source latency
                  0.04    0.03    0.03 ^ clk (in)
     1    0.01                           clk (net)
                  0.04    0.00    0.03 ^ clkbuf_0_clk/A (sky130_fd_sc_hd__clkbuf_16)
                  0.09    0.15    0.18 ^ clkbuf_0_clk/X (sky130_fd_sc_hd__clkbuf_16)
    16    0.07                           clknet_0_clk (net)
                  0.09    0.00    0.18 ^ clkbuf_4_15_0_clk/A (sky130_fd_sc_hd__clkbuf_8)
                  0.05    0.14    0.32 ^ clkbuf_4_15_0_clk/X (sky130_fd_sc_hd__clkbuf_8)
     6    0.02                           clknet_4_15_0_clk (net)
                  0.05    0.00    0.32 ^ _1178_/CLK (sky130_fd_sc_hd__dfrtp_4)
                  0.10    0.49    0.81 v _1178_/Q (sky130_fd_sc_hd__dfrtp_4)
     9    0.03                           u_addr_gen.addr[5] (net)
                  0.10    0.00    0.81 v _1005_/B (sky130_fd_sc_hd__nand3b_4)
                  0.07    0.11    0.91 ^ _1005_/Y (sky130_fd_sc_hd__nand3b_4)
     8    0.02                           _0411_ (net)
                  0.07    0.00    0.91 ^ _1041_/B (sky130_fd_sc_hd__nor2_1)
                  0.04    0.06    0.97 v _1041_/Y (sky130_fd_sc_hd__nor2_1)
     2    0.01                           _0435_ (net)
                  0.04    0.00    0.97 v _1042_/S (sky130_fd_sc_hd__mux2_1)
                  0.05    0.18    1.16 ^ _1042_/X (sky130_fd_sc_hd__mux2_1)
     1    0.00                           _0436_ (net)
                  0.05    0.00    1.16 ^ _1043_/A (sky130_fd_sc_hd__clkbuf_1)
                  0.04    0.08    1.24 ^ _1043_/X (sky130_fd_sc_hd__clkbuf_1)
     1    0.00                           _0057_ (net)
                  0.04    0.00    1.24 ^ _1223_/D (sky130_fd_sc_hd__dfxtp_1)
                                  1.24   data arrival time

                          0.00    0.00   clock clk (rise edge)
                          0.00    0.00   clock source latency
                  0.04    0.03    0.03 ^ clk (in)
     1    0.01                           clk (net)
                  0.04    0.00    0.03 ^ clkbuf_0_clk/A (sky130_fd_sc_hd__clkbuf_16)
                  0.09    0.17    0.20 ^ clkbuf_0_clk/X (sky130_fd_sc_hd__clkbuf_16)
    16    0.07                           clknet_0_clk (net)
                  0.09    0.00    0.20 ^ clkbuf_4_3_0_clk/A (sky130_fd_sc_hd__clkbuf_8)
                  0.06    0.16    0.36 ^ clkbuf_4_3_0_clk/X (sky130_fd_sc_hd__clkbuf_8)
     9    0.03                           clknet_4_3_0_clk (net)
                  0.06    0.00    0.36 ^ _1223_/CLK (sky130_fd_sc_hd__dfxtp_1)
                          0.25    0.61   clock uncertainty
                         -0.02    0.59   clock reconvergence pessimism
                         -0.03    0.56   library hold time
                                  0.56   data required time
-----------------------------------------------------------------------------
                                  0.56   data required time
                                 -1.24   data arrival time
-----------------------------------------------------------------------------
                                  0.67   slack (MET)


Startpoint: _1318_ (rising edge-triggered flip-flop clocked by clk)
Endpoint: _1293_ (rising edge-triggered flip-flop clocked by clk)
Path Group: clk
Path Type: min

Fanout     Cap    Slew   Delay    Time   Description
-----------------------------------------------------------------------------
                          0.00    0.00   clock clk (rise edge)
                          0.00    0.00   clock source latency
                  0.04    0.03    0.03 ^ clk (in)
     1    0.01                           clk (net)
                  0.04    0.00    0.03 ^ clkbuf_0_clk/A (sky130_fd_sc_hd__clkbuf_16)
                  0.09    0.15    0.18 ^ clkbuf_0_clk/X (sky130_fd_sc_hd__clkbuf_16)
    16    0.07                           clknet_0_clk (net)
                  0.09    0.00    0.18 ^ clkbuf_4_10_0_clk/A (sky130_fd_sc_hd__clkbuf_8)
                  0.08    0.16    0.34 ^ clkbuf_4_10_0_clk/X (sky130_fd_sc_hd__clkbuf_8)
    15    0.04                           clknet_4_10_0_clk (net)
                  0.08    0.00    0.34 ^ _1318_/CLK (sky130_fd_sc_hd__dfrtp_1)
                  0.12    0.37    0.72 ^ _1318_/Q (sky130_fd_sc_hd__dfrtp_1)
     2    0.01                           u_pattern_gen.state_r[1] (net)
                  0.12    0.00    0.72 ^ _0862_/B (sky130_fd_sc_hd__xor2_2)
                  0.14    0.17    0.89 ^ _0862_/X (sky130_fd_sc_hd__xor2_2)
     4    0.01                           _0307_ (net)
                  0.14    0.00    0.89 ^ _0863_/A (sky130_fd_sc_hd__buf_2)
                  0.09    0.16    1.05 ^ _0863_/X (sky130_fd_sc_hd__buf_2)
    10    0.02                           _0308_ (net)
                  0.09    0.00    1.05 ^ _0638_/A0 (sky130_fd_sc_hd__mux2_1)
                  0.04    0.13    1.18 ^ _0638_/X (sky130_fd_sc_hd__mux2_1)
     1    0.00                           _0549_ (net)
                  0.04    0.00    1.18 ^ _0639_/A (sky130_fd_sc_hd__clkbuf_1)
                  0.05    0.08    1.26 ^ _0639_/X (sky130_fd_sc_hd__clkbuf_1)
     1    0.00                           _0127_ (net)
                  0.05    0.00    1.26 ^ _1293_/D (sky130_fd_sc_hd__dfxtp_1)
                                  1.26   data arrival time

                          0.00    0.00   clock clk (rise edge)
                          0.00    0.00   clock source latency
                  0.04    0.03    0.03 ^ clk (in)
     1    0.01                           clk (net)
                  0.04    0.00    0.03 ^ clkbuf_0_clk/A (sky130_fd_sc_hd__clkbuf_16)
                  0.09    0.17    0.20 ^ clkbuf_0_clk/X (sky130_fd_sc_hd__clkbuf_16)
    16    0.07                           clknet_0_clk (net)
                  0.09    0.00    0.20 ^ clkbuf_4_2_0_clk/A (sky130_fd_sc_hd__clkbuf_8)
                  0.08    0.18    0.38 ^ clkbuf_4_2_0_clk/X (sky130_fd_sc_hd__clkbuf_8)
    14    0.04                           clknet_4_2_0_clk (net)
                  0.08    0.00    0.38 ^ _1293_/CLK (sky130_fd_sc_hd__dfxtp_1)
                          0.25    0.63   clock uncertainty
                         -0.02    0.61   clock reconvergence pessimism
                         -0.03    0.58   library hold time
                                  0.58   data required time
-----------------------------------------------------------------------------
                                  0.58   data required time
                                 -1.26   data arrival time
-----------------------------------------------------------------------------
                                  0.67   slack (MET)


Startpoint: _1178_ (rising edge-triggered flip-flop clocked by clk)
Endpoint: _1190_ (rising edge-triggered flip-flop clocked by clk)
Path Group: clk
Path Type: min

Fanout     Cap    Slew   Delay    Time   Description
-----------------------------------------------------------------------------
                          0.00    0.00   clock clk (rise edge)
                          0.00    0.00   clock source latency
                  0.04    0.03    0.03 ^ clk (in)
     1    0.01                           clk (net)
                  0.04    0.00    0.03 ^ clkbuf_0_clk/A (sky130_fd_sc_hd__clkbuf_16)
                  0.09    0.15    0.18 ^ clkbuf_0_clk/X (sky130_fd_sc_hd__clkbuf_16)
    16    0.07                           clknet_0_clk (net)
                  0.09    0.00    0.18 ^ clkbuf_4_15_0_clk/A (sky130_fd_sc_hd__clkbuf_8)
                  0.05    0.14    0.32 ^ clkbuf_4_15_0_clk/X (sky130_fd_sc_hd__clkbuf_8)
     6    0.02                           clknet_4_15_0_clk (net)
                  0.05    0.00    0.32 ^ _1178_/CLK (sky130_fd_sc_hd__dfrtp_4)
                  0.10    0.49    0.81 v _1178_/Q (sky130_fd_sc_hd__dfrtp_4)
     9    0.03                           u_addr_gen.addr[5] (net)
                  0.10    0.00    0.81 v _0869_/B (sky130_fd_sc_hd__nand3_4)
                  0.07    0.11    0.91 ^ _0869_/Y (sky130_fd_sc_hd__nand3_4)
     8    0.02                           _0314_ (net)
                  0.07    0.00    0.91 ^ _0941_/A (sky130_fd_sc_hd__nor2_1)
                  0.04    0.06    0.97 v _0941_/Y (sky130_fd_sc_hd__nor2_1)
     2    0.01                           _0369_ (net)
                  0.04    0.00    0.97 v _0944_/S (sky130_fd_sc_hd__mux2_1)
                  0.04    0.18    1.15 ^ _0944_/X (sky130_fd_sc_hd__mux2_1)
     1    0.00                           _0371_ (net)
                  0.04    0.00    1.15 ^ _0945_/A (sky130_fd_sc_hd__clkbuf_1)
                  0.05    0.08    1.24 ^ _0945_/X (sky130_fd_sc_hd__clkbuf_1)
     1    0.00                           _0024_ (net)
                  0.05    0.00    1.24 ^ _1190_/D (sky130_fd_sc_hd__dfxtp_1)
                                  1.24   data arrival time

                          0.00    0.00   clock clk (rise edge)
                          0.00    0.00   clock source latency
                  0.04    0.03    0.03 ^ clk (in)
     1    0.01                           clk (net)
                  0.04    0.00    0.03 ^ clkbuf_0_clk/A (sky130_fd_sc_hd__clkbuf_16)
                  0.09    0.17    0.20 ^ clkbuf_0_clk/X (sky130_fd_sc_hd__clkbuf_16)
    16    0.07                           clknet_0_clk (net)
                  0.09    0.00    0.20 ^ clkbuf_4_3_0_clk/A (sky130_fd_sc_hd__clkbuf_8)
                  0.06    0.16    0.36 ^ clkbuf_4_3_0_clk/X (sky130_fd_sc_hd__clkbuf_8)
     9    0.03                           clknet_4_3_0_clk (net)
                  0.06    0.00    0.36 ^ _1190_/CLK (sky130_fd_sc_hd__dfxtp_1)
                          0.25    0.61   clock uncertainty
                         -0.02    0.59   clock reconvergence pessimism
                         -0.03    0.56   library hold time
                                  0.56   data required time
-----------------------------------------------------------------------------
                                  0.56   data required time
                                 -1.24   data arrival time
-----------------------------------------------------------------------------
                                  0.67   slack (MET)


Startpoint: _1178_ (rising edge-triggered flip-flop clocked by clk)
Endpoint: _1218_ (rising edge-triggered flip-flop clocked by clk)
Path Group: clk
Path Type: min

Fanout     Cap    Slew   Delay    Time   Description
-----------------------------------------------------------------------------
                          0.00    0.00   clock clk (rise edge)
                          0.00    0.00   clock source latency
                  0.04    0.03    0.03 ^ clk (in)
     1    0.01                           clk (net)
                  0.04    0.00    0.03 ^ clkbuf_0_clk/A (sky130_fd_sc_hd__clkbuf_16)
                  0.09    0.15    0.18 ^ clkbuf_0_clk/X (sky130_fd_sc_hd__clkbuf_16)
    16    0.07                           clknet_0_clk (net)
                  0.09    0.00    0.18 ^ clkbuf_4_15_0_clk/A (sky130_fd_sc_hd__clkbuf_8)
                  0.05    0.14    0.32 ^ clkbuf_4_15_0_clk/X (sky130_fd_sc_hd__clkbuf_8)
     6    0.02                           clknet_4_15_0_clk (net)
                  0.05    0.00    0.32 ^ _1178_/CLK (sky130_fd_sc_hd__dfrtp_4)
                  0.10    0.49    0.81 v _1178_/Q (sky130_fd_sc_hd__dfrtp_4)
     9    0.03                           u_addr_gen.addr[5] (net)
                  0.10    0.00    0.81 v _1005_/B (sky130_fd_sc_hd__nand3b_4)
                  0.07    0.11    0.91 ^ _1005_/Y (sky130_fd_sc_hd__nand3b_4)
     8    0.02                           _0411_ (net)
                  0.07    0.00    0.91 ^ _1025_/B (sky130_fd_sc_hd__or2_1)
                  0.09    0.13    1.04 ^ _1025_/X (sky130_fd_sc_hd__or2_1)
     2    0.01                           _0425_ (net)
                  0.09    0.00    1.04 ^ _1028_/S (sky130_fd_sc_hd__mux2_1)
                  0.04    0.13    1.17 ^ _1028_/X (sky130_fd_sc_hd__mux2_1)
     1    0.00                           _0427_ (net)
                  0.04    0.00    1.17 ^ _1029_/A (sky130_fd_sc_hd__clkbuf_1)
                  0.05    0.08    1.25 ^ _1029_/X (sky130_fd_sc_hd__clkbuf_1)
     1    0.00                           _0052_ (net)
                  0.05    0.00    1.25 ^ _1218_/D (sky130_fd_sc_hd__dfxtp_1)
                                  1.25   data arrival time

                          0.00    0.00   clock clk (rise edge)
                          0.00    0.00   clock source latency
                  0.04    0.03    0.03 ^ clk (in)
     1    0.01                           clk (net)
                  0.04    0.00    0.03 ^ clkbuf_0_clk/A (sky130_fd_sc_hd__clkbuf_16)
                  0.09    0.17    0.20 ^ clkbuf_0_clk/X (sky130_fd_sc_hd__clkbuf_16)
    16    0.07                           clknet_0_clk (net)
                  0.09    0.00    0.20 ^ clkbuf_4_7_0_clk/A (sky130_fd_sc_hd__clkbuf_8)
                  0.07    0.17    0.37 ^ clkbuf_4_7_0_clk/X (sky130_fd_sc_hd__clkbuf_8)
    13    0.03                           clknet_4_7_0_clk (net)
                  0.07    0.00    0.37 ^ _1218_/CLK (sky130_fd_sc_hd__dfxtp_1)
                          0.25    0.62   clock uncertainty
                         -0.02    0.60   clock reconvergence pessimism
                         -0.03    0.57   library hold time
                                  0.57   data required time
-----------------------------------------------------------------------------
                                  0.57   data required time
                                 -1.25   data arrival time
-----------------------------------------------------------------------------
                                  0.68   slack (MET)


Startpoint: _1178_ (rising edge-triggered flip-flop clocked by clk)
Endpoint: _1191_ (rising edge-triggered flip-flop clocked by clk)
Path Group: clk
Path Type: min

Fanout     Cap    Slew   Delay    Time   Description
-----------------------------------------------------------------------------
                          0.00    0.00   clock clk (rise edge)
                          0.00    0.00   clock source latency
                  0.04    0.03    0.03 ^ clk (in)
     1    0.01                           clk (net)
                  0.04    0.00    0.03 ^ clkbuf_0_clk/A (sky130_fd_sc_hd__clkbuf_16)
                  0.09    0.15    0.18 ^ clkbuf_0_clk/X (sky130_fd_sc_hd__clkbuf_16)
    16    0.07                           clknet_0_clk (net)
                  0.09    0.00    0.18 ^ clkbuf_4_15_0_clk/A (sky130_fd_sc_hd__clkbuf_8)
                  0.05    0.14    0.32 ^ clkbuf_4_15_0_clk/X (sky130_fd_sc_hd__clkbuf_8)
     6    0.02                           clknet_4_15_0_clk (net)
                  0.05    0.00    0.32 ^ _1178_/CLK (sky130_fd_sc_hd__dfrtp_4)
                  0.10    0.49    0.81 v _1178_/Q (sky130_fd_sc_hd__dfrtp_4)
     9    0.03                           u_addr_gen.addr[5] (net)
                  0.10    0.00    0.81 v _0869_/B (sky130_fd_sc_hd__nand3_4)
                  0.07    0.11    0.91 ^ _0869_/Y (sky130_fd_sc_hd__nand3_4)
     8    0.02                           _0314_ (net)
                  0.07    0.00    0.91 ^ _0947_/A (sky130_fd_sc_hd__nor2_1)
                  0.05    0.06    0.98 v _0947_/Y (sky130_fd_sc_hd__nor2_1)
     2    0.01                           _0373_ (net)
                  0.05    0.00    0.98 v _0948_/S (sky130_fd_sc_hd__mux2_1)
                  0.05    0.19    1.16 ^ _0948_/X (sky130_fd_sc_hd__mux2_1)
     1    0.00                           _0374_ (net)
                  0.05    0.00    1.16 ^ _0949_/A (sky130_fd_sc_hd__clkbuf_1)
                  0.04    0.08    1.24 ^ _0949_/X (sky130_fd_sc_hd__clkbuf_1)
     1    0.00                           _0025_ (net)
                  0.04    0.00    1.24 ^ _1191_/D (sky130_fd_sc_hd__dfxtp_1)
                                  1.24   data arrival time

                          0.00    0.00   clock clk (rise edge)
                          0.00    0.00   clock source latency
                  0.04    0.03    0.03 ^ clk (in)
     1    0.01                           clk (net)
                  0.04    0.00    0.03 ^ clkbuf_0_clk/A (sky130_fd_sc_hd__clkbuf_16)
                  0.09    0.17    0.20 ^ clkbuf_0_clk/X (sky130_fd_sc_hd__clkbuf_16)
    16    0.07                           clknet_0_clk (net)
                  0.09    0.00    0.20 ^ clkbuf_4_3_0_clk/A (sky130_fd_sc_hd__clkbuf_8)
                  0.06    0.16    0.36 ^ clkbuf_4_3_0_clk/X (sky130_fd_sc_hd__clkbuf_8)
     9    0.03                           clknet_4_3_0_clk (net)
                  0.06    0.00    0.36 ^ _1191_/CLK (sky130_fd_sc_hd__dfxtp_1)
                          0.25    0.61   clock uncertainty
                         -0.02    0.59   clock reconvergence pessimism
                         -0.03    0.56   library hold time
                                  0.56   data required time
-----------------------------------------------------------------------------
                                  0.56   data required time
                                 -1.24   data arrival time
-----------------------------------------------------------------------------
                                  0.68   slack (MET)


Startpoint: _1318_ (rising edge-triggered flip-flop clocked by clk)
Endpoint: _1287_ (rising edge-triggered flip-flop clocked by clk)
Path Group: clk
Path Type: min

Fanout     Cap    Slew   Delay    Time   Description
-----------------------------------------------------------------------------
                          0.00    0.00   clock clk (rise edge)
                          0.00    0.00   clock source latency
                  0.04    0.03    0.03 ^ clk (in)
     1    0.01                           clk (net)
                  0.04    0.00    0.03 ^ clkbuf_0_clk/A (sky130_fd_sc_hd__clkbuf_16)
                  0.09    0.15    0.18 ^ clkbuf_0_clk/X (sky130_fd_sc_hd__clkbuf_16)
    16    0.07                           clknet_0_clk (net)
                  0.09    0.00    0.18 ^ clkbuf_4_10_0_clk/A (sky130_fd_sc_hd__clkbuf_8)
                  0.08    0.16    0.34 ^ clkbuf_4_10_0_clk/X (sky130_fd_sc_hd__clkbuf_8)
    15    0.04                           clknet_4_10_0_clk (net)
                  0.08    0.00    0.34 ^ _1318_/CLK (sky130_fd_sc_hd__dfrtp_1)
                  0.12    0.37    0.72 ^ _1318_/Q (sky130_fd_sc_hd__dfrtp_1)
     2    0.01                           u_pattern_gen.state_r[1] (net)
                  0.12    0.00    0.72 ^ _0862_/B (sky130_fd_sc_hd__xor2_2)
                  0.14    0.17    0.89 ^ _0862_/X (sky130_fd_sc_hd__xor2_2)
     4    0.01                           _0307_ (net)
                  0.14    0.00    0.89 ^ _1151_/A (sky130_fd_sc_hd__clkbuf_4)
                  0.07    0.17    1.06 ^ _1151_/X (sky130_fd_sc_hd__clkbuf_4)
    10    0.02                           _0503_ (net)
                  0.07    0.00    1.06 ^ _0623_/A0 (sky130_fd_sc_hd__mux2_1)
                  0.04    0.12    1.18 ^ _0623_/X (sky130_fd_sc_hd__mux2_1)
     1    0.00                           _0540_ (net)
                  0.04    0.00    1.18 ^ _0624_/A (sky130_fd_sc_hd__clkbuf_1)
                  0.04    0.07    1.25 ^ _0624_/X (sky130_fd_sc_hd__clkbuf_1)
     1    0.00                           _0121_ (net)
                  0.04    0.00    1.25 ^ _1287_/D (sky130_fd_sc_hd__dfxtp_1)
                                  1.25   data arrival time

                          0.00    0.00   clock clk (rise edge)
                          0.00    0.00   clock source latency
                  0.04    0.03    0.03 ^ clk (in)
     1    0.01                           clk (net)
                  0.04    0.00    0.03 ^ clkbuf_0_clk/A (sky130_fd_sc_hd__clkbuf_16)
                  0.09    0.17    0.20 ^ clkbuf_0_clk/X (sky130_fd_sc_hd__clkbuf_16)
    16    0.07                           clknet_0_clk (net)
                  0.09    0.00    0.20 ^ clkbuf_4_1_0_clk/A (sky130_fd_sc_hd__clkbuf_8)
                  0.06    0.17    0.36 ^ clkbuf_4_1_0_clk/X (sky130_fd_sc_hd__clkbuf_8)
    10    0.03                           clknet_4_1_0_clk (net)
                  0.06    0.00    0.37 ^ _1287_/CLK (sky130_fd_sc_hd__dfxtp_1)
                          0.25    0.62   clock uncertainty
                         -0.02    0.60   clock reconvergence pessimism
                         -0.03    0.57   library hold time
                                  0.57   data required time
-----------------------------------------------------------------------------
                                  0.57   data required time
                                 -1.25   data arrival time
-----------------------------------------------------------------------------
                                  0.68   slack (MET)


Startpoint: _1178_ (rising edge-triggered flip-flop clocked by clk)
Endpoint: _1249_ (rising edge-triggered flip-flop clocked by clk)
Path Group: clk
Path Type: min

Fanout     Cap    Slew   Delay    Time   Description
-----------------------------------------------------------------------------
                          0.00    0.00   clock clk (rise edge)
                          0.00    0.00   clock source latency
                  0.04    0.03    0.03 ^ clk (in)
     1    0.01                           clk (net)
                  0.04    0.00    0.03 ^ clkbuf_0_clk/A (sky130_fd_sc_hd__clkbuf_16)
                  0.09    0.15    0.18 ^ clkbuf_0_clk/X (sky130_fd_sc_hd__clkbuf_16)
    16    0.07                           clknet_0_clk (net)
                  0.09    0.00    0.18 ^ clkbuf_4_15_0_clk/A (sky130_fd_sc_hd__clkbuf_8)
                  0.05    0.14    0.32 ^ clkbuf_4_15_0_clk/X (sky130_fd_sc_hd__clkbuf_8)
     6    0.02                           clknet_4_15_0_clk (net)
                  0.05    0.00    0.32 ^ _1178_/CLK (sky130_fd_sc_hd__dfrtp_4)
                  0.13    0.44    0.76 ^ _1178_/Q (sky130_fd_sc_hd__dfrtp_4)
     9    0.03                           u_addr_gen.addr[5] (net)
                  0.13    0.00    0.76 ^ _1092_/A_N (sky130_fd_sc_hd__nand3b_4)
                  0.07    0.16    0.92 ^ _1092_/Y (sky130_fd_sc_hd__nand3b_4)
     8    0.02                           _0466_ (net)
                  0.07    0.00    0.92 ^ _1110_/B (sky130_fd_sc_hd__or2_1)
                  0.09    0.13    1.05 ^ _1110_/X (sky130_fd_sc_hd__or2_1)
     2    0.01                           _0478_ (net)
                  0.09    0.00    1.05 ^ _1111_/S (sky130_fd_sc_hd__mux2_1)
                  0.04    0.13    1.18 ^ _1111_/X (sky130_fd_sc_hd__mux2_1)
     1    0.00                           _0479_ (net)
                  0.04    0.00    1.18 ^ _1112_/A (sky130_fd_sc_hd__clkbuf_1)
                  0.04    0.07    1.25 ^ _1112_/X (sky130_fd_sc_hd__clkbuf_1)
     1    0.00                           _0083_ (net)
                  0.04    0.00    1.25 ^ _1249_/D (sky130_fd_sc_hd__dfxtp_1)
                                  1.25   data arrival time

                          0.00    0.00   clock clk (rise edge)
                          0.00    0.00   clock source latency
                  0.04    0.03    0.03 ^ clk (in)
     1    0.01                           clk (net)
                  0.04    0.00    0.03 ^ clkbuf_0_clk/A (sky130_fd_sc_hd__clkbuf_16)
                  0.09    0.17    0.20 ^ clkbuf_0_clk/X (sky130_fd_sc_hd__clkbuf_16)
    16    0.07                           clknet_0_clk (net)
                  0.09    0.00    0.20 ^ clkbuf_4_5_0_clk/A (sky130_fd_sc_hd__clkbuf_8)
                  0.07    0.17    0.37 ^ clkbuf_4_5_0_clk/X (sky130_fd_sc_hd__clkbuf_8)
    11    0.03                           clknet_4_5_0_clk (net)
                  0.07    0.00    0.37 ^ _1249_/CLK (sky130_fd_sc_hd__dfxtp_1)
                          0.25    0.62   clock uncertainty
                         -0.02    0.60   clock reconvergence pessimism
                         -0.03    0.57   library hold time
                                  0.57   data required time
-----------------------------------------------------------------------------
                                  0.57   data required time
                                 -1.25   data arrival time
-----------------------------------------------------------------------------
                                  0.68   slack (MET)


Startpoint: _1178_ (rising edge-triggered flip-flop clocked by clk)
Endpoint: _1251_ (rising edge-triggered flip-flop clocked by clk)
Path Group: clk
Path Type: min

Fanout     Cap    Slew   Delay    Time   Description
-----------------------------------------------------------------------------
                          0.00    0.00   clock clk (rise edge)
                          0.00    0.00   clock source latency
                  0.04    0.03    0.03 ^ clk (in)
     1    0.01                           clk (net)
                  0.04    0.00    0.03 ^ clkbuf_0_clk/A (sky130_fd_sc_hd__clkbuf_16)
                  0.09    0.15    0.18 ^ clkbuf_0_clk/X (sky130_fd_sc_hd__clkbuf_16)
    16    0.07                           clknet_0_clk (net)
                  0.09    0.00    0.18 ^ clkbuf_4_15_0_clk/A (sky130_fd_sc_hd__clkbuf_8)
                  0.05    0.14    0.32 ^ clkbuf_4_15_0_clk/X (sky130_fd_sc_hd__clkbuf_8)
     6    0.02                           clknet_4_15_0_clk (net)
                  0.05    0.00    0.32 ^ _1178_/CLK (sky130_fd_sc_hd__dfrtp_4)
                  0.13    0.44    0.76 ^ _1178_/Q (sky130_fd_sc_hd__dfrtp_4)
     9    0.03                           u_addr_gen.addr[5] (net)
                  0.13    0.00    0.76 ^ _1092_/A_N (sky130_fd_sc_hd__nand3b_4)
                  0.07    0.16    0.92 ^ _1092_/Y (sky130_fd_sc_hd__nand3b_4)
     8    0.02                           _0466_ (net)
                  0.07    0.00    0.92 ^ _1115_/B (sky130_fd_sc_hd__nor2_1)
                  0.05    0.06    0.98 v _1115_/Y (sky130_fd_sc_hd__nor2_1)
     2    0.01                           _0481_ (net)
                  0.05    0.00    0.98 v _1116_/S (sky130_fd_sc_hd__mux2_1)
                  0.05    0.19    1.17 ^ _1116_/X (sky130_fd_sc_hd__mux2_1)
     1    0.00                           _0482_ (net)
                  0.05    0.00    1.17 ^ _1117_/A (sky130_fd_sc_hd__clkbuf_1)
                  0.04    0.08    1.25 ^ _1117_/X (sky130_fd_sc_hd__clkbuf_1)
     1    0.00                           _0085_ (net)
                  0.04    0.00    1.25 ^ _1251_/D (sky130_fd_sc_hd__dfxtp_1)
                                  1.25   data arrival time

                          0.00    0.00   clock clk (rise edge)
                          0.00    0.00   clock source latency
                  0.04    0.03    0.03 ^ clk (in)
     1    0.01                           clk (net)
                  0.04    0.00    0.03 ^ clkbuf_0_clk/A (sky130_fd_sc_hd__clkbuf_16)
                  0.09    0.17    0.20 ^ clkbuf_0_clk/X (sky130_fd_sc_hd__clkbuf_16)
    16    0.07                           clknet_0_clk (net)
                  0.09    0.00    0.20 ^ clkbuf_4_5_0_clk/A (sky130_fd_sc_hd__clkbuf_8)
                  0.07    0.17    0.37 ^ clkbuf_4_5_0_clk/X (sky130_fd_sc_hd__clkbuf_8)
    11    0.03                           clknet_4_5_0_clk (net)
                  0.07    0.00    0.37 ^ _1251_/CLK (sky130_fd_sc_hd__dfxtp_1)
                          0.25    0.62   clock uncertainty
                         -0.02    0.60   clock reconvergence pessimism
                         -0.03    0.57   library hold time
                                  0.57   data required time
-----------------------------------------------------------------------------
                                  0.57   data required time
                                 -1.25   data arrival time
-----------------------------------------------------------------------------
                                  0.68   slack (MET)


Startpoint: _1318_ (rising edge-triggered flip-flop clocked by clk)
Endpoint: _1269_ (rising edge-triggered flip-flop clocked by clk)
Path Group: clk
Path Type: min

Fanout     Cap    Slew   Delay    Time   Description
-----------------------------------------------------------------------------
                          0.00    0.00   clock clk (rise edge)
                          0.00    0.00   clock source latency
                  0.04    0.03    0.03 ^ clk (in)
     1    0.01                           clk (net)
                  0.04    0.00    0.03 ^ clkbuf_0_clk/A (sky130_fd_sc_hd__clkbuf_16)
                  0.09    0.15    0.18 ^ clkbuf_0_clk/X (sky130_fd_sc_hd__clkbuf_16)
    16    0.07                           clknet_0_clk (net)
                  0.09    0.00    0.18 ^ clkbuf_4_10_0_clk/A (sky130_fd_sc_hd__clkbuf_8)
                  0.08    0.16    0.34 ^ clkbuf_4_10_0_clk/X (sky130_fd_sc_hd__clkbuf_8)
    15    0.04                           clknet_4_10_0_clk (net)
                  0.08    0.00    0.34 ^ _1318_/CLK (sky130_fd_sc_hd__dfrtp_1)
                  0.12    0.37    0.72 ^ _1318_/Q (sky130_fd_sc_hd__dfrtp_1)
     2    0.01                           u_pattern_gen.state_r[1] (net)
                  0.12    0.00    0.72 ^ _0862_/B (sky130_fd_sc_hd__xor2_2)
                  0.14    0.17    0.89 ^ _0862_/X (sky130_fd_sc_hd__xor2_2)
     4    0.01                           _0307_ (net)
                  0.14    0.00    0.89 ^ _1151_/A (sky130_fd_sc_hd__clkbuf_4)
                  0.07    0.17    1.06 ^ _1151_/X (sky130_fd_sc_hd__clkbuf_4)
    10    0.02                           _0503_ (net)
                  0.07    0.00    1.06 ^ _1163_/A0 (sky130_fd_sc_hd__mux2_1)
                  0.04    0.12    1.18 ^ _1163_/X (sky130_fd_sc_hd__mux2_1)
     1    0.00                           _0511_ (net)
                  0.04    0.00    1.18 ^ _1164_/A (sky130_fd_sc_hd__clkbuf_1)
                  0.03    0.07    1.25 ^ _1164_/X (sky130_fd_sc_hd__clkbuf_1)
     1    0.00                           _0103_ (net)
                  0.03    0.00    1.25 ^ _1269_/D (sky130_fd_sc_hd__dfxtp_1)
                                  1.25   data arrival time

                          0.00    0.00   clock clk (rise edge)
                          0.00    0.00   clock source latency
                  0.04    0.03    0.03 ^ clk (in)
     1    0.01                           clk (net)
                  0.04    0.00    0.03 ^ clkbuf_0_clk/A (sky130_fd_sc_hd__clkbuf_16)
                  0.09    0.17    0.20 ^ clkbuf_0_clk/X (sky130_fd_sc_hd__clkbuf_16)
    16    0.07                           clknet_0_clk (net)
                  0.09    0.00    0.20 ^ clkbuf_4_4_0_clk/A (sky130_fd_sc_hd__clkbuf_8)
                  0.06    0.16    0.36 ^ clkbuf_4_4_0_clk/X (sky130_fd_sc_hd__clkbuf_8)
     9    0.03                           clknet_4_4_0_clk (net)
                  0.06    0.00    0.36 ^ _1269_/CLK (sky130_fd_sc_hd__dfxtp_1)
                          0.25    0.61   clock uncertainty
                         -0.02    0.59   clock reconvergence pessimism
                         -0.03    0.56   library hold time
                                  0.56   data required time
-----------------------------------------------------------------------------
                                  0.56   data required time
                                 -1.25   data arrival time
-----------------------------------------------------------------------------
                                  0.68   slack (MET)


Startpoint: _1178_ (rising edge-triggered flip-flop clocked by clk)
Endpoint: _1219_ (rising edge-triggered flip-flop clocked by clk)
Path Group: clk
Path Type: min

Fanout     Cap    Slew   Delay    Time   Description
-----------------------------------------------------------------------------
                          0.00    0.00   clock clk (rise edge)
                          0.00    0.00   clock source latency
                  0.04    0.03    0.03 ^ clk (in)
     1    0.01                           clk (net)
                  0.04    0.00    0.03 ^ clkbuf_0_clk/A (sky130_fd_sc_hd__clkbuf_16)
                  0.09    0.15    0.18 ^ clkbuf_0_clk/X (sky130_fd_sc_hd__clkbuf_16)
    16    0.07                           clknet_0_clk (net)
                  0.09    0.00    0.18 ^ clkbuf_4_15_0_clk/A (sky130_fd_sc_hd__clkbuf_8)
                  0.05    0.14    0.32 ^ clkbuf_4_15_0_clk/X (sky130_fd_sc_hd__clkbuf_8)
     6    0.02                           clknet_4_15_0_clk (net)
                  0.05    0.00    0.32 ^ _1178_/CLK (sky130_fd_sc_hd__dfrtp_4)
                  0.10    0.49    0.81 v _1178_/Q (sky130_fd_sc_hd__dfrtp_4)
     9    0.03                           u_addr_gen.addr[5] (net)
                  0.10    0.00    0.81 v _1005_/B (sky130_fd_sc_hd__nand3b_4)
                  0.07    0.11    0.91 ^ _1005_/Y (sky130_fd_sc_hd__nand3b_4)
     8    0.02                           _0411_ (net)
                  0.07    0.00    0.91 ^ _1030_/B (sky130_fd_sc_hd__nor2_1)
                  0.05    0.06    0.98 v _1030_/Y (sky130_fd_sc_hd__nor2_1)
     2    0.01                           _0428_ (net)
                  0.05    0.00    0.98 v _1031_/S (sky130_fd_sc_hd__mux2_1)
                  0.05    0.19    1.16 ^ _1031_/X (sky130_fd_sc_hd__mux2_1)
     1    0.00                           _0429_ (net)
                  0.05    0.00    1.17 ^ _1032_/A (sky130_fd_sc_hd__clkbuf_1)
                  0.05    0.08    1.24 ^ _1032_/X (sky130_fd_sc_hd__clkbuf_1)
     1    0.00                           _0053_ (net)
                  0.05    0.00    1.24 ^ _1219_/D (sky130_fd_sc_hd__dfxtp_1)
                                  1.24   data arrival time

                          0.00    0.00   clock clk (rise edge)
                          0.00    0.00   clock source latency
                  0.04    0.03    0.03 ^ clk (in)
     1    0.01                           clk (net)
                  0.04    0.00    0.03 ^ clkbuf_0_clk/A (sky130_fd_sc_hd__clkbuf_16)
                  0.09    0.17    0.20 ^ clkbuf_0_clk/X (sky130_fd_sc_hd__clkbuf_16)
    16    0.07                           clknet_0_clk (net)
                  0.09    0.00    0.20 ^ clkbuf_4_9_0_clk/A (sky130_fd_sc_hd__clkbuf_8)
                  0.06    0.16    0.36 ^ clkbuf_4_9_0_clk/X (sky130_fd_sc_hd__clkbuf_8)
     8    0.02                           clknet_4_9_0_clk (net)
                  0.06    0.00    0.36 ^ _1219_/CLK (sky130_fd_sc_hd__dfxtp_1)
                          0.25    0.61   clock uncertainty
                         -0.02    0.59   clock reconvergence pessimism
                         -0.03    0.56   library hold time
                                  0.56   data required time
-----------------------------------------------------------------------------
                                  0.56   data required time
                                 -1.24   data arrival time
-----------------------------------------------------------------------------
                                  0.68   slack (MET)


Startpoint: _1178_ (rising edge-triggered flip-flop clocked by clk)
Endpoint: _1250_ (rising edge-triggered flip-flop clocked by clk)
Path Group: clk
Path Type: min

Fanout     Cap    Slew   Delay    Time   Description
-----------------------------------------------------------------------------
                          0.00    0.00   clock clk (rise edge)
                          0.00    0.00   clock source latency
                  0.04    0.03    0.03 ^ clk (in)
     1    0.01                           clk (net)
                  0.04    0.00    0.03 ^ clkbuf_0_clk/A (sky130_fd_sc_hd__clkbuf_16)
                  0.09    0.15    0.18 ^ clkbuf_0_clk/X (sky130_fd_sc_hd__clkbuf_16)
    16    0.07                           clknet_0_clk (net)
                  0.09    0.00    0.18 ^ clkbuf_4_15_0_clk/A (sky130_fd_sc_hd__clkbuf_8)
                  0.05    0.14    0.32 ^ clkbuf_4_15_0_clk/X (sky130_fd_sc_hd__clkbuf_8)
     6    0.02                           clknet_4_15_0_clk (net)
                  0.05    0.00    0.32 ^ _1178_/CLK (sky130_fd_sc_hd__dfrtp_4)
                  0.13    0.44    0.76 ^ _1178_/Q (sky130_fd_sc_hd__dfrtp_4)
     9    0.03                           u_addr_gen.addr[5] (net)
                  0.13    0.00    0.76 ^ _1092_/A_N (sky130_fd_sc_hd__nand3b_4)
                  0.07    0.16    0.92 ^ _1092_/Y (sky130_fd_sc_hd__nand3b_4)
     8    0.02                           _0466_ (net)
                  0.07    0.00    0.92 ^ _1110_/B (sky130_fd_sc_hd__or2_1)
                  0.09    0.13    1.05 ^ _1110_/X (sky130_fd_sc_hd__or2_1)
     2    0.01                           _0478_ (net)
                  0.09    0.00    1.05 ^ _1113_/S (sky130_fd_sc_hd__mux2_1)
                  0.04    0.13    1.18 ^ _1113_/X (sky130_fd_sc_hd__mux2_1)
     1    0.00                           _0480_ (net)
                  0.04    0.00    1.18 ^ _1114_/A (sky130_fd_sc_hd__clkbuf_1)
                  0.04    0.07    1.25 ^ _1114_/X (sky130_fd_sc_hd__clkbuf_1)
     1    0.00                           _0084_ (net)
                  0.04    0.00    1.25 ^ _1250_/D (sky130_fd_sc_hd__dfxtp_1)
                                  1.25   data arrival time

                          0.00    0.00   clock clk (rise edge)
                          0.00    0.00   clock source latency
                  0.04    0.03    0.03 ^ clk (in)
     1    0.01                           clk (net)
                  0.04    0.00    0.03 ^ clkbuf_0_clk/A (sky130_fd_sc_hd__clkbuf_16)
                  0.09    0.17    0.20 ^ clkbuf_0_clk/X (sky130_fd_sc_hd__clkbuf_16)
    16    0.07                           clknet_0_clk (net)
                  0.09    0.00    0.20 ^ clkbuf_4_5_0_clk/A (sky130_fd_sc_hd__clkbuf_8)
                  0.07    0.17    0.37 ^ clkbuf_4_5_0_clk/X (sky130_fd_sc_hd__clkbuf_8)
    11    0.03                           clknet_4_5_0_clk (net)
                  0.07    0.00    0.37 ^ _1250_/CLK (sky130_fd_sc_hd__dfxtp_1)
                          0.25    0.62   clock uncertainty
                         -0.02    0.60   clock reconvergence pessimism
                         -0.03    0.57   library hold time
                                  0.57   data required time
-----------------------------------------------------------------------------
                                  0.57   data required time
                                 -1.25   data arrival time
-----------------------------------------------------------------------------
                                  0.68   slack (MET)


Startpoint: _1178_ (rising edge-triggered flip-flop clocked by clk)
Endpoint: _1283_ (rising edge-triggered flip-flop clocked by clk)
Path Group: clk
Path Type: min

Fanout     Cap    Slew   Delay    Time   Description
-----------------------------------------------------------------------------
                          0.00    0.00   clock clk (rise edge)
                          0.00    0.00   clock source latency
                  0.04    0.03    0.03 ^ clk (in)
     1    0.01                           clk (net)
                  0.04    0.00    0.03 ^ clkbuf_0_clk/A (sky130_fd_sc_hd__clkbuf_16)
                  0.09    0.15    0.18 ^ clkbuf_0_clk/X (sky130_fd_sc_hd__clkbuf_16)
    16    0.07                           clknet_0_clk (net)
                  0.09    0.00    0.18 ^ clkbuf_4_15_0_clk/A (sky130_fd_sc_hd__clkbuf_8)
                  0.05    0.14    0.32 ^ clkbuf_4_15_0_clk/X (sky130_fd_sc_hd__clkbuf_8)
     6    0.02                           clknet_4_15_0_clk (net)
                  0.05    0.00    0.32 ^ _1178_/CLK (sky130_fd_sc_hd__dfrtp_4)
                  0.13    0.44    0.76 ^ _1178_/Q (sky130_fd_sc_hd__dfrtp_4)
     9    0.03                           u_addr_gen.addr[5] (net)
                  0.13    0.00    0.76 ^ _0590_/B (sky130_fd_sc_hd__or3b_4)
                  0.09    0.18    0.94 ^ _0590_/X (sky130_fd_sc_hd__or3b_4)
     8    0.02                           _0519_ (net)
                  0.09    0.00    0.94 ^ _0612_/B (sky130_fd_sc_hd__nor2_1)
                  0.04    0.06    1.00 v _0612_/Y (sky130_fd_sc_hd__nor2_1)
     2    0.01                           _0533_ (net)
                  0.04    0.00    1.00 v _0613_/S (sky130_fd_sc_hd__mux2_1)
                  0.04    0.18    1.17 ^ _0613_/X (sky130_fd_sc_hd__mux2_1)
     1    0.00                           _0534_ (net)
                  0.04    0.00    1.17 ^ _0614_/A (sky130_fd_sc_hd__clkbuf_1)
                  0.05    0.08    1.25 ^ _0614_/X (sky130_fd_sc_hd__clkbuf_1)
     1    0.00                           _0117_ (net)
                  0.05    0.00    1.25 ^ _1283_/D (sky130_fd_sc_hd__dfxtp_1)
                                  1.25   data arrival time

                          0.00    0.00   clock clk (rise edge)
                          0.00    0.00   clock source latency
                  0.04    0.03    0.03 ^ clk (in)
     1    0.01                           clk (net)
                  0.04    0.00    0.03 ^ clkbuf_0_clk/A (sky130_fd_sc_hd__clkbuf_16)
                  0.09    0.17    0.20 ^ clkbuf_0_clk/X (sky130_fd_sc_hd__clkbuf_16)
    16    0.07                           clknet_0_clk (net)
                  0.09    0.00    0.20 ^ clkbuf_4_0_0_clk/A (sky130_fd_sc_hd__clkbuf_8)
                  0.06    0.17    0.36 ^ clkbuf_4_0_0_clk/X (sky130_fd_sc_hd__clkbuf_8)
    10    0.03                           clknet_4_0_0_clk (net)
                  0.06    0.00    0.36 ^ _1283_/CLK (sky130_fd_sc_hd__dfxtp_1)
                          0.25    0.61   clock uncertainty
                         -0.02    0.60   clock reconvergence pessimism
                         -0.03    0.57   library hold time
                                  0.57   data required time
-----------------------------------------------------------------------------
                                  0.57   data required time
                                 -1.25   data arrival time
-----------------------------------------------------------------------------
                                  0.68   slack (MET)


Startpoint: _1318_ (rising edge-triggered flip-flop clocked by clk)
Endpoint: _1279_ (rising edge-triggered flip-flop clocked by clk)
Path Group: clk
Path Type: min

Fanout     Cap    Slew   Delay    Time   Description
-----------------------------------------------------------------------------
                          0.00    0.00   clock clk (rise edge)
                          0.00    0.00   clock source latency
                  0.04    0.03    0.03 ^ clk (in)
     1    0.01                           clk (net)
                  0.04    0.00    0.03 ^ clkbuf_0_clk/A (sky130_fd_sc_hd__clkbuf_16)
                  0.09    0.15    0.18 ^ clkbuf_0_clk/X (sky130_fd_sc_hd__clkbuf_16)
    16    0.07                           clknet_0_clk (net)
                  0.09    0.00    0.18 ^ clkbuf_4_10_0_clk/A (sky130_fd_sc_hd__clkbuf_8)
                  0.08    0.16    0.34 ^ clkbuf_4_10_0_clk/X (sky130_fd_sc_hd__clkbuf_8)
    15    0.04                           clknet_4_10_0_clk (net)
                  0.08    0.00    0.34 ^ _1318_/CLK (sky130_fd_sc_hd__dfrtp_1)
                  0.12    0.37    0.72 ^ _1318_/Q (sky130_fd_sc_hd__dfrtp_1)
     2    0.01                           u_pattern_gen.state_r[1] (net)
                  0.12    0.00    0.72 ^ _0862_/B (sky130_fd_sc_hd__xor2_2)
                  0.14    0.17    0.89 ^ _0862_/X (sky130_fd_sc_hd__xor2_2)
     4    0.01                           _0307_ (net)
                  0.14    0.00    0.89 ^ _1151_/A (sky130_fd_sc_hd__clkbuf_4)
                  0.07    0.17    1.06 ^ _1151_/X (sky130_fd_sc_hd__clkbuf_4)
    10    0.02                           _0503_ (net)
                  0.07    0.00    1.06 ^ _0603_/A0 (sky130_fd_sc_hd__mux2_1)
                  0.05    0.12    1.18 ^ _0603_/X (sky130_fd_sc_hd__mux2_1)
     1    0.00                           _0528_ (net)
                  0.05    0.00    1.18 ^ _0604_/A (sky130_fd_sc_hd__clkbuf_1)
                  0.04    0.07    1.25 ^ _0604_/X (sky130_fd_sc_hd__clkbuf_1)
     1    0.00                           _0113_ (net)
                  0.04    0.00    1.25 ^ _1279_/D (sky130_fd_sc_hd__dfxtp_1)
                                  1.25   data arrival time

                          0.00    0.00   clock clk (rise edge)
                          0.00    0.00   clock source latency
                  0.04    0.03    0.03 ^ clk (in)
     1    0.01                           clk (net)
                  0.04    0.00    0.03 ^ clkbuf_0_clk/A (sky130_fd_sc_hd__clkbuf_16)
                  0.09    0.17    0.20 ^ clkbuf_0_clk/X (sky130_fd_sc_hd__clkbuf_16)
    16    0.07                           clknet_0_clk (net)
                  0.09    0.00    0.20 ^ clkbuf_4_0_0_clk/A (sky130_fd_sc_hd__clkbuf_8)
                  0.06    0.17    0.36 ^ clkbuf_4_0_0_clk/X (sky130_fd_sc_hd__clkbuf_8)
    10    0.03                           clknet_4_0_0_clk (net)
                  0.06    0.00    0.36 ^ _1279_/CLK (sky130_fd_sc_hd__dfxtp_1)
                          0.25    0.61   clock uncertainty
                         -0.02    0.60   clock reconvergence pessimism
                         -0.03    0.57   library hold time
                                  0.57   data required time
-----------------------------------------------------------------------------
                                  0.57   data required time
                                 -1.25   data arrival time
-----------------------------------------------------------------------------
                                  0.68   slack (MET)


Startpoint: _1318_ (rising edge-triggered flip-flop clocked by clk)
Endpoint: _1303_ (rising edge-triggered flip-flop clocked by clk)
Path Group: clk
Path Type: min

Fanout     Cap    Slew   Delay    Time   Description
-----------------------------------------------------------------------------
                          0.00    0.00   clock clk (rise edge)
                          0.00    0.00   clock source latency
                  0.04    0.03    0.03 ^ clk (in)
     1    0.01                           clk (net)
                  0.04    0.00    0.03 ^ clkbuf_0_clk/A (sky130_fd_sc_hd__clkbuf_16)
                  0.09    0.15    0.18 ^ clkbuf_0_clk/X (sky130_fd_sc_hd__clkbuf_16)
    16    0.07                           clknet_0_clk (net)
                  0.09    0.00    0.18 ^ clkbuf_4_10_0_clk/A (sky130_fd_sc_hd__clkbuf_8)
                  0.08    0.16    0.34 ^ clkbuf_4_10_0_clk/X (sky130_fd_sc_hd__clkbuf_8)
    15    0.04                           clknet_4_10_0_clk (net)
                  0.08    0.00    0.34 ^ _1318_/CLK (sky130_fd_sc_hd__dfrtp_1)
                  0.12    0.37    0.72 ^ _1318_/Q (sky130_fd_sc_hd__dfrtp_1)
     2    0.01                           u_pattern_gen.state_r[1] (net)
                  0.12    0.00    0.72 ^ _0862_/B (sky130_fd_sc_hd__xor2_2)
                  0.14    0.17    0.89 ^ _0862_/X (sky130_fd_sc_hd__xor2_2)
     4    0.01                           _0307_ (net)
                  0.14    0.00    0.89 ^ _0863_/A (sky130_fd_sc_hd__buf_2)
                  0.09    0.16    1.05 ^ _0863_/X (sky130_fd_sc_hd__buf_2)
    10    0.02                           _0308_ (net)
                  0.09    0.00    1.05 ^ _0663_/A0 (sky130_fd_sc_hd__mux2_1)
                  0.04    0.12    1.17 ^ _0663_/X (sky130_fd_sc_hd__mux2_1)
     1    0.00                           _0564_ (net)
                  0.04    0.00    1.17 ^ _0664_/A (sky130_fd_sc_hd__clkbuf_1)
                  0.04    0.07    1.24 ^ _0664_/X (sky130_fd_sc_hd__clkbuf_1)
     1    0.00                           _0137_ (net)
                  0.04    0.00    1.24 ^ _1303_/D (sky130_fd_sc_hd__dfxtp_1)
                                  1.24   data arrival time

                          0.00    0.00   clock clk (rise edge)
                          0.00    0.00   clock source latency
                  0.04    0.03    0.03 ^ clk (in)
     1    0.01                           clk (net)
                  0.04    0.00    0.03 ^ clkbuf_0_clk/A (sky130_fd_sc_hd__clkbuf_16)
                  0.09    0.17    0.20 ^ clkbuf_0_clk/X (sky130_fd_sc_hd__clkbuf_16)
    16    0.07                           clknet_0_clk (net)
                  0.09    0.00    0.20 ^ clkbuf_4_11_0_clk/A (sky130_fd_sc_hd__clkbuf_8)
                  0.06    0.16    0.36 ^ clkbuf_4_11_0_clk/X (sky130_fd_sc_hd__clkbuf_8)
    12    0.02                           clknet_4_11_0_clk (net)
                  0.06    0.00    0.36 ^ _1303_/CLK (sky130_fd_sc_hd__dfxtp_1)
                          0.25    0.61   clock uncertainty
                         -0.02    0.59   clock reconvergence pessimism
                         -0.03    0.56   library hold time
                                  0.56   data required time
-----------------------------------------------------------------------------
                                  0.56   data required time
                                 -1.24   data arrival time
-----------------------------------------------------------------------------
                                  0.69   slack (MET)


Startpoint: _1318_ (rising edge-triggered flip-flop clocked by clk)
Endpoint: _1299_ (rising edge-triggered flip-flop clocked by clk)
Path Group: clk
Path Type: min

Fanout     Cap    Slew   Delay    Time   Description
-----------------------------------------------------------------------------
                          0.00    0.00   clock clk (rise edge)
                          0.00    0.00   clock source latency
                  0.04    0.03    0.03 ^ clk (in)
     1    0.01                           clk (net)
                  0.04    0.00    0.03 ^ clkbuf_0_clk/A (sky130_fd_sc_hd__clkbuf_16)
                  0.09    0.15    0.18 ^ clkbuf_0_clk/X (sky130_fd_sc_hd__clkbuf_16)
    16    0.07                           clknet_0_clk (net)
                  0.09    0.00    0.18 ^ clkbuf_4_10_0_clk/A (sky130_fd_sc_hd__clkbuf_8)
                  0.08    0.16    0.34 ^ clkbuf_4_10_0_clk/X (sky130_fd_sc_hd__clkbuf_8)
    15    0.04                           clknet_4_10_0_clk (net)
                  0.08    0.00    0.34 ^ _1318_/CLK (sky130_fd_sc_hd__dfrtp_1)
                  0.12    0.37    0.72 ^ _1318_/Q (sky130_fd_sc_hd__dfrtp_1)
     2    0.01                           u_pattern_gen.state_r[1] (net)
                  0.12    0.00    0.72 ^ _0862_/B (sky130_fd_sc_hd__xor2_2)
                  0.14    0.17    0.89 ^ _0862_/X (sky130_fd_sc_hd__xor2_2)
     4    0.01                           _0307_ (net)
                  0.14    0.00    0.89 ^ _0863_/A (sky130_fd_sc_hd__buf_2)
                  0.09    0.16    1.05 ^ _0863_/X (sky130_fd_sc_hd__buf_2)
    10    0.02                           _0308_ (net)
                  0.09    0.00    1.05 ^ _0653_/A0 (sky130_fd_sc_hd__mux2_1)
                  0.05    0.13    1.18 ^ _0653_/X (sky130_fd_sc_hd__mux2_1)
     1    0.00                           _0558_ (net)
                  0.05    0.00    1.18 ^ _0654_/A (sky130_fd_sc_hd__clkbuf_1)
                  0.05    0.08    1.27 ^ _0654_/X (sky130_fd_sc_hd__clkbuf_1)
     1    0.00                           _0133_ (net)
                  0.05    0.00    1.27 ^ _1299_/D (sky130_fd_sc_hd__dfxtp_1)
                                  1.27   data arrival time

                          0.00    0.00   clock clk (rise edge)
                          0.00    0.00   clock source latency
                  0.04    0.03    0.03 ^ clk (in)
     1    0.01                           clk (net)
                  0.04    0.00    0.03 ^ clkbuf_0_clk/A (sky130_fd_sc_hd__clkbuf_16)
                  0.09    0.17    0.20 ^ clkbuf_0_clk/X (sky130_fd_sc_hd__clkbuf_16)
    16    0.07                           clknet_0_clk (net)
                  0.09    0.00    0.20 ^ clkbuf_4_2_0_clk/A (sky130_fd_sc_hd__clkbuf_8)
                  0.08    0.18    0.38 ^ clkbuf_4_2_0_clk/X (sky130_fd_sc_hd__clkbuf_8)
    14    0.04                           clknet_4_2_0_clk (net)
                  0.08    0.00    0.38 ^ _1299_/CLK (sky130_fd_sc_hd__dfxtp_1)
                          0.25    0.63   clock uncertainty
                         -0.02    0.61   clock reconvergence pessimism
                         -0.03    0.58   library hold time
                                  0.58   data required time
-----------------------------------------------------------------------------
                                  0.58   data required time
                                 -1.27   data arrival time
-----------------------------------------------------------------------------
                                  0.69   slack (MET)


Startpoint: _1178_ (rising edge-triggered flip-flop clocked by clk)
Endpoint: _1213_ (rising edge-triggered flip-flop clocked by clk)
Path Group: clk
Path Type: min

Fanout     Cap    Slew   Delay    Time   Description
-----------------------------------------------------------------------------
                          0.00    0.00   clock clk (rise edge)
                          0.00    0.00   clock source latency
                  0.04    0.03    0.03 ^ clk (in)
     1    0.01                           clk (net)
                  0.04    0.00    0.03 ^ clkbuf_0_clk/A (sky130_fd_sc_hd__clkbuf_16)
                  0.09    0.15    0.18 ^ clkbuf_0_clk/X (sky130_fd_sc_hd__clkbuf_16)
    16    0.07                           clknet_0_clk (net)
                  0.09    0.00    0.18 ^ clkbuf_4_15_0_clk/A (sky130_fd_sc_hd__clkbuf_8)
                  0.05    0.14    0.32 ^ clkbuf_4_15_0_clk/X (sky130_fd_sc_hd__clkbuf_8)
     6    0.02                           clknet_4_15_0_clk (net)
                  0.05    0.00    0.32 ^ _1178_/CLK (sky130_fd_sc_hd__dfrtp_4)
                  0.10    0.49    0.81 v _1178_/Q (sky130_fd_sc_hd__dfrtp_4)
     9    0.03                           u_addr_gen.addr[5] (net)
                  0.10    0.00    0.81 v _1005_/B (sky130_fd_sc_hd__nand3b_4)
                  0.07    0.11    0.91 ^ _1005_/Y (sky130_fd_sc_hd__nand3b_4)
     8    0.02                           _0411_ (net)
                  0.07    0.00    0.91 ^ _1013_/B (sky130_fd_sc_hd__or2_1)
                  0.09    0.13    1.04 ^ _1013_/X (sky130_fd_sc_hd__or2_1)
     2    0.01                           _0417_ (net)
                  0.09    0.00    1.04 ^ _1014_/S (sky130_fd_sc_hd__mux2_1)
                  0.04    0.13    1.17 ^ _1014_/X (sky130_fd_sc_hd__mux2_1)
     1    0.00                           _0418_ (net)
                  0.04    0.00    1.17 ^ _1015_/A (sky130_fd_sc_hd__clkbuf_1)
                  0.04    0.07    1.25 ^ _1015_/X (sky130_fd_sc_hd__clkbuf_1)
     1    0.00                           _0047_ (net)
                  0.04    0.00    1.25 ^ _1213_/D (sky130_fd_sc_hd__dfxtp_1)
                                  1.25   data arrival time

                          0.00    0.00   clock clk (rise edge)
                          0.00    0.00   clock source latency
                  0.04    0.03    0.03 ^ clk (in)
     1    0.01                           clk (net)
                  0.04    0.00    0.03 ^ clkbuf_0_clk/A (sky130_fd_sc_hd__clkbuf_16)
                  0.09    0.17    0.20 ^ clkbuf_0_clk/X (sky130_fd_sc_hd__clkbuf_16)
    16    0.07                           clknet_0_clk (net)
                  0.09    0.00    0.20 ^ clkbuf_4_11_0_clk/A (sky130_fd_sc_hd__clkbuf_8)
                  0.06    0.16    0.36 ^ clkbuf_4_11_0_clk/X (sky130_fd_sc_hd__clkbuf_8)
    12    0.02                           clknet_4_11_0_clk (net)
                  0.06    0.00    0.36 ^ _1213_/CLK (sky130_fd_sc_hd__dfxtp_1)
                          0.25    0.61   clock uncertainty
                         -0.02    0.59   clock reconvergence pessimism
                         -0.03    0.56   library hold time
                                  0.56   data required time
-----------------------------------------------------------------------------
                                  0.56   data required time
                                 -1.25   data arrival time
-----------------------------------------------------------------------------
                                  0.69   slack (MET)


Startpoint: _1318_ (rising edge-triggered flip-flop clocked by clk)
Endpoint: _1301_ (rising edge-triggered flip-flop clocked by clk)
Path Group: clk
Path Type: min

Fanout     Cap    Slew   Delay    Time   Description
-----------------------------------------------------------------------------
                          0.00    0.00   clock clk (rise edge)
                          0.00    0.00   clock source latency
                  0.04    0.03    0.03 ^ clk (in)
     1    0.01                           clk (net)
                  0.04    0.00    0.03 ^ clkbuf_0_clk/A (sky130_fd_sc_hd__clkbuf_16)
                  0.09    0.15    0.18 ^ clkbuf_0_clk/X (sky130_fd_sc_hd__clkbuf_16)
    16    0.07                           clknet_0_clk (net)
                  0.09    0.00    0.18 ^ clkbuf_4_10_0_clk/A (sky130_fd_sc_hd__clkbuf_8)
                  0.08    0.16    0.34 ^ clkbuf_4_10_0_clk/X (sky130_fd_sc_hd__clkbuf_8)
    15    0.04                           clknet_4_10_0_clk (net)
                  0.08    0.00    0.34 ^ _1318_/CLK (sky130_fd_sc_hd__dfrtp_1)
                  0.12    0.37    0.72 ^ _1318_/Q (sky130_fd_sc_hd__dfrtp_1)
     2    0.01                           u_pattern_gen.state_r[1] (net)
                  0.12    0.00    0.72 ^ _0862_/B (sky130_fd_sc_hd__xor2_2)
                  0.14    0.17    0.89 ^ _0862_/X (sky130_fd_sc_hd__xor2_2)
     4    0.01                           _0307_ (net)
                  0.14    0.00    0.89 ^ _0863_/A (sky130_fd_sc_hd__buf_2)
                  0.09    0.16    1.05 ^ _0863_/X (sky130_fd_sc_hd__buf_2)
    10    0.02                           _0308_ (net)
                  0.09    0.00    1.05 ^ _0658_/A0 (sky130_fd_sc_hd__mux2_1)
                  0.05    0.13    1.18 ^ _0658_/X (sky130_fd_sc_hd__mux2_1)
     1    0.00                           _0561_ (net)
                  0.05    0.00    1.18 ^ _0659_/A (sky130_fd_sc_hd__clkbuf_1)
                  0.04    0.07    1.26 ^ _0659_/X (sky130_fd_sc_hd__clkbuf_1)
     1    0.00                           _0135_ (net)
                  0.04    0.00    1.26 ^ _1301_/D (sky130_fd_sc_hd__dfxtp_1)
                                  1.26   data arrival time

                          0.00    0.00   clock clk (rise edge)
                          0.00    0.00   clock source latency
                  0.04    0.03    0.03 ^ clk (in)
     1    0.01                           clk (net)
                  0.04    0.00    0.03 ^ clkbuf_0_clk/A (sky130_fd_sc_hd__clkbuf_16)
                  0.09    0.17    0.20 ^ clkbuf_0_clk/X (sky130_fd_sc_hd__clkbuf_16)
    16    0.07                           clknet_0_clk (net)
                  0.09    0.00    0.20 ^ clkbuf_4_1_0_clk/A (sky130_fd_sc_hd__clkbuf_8)
                  0.06    0.17    0.36 ^ clkbuf_4_1_0_clk/X (sky130_fd_sc_hd__clkbuf_8)
    10    0.03                           clknet_4_1_0_clk (net)
                  0.06    0.00    0.37 ^ _1301_/CLK (sky130_fd_sc_hd__dfxtp_1)
                          0.25    0.62   clock uncertainty
                         -0.02    0.60   clock reconvergence pessimism
                         -0.03    0.57   library hold time
                                  0.57   data required time
-----------------------------------------------------------------------------
                                  0.57   data required time
                                 -1.26   data arrival time
-----------------------------------------------------------------------------
                                  0.69   slack (MET)


Startpoint: _1318_ (rising edge-triggered flip-flop clocked by clk)
Endpoint: _1277_ (rising edge-triggered flip-flop clocked by clk)
Path Group: clk
Path Type: min

Fanout     Cap    Slew   Delay    Time   Description
-----------------------------------------------------------------------------
                          0.00    0.00   clock clk (rise edge)
                          0.00    0.00   clock source latency
                  0.04    0.03    0.03 ^ clk (in)
     1    0.01                           clk (net)
                  0.04    0.00    0.03 ^ clkbuf_0_clk/A (sky130_fd_sc_hd__clkbuf_16)
                  0.09    0.15    0.18 ^ clkbuf_0_clk/X (sky130_fd_sc_hd__clkbuf_16)
    16    0.07                           clknet_0_clk (net)
                  0.09    0.00    0.18 ^ clkbuf_4_10_0_clk/A (sky130_fd_sc_hd__clkbuf_8)
                  0.08    0.16    0.34 ^ clkbuf_4_10_0_clk/X (sky130_fd_sc_hd__clkbuf_8)
    15    0.04                           clknet_4_10_0_clk (net)
                  0.08    0.00    0.34 ^ _1318_/CLK (sky130_fd_sc_hd__dfrtp_1)
                  0.12    0.37    0.72 ^ _1318_/Q (sky130_fd_sc_hd__dfrtp_1)
     2    0.01                           u_pattern_gen.state_r[1] (net)
                  0.12    0.00    0.72 ^ _0862_/B (sky130_fd_sc_hd__xor2_2)
                  0.14    0.17    0.89 ^ _0862_/X (sky130_fd_sc_hd__xor2_2)
     4    0.01                           _0307_ (net)
                  0.14    0.00    0.89 ^ _1151_/A (sky130_fd_sc_hd__clkbuf_4)
                  0.07    0.17    1.06 ^ _1151_/X (sky130_fd_sc_hd__clkbuf_4)
    10    0.02                           _0503_ (net)
                  0.07    0.00    1.06 ^ _0598_/A0 (sky130_fd_sc_hd__mux2_1)
                  0.04    0.11    1.18 ^ _0598_/X (sky130_fd_sc_hd__mux2_1)
     1    0.00                           _0525_ (net)
                  0.04    0.00    1.18 ^ _0599_/A (sky130_fd_sc_hd__clkbuf_1)
                  0.05    0.08    1.26 ^ _0599_/X (sky130_fd_sc_hd__clkbuf_1)
     1    0.00                           _0111_ (net)
                  0.05    0.00    1.26 ^ _1277_/D (sky130_fd_sc_hd__dfxtp_1)
                                  1.26   data arrival time

                          0.00    0.00   clock clk (rise edge)
                          0.00    0.00   clock source latency
                  0.04    0.03    0.03 ^ clk (in)
     1    0.01                           clk (net)
                  0.04    0.00    0.03 ^ clkbuf_0_clk/A (sky130_fd_sc_hd__clkbuf_16)
                  0.09    0.17    0.20 ^ clkbuf_0_clk/X (sky130_fd_sc_hd__clkbuf_16)
    16    0.07                           clknet_0_clk (net)
                  0.09    0.00    0.20 ^ clkbuf_4_1_0_clk/A (sky130_fd_sc_hd__clkbuf_8)
                  0.06    0.17    0.36 ^ clkbuf_4_1_0_clk/X (sky130_fd_sc_hd__clkbuf_8)
    10    0.03                           clknet_4_1_0_clk (net)
                  0.06    0.00    0.37 ^ _1277_/CLK (sky130_fd_sc_hd__dfxtp_1)
                          0.25    0.62   clock uncertainty
                         -0.02    0.60   clock reconvergence pessimism
                         -0.03    0.57   library hold time
                                  0.57   data required time
-----------------------------------------------------------------------------
                                  0.57   data required time
                                 -1.26   data arrival time
-----------------------------------------------------------------------------
                                  0.69   slack (MET)


Startpoint: _1318_ (rising edge-triggered flip-flop clocked by clk)
Endpoint: _1275_ (rising edge-triggered flip-flop clocked by clk)
Path Group: clk
Path Type: min

Fanout     Cap    Slew   Delay    Time   Description
-----------------------------------------------------------------------------
                          0.00    0.00   clock clk (rise edge)
                          0.00    0.00   clock source latency
                  0.04    0.03    0.03 ^ clk (in)
     1    0.01                           clk (net)
                  0.04    0.00    0.03 ^ clkbuf_0_clk/A (sky130_fd_sc_hd__clkbuf_16)
                  0.09    0.15    0.18 ^ clkbuf_0_clk/X (sky130_fd_sc_hd__clkbuf_16)
    16    0.07                           clknet_0_clk (net)
                  0.09    0.00    0.18 ^ clkbuf_4_10_0_clk/A (sky130_fd_sc_hd__clkbuf_8)
                  0.08    0.16    0.34 ^ clkbuf_4_10_0_clk/X (sky130_fd_sc_hd__clkbuf_8)
    15    0.04                           clknet_4_10_0_clk (net)
                  0.08    0.00    0.34 ^ _1318_/CLK (sky130_fd_sc_hd__dfrtp_1)
                  0.12    0.37    0.72 ^ _1318_/Q (sky130_fd_sc_hd__dfrtp_1)
     2    0.01                           u_pattern_gen.state_r[1] (net)
                  0.12    0.00    0.72 ^ _0862_/B (sky130_fd_sc_hd__xor2_2)
                  0.14    0.17    0.89 ^ _0862_/X (sky130_fd_sc_hd__xor2_2)
     4    0.01                           _0307_ (net)
                  0.14    0.00    0.89 ^ _1151_/A (sky130_fd_sc_hd__clkbuf_4)
                  0.07    0.17    1.06 ^ _1151_/X (sky130_fd_sc_hd__clkbuf_4)
    10    0.02                           _0503_ (net)
                  0.07    0.00    1.06 ^ _0593_/A0 (sky130_fd_sc_hd__mux2_1)
                  0.05    0.12    1.18 ^ _0593_/X (sky130_fd_sc_hd__mux2_1)
     1    0.00                           _0522_ (net)
                  0.05    0.00    1.18 ^ _0594_/A (sky130_fd_sc_hd__clkbuf_1)
                  0.04    0.08    1.26 ^ _0594_/X (sky130_fd_sc_hd__clkbuf_1)
     1    0.00                           _0109_ (net)
                  0.04    0.00    1.26 ^ _1275_/D (sky130_fd_sc_hd__dfxtp_1)
                                  1.26   data arrival time

                          0.00    0.00   clock clk (rise edge)
                          0.00    0.00   clock source latency
                  0.04    0.03    0.03 ^ clk (in)
     1    0.01                           clk (net)
                  0.04    0.00    0.03 ^ clkbuf_0_clk/A (sky130_fd_sc_hd__clkbuf_16)
                  0.09    0.17    0.20 ^ clkbuf_0_clk/X (sky130_fd_sc_hd__clkbuf_16)
    16    0.07                           clknet_0_clk (net)
                  0.09    0.00    0.20 ^ clkbuf_4_0_0_clk/A (sky130_fd_sc_hd__clkbuf_8)
                  0.06    0.17    0.36 ^ clkbuf_4_0_0_clk/X (sky130_fd_sc_hd__clkbuf_8)
    10    0.03                           clknet_4_0_0_clk (net)
                  0.06    0.00    0.36 ^ _1275_/CLK (sky130_fd_sc_hd__dfxtp_1)
                          0.25    0.61   clock uncertainty
                         -0.02    0.60   clock reconvergence pessimism
                         -0.03    0.57   library hold time
                                  0.57   data required time
-----------------------------------------------------------------------------
                                  0.57   data required time
                                 -1.26   data arrival time
-----------------------------------------------------------------------------
                                  0.69   slack (MET)


Startpoint: _1178_ (rising edge-triggered flip-flop clocked by clk)
Endpoint: _1256_ (rising edge-triggered flip-flop clocked by clk)
Path Group: clk
Path Type: min

Fanout     Cap    Slew   Delay    Time   Description
-----------------------------------------------------------------------------
                          0.00    0.00   clock clk (rise edge)
                          0.00    0.00   clock source latency
                  0.04    0.03    0.03 ^ clk (in)
     1    0.01                           clk (net)
                  0.04    0.00    0.03 ^ clkbuf_0_clk/A (sky130_fd_sc_hd__clkbuf_16)
                  0.09    0.15    0.18 ^ clkbuf_0_clk/X (sky130_fd_sc_hd__clkbuf_16)
    16    0.07                           clknet_0_clk (net)
                  0.09    0.00    0.18 ^ clkbuf_4_15_0_clk/A (sky130_fd_sc_hd__clkbuf_8)
                  0.05    0.14    0.32 ^ clkbuf_4_15_0_clk/X (sky130_fd_sc_hd__clkbuf_8)
     6    0.02                           clknet_4_15_0_clk (net)
                  0.05    0.00    0.32 ^ _1178_/CLK (sky130_fd_sc_hd__dfrtp_4)
                  0.13    0.44    0.76 ^ _1178_/Q (sky130_fd_sc_hd__dfrtp_4)
     9    0.03                           u_addr_gen.addr[5] (net)
                  0.13    0.00    0.76 ^ _1092_/A_N (sky130_fd_sc_hd__nand3b_4)
                  0.07    0.16    0.92 ^ _1092_/Y (sky130_fd_sc_hd__nand3b_4)
     8    0.02                           _0466_ (net)
                  0.07    0.00    0.92 ^ _1125_/B (sky130_fd_sc_hd__nor2_1)
                  0.05    0.06    0.98 v _1125_/Y (sky130_fd_sc_hd__nor2_1)
     2    0.01                           _0487_ (net)
                  0.05    0.00    0.98 v _1128_/S (sky130_fd_sc_hd__mux2_1)
                  0.05    0.19    1.16 ^ _1128_/X (sky130_fd_sc_hd__mux2_1)
     1    0.00                           _0489_ (net)
                  0.05    0.00    1.16 ^ _1129_/A (sky130_fd_sc_hd__clkbuf_1)
                  0.05    0.08    1.24 ^ _1129_/X (sky130_fd_sc_hd__clkbuf_1)
     1    0.00                           _0090_ (net)
                  0.05    0.00    1.24 ^ _1256_/D (sky130_fd_sc_hd__dfxtp_1)
                                  1.24   data arrival time

                          0.00    0.00   clock clk (rise edge)
                          0.00    0.00   clock source latency
                  0.04    0.03    0.03 ^ clk (in)
     1    0.01                           clk (net)
                  0.04    0.00    0.03 ^ clkbuf_0_clk/A (sky130_fd_sc_hd__clkbuf_16)
                  0.09    0.17    0.20 ^ clkbuf_0_clk/X (sky130_fd_sc_hd__clkbuf_16)
    16    0.07                           clknet_0_clk (net)
                  0.09    0.00    0.20 ^ clkbuf_4_6_0_clk/A (sky130_fd_sc_hd__clkbuf_8)
                  0.05    0.15    0.35 ^ clkbuf_4_6_0_clk/X (sky130_fd_sc_hd__clkbuf_8)
    10    0.02                           clknet_4_6_0_clk (net)
                  0.05    0.00    0.35 ^ _1256_/CLK (sky130_fd_sc_hd__dfxtp_1)
                          0.25    0.60   clock uncertainty
                         -0.02    0.58   clock reconvergence pessimism
                         -0.03    0.55   library hold time
                                  0.55   data required time
-----------------------------------------------------------------------------
                                  0.55   data required time
                                 -1.24   data arrival time
-----------------------------------------------------------------------------
                                  0.69   slack (MET)


Startpoint: _1178_ (rising edge-triggered flip-flop clocked by clk)
Endpoint: _1245_ (rising edge-triggered flip-flop clocked by clk)
Path Group: clk
Path Type: min

Fanout     Cap    Slew   Delay    Time   Description
-----------------------------------------------------------------------------
                          0.00    0.00   clock clk (rise edge)
                          0.00    0.00   clock source latency
                  0.04    0.03    0.03 ^ clk (in)
     1    0.01                           clk (net)
                  0.04    0.00    0.03 ^ clkbuf_0_clk/A (sky130_fd_sc_hd__clkbuf_16)
                  0.09    0.15    0.18 ^ clkbuf_0_clk/X (sky130_fd_sc_hd__clkbuf_16)
    16    0.07                           clknet_0_clk (net)
                  0.09    0.00    0.18 ^ clkbuf_4_15_0_clk/A (sky130_fd_sc_hd__clkbuf_8)
                  0.05    0.14    0.32 ^ clkbuf_4_15_0_clk/X (sky130_fd_sc_hd__clkbuf_8)
     6    0.02                           clknet_4_15_0_clk (net)
                  0.05    0.00    0.32 ^ _1178_/CLK (sky130_fd_sc_hd__dfrtp_4)
                  0.13    0.44    0.76 ^ _1178_/Q (sky130_fd_sc_hd__dfrtp_4)
     9    0.03                           u_addr_gen.addr[5] (net)
                  0.13    0.00    0.76 ^ _1092_/A_N (sky130_fd_sc_hd__nand3b_4)
                  0.07    0.16    0.92 ^ _1092_/Y (sky130_fd_sc_hd__nand3b_4)
     8    0.02                           _0466_ (net)
                  0.07    0.00    0.92 ^ _1100_/B (sky130_fd_sc_hd__or2_1)
                  0.09    0.13    1.05 ^ _1100_/X (sky130_fd_sc_hd__or2_1)
     2    0.01                           _0472_ (net)
                  0.09    0.00    1.05 ^ _1101_/S (sky130_fd_sc_hd__mux2_1)
                  0.04    0.13    1.18 ^ _1101_/X (sky130_fd_sc_hd__mux2_1)
     1    0.00                           _0473_ (net)
                  0.04    0.00    1.18 ^ _1102_/A (sky130_fd_sc_hd__clkbuf_1)
                  0.04    0.07    1.25 ^ _1102_/X (sky130_fd_sc_hd__clkbuf_1)
     1    0.00                           _0079_ (net)
                  0.04    0.00    1.25 ^ _1245_/D (sky130_fd_sc_hd__dfxtp_1)
                                  1.25   data arrival time

                          0.00    0.00   clock clk (rise edge)
                          0.00    0.00   clock source latency
                  0.04    0.03    0.03 ^ clk (in)
     1    0.01                           clk (net)
                  0.04    0.00    0.03 ^ clkbuf_0_clk/A (sky130_fd_sc_hd__clkbuf_16)
                  0.09    0.17    0.20 ^ clkbuf_0_clk/X (sky130_fd_sc_hd__clkbuf_16)
    16    0.07                           clknet_0_clk (net)
                  0.09    0.00    0.20 ^ clkbuf_4_12_0_clk/A (sky130_fd_sc_hd__clkbuf_8)
                  0.05    0.16    0.35 ^ clkbuf_4_12_0_clk/X (sky130_fd_sc_hd__clkbuf_8)
     7    0.02                           clknet_4_12_0_clk (net)
                  0.05    0.00    0.36 ^ _1245_/CLK (sky130_fd_sc_hd__dfxtp_1)
                          0.25    0.61   clock uncertainty
                         -0.02    0.59   clock reconvergence pessimism
                         -0.03    0.56   library hold time
                                  0.56   data required time
-----------------------------------------------------------------------------
                                  0.56   data required time
                                 -1.25   data arrival time
-----------------------------------------------------------------------------
                                  0.69   slack (MET)


Startpoint: _1318_ (rising edge-triggered flip-flop clocked by clk)
Endpoint: _1285_ (rising edge-triggered flip-flop clocked by clk)
Path Group: clk
Path Type: min

Fanout     Cap    Slew   Delay    Time   Description
-----------------------------------------------------------------------------
                          0.00    0.00   clock clk (rise edge)
                          0.00    0.00   clock source latency
                  0.04    0.03    0.03 ^ clk (in)
     1    0.01                           clk (net)
                  0.04    0.00    0.03 ^ clkbuf_0_clk/A (sky130_fd_sc_hd__clkbuf_16)
                  0.09    0.15    0.18 ^ clkbuf_0_clk/X (sky130_fd_sc_hd__clkbuf_16)
    16    0.07                           clknet_0_clk (net)
                  0.09    0.00    0.18 ^ clkbuf_4_10_0_clk/A (sky130_fd_sc_hd__clkbuf_8)
                  0.08    0.16    0.34 ^ clkbuf_4_10_0_clk/X (sky130_fd_sc_hd__clkbuf_8)
    15    0.04                           clknet_4_10_0_clk (net)
                  0.08    0.00    0.34 ^ _1318_/CLK (sky130_fd_sc_hd__dfrtp_1)
                  0.12    0.37    0.72 ^ _1318_/Q (sky130_fd_sc_hd__dfrtp_1)
     2    0.01                           u_pattern_gen.state_r[1] (net)
                  0.12    0.00    0.72 ^ _0862_/B (sky130_fd_sc_hd__xor2_2)
                  0.14    0.17    0.89 ^ _0862_/X (sky130_fd_sc_hd__xor2_2)
     4    0.01                           _0307_ (net)
                  0.14    0.00    0.89 ^ _1151_/A (sky130_fd_sc_hd__clkbuf_4)
                  0.07    0.17    1.06 ^ _1151_/X (sky130_fd_sc_hd__clkbuf_4)
    10    0.02                           _0503_ (net)
                  0.07    0.00    1.06 ^ _0618_/A0 (sky130_fd_sc_hd__mux2_1)
                  0.05    0.12    1.18 ^ _0618_/X (sky130_fd_sc_hd__mux2_1)
     1    0.00                           _0537_ (net)
                  0.05    0.00    1.19 ^ _0619_/A (sky130_fd_sc_hd__clkbuf_1)
                  0.04    0.08    1.26 ^ _0619_/X (sky130_fd_sc_hd__clkbuf_1)
     1    0.00                           _0119_ (net)
                  0.04    0.00    1.26 ^ _1285_/D (sky130_fd_sc_hd__dfxtp_1)
                                  1.26   data arrival time

                          0.00    0.00   clock clk (rise edge)
                          0.00    0.00   clock source latency
                  0.04    0.03    0.03 ^ clk (in)
     1    0.01                           clk (net)
                  0.04    0.00    0.03 ^ clkbuf_0_clk/A (sky130_fd_sc_hd__clkbuf_16)
                  0.09    0.17    0.20 ^ clkbuf_0_clk/X (sky130_fd_sc_hd__clkbuf_16)
    16    0.07                           clknet_0_clk (net)
                  0.09    0.00    0.20 ^ clkbuf_4_1_0_clk/A (sky130_fd_sc_hd__clkbuf_8)
                  0.06    0.17    0.36 ^ clkbuf_4_1_0_clk/X (sky130_fd_sc_hd__clkbuf_8)
    10    0.03                           clknet_4_1_0_clk (net)
                  0.06    0.00    0.37 ^ _1285_/CLK (sky130_fd_sc_hd__dfxtp_1)
                          0.25    0.62   clock uncertainty
                         -0.02    0.60   clock reconvergence pessimism
                         -0.03    0.57   library hold time
                                  0.57   data required time
-----------------------------------------------------------------------------
                                  0.57   data required time
                                 -1.26   data arrival time
-----------------------------------------------------------------------------
                                  0.69   slack (MET)


Startpoint: _1178_ (rising edge-triggered flip-flop clocked by clk)
Endpoint: _1221_ (rising edge-triggered flip-flop clocked by clk)
Path Group: clk
Path Type: min

Fanout     Cap    Slew   Delay    Time   Description
-----------------------------------------------------------------------------
                          0.00    0.00   clock clk (rise edge)
                          0.00    0.00   clock source latency
                  0.04    0.03    0.03 ^ clk (in)
     1    0.01                           clk (net)
                  0.04    0.00    0.03 ^ clkbuf_0_clk/A (sky130_fd_sc_hd__clkbuf_16)
                  0.09    0.15    0.18 ^ clkbuf_0_clk/X (sky130_fd_sc_hd__clkbuf_16)
    16    0.07                           clknet_0_clk (net)
                  0.09    0.00    0.18 ^ clkbuf_4_15_0_clk/A (sky130_fd_sc_hd__clkbuf_8)
                  0.05    0.14    0.32 ^ clkbuf_4_15_0_clk/X (sky130_fd_sc_hd__clkbuf_8)
     6    0.02                           clknet_4_15_0_clk (net)
                  0.05    0.00    0.32 ^ _1178_/CLK (sky130_fd_sc_hd__dfrtp_4)
                  0.10    0.49    0.81 v _1178_/Q (sky130_fd_sc_hd__dfrtp_4)
     9    0.03                           u_addr_gen.addr[5] (net)
                  0.10    0.00    0.81 v _1005_/B (sky130_fd_sc_hd__nand3b_4)
                  0.07    0.11    0.91 ^ _1005_/Y (sky130_fd_sc_hd__nand3b_4)
     8    0.02                           _0411_ (net)
                  0.07    0.00    0.91 ^ _1035_/B (sky130_fd_sc_hd__nor2_1)
                  0.05    0.06    0.98 v _1035_/Y (sky130_fd_sc_hd__nor2_1)
     2    0.01                           _0431_ (net)
                  0.05    0.00    0.98 v _1036_/S (sky130_fd_sc_hd__mux2_1)
                  0.05    0.19    1.17 ^ _1036_/X (sky130_fd_sc_hd__mux2_1)
     1    0.00                           _0432_ (net)
                  0.05    0.00    1.17 ^ _1037_/A (sky130_fd_sc_hd__clkbuf_1)
                  0.05    0.08    1.25 ^ _1037_/X (sky130_fd_sc_hd__clkbuf_1)
     1    0.00                           _0055_ (net)
                  0.05    0.00    1.25 ^ _1221_/D (sky130_fd_sc_hd__dfxtp_1)
                                  1.25   data arrival time

                          0.00    0.00   clock clk (rise edge)
                          0.00    0.00   clock source latency
                  0.04    0.03    0.03 ^ clk (in)
     1    0.01                           clk (net)
                  0.04    0.00    0.03 ^ clkbuf_0_clk/A (sky130_fd_sc_hd__clkbuf_16)
                  0.09    0.17    0.20 ^ clkbuf_0_clk/X (sky130_fd_sc_hd__clkbuf_16)
    16    0.07                           clknet_0_clk (net)
                  0.09    0.00    0.20 ^ clkbuf_4_6_0_clk/A (sky130_fd_sc_hd__clkbuf_8)
                  0.05    0.15    0.35 ^ clkbuf_4_6_0_clk/X (sky130_fd_sc_hd__clkbuf_8)
    10    0.02                           clknet_4_6_0_clk (net)
                  0.05    0.00    0.35 ^ _1221_/CLK (sky130_fd_sc_hd__dfxtp_1)
                          0.25    0.60   clock uncertainty
                         -0.02    0.58   clock reconvergence pessimism
                         -0.03    0.55   library hold time
                                  0.55   data required time
-----------------------------------------------------------------------------
                                  0.55   data required time
                                 -1.25   data arrival time
-----------------------------------------------------------------------------
                                  0.70   slack (MET)


Startpoint: _1318_ (rising edge-triggered flip-flop clocked by clk)
Endpoint: _1281_ (rising edge-triggered flip-flop clocked by clk)
Path Group: clk
Path Type: min

Fanout     Cap    Slew   Delay    Time   Description
-----------------------------------------------------------------------------
                          0.00    0.00   clock clk (rise edge)
                          0.00    0.00   clock source latency
                  0.04    0.03    0.03 ^ clk (in)
     1    0.01                           clk (net)
                  0.04    0.00    0.03 ^ clkbuf_0_clk/A (sky130_fd_sc_hd__clkbuf_16)
                  0.09    0.15    0.18 ^ clkbuf_0_clk/X (sky130_fd_sc_hd__clkbuf_16)
    16    0.07                           clknet_0_clk (net)
                  0.09    0.00    0.18 ^ clkbuf_4_10_0_clk/A (sky130_fd_sc_hd__clkbuf_8)
                  0.08    0.16    0.34 ^ clkbuf_4_10_0_clk/X (sky130_fd_sc_hd__clkbuf_8)
    15    0.04                           clknet_4_10_0_clk (net)
                  0.08    0.00    0.34 ^ _1318_/CLK (sky130_fd_sc_hd__dfrtp_1)
                  0.12    0.37    0.72 ^ _1318_/Q (sky130_fd_sc_hd__dfrtp_1)
     2    0.01                           u_pattern_gen.state_r[1] (net)
                  0.12    0.00    0.72 ^ _0862_/B (sky130_fd_sc_hd__xor2_2)
                  0.14    0.17    0.89 ^ _0862_/X (sky130_fd_sc_hd__xor2_2)
     4    0.01                           _0307_ (net)
                  0.14    0.00    0.89 ^ _1151_/A (sky130_fd_sc_hd__clkbuf_4)
                  0.07    0.17    1.06 ^ _1151_/X (sky130_fd_sc_hd__clkbuf_4)
    10    0.02                           _0503_ (net)
                  0.07    0.00    1.06 ^ _0608_/A0 (sky130_fd_sc_hd__mux2_1)
                  0.05    0.12    1.18 ^ _0608_/X (sky130_fd_sc_hd__mux2_1)
     1    0.00                           _0531_ (net)
                  0.05    0.00    1.18 ^ _0609_/A (sky130_fd_sc_hd__clkbuf_1)
                  0.05    0.08    1.26 ^ _0609_/X (sky130_fd_sc_hd__clkbuf_1)
     1    0.00                           _0115_ (net)
                  0.05    0.00    1.26 ^ _1281_/D (sky130_fd_sc_hd__dfxtp_1)
                                  1.26   data arrival time

                          0.00    0.00   clock clk (rise edge)
                          0.00    0.00   clock source latency
                  0.04    0.03    0.03 ^ clk (in)
     1    0.01                           clk (net)
                  0.04    0.00    0.03 ^ clkbuf_0_clk/A (sky130_fd_sc_hd__clkbuf_16)
                  0.09    0.17    0.20 ^ clkbuf_0_clk/X (sky130_fd_sc_hd__clkbuf_16)
    16    0.07                           clknet_0_clk (net)
                  0.09    0.00    0.20 ^ clkbuf_4_0_0_clk/A (sky130_fd_sc_hd__clkbuf_8)
                  0.06    0.17    0.36 ^ clkbuf_4_0_0_clk/X (sky130_fd_sc_hd__clkbuf_8)
    10    0.03                           clknet_4_0_0_clk (net)
                  0.06    0.00    0.36 ^ _1281_/CLK (sky130_fd_sc_hd__dfxtp_1)
                          0.25    0.61   clock uncertainty
                         -0.02    0.60   clock reconvergence pessimism
                         -0.03    0.57   library hold time
                                  0.57   data required time
-----------------------------------------------------------------------------
                                  0.57   data required time
                                 -1.26   data arrival time
-----------------------------------------------------------------------------
                                  0.70   slack (MET)


Startpoint: _1178_ (rising edge-triggered flip-flop clocked by clk)
Endpoint: _1214_ (rising edge-triggered flip-flop clocked by clk)
Path Group: clk
Path Type: min

Fanout     Cap    Slew   Delay    Time   Description
-----------------------------------------------------------------------------
                          0.00    0.00   clock clk (rise edge)
                          0.00    0.00   clock source latency
                  0.04    0.03    0.03 ^ clk (in)
     1    0.01                           clk (net)
                  0.04    0.00    0.03 ^ clkbuf_0_clk/A (sky130_fd_sc_hd__clkbuf_16)
                  0.09    0.15    0.18 ^ clkbuf_0_clk/X (sky130_fd_sc_hd__clkbuf_16)
    16    0.07                           clknet_0_clk (net)
                  0.09    0.00    0.18 ^ clkbuf_4_15_0_clk/A (sky130_fd_sc_hd__clkbuf_8)
                  0.05    0.14    0.32 ^ clkbuf_4_15_0_clk/X (sky130_fd_sc_hd__clkbuf_8)
     6    0.02                           clknet_4_15_0_clk (net)
                  0.05    0.00    0.32 ^ _1178_/CLK (sky130_fd_sc_hd__dfrtp_4)
                  0.10    0.49    0.81 v _1178_/Q (sky130_fd_sc_hd__dfrtp_4)
     9    0.03                           u_addr_gen.addr[5] (net)
                  0.10    0.00    0.81 v _1005_/B (sky130_fd_sc_hd__nand3b_4)
                  0.07    0.11    0.91 ^ _1005_/Y (sky130_fd_sc_hd__nand3b_4)
     8    0.02                           _0411_ (net)
                  0.07    0.00    0.91 ^ _1013_/B (sky130_fd_sc_hd__or2_1)
                  0.09    0.13    1.04 ^ _1013_/X (sky130_fd_sc_hd__or2_1)
     2    0.01                           _0417_ (net)
                  0.09    0.00    1.04 ^ _1016_/S (sky130_fd_sc_hd__mux2_1)
                  0.05    0.13    1.18 ^ _1016_/X (sky130_fd_sc_hd__mux2_1)
     1    0.00                           _0419_ (net)
                  0.05    0.00    1.18 ^ _1017_/A (sky130_fd_sc_hd__clkbuf_1)
                  0.04    0.08    1.25 ^ _1017_/X (sky130_fd_sc_hd__clkbuf_1)
     1    0.00                           _0048_ (net)
                  0.04    0.00    1.25 ^ _1214_/D (sky130_fd_sc_hd__dfxtp_1)
                                  1.25   data arrival time

                          0.00    0.00   clock clk (rise edge)
                          0.00    0.00   clock source latency
                  0.04    0.03    0.03 ^ clk (in)
     1    0.01                           clk (net)
                  0.04    0.00    0.03 ^ clkbuf_0_clk/A (sky130_fd_sc_hd__clkbuf_16)
                  0.09    0.17    0.20 ^ clkbuf_0_clk/X (sky130_fd_sc_hd__clkbuf_16)
    16    0.07                           clknet_0_clk (net)
                  0.09    0.00    0.20 ^ clkbuf_4_11_0_clk/A (sky130_fd_sc_hd__clkbuf_8)
                  0.06    0.16    0.36 ^ clkbuf_4_11_0_clk/X (sky130_fd_sc_hd__clkbuf_8)
    12    0.02                           clknet_4_11_0_clk (net)
                  0.06    0.00    0.36 ^ _1214_/CLK (sky130_fd_sc_hd__dfxtp_1)
                          0.25    0.61   clock uncertainty
                         -0.02    0.59   clock reconvergence pessimism
                         -0.03    0.56   library hold time
                                  0.56   data required time
-----------------------------------------------------------------------------
                                  0.56   data required time
                                 -1.25   data arrival time
-----------------------------------------------------------------------------
                                  0.70   slack (MET)


Startpoint: _1178_ (rising edge-triggered flip-flop clocked by clk)
Endpoint: _1215_ (rising edge-triggered flip-flop clocked by clk)
Path Group: clk
Path Type: min

Fanout     Cap    Slew   Delay    Time   Description
-----------------------------------------------------------------------------
                          0.00    0.00   clock clk (rise edge)
                          0.00    0.00   clock source latency
                  0.04    0.03    0.03 ^ clk (in)
     1    0.01                           clk (net)
                  0.04    0.00    0.03 ^ clkbuf_0_clk/A (sky130_fd_sc_hd__clkbuf_16)
                  0.09    0.15    0.18 ^ clkbuf_0_clk/X (sky130_fd_sc_hd__clkbuf_16)
    16    0.07                           clknet_0_clk (net)
                  0.09    0.00    0.18 ^ clkbuf_4_15_0_clk/A (sky130_fd_sc_hd__clkbuf_8)
                  0.05    0.14    0.32 ^ clkbuf_4_15_0_clk/X (sky130_fd_sc_hd__clkbuf_8)
     6    0.02                           clknet_4_15_0_clk (net)
                  0.05    0.00    0.32 ^ _1178_/CLK (sky130_fd_sc_hd__dfrtp_4)
                  0.10    0.49    0.81 v _1178_/Q (sky130_fd_sc_hd__dfrtp_4)
     9    0.03                           u_addr_gen.addr[5] (net)
                  0.10    0.00    0.81 v _1005_/B (sky130_fd_sc_hd__nand3b_4)
                  0.07    0.11    0.91 ^ _1005_/Y (sky130_fd_sc_hd__nand3b_4)
     8    0.02                           _0411_ (net)
                  0.07    0.00    0.91 ^ _1018_/B (sky130_fd_sc_hd__or2_1)
                  0.10    0.14    1.05 ^ _1018_/X (sky130_fd_sc_hd__or2_1)
     2    0.01                           _0420_ (net)
                  0.10    0.00    1.05 ^ _1019_/S (sky130_fd_sc_hd__mux2_1)
                  0.04    0.13    1.18 ^ _1019_/X (sky130_fd_sc_hd__mux2_1)
     1    0.00                           _0421_ (net)
                  0.04    0.00    1.18 ^ _1020_/A (sky130_fd_sc_hd__clkbuf_1)
                  0.04    0.07    1.26 ^ _1020_/X (sky130_fd_sc_hd__clkbuf_1)
     1    0.00                           _0049_ (net)
                  0.04    0.00    1.26 ^ _1215_/D (sky130_fd_sc_hd__dfxtp_1)
                                  1.26   data arrival time

                          0.00    0.00   clock clk (rise edge)
                          0.00    0.00   clock source latency
                  0.04    0.03    0.03 ^ clk (in)
     1    0.01                           clk (net)
                  0.04    0.00    0.03 ^ clkbuf_0_clk/A (sky130_fd_sc_hd__clkbuf_16)
                  0.09    0.17    0.20 ^ clkbuf_0_clk/X (sky130_fd_sc_hd__clkbuf_16)
    16    0.07                           clknet_0_clk (net)
                  0.09    0.00    0.20 ^ clkbuf_4_11_0_clk/A (sky130_fd_sc_hd__clkbuf_8)
                  0.06    0.16    0.36 ^ clkbuf_4_11_0_clk/X (sky130_fd_sc_hd__clkbuf_8)
    12    0.02                           clknet_4_11_0_clk (net)
                  0.06    0.00    0.36 ^ _1215_/CLK (sky130_fd_sc_hd__dfxtp_1)
                          0.25    0.61   clock uncertainty
                         -0.02    0.59   clock reconvergence pessimism
                         -0.03    0.56   library hold time
                                  0.56   data required time
-----------------------------------------------------------------------------
                                  0.56   data required time
                                 -1.26   data arrival time
-----------------------------------------------------------------------------
                                  0.70   slack (MET)


Startpoint: _1318_ (rising edge-triggered flip-flop clocked by clk)
Endpoint: _1295_ (rising edge-triggered flip-flop clocked by clk)
Path Group: clk
Path Type: min

Fanout     Cap    Slew   Delay    Time   Description
-----------------------------------------------------------------------------
                          0.00    0.00   clock clk (rise edge)
                          0.00    0.00   clock source latency
                  0.04    0.03    0.03 ^ clk (in)
     1    0.01                           clk (net)
                  0.04    0.00    0.03 ^ clkbuf_0_clk/A (sky130_fd_sc_hd__clkbuf_16)
                  0.09    0.15    0.18 ^ clkbuf_0_clk/X (sky130_fd_sc_hd__clkbuf_16)
    16    0.07                           clknet_0_clk (net)
                  0.09    0.00    0.18 ^ clkbuf_4_10_0_clk/A (sky130_fd_sc_hd__clkbuf_8)
                  0.08    0.16    0.34 ^ clkbuf_4_10_0_clk/X (sky130_fd_sc_hd__clkbuf_8)
    15    0.04                           clknet_4_10_0_clk (net)
                  0.08    0.00    0.34 ^ _1318_/CLK (sky130_fd_sc_hd__dfrtp_1)
                  0.12    0.37    0.72 ^ _1318_/Q (sky130_fd_sc_hd__dfrtp_1)
     2    0.01                           u_pattern_gen.state_r[1] (net)
                  0.12    0.00    0.72 ^ _0862_/B (sky130_fd_sc_hd__xor2_2)
                  0.14    0.17    0.89 ^ _0862_/X (sky130_fd_sc_hd__xor2_2)
     4    0.01                           _0307_ (net)
                  0.14    0.00    0.89 ^ _0863_/A (sky130_fd_sc_hd__buf_2)
                  0.09    0.16    1.05 ^ _0863_/X (sky130_fd_sc_hd__buf_2)
    10    0.02                           _0308_ (net)
                  0.09    0.00    1.05 ^ _0643_/A0 (sky130_fd_sc_hd__mux2_1)
                  0.05    0.13    1.18 ^ _0643_/X (sky130_fd_sc_hd__mux2_1)
     1    0.00                           _0552_ (net)
                  0.05    0.00    1.18 ^ _0644_/A (sky130_fd_sc_hd__clkbuf_1)
                  0.05    0.08    1.26 ^ _0644_/X (sky130_fd_sc_hd__clkbuf_1)
     1    0.00                           _0129_ (net)
                  0.05    0.00    1.26 ^ _1295_/D (sky130_fd_sc_hd__dfxtp_1)
                                  1.26   data arrival time

                          0.00    0.00   clock clk (rise edge)
                          0.00    0.00   clock source latency
                  0.04    0.03    0.03 ^ clk (in)
     1    0.01                           clk (net)
                  0.04    0.00    0.03 ^ clkbuf_0_clk/A (sky130_fd_sc_hd__clkbuf_16)
                  0.09    0.17    0.20 ^ clkbuf_0_clk/X (sky130_fd_sc_hd__clkbuf_16)
    16    0.07                           clknet_0_clk (net)
                  0.09    0.00    0.20 ^ clkbuf_4_3_0_clk/A (sky130_fd_sc_hd__clkbuf_8)
                  0.06    0.16    0.36 ^ clkbuf_4_3_0_clk/X (sky130_fd_sc_hd__clkbuf_8)
     9    0.03                           clknet_4_3_0_clk (net)
                  0.06    0.00    0.36 ^ _1295_/CLK (sky130_fd_sc_hd__dfxtp_1)
                          0.25    0.61   clock uncertainty
                         -0.02    0.59   clock reconvergence pessimism
                         -0.03    0.56   library hold time
                                  0.56   data required time
-----------------------------------------------------------------------------
                                  0.56   data required time
                                 -1.26   data arrival time
-----------------------------------------------------------------------------
                                  0.70   slack (MET)


Startpoint: _1178_ (rising edge-triggered flip-flop clocked by clk)
Endpoint: _1184_ (rising edge-triggered flip-flop clocked by clk)
Path Group: clk
Path Type: min

Fanout     Cap    Slew   Delay    Time   Description
-----------------------------------------------------------------------------
                          0.00    0.00   clock clk (rise edge)
                          0.00    0.00   clock source latency
                  0.04    0.03    0.03 ^ clk (in)
     1    0.01                           clk (net)
                  0.04    0.00    0.03 ^ clkbuf_0_clk/A (sky130_fd_sc_hd__clkbuf_16)
                  0.09    0.15    0.18 ^ clkbuf_0_clk/X (sky130_fd_sc_hd__clkbuf_16)
    16    0.07                           clknet_0_clk (net)
                  0.09    0.00    0.18 ^ clkbuf_4_15_0_clk/A (sky130_fd_sc_hd__clkbuf_8)
                  0.05    0.14    0.32 ^ clkbuf_4_15_0_clk/X (sky130_fd_sc_hd__clkbuf_8)
     6    0.02                           clknet_4_15_0_clk (net)
                  0.05    0.00    0.32 ^ _1178_/CLK (sky130_fd_sc_hd__dfrtp_4)
                  0.10    0.49    0.81 v _1178_/Q (sky130_fd_sc_hd__dfrtp_4)
     9    0.03                           u_addr_gen.addr[5] (net)
                  0.10    0.00    0.81 v _0869_/B (sky130_fd_sc_hd__nand3_4)
                  0.07    0.11    0.91 ^ _0869_/Y (sky130_fd_sc_hd__nand3_4)
     8    0.02                           _0314_ (net)
                  0.07    0.00    0.91 ^ _0920_/A (sky130_fd_sc_hd__or2_1)
                  0.10    0.13    1.05 ^ _0920_/X (sky130_fd_sc_hd__or2_1)
     2    0.01                           _0354_ (net)
                  0.10    0.00    1.05 ^ _0923_/S (sky130_fd_sc_hd__mux2_1)
                  0.04    0.13    1.18 ^ _0923_/X (sky130_fd_sc_hd__mux2_1)
     1    0.00                           _0356_ (net)
                  0.04    0.00    1.18 ^ _0924_/A (sky130_fd_sc_hd__clkbuf_1)
                  0.05    0.08    1.26 ^ _0924_/X (sky130_fd_sc_hd__clkbuf_1)
     1    0.00                           _0018_ (net)
                  0.05    0.00    1.26 ^ _1184_/D (sky130_fd_sc_hd__dfxtp_1)
                                  1.26   data arrival time

                          0.00    0.00   clock clk (rise edge)
                          0.00    0.00   clock source latency
                  0.04    0.03    0.03 ^ clk (in)
     1    0.01                           clk (net)
                  0.04    0.00    0.03 ^ clkbuf_0_clk/A (sky130_fd_sc_hd__clkbuf_16)
                  0.09    0.17    0.20 ^ clkbuf_0_clk/X (sky130_fd_sc_hd__clkbuf_16)
    16    0.07                           clknet_0_clk (net)
                  0.09    0.00    0.20 ^ clkbuf_4_3_0_clk/A (sky130_fd_sc_hd__clkbuf_8)
                  0.06    0.16    0.36 ^ clkbuf_4_3_0_clk/X (sky130_fd_sc_hd__clkbuf_8)
     9    0.03                           clknet_4_3_0_clk (net)
                  0.06    0.00    0.36 ^ _1184_/CLK (sky130_fd_sc_hd__dfxtp_1)
                          0.25    0.61   clock uncertainty
                         -0.02    0.59   clock reconvergence pessimism
                         -0.03    0.56   library hold time
                                  0.56   data required time
-----------------------------------------------------------------------------
                                  0.56   data required time
                                 -1.26   data arrival time
-----------------------------------------------------------------------------
                                  0.70   slack (MET)


Startpoint: _1178_ (rising edge-triggered flip-flop clocked by clk)
Endpoint: _1248_ (rising edge-triggered flip-flop clocked by clk)
Path Group: clk
Path Type: min

Fanout     Cap    Slew   Delay    Time   Description
-----------------------------------------------------------------------------
                          0.00    0.00   clock clk (rise edge)
                          0.00    0.00   clock source latency
                  0.04    0.03    0.03 ^ clk (in)
     1    0.01                           clk (net)
                  0.04    0.00    0.03 ^ clkbuf_0_clk/A (sky130_fd_sc_hd__clkbuf_16)
                  0.09    0.15    0.18 ^ clkbuf_0_clk/X (sky130_fd_sc_hd__clkbuf_16)
    16    0.07                           clknet_0_clk (net)
                  0.09    0.00    0.18 ^ clkbuf_4_15_0_clk/A (sky130_fd_sc_hd__clkbuf_8)
                  0.05    0.14    0.32 ^ clkbuf_4_15_0_clk/X (sky130_fd_sc_hd__clkbuf_8)
     6    0.02                           clknet_4_15_0_clk (net)
                  0.05    0.00    0.32 ^ _1178_/CLK (sky130_fd_sc_hd__dfrtp_4)
                  0.13    0.44    0.76 ^ _1178_/Q (sky130_fd_sc_hd__dfrtp_4)
     9    0.03                           u_addr_gen.addr[5] (net)
                  0.13    0.00    0.76 ^ _1092_/A_N (sky130_fd_sc_hd__nand3b_4)
                  0.07    0.16    0.92 ^ _1092_/Y (sky130_fd_sc_hd__nand3b_4)
     8    0.02                           _0466_ (net)
                  0.07    0.00    0.92 ^ _1105_/B (sky130_fd_sc_hd__or2_1)
                  0.11    0.14    1.06 ^ _1105_/X (sky130_fd_sc_hd__or2_1)
     2    0.01                           _0475_ (net)
                  0.11    0.00    1.06 ^ _1108_/S (sky130_fd_sc_hd__mux2_1)
                  0.05    0.14    1.20 ^ _1108_/X (sky130_fd_sc_hd__mux2_1)
     1    0.00                           _0477_ (net)
                  0.05    0.00    1.20 ^ _1109_/A (sky130_fd_sc_hd__clkbuf_1)
                  0.03    0.07    1.27 ^ _1109_/X (sky130_fd_sc_hd__clkbuf_1)
     1    0.00                           _0082_ (net)
                  0.03    0.00    1.27 ^ _1248_/D (sky130_fd_sc_hd__dfxtp_1)
                                  1.27   data arrival time

                          0.00    0.00   clock clk (rise edge)
                          0.00    0.00   clock source latency
                  0.04    0.03    0.03 ^ clk (in)
     1    0.01                           clk (net)
                  0.04    0.00    0.03 ^ clkbuf_0_clk/A (sky130_fd_sc_hd__clkbuf_16)
                  0.09    0.17    0.20 ^ clkbuf_0_clk/X (sky130_fd_sc_hd__clkbuf_16)
    16    0.07                           clknet_0_clk (net)
                  0.09    0.00    0.20 ^ clkbuf_4_5_0_clk/A (sky130_fd_sc_hd__clkbuf_8)
                  0.07    0.17    0.37 ^ clkbuf_4_5_0_clk/X (sky130_fd_sc_hd__clkbuf_8)
    11    0.03                           clknet_4_5_0_clk (net)
                  0.07    0.00    0.37 ^ _1248_/CLK (sky130_fd_sc_hd__dfxtp_1)
                          0.25    0.62   clock uncertainty
                         -0.02    0.60   clock reconvergence pessimism
                         -0.03    0.57   library hold time
                                  0.57   data required time
-----------------------------------------------------------------------------
                                  0.57   data required time
                                 -1.27   data arrival time
-----------------------------------------------------------------------------
                                  0.70   slack (MET)


Startpoint: _1178_ (rising edge-triggered flip-flop clocked by clk)
Endpoint: _1183_ (rising edge-triggered flip-flop clocked by clk)
Path Group: clk
Path Type: min

Fanout     Cap    Slew   Delay    Time   Description
-----------------------------------------------------------------------------
                          0.00    0.00   clock clk (rise edge)
                          0.00    0.00   clock source latency
                  0.04    0.03    0.03 ^ clk (in)
     1    0.01                           clk (net)
                  0.04    0.00    0.03 ^ clkbuf_0_clk/A (sky130_fd_sc_hd__clkbuf_16)
                  0.09    0.15    0.18 ^ clkbuf_0_clk/X (sky130_fd_sc_hd__clkbuf_16)
    16    0.07                           clknet_0_clk (net)
                  0.09    0.00    0.18 ^ clkbuf_4_15_0_clk/A (sky130_fd_sc_hd__clkbuf_8)
                  0.05    0.14    0.32 ^ clkbuf_4_15_0_clk/X (sky130_fd_sc_hd__clkbuf_8)
     6    0.02                           clknet_4_15_0_clk (net)
                  0.05    0.00    0.32 ^ _1178_/CLK (sky130_fd_sc_hd__dfrtp_4)
                  0.10    0.49    0.81 v _1178_/Q (sky130_fd_sc_hd__dfrtp_4)
     9    0.03                           u_addr_gen.addr[5] (net)
                  0.10    0.00    0.81 v _0869_/B (sky130_fd_sc_hd__nand3_4)
                  0.07    0.11    0.91 ^ _0869_/Y (sky130_fd_sc_hd__nand3_4)
     8    0.02                           _0314_ (net)
                  0.07    0.00    0.91 ^ _0920_/A (sky130_fd_sc_hd__or2_1)
                  0.10    0.13    1.05 ^ _0920_/X (sky130_fd_sc_hd__or2_1)
     2    0.01                           _0354_ (net)
                  0.10    0.00    1.05 ^ _0921_/S (sky130_fd_sc_hd__mux2_1)
                  0.04    0.13    1.18 ^ _0921_/X (sky130_fd_sc_hd__mux2_1)
     1    0.00                           _0355_ (net)
                  0.04    0.00    1.18 ^ _0922_/A (sky130_fd_sc_hd__clkbuf_1)
                  0.05    0.08    1.26 ^ _0922_/X (sky130_fd_sc_hd__clkbuf_1)
     1    0.00                           _0017_ (net)
                  0.05    0.00    1.26 ^ _1183_/D (sky130_fd_sc_hd__dfxtp_1)
                                  1.26   data arrival time

                          0.00    0.00   clock clk (rise edge)
                          0.00    0.00   clock source latency
                  0.04    0.03    0.03 ^ clk (in)
     1    0.01                           clk (net)
                  0.04    0.00    0.03 ^ clkbuf_0_clk/A (sky130_fd_sc_hd__clkbuf_16)
                  0.09    0.17    0.20 ^ clkbuf_0_clk/X (sky130_fd_sc_hd__clkbuf_16)
    16    0.07                           clknet_0_clk (net)
                  0.09    0.00    0.20 ^ clkbuf_4_9_0_clk/A (sky130_fd_sc_hd__clkbuf_8)
                  0.06    0.16    0.36 ^ clkbuf_4_9_0_clk/X (sky130_fd_sc_hd__clkbuf_8)
     8    0.02                           clknet_4_9_0_clk (net)
                  0.06    0.00    0.36 ^ _1183_/CLK (sky130_fd_sc_hd__dfxtp_1)
                          0.25    0.61   clock uncertainty
                         -0.02    0.59   clock reconvergence pessimism
                         -0.03    0.56   library hold time
                                  0.56   data required time
-----------------------------------------------------------------------------
                                  0.56   data required time
                                 -1.26   data arrival time
-----------------------------------------------------------------------------
                                  0.70   slack (MET)


Startpoint: _1318_ (rising edge-triggered flip-flop clocked by clk)
Endpoint: _1271_ (rising edge-triggered flip-flop clocked by clk)
Path Group: clk
Path Type: min

Fanout     Cap    Slew   Delay    Time   Description
-----------------------------------------------------------------------------
                          0.00    0.00   clock clk (rise edge)
                          0.00    0.00   clock source latency
                  0.04    0.03    0.03 ^ clk (in)
     1    0.01                           clk (net)
                  0.04    0.00    0.03 ^ clkbuf_0_clk/A (sky130_fd_sc_hd__clkbuf_16)
                  0.09    0.15    0.18 ^ clkbuf_0_clk/X (sky130_fd_sc_hd__clkbuf_16)
    16    0.07                           clknet_0_clk (net)
                  0.09    0.00    0.18 ^ clkbuf_4_10_0_clk/A (sky130_fd_sc_hd__clkbuf_8)
                  0.08    0.16    0.34 ^ clkbuf_4_10_0_clk/X (sky130_fd_sc_hd__clkbuf_8)
    15    0.04                           clknet_4_10_0_clk (net)
                  0.08    0.00    0.34 ^ _1318_/CLK (sky130_fd_sc_hd__dfrtp_1)
                  0.12    0.37    0.72 ^ _1318_/Q (sky130_fd_sc_hd__dfrtp_1)
     2    0.01                           u_pattern_gen.state_r[1] (net)
                  0.12    0.00    0.72 ^ _0862_/B (sky130_fd_sc_hd__xor2_2)
                  0.14    0.17    0.89 ^ _0862_/X (sky130_fd_sc_hd__xor2_2)
     4    0.01                           _0307_ (net)
                  0.14    0.00    0.89 ^ _1151_/A (sky130_fd_sc_hd__clkbuf_4)
                  0.07    0.17    1.06 ^ _1151_/X (sky130_fd_sc_hd__clkbuf_4)
    10    0.02                           _0503_ (net)
                  0.07    0.00    1.06 ^ _1168_/A0 (sky130_fd_sc_hd__mux2_1)
                  0.05    0.12    1.18 ^ _1168_/X (sky130_fd_sc_hd__mux2_1)
     1    0.00                           _0514_ (net)
                  0.05    0.00    1.18 ^ _0582_/A (sky130_fd_sc_hd__clkbuf_1)
                  0.04    0.07    1.26 ^ _0582_/X (sky130_fd_sc_hd__clkbuf_1)
     1    0.00                           _0105_ (net)
                  0.04    0.00    1.26 ^ _1271_/D (sky130_fd_sc_hd__dfxtp_1)
                                  1.26   data arrival time

                          0.00    0.00   clock clk (rise edge)
                          0.00    0.00   clock source latency
                  0.04    0.03    0.03 ^ clk (in)
     1    0.01                           clk (net)
                  0.04    0.00    0.03 ^ clkbuf_0_clk/A (sky130_fd_sc_hd__clkbuf_16)
                  0.09    0.17    0.20 ^ clkbuf_0_clk/X (sky130_fd_sc_hd__clkbuf_16)
    16    0.07                           clknet_0_clk (net)
                  0.09    0.00    0.20 ^ clkbuf_4_12_0_clk/A (sky130_fd_sc_hd__clkbuf_8)
                  0.05    0.16    0.35 ^ clkbuf_4_12_0_clk/X (sky130_fd_sc_hd__clkbuf_8)
     7    0.02                           clknet_4_12_0_clk (net)
                  0.05    0.00    0.36 ^ _1271_/CLK (sky130_fd_sc_hd__dfxtp_1)
                          0.25    0.61   clock uncertainty
                         -0.02    0.59   clock reconvergence pessimism
                         -0.03    0.56   library hold time
                                  0.56   data required time
-----------------------------------------------------------------------------
                                  0.56   data required time
                                 -1.26   data arrival time
-----------------------------------------------------------------------------
                                  0.70   slack (MET)


Startpoint: _1178_ (rising edge-triggered flip-flop clocked by clk)
Endpoint: _1247_ (rising edge-triggered flip-flop clocked by clk)
Path Group: clk
Path Type: min

Fanout     Cap    Slew   Delay    Time   Description
-----------------------------------------------------------------------------
                          0.00    0.00   clock clk (rise edge)
                          0.00    0.00   clock source latency
                  0.04    0.03    0.03 ^ clk (in)
     1    0.01                           clk (net)
                  0.04    0.00    0.03 ^ clkbuf_0_clk/A (sky130_fd_sc_hd__clkbuf_16)
                  0.09    0.15    0.18 ^ clkbuf_0_clk/X (sky130_fd_sc_hd__clkbuf_16)
    16    0.07                           clknet_0_clk (net)
                  0.09    0.00    0.18 ^ clkbuf_4_15_0_clk/A (sky130_fd_sc_hd__clkbuf_8)
                  0.05    0.14    0.32 ^ clkbuf_4_15_0_clk/X (sky130_fd_sc_hd__clkbuf_8)
     6    0.02                           clknet_4_15_0_clk (net)
                  0.05    0.00    0.32 ^ _1178_/CLK (sky130_fd_sc_hd__dfrtp_4)
                  0.13    0.44    0.76 ^ _1178_/Q (sky130_fd_sc_hd__dfrtp_4)
     9    0.03                           u_addr_gen.addr[5] (net)
                  0.13    0.00    0.76 ^ _1092_/A_N (sky130_fd_sc_hd__nand3b_4)
                  0.07    0.16    0.92 ^ _1092_/Y (sky130_fd_sc_hd__nand3b_4)
     8    0.02                           _0466_ (net)
                  0.07    0.00    0.92 ^ _1105_/B (sky130_fd_sc_hd__or2_1)
                  0.11    0.14    1.06 ^ _1105_/X (sky130_fd_sc_hd__or2_1)
     2    0.01                           _0475_ (net)
                  0.11    0.00    1.06 ^ _1106_/S (sky130_fd_sc_hd__mux2_1)
                  0.05    0.14    1.20 ^ _1106_/X (sky130_fd_sc_hd__mux2_1)
     1    0.00                           _0476_ (net)
                  0.05    0.00    1.20 ^ _1107_/A (sky130_fd_sc_hd__clkbuf_1)
                  0.04    0.07    1.28 ^ _1107_/X (sky130_fd_sc_hd__clkbuf_1)
     1    0.00                           _0081_ (net)
                  0.04    0.00    1.28 ^ _1247_/D (sky130_fd_sc_hd__dfxtp_1)
                                  1.28   data arrival time

                          0.00    0.00   clock clk (rise edge)
                          0.00    0.00   clock source latency
                  0.04    0.03    0.03 ^ clk (in)
     1    0.01                           clk (net)
                  0.04    0.00    0.03 ^ clkbuf_0_clk/A (sky130_fd_sc_hd__clkbuf_16)
                  0.09    0.17    0.20 ^ clkbuf_0_clk/X (sky130_fd_sc_hd__clkbuf_16)
    16    0.07                           clknet_0_clk (net)
                  0.09    0.00    0.20 ^ clkbuf_4_5_0_clk/A (sky130_fd_sc_hd__clkbuf_8)
                  0.07    0.17    0.37 ^ clkbuf_4_5_0_clk/X (sky130_fd_sc_hd__clkbuf_8)
    11    0.03                           clknet_4_5_0_clk (net)
                  0.07    0.00    0.37 ^ _1247_/CLK (sky130_fd_sc_hd__dfxtp_1)
                          0.25    0.62   clock uncertainty
                         -0.02    0.60   clock reconvergence pessimism
                         -0.03    0.57   library hold time
                                  0.57   data required time
-----------------------------------------------------------------------------
                                  0.57   data required time
                                 -1.28   data arrival time
-----------------------------------------------------------------------------
                                  0.70   slack (MET)


Startpoint: _1173_ (rising edge-triggered flip-flop clocked by clk)
Endpoint: _1206_ (rising edge-triggered flip-flop clocked by clk)
Path Group: clk
Path Type: min

Fanout     Cap    Slew   Delay    Time   Description
-----------------------------------------------------------------------------
                          0.00    0.00   clock clk (rise edge)
                          0.00    0.00   clock source latency
                  0.04    0.03    0.03 ^ clk (in)
     1    0.01                           clk (net)
                  0.04    0.00    0.03 ^ clkbuf_0_clk/A (sky130_fd_sc_hd__clkbuf_16)
                  0.09    0.15    0.18 ^ clkbuf_0_clk/X (sky130_fd_sc_hd__clkbuf_16)
    16    0.07                           clknet_0_clk (net)
                  0.09    0.00    0.18 ^ clkbuf_4_13_0_clk/A (sky130_fd_sc_hd__clkbuf_8)
                  0.06    0.15    0.33 ^ clkbuf_4_13_0_clk/X (sky130_fd_sc_hd__clkbuf_8)
     9    0.03                           clknet_4_13_0_clk (net)
                  0.06    0.00    0.33 ^ _1173_/CLK (sky130_fd_sc_hd__dfrtp_1)
                  0.11    0.36    0.68 ^ _1173_/Q (sky130_fd_sc_hd__dfrtp_1)
     4    0.01                           u_addr_gen.addr[0] (net)
                  0.11    0.00    0.68 ^ _0908_/A (sky130_fd_sc_hd__or2b_1)
                  0.13    0.16    0.85 ^ _0908_/X (sky130_fd_sc_hd__or2b_1)
     4    0.01                           _0344_ (net)
                  0.13    0.00    0.85 ^ _0987_/C (sky130_fd_sc_hd__or3_4)
                  0.04    0.13    0.98 ^ _0987_/X (sky130_fd_sc_hd__or3_4)
     4    0.01                           _0399_ (net)
                  0.04    0.00    0.98 ^ _0988_/B (sky130_fd_sc_hd__or2_1)
                  0.09    0.12    1.10 ^ _0988_/X (sky130_fd_sc_hd__or2_1)
     2    0.01                           _0400_ (net)
                  0.09    0.00    1.10 ^ _0991_/S (sky130_fd_sc_hd__mux2_1)
                  0.04    0.13    1.23 ^ _0991_/X (sky130_fd_sc_hd__mux2_1)
     1    0.00                           _0402_ (net)
                  0.04    0.00    1.23 ^ _0992_/A (sky130_fd_sc_hd__clkbuf_1)
                  0.04    0.07    1.29 ^ _0992_/X (sky130_fd_sc_hd__clkbuf_1)
     1    0.00                           _0040_ (net)
                  0.04    0.00    1.29 ^ _1206_/D (sky130_fd_sc_hd__dfxtp_1)
                                  1.29   data arrival time

                          0.00    0.00   clock clk (rise edge)
                          0.00    0.00   clock source latency
                  0.04    0.03    0.03 ^ clk (in)
     1    0.01                           clk (net)
                  0.04    0.00    0.03 ^ clkbuf_0_clk/A (sky130_fd_sc_hd__clkbuf_16)
                  0.09    0.17    0.20 ^ clkbuf_0_clk/X (sky130_fd_sc_hd__clkbuf_16)
    16    0.07                           clknet_0_clk (net)
                  0.09    0.00    0.20 ^ clkbuf_4_10_0_clk/A (sky130_fd_sc_hd__clkbuf_8)
                  0.08    0.18    0.38 ^ clkbuf_4_10_0_clk/X (sky130_fd_sc_hd__clkbuf_8)
    15    0.04                           clknet_4_10_0_clk (net)
                  0.08    0.00    0.38 ^ _1206_/CLK (sky130_fd_sc_hd__dfxtp_1)
                          0.25    0.63   clock uncertainty
                         -0.02    0.61   clock reconvergence pessimism
                         -0.02    0.59   library hold time
                                  0.59   data required time
-----------------------------------------------------------------------------
                                  0.59   data required time
                                 -1.29   data arrival time
-----------------------------------------------------------------------------
                                  0.71   slack (MET)


Startpoint: _1175_ (rising edge-triggered flip-flop clocked by clk)
Endpoint: _1310_ (rising edge-triggered flip-flop clocked by clk)
Path Group: clk
Path Type: min

Fanout     Cap    Slew   Delay    Time   Description
-----------------------------------------------------------------------------
                          0.00    0.00   clock clk (rise edge)
                          0.00    0.00   clock source latency
                  0.04    0.03    0.03 ^ clk (in)
     1    0.01                           clk (net)
                  0.04    0.00    0.03 ^ clkbuf_0_clk/A (sky130_fd_sc_hd__clkbuf_16)
                  0.09    0.15    0.18 ^ clkbuf_0_clk/X (sky130_fd_sc_hd__clkbuf_16)
    16    0.07                           clknet_0_clk (net)
                  0.09    0.00    0.18 ^ clkbuf_4_13_0_clk/A (sky130_fd_sc_hd__clkbuf_8)
                  0.06    0.15    0.33 ^ clkbuf_4_13_0_clk/X (sky130_fd_sc_hd__clkbuf_8)
     9    0.03                           clknet_4_13_0_clk (net)
                  0.06    0.00    0.33 ^ _1175_/CLK (sky130_fd_sc_hd__dfrtp_2)
                  0.11    0.39    0.71 ^ _1175_/Q (sky130_fd_sc_hd__dfrtp_2)
     8    0.02                           u_addr_gen.addr[2] (net)
                  0.11    0.00    0.71 ^ hold6/A (sky130_fd_sc_hd__dlygate4sd3_1)
                  0.06    0.53    1.25 ^ hold6/X (sky130_fd_sc_hd__dlygate4sd3_1)
     1    0.00                           net22 (net)
                  0.06    0.00    1.25 ^ _1310_/D (sky130_fd_sc_hd__dfrtp_4)
                                  1.25   data arrival time

                          0.00    0.00   clock clk (rise edge)
                          0.00    0.00   clock source latency
                  0.04    0.03    0.03 ^ clk (in)
     1    0.01                           clk (net)
                  0.04    0.00    0.03 ^ clkbuf_0_clk/A (sky130_fd_sc_hd__clkbuf_16)
                  0.09    0.17    0.20 ^ clkbuf_0_clk/X (sky130_fd_sc_hd__clkbuf_16)
    16    0.07                           clknet_0_clk (net)
                  0.09    0.00    0.20 ^ clkbuf_4_13_0_clk/A (sky130_fd_sc_hd__clkbuf_8)
                  0.06    0.16    0.36 ^ clkbuf_4_13_0_clk/X (sky130_fd_sc_hd__clkbuf_8)
     9    0.03                           clknet_4_13_0_clk (net)
                  0.06    0.00    0.36 ^ _1310_/CLK (sky130_fd_sc_hd__dfrtp_4)
                          0.25    0.61   clock uncertainty
                         -0.03    0.58   clock reconvergence pessimism
                         -0.04    0.54   library hold time
                                  0.54   data required time
-----------------------------------------------------------------------------
                                  0.54   data required time
                                 -1.25   data arrival time
-----------------------------------------------------------------------------
                                  0.71   slack (MET)


Startpoint: _1176_ (rising edge-triggered flip-flop clocked by clk)
Endpoint: _1196_ (rising edge-triggered flip-flop clocked by clk)
Path Group: clk
Path Type: min

Fanout     Cap    Slew   Delay    Time   Description
-----------------------------------------------------------------------------
                          0.00    0.00   clock clk (rise edge)
                          0.00    0.00   clock source latency
                  0.04    0.03    0.03 ^ clk (in)
     1    0.01                           clk (net)
                  0.04    0.00    0.03 ^ clkbuf_0_clk/A (sky130_fd_sc_hd__clkbuf_16)
                  0.09    0.15    0.18 ^ clkbuf_0_clk/X (sky130_fd_sc_hd__clkbuf_16)
    16    0.07                           clknet_0_clk (net)
                  0.09    0.00    0.18 ^ clkbuf_4_12_0_clk/A (sky130_fd_sc_hd__clkbuf_8)
                  0.05    0.14    0.32 ^ clkbuf_4_12_0_clk/X (sky130_fd_sc_hd__clkbuf_8)
     7    0.02                           clknet_4_12_0_clk (net)
                  0.05    0.00    0.32 ^ _1176_/CLK (sky130_fd_sc_hd__dfrtp_4)
                  0.10    0.42    0.74 ^ _1176_/Q (sky130_fd_sc_hd__dfrtp_4)
     8    0.02                           u_addr_gen.addr[3] (net)
                  0.10    0.00    0.74 ^ _0896_/B (sky130_fd_sc_hd__or3b_1)
                  0.04    0.11    0.85 ^ _0896_/X (sky130_fd_sc_hd__or3b_1)
     1    0.00                           _0336_ (net)
                  0.04    0.00    0.85 ^ _0897_/A (sky130_fd_sc_hd__buf_2)
                  0.07    0.11    0.97 ^ _0897_/X (sky130_fd_sc_hd__buf_2)
     5    0.01                           _0337_ (net)
                  0.07    0.00    0.97 ^ _0958_/B (sky130_fd_sc_hd__nor2_1)
                  0.05    0.06    1.03 v _0958_/Y (sky130_fd_sc_hd__nor2_1)
     2    0.01                           _0380_ (net)
                  0.05    0.00    1.03 v _0961_/S (sky130_fd_sc_hd__mux2_1)
                  0.04    0.18    1.21 ^ _0961_/X (sky130_fd_sc_hd__mux2_1)
     1    0.00                           _0382_ (net)
                  0.04    0.00    1.21 ^ _0962_/A (sky130_fd_sc_hd__clkbuf_1)
                  0.03    0.07    1.28 ^ _0962_/X (sky130_fd_sc_hd__clkbuf_1)
     1    0.00                           _0030_ (net)
                  0.03    0.00    1.28 ^ _1196_/D (sky130_fd_sc_hd__dfxtp_1)
                                  1.28   data arrival time

                          0.00    0.00   clock clk (rise edge)
                          0.00    0.00   clock source latency
                  0.04    0.03    0.03 ^ clk (in)
     1    0.01                           clk (net)
                  0.04    0.00    0.03 ^ clkbuf_0_clk/A (sky130_fd_sc_hd__clkbuf_16)
                  0.09    0.17    0.20 ^ clkbuf_0_clk/X (sky130_fd_sc_hd__clkbuf_16)
    16    0.07                           clknet_0_clk (net)
                  0.09    0.00    0.20 ^ clkbuf_4_8_0_clk/A (sky130_fd_sc_hd__clkbuf_8)
                  0.06    0.17    0.36 ^ clkbuf_4_8_0_clk/X (sky130_fd_sc_hd__clkbuf_8)
    10    0.03                           clknet_4_8_0_clk (net)
                  0.06    0.00    0.37 ^ _1196_/CLK (sky130_fd_sc_hd__dfxtp_1)
                          0.25    0.62   clock uncertainty
                         -0.02    0.60   clock reconvergence pessimism
                         -0.03    0.57   library hold time
                                  0.57   data required time
-----------------------------------------------------------------------------
                                  0.57   data required time
                                 -1.28   data arrival time
-----------------------------------------------------------------------------
                                  0.71   slack (MET)


Startpoint: _1178_ (rising edge-triggered flip-flop clocked by clk)
Endpoint: _1246_ (rising edge-triggered flip-flop clocked by clk)
Path Group: clk
Path Type: min

Fanout     Cap    Slew   Delay    Time   Description
-----------------------------------------------------------------------------
                          0.00    0.00   clock clk (rise edge)
                          0.00    0.00   clock source latency
                  0.04    0.03    0.03 ^ clk (in)
     1    0.01                           clk (net)
                  0.04    0.00    0.03 ^ clkbuf_0_clk/A (sky130_fd_sc_hd__clkbuf_16)
                  0.09    0.15    0.18 ^ clkbuf_0_clk/X (sky130_fd_sc_hd__clkbuf_16)
    16    0.07                           clknet_0_clk (net)
                  0.09    0.00    0.18 ^ clkbuf_4_15_0_clk/A (sky130_fd_sc_hd__clkbuf_8)
                  0.05    0.14    0.32 ^ clkbuf_4_15_0_clk/X (sky130_fd_sc_hd__clkbuf_8)
     6    0.02                           clknet_4_15_0_clk (net)
                  0.05    0.00    0.32 ^ _1178_/CLK (sky130_fd_sc_hd__dfrtp_4)
                  0.13    0.44    0.76 ^ _1178_/Q (sky130_fd_sc_hd__dfrtp_4)
     9    0.03                           u_addr_gen.addr[5] (net)
                  0.13    0.00    0.76 ^ _1092_/A_N (sky130_fd_sc_hd__nand3b_4)
                  0.07    0.16    0.92 ^ _1092_/Y (sky130_fd_sc_hd__nand3b_4)
     8    0.02                           _0466_ (net)
                  0.07    0.00    0.92 ^ _1100_/B (sky130_fd_sc_hd__or2_1)
                  0.09    0.13    1.05 ^ _1100_/X (sky130_fd_sc_hd__or2_1)
     2    0.01                           _0472_ (net)
                  0.09    0.00    1.05 ^ _1103_/S (sky130_fd_sc_hd__mux2_1)
                  0.04    0.13    1.18 ^ _1103_/X (sky130_fd_sc_hd__mux2_1)
     1    0.00                           _0474_ (net)
                  0.04    0.00    1.18 ^ _1104_/A (sky130_fd_sc_hd__clkbuf_1)
                  0.04    0.07    1.25 ^ _1104_/X (sky130_fd_sc_hd__clkbuf_1)
     1    0.00                           _0080_ (net)
                  0.04    0.00    1.25 ^ _1246_/D (sky130_fd_sc_hd__dfxtp_1)
                                  1.25   data arrival time

                          0.00    0.00   clock clk (rise edge)
                          0.00    0.00   clock source latency
                  0.04    0.03    0.03 ^ clk (in)
     1    0.01                           clk (net)
                  0.04    0.00    0.03 ^ clkbuf_0_clk/A (sky130_fd_sc_hd__clkbuf_16)
                  0.09    0.17    0.20 ^ clkbuf_0_clk/X (sky130_fd_sc_hd__clkbuf_16)
    16    0.07                           clknet_0_clk (net)
                  0.09    0.00    0.20 ^ clkbuf_4_15_0_clk/A (sky130_fd_sc_hd__clkbuf_8)
                  0.05    0.15    0.35 ^ clkbuf_4_15_0_clk/X (sky130_fd_sc_hd__clkbuf_8)
     6    0.02                           clknet_4_15_0_clk (net)
                  0.05    0.00    0.35 ^ _1246_/CLK (sky130_fd_sc_hd__dfxtp_1)
                          0.25    0.60   clock uncertainty
                         -0.03    0.57   clock reconvergence pessimism
                         -0.03    0.54   library hold time
                                  0.54   data required time
-----------------------------------------------------------------------------
                                  0.54   data required time
                                 -1.25   data arrival time
-----------------------------------------------------------------------------
                                  0.71   slack (MET)


Startpoint: _1176_ (rising edge-triggered flip-flop clocked by clk)
Endpoint: _1195_ (rising edge-triggered flip-flop clocked by clk)
Path Group: clk
Path Type: min

Fanout     Cap    Slew   Delay    Time   Description
-----------------------------------------------------------------------------
                          0.00    0.00   clock clk (rise edge)
                          0.00    0.00   clock source latency
                  0.04    0.03    0.03 ^ clk (in)
     1    0.01                           clk (net)
                  0.04    0.00    0.03 ^ clkbuf_0_clk/A (sky130_fd_sc_hd__clkbuf_16)
                  0.09    0.15    0.18 ^ clkbuf_0_clk/X (sky130_fd_sc_hd__clkbuf_16)
    16    0.07                           clknet_0_clk (net)
                  0.09    0.00    0.18 ^ clkbuf_4_12_0_clk/A (sky130_fd_sc_hd__clkbuf_8)
                  0.05    0.14    0.32 ^ clkbuf_4_12_0_clk/X (sky130_fd_sc_hd__clkbuf_8)
     7    0.02                           clknet_4_12_0_clk (net)
                  0.05    0.00    0.32 ^ _1176_/CLK (sky130_fd_sc_hd__dfrtp_4)
                  0.10    0.42    0.74 ^ _1176_/Q (sky130_fd_sc_hd__dfrtp_4)
     8    0.02                           u_addr_gen.addr[3] (net)
                  0.10    0.00    0.74 ^ _0896_/B (sky130_fd_sc_hd__or3b_1)
                  0.04    0.11    0.85 ^ _0896_/X (sky130_fd_sc_hd__or3b_1)
     1    0.00                           _0336_ (net)
                  0.04    0.00    0.85 ^ _0897_/A (sky130_fd_sc_hd__buf_2)
                  0.07    0.11    0.97 ^ _0897_/X (sky130_fd_sc_hd__buf_2)
     5    0.01                           _0337_ (net)
                  0.07    0.00    0.97 ^ _0958_/B (sky130_fd_sc_hd__nor2_1)
                  0.05    0.06    1.03 v _0958_/Y (sky130_fd_sc_hd__nor2_1)
     2    0.01                           _0380_ (net)
                  0.05    0.00    1.03 v _0959_/S (sky130_fd_sc_hd__mux2_1)
                  0.04    0.18    1.20 ^ _0959_/X (sky130_fd_sc_hd__mux2_1)
     1    0.00                           _0381_ (net)
                  0.04    0.00    1.20 ^ _0960_/A (sky130_fd_sc_hd__clkbuf_1)
                  0.04    0.07    1.28 ^ _0960_/X (sky130_fd_sc_hd__clkbuf_1)
     1    0.00                           _0029_ (net)
                  0.04    0.00    1.28 ^ _1195_/D (sky130_fd_sc_hd__dfxtp_1)
                                  1.28   data arrival time

                          0.00    0.00   clock clk (rise edge)
                          0.00    0.00   clock source latency
                  0.04    0.03    0.03 ^ clk (in)
     1    0.01                           clk (net)
                  0.04    0.00    0.03 ^ clkbuf_0_clk/A (sky130_fd_sc_hd__clkbuf_16)
                  0.09    0.17    0.20 ^ clkbuf_0_clk/X (sky130_fd_sc_hd__clkbuf_16)
    16    0.07                           clknet_0_clk (net)
                  0.09    0.00    0.20 ^ clkbuf_4_8_0_clk/A (sky130_fd_sc_hd__clkbuf_8)
                  0.06    0.17    0.36 ^ clkbuf_4_8_0_clk/X (sky130_fd_sc_hd__clkbuf_8)
    10    0.03                           clknet_4_8_0_clk (net)
                  0.06    0.00    0.37 ^ _1195_/CLK (sky130_fd_sc_hd__dfxtp_1)
                          0.25    0.62   clock uncertainty
                         -0.02    0.60   clock reconvergence pessimism
                         -0.03    0.57   library hold time
                                  0.57   data required time
-----------------------------------------------------------------------------
                                  0.57   data required time
                                 -1.28   data arrival time
-----------------------------------------------------------------------------
                                  0.71   slack (MET)


Startpoint: _1173_ (rising edge-triggered flip-flop clocked by clk)
Endpoint: _1197_ (rising edge-triggered flip-flop clocked by clk)
Path Group: clk
Path Type: min

Fanout     Cap    Slew   Delay    Time   Description
-----------------------------------------------------------------------------
                          0.00    0.00   clock clk (rise edge)
                          0.00    0.00   clock source latency
                  0.04    0.03    0.03 ^ clk (in)
     1    0.01                           clk (net)
                  0.04    0.00    0.03 ^ clkbuf_0_clk/A (sky130_fd_sc_hd__clkbuf_16)
                  0.09    0.15    0.18 ^ clkbuf_0_clk/X (sky130_fd_sc_hd__clkbuf_16)
    16    0.07                           clknet_0_clk (net)
                  0.09    0.00    0.18 ^ clkbuf_4_13_0_clk/A (sky130_fd_sc_hd__clkbuf_8)
                  0.06    0.15    0.33 ^ clkbuf_4_13_0_clk/X (sky130_fd_sc_hd__clkbuf_8)
     9    0.03                           clknet_4_13_0_clk (net)
                  0.06    0.00    0.33 ^ _1173_/CLK (sky130_fd_sc_hd__dfrtp_1)
                  0.11    0.36    0.68 ^ _1173_/Q (sky130_fd_sc_hd__dfrtp_1)
     4    0.01                           u_addr_gen.addr[0] (net)
                  0.11    0.00    0.68 ^ _0908_/A (sky130_fd_sc_hd__or2b_1)
                  0.13    0.16    0.85 ^ _0908_/X (sky130_fd_sc_hd__or2b_1)
     4    0.01                           _0344_ (net)
                  0.13    0.00    0.85 ^ _0963_/A (sky130_fd_sc_hd__or3b_4)
                  0.05    0.15    1.00 ^ _0963_/X (sky130_fd_sc_hd__or3b_4)
     4    0.01                           _0383_ (net)
                  0.05    0.00    1.00 ^ _0964_/B (sky130_fd_sc_hd__nor2_1)
                  0.04    0.05    1.05 v _0964_/Y (sky130_fd_sc_hd__nor2_1)
     2    0.01                           _0384_ (net)
                  0.04    0.00    1.05 v _0965_/S (sky130_fd_sc_hd__mux2_1)
                  0.04    0.18    1.23 ^ _0965_/X (sky130_fd_sc_hd__mux2_1)
     1    0.00                           _0385_ (net)
                  0.04    0.00    1.23 ^ _0966_/A (sky130_fd_sc_hd__clkbuf_1)
                  0.04    0.07    1.30 ^ _0966_/X (sky130_fd_sc_hd__clkbuf_1)
     1    0.00                           _0031_ (net)
                  0.04    0.00    1.30 ^ _1197_/D (sky130_fd_sc_hd__dfxtp_1)
                                  1.30   data arrival time

                          0.00    0.00   clock clk (rise edge)
                          0.00    0.00   clock source latency
                  0.04    0.03    0.03 ^ clk (in)
     1    0.01                           clk (net)
                  0.04    0.00    0.03 ^ clkbuf_0_clk/A (sky130_fd_sc_hd__clkbuf_16)
                  0.09    0.17    0.20 ^ clkbuf_0_clk/X (sky130_fd_sc_hd__clkbuf_16)
    16    0.07                           clknet_0_clk (net)
                  0.09    0.00    0.20 ^ clkbuf_4_2_0_clk/A (sky130_fd_sc_hd__clkbuf_8)
                  0.08    0.18    0.38 ^ clkbuf_4_2_0_clk/X (sky130_fd_sc_hd__clkbuf_8)
    14    0.04                           clknet_4_2_0_clk (net)
                  0.08    0.00    0.38 ^ _1197_/CLK (sky130_fd_sc_hd__dfxtp_1)
                          0.25    0.63   clock uncertainty
                         -0.02    0.61   clock reconvergence pessimism
                         -0.03    0.58   library hold time
                                  0.58   data required time
-----------------------------------------------------------------------------
                                  0.58   data required time
                                 -1.30   data arrival time
-----------------------------------------------------------------------------
                                  0.71   slack (MET)


Startpoint: _1178_ (rising edge-triggered flip-flop clocked by clk)
Endpoint: _1286_ (rising edge-triggered flip-flop clocked by clk)
Path Group: clk
Path Type: min

Fanout     Cap    Slew   Delay    Time   Description
-----------------------------------------------------------------------------
                          0.00    0.00   clock clk (rise edge)
                          0.00    0.00   clock source latency
                  0.04    0.03    0.03 ^ clk (in)
     1    0.01                           clk (net)
                  0.04    0.00    0.03 ^ clkbuf_0_clk/A (sky130_fd_sc_hd__clkbuf_16)
                  0.09    0.15    0.18 ^ clkbuf_0_clk/X (sky130_fd_sc_hd__clkbuf_16)
    16    0.07                           clknet_0_clk (net)
                  0.09    0.00    0.18 ^ clkbuf_4_15_0_clk/A (sky130_fd_sc_hd__clkbuf_8)
                  0.05    0.14    0.32 ^ clkbuf_4_15_0_clk/X (sky130_fd_sc_hd__clkbuf_8)
     6    0.02                           clknet_4_15_0_clk (net)
                  0.05    0.00    0.32 ^ _1178_/CLK (sky130_fd_sc_hd__dfrtp_4)
                  0.13    0.44    0.76 ^ _1178_/Q (sky130_fd_sc_hd__dfrtp_4)
     9    0.03                           u_addr_gen.addr[5] (net)
                  0.13    0.00    0.76 ^ _0590_/B (sky130_fd_sc_hd__or3b_4)
                  0.09    0.18    0.94 ^ _0590_/X (sky130_fd_sc_hd__or3b_4)
     8    0.02                           _0519_ (net)
                  0.09    0.00    0.94 ^ _0617_/B (sky130_fd_sc_hd__or2_1)
                  0.10    0.14    1.08 ^ _0617_/X (sky130_fd_sc_hd__or2_1)
     2    0.01                           _0536_ (net)
                  0.10    0.00    1.08 ^ _0620_/S (sky130_fd_sc_hd__mux2_1)
                  0.04    0.13    1.21 ^ _0620_/X (sky130_fd_sc_hd__mux2_1)
     1    0.00                           _0538_ (net)
                  0.04    0.00    1.21 ^ _0621_/A (sky130_fd_sc_hd__clkbuf_1)
                  0.04    0.08    1.28 ^ _0621_/X (sky130_fd_sc_hd__clkbuf_1)
     1    0.00                           _0120_ (net)
                  0.04    0.00    1.28 ^ _1286_/D (sky130_fd_sc_hd__dfxtp_1)
                                  1.28   data arrival time

                          0.00    0.00   clock clk (rise edge)
                          0.00    0.00   clock source latency
                  0.04    0.03    0.03 ^ clk (in)
     1    0.01                           clk (net)
                  0.04    0.00    0.03 ^ clkbuf_0_clk/A (sky130_fd_sc_hd__clkbuf_16)
                  0.09    0.17    0.20 ^ clkbuf_0_clk/X (sky130_fd_sc_hd__clkbuf_16)
    16    0.07                           clknet_0_clk (net)
                  0.09    0.00    0.20 ^ clkbuf_4_1_0_clk/A (sky130_fd_sc_hd__clkbuf_8)
                  0.06    0.17    0.36 ^ clkbuf_4_1_0_clk/X (sky130_fd_sc_hd__clkbuf_8)
    10    0.03                           clknet_4_1_0_clk (net)
                  0.06    0.00    0.37 ^ _1286_/CLK (sky130_fd_sc_hd__dfxtp_1)
                          0.25    0.62   clock uncertainty
                         -0.02    0.60   clock reconvergence pessimism
                         -0.03    0.57   library hold time
                                  0.57   data required time
-----------------------------------------------------------------------------
                                  0.57   data required time
                                 -1.28   data arrival time
-----------------------------------------------------------------------------
                                  0.72   slack (MET)


Startpoint: _1176_ (rising edge-triggered flip-flop clocked by clk)
Endpoint: _1227_ (rising edge-triggered flip-flop clocked by clk)
Path Group: clk
Path Type: min

Fanout     Cap    Slew   Delay    Time   Description
-----------------------------------------------------------------------------
                          0.00    0.00   clock clk (rise edge)
                          0.00    0.00   clock source latency
                  0.04    0.03    0.03 ^ clk (in)
     1    0.01                           clk (net)
                  0.04    0.00    0.03 ^ clkbuf_0_clk/A (sky130_fd_sc_hd__clkbuf_16)
                  0.09    0.15    0.18 ^ clkbuf_0_clk/X (sky130_fd_sc_hd__clkbuf_16)
    16    0.07                           clknet_0_clk (net)
                  0.09    0.00    0.18 ^ clkbuf_4_12_0_clk/A (sky130_fd_sc_hd__clkbuf_8)
                  0.05    0.14    0.32 ^ clkbuf_4_12_0_clk/X (sky130_fd_sc_hd__clkbuf_8)
     7    0.02                           clknet_4_12_0_clk (net)
                  0.05    0.00    0.32 ^ _1176_/CLK (sky130_fd_sc_hd__dfrtp_4)
                  0.10    0.42    0.74 ^ _1176_/Q (sky130_fd_sc_hd__dfrtp_4)
     8    0.02                           u_addr_gen.addr[3] (net)
                  0.10    0.00    0.74 ^ _0896_/B (sky130_fd_sc_hd__or3b_1)
                  0.04    0.11    0.85 ^ _0896_/X (sky130_fd_sc_hd__or3b_1)
     1    0.00                           _0336_ (net)
                  0.04    0.00    0.85 ^ _0897_/A (sky130_fd_sc_hd__buf_2)
                  0.07    0.11    0.97 ^ _0897_/X (sky130_fd_sc_hd__buf_2)
     5    0.01                           _0337_ (net)
                  0.07    0.00    0.97 ^ _1052_/A (sky130_fd_sc_hd__nor2_1)
                  0.05    0.06    1.03 v _1052_/Y (sky130_fd_sc_hd__nor2_1)
     2    0.01                           _0442_ (net)
                  0.05    0.00    1.03 v _1053_/S (sky130_fd_sc_hd__mux2_1)
                  0.04    0.18    1.21 ^ _1053_/X (sky130_fd_sc_hd__mux2_1)
     1    0.00                           _0443_ (net)
                  0.04    0.00    1.21 ^ _1054_/A (sky130_fd_sc_hd__clkbuf_1)
                  0.04    0.07    1.29 ^ _1054_/X (sky130_fd_sc_hd__clkbuf_1)
     1    0.00                           _0061_ (net)
                  0.04    0.00    1.29 ^ _1227_/D (sky130_fd_sc_hd__dfxtp_1)
                                  1.29   data arrival time

                          0.00    0.00   clock clk (rise edge)
                          0.00    0.00   clock source latency
                  0.04    0.03    0.03 ^ clk (in)
     1    0.01                           clk (net)
                  0.04    0.00    0.03 ^ clkbuf_0_clk/A (sky130_fd_sc_hd__clkbuf_16)
                  0.09    0.17    0.20 ^ clkbuf_0_clk/X (sky130_fd_sc_hd__clkbuf_16)
    16    0.07                           clknet_0_clk (net)
                  0.09    0.00    0.20 ^ clkbuf_4_5_0_clk/A (sky130_fd_sc_hd__clkbuf_8)
                  0.07    0.17    0.37 ^ clkbuf_4_5_0_clk/X (sky130_fd_sc_hd__clkbuf_8)
    11    0.03                           clknet_4_5_0_clk (net)
                  0.07    0.00    0.37 ^ _1227_/CLK (sky130_fd_sc_hd__dfxtp_1)
                          0.25    0.62   clock uncertainty
                         -0.02    0.60   clock reconvergence pessimism
                         -0.03    0.57   library hold time
                                  0.57   data required time
-----------------------------------------------------------------------------
                                  0.57   data required time
                                 -1.29   data arrival time
-----------------------------------------------------------------------------
                                  0.72   slack (MET)


Startpoint: _1317_ (rising edge-triggered flip-flop clocked by clk)
Endpoint: _1240_ (rising edge-triggered flip-flop clocked by clk)
Path Group: clk
Path Type: min

Fanout     Cap    Slew   Delay    Time   Description
-----------------------------------------------------------------------------
                          0.00    0.00   clock clk (rise edge)
                          0.00    0.00   clock source latency
                  0.04    0.03    0.03 ^ clk (in)
     1    0.01                           clk (net)
                  0.04    0.00    0.03 ^ clkbuf_0_clk/A (sky130_fd_sc_hd__clkbuf_16)
                  0.09    0.15    0.18 ^ clkbuf_0_clk/X (sky130_fd_sc_hd__clkbuf_16)
    16    0.07                           clknet_0_clk (net)
                  0.09    0.00    0.18 ^ clkbuf_4_10_0_clk/A (sky130_fd_sc_hd__clkbuf_8)
                  0.08    0.16    0.34 ^ clkbuf_4_10_0_clk/X (sky130_fd_sc_hd__clkbuf_8)
    15    0.04                           clknet_4_10_0_clk (net)
                  0.08    0.00    0.34 ^ _1317_/CLK (sky130_fd_sc_hd__dfrtp_4)
                  0.10    0.43    0.78 ^ _1317_/Q (sky130_fd_sc_hd__dfrtp_4)
     4    0.02                           u_pattern_gen.state_r[0] (net)
                  0.10    0.00    0.78 ^ _0915_/A (sky130_fd_sc_hd__clkbuf_4)
                  0.08    0.17    0.94 ^ _0915_/X (sky130_fd_sc_hd__clkbuf_4)
    10    0.02                           _0350_ (net)
                  0.08    0.00    0.94 ^ _1021_/A (sky130_fd_sc_hd__clkbuf_4)
                  0.06    0.15    1.09 ^ _1021_/X (sky130_fd_sc_hd__clkbuf_4)
    10    0.02                           _0422_ (net)
                  0.06    0.00    1.09 ^ _1085_/A0 (sky130_fd_sc_hd__mux2_1)
                  0.05    0.12    1.21 ^ _1085_/X (sky130_fd_sc_hd__mux2_1)
     1    0.00                           _0462_ (net)
                  0.05    0.00    1.22 ^ _1086_/A (sky130_fd_sc_hd__clkbuf_1)
                  0.05    0.08    1.29 ^ _1086_/X (sky130_fd_sc_hd__clkbuf_1)
     1    0.00                           _0074_ (net)
                  0.05    0.00    1.29 ^ _1240_/D (sky130_fd_sc_hd__dfxtp_1)
                                  1.29   data arrival time

                          0.00    0.00   clock clk (rise edge)
                          0.00    0.00   clock source latency
                  0.04    0.03    0.03 ^ clk (in)
     1    0.01                           clk (net)
                  0.04    0.00    0.03 ^ clkbuf_0_clk/A (sky130_fd_sc_hd__clkbuf_16)
                  0.09    0.17    0.20 ^ clkbuf_0_clk/X (sky130_fd_sc_hd__clkbuf_16)
    16    0.07                           clknet_0_clk (net)
                  0.09    0.00    0.20 ^ clkbuf_4_7_0_clk/A (sky130_fd_sc_hd__clkbuf_8)
                  0.07    0.17    0.37 ^ clkbuf_4_7_0_clk/X (sky130_fd_sc_hd__clkbuf_8)
    13    0.03                           clknet_4_7_0_clk (net)
                  0.07    0.00    0.37 ^ _1240_/CLK (sky130_fd_sc_hd__dfxtp_1)
                          0.25    0.62   clock uncertainty
                         -0.02    0.60   clock reconvergence pessimism
                         -0.03    0.58   library hold time
                                  0.58   data required time
-----------------------------------------------------------------------------
                                  0.58   data required time
                                 -1.29   data arrival time
-----------------------------------------------------------------------------
                                  0.72   slack (MET)


Startpoint: _1176_ (rising edge-triggered flip-flop clocked by clk)
Endpoint: _1259_ (rising edge-triggered flip-flop clocked by clk)
Path Group: clk
Path Type: min

Fanout     Cap    Slew   Delay    Time   Description
-----------------------------------------------------------------------------
                          0.00    0.00   clock clk (rise edge)
                          0.00    0.00   clock source latency
                  0.04    0.03    0.03 ^ clk (in)
     1    0.01                           clk (net)
                  0.04    0.00    0.03 ^ clkbuf_0_clk/A (sky130_fd_sc_hd__clkbuf_16)
                  0.09    0.15    0.18 ^ clkbuf_0_clk/X (sky130_fd_sc_hd__clkbuf_16)
    16    0.07                           clknet_0_clk (net)
                  0.09    0.00    0.18 ^ clkbuf_4_12_0_clk/A (sky130_fd_sc_hd__clkbuf_8)
                  0.05    0.14    0.32 ^ clkbuf_4_12_0_clk/X (sky130_fd_sc_hd__clkbuf_8)
     7    0.02                           clknet_4_12_0_clk (net)
                  0.05    0.00    0.32 ^ _1176_/CLK (sky130_fd_sc_hd__dfrtp_4)
                  0.10    0.42    0.74 ^ _1176_/Q (sky130_fd_sc_hd__dfrtp_4)
     8    0.02                           u_addr_gen.addr[3] (net)
                  0.10    0.00    0.74 ^ _0896_/B (sky130_fd_sc_hd__or3b_1)
                  0.04    0.11    0.85 ^ _0896_/X (sky130_fd_sc_hd__or3b_1)
     1    0.00                           _0336_ (net)
                  0.04    0.00    0.85 ^ _0897_/A (sky130_fd_sc_hd__buf_2)
                  0.07    0.11    0.97 ^ _0897_/X (sky130_fd_sc_hd__buf_2)
     5    0.01                           _0337_ (net)
                  0.07    0.00    0.97 ^ _1136_/A (sky130_fd_sc_hd__nor2_1)
                  0.05    0.06    1.03 v _1136_/Y (sky130_fd_sc_hd__nor2_1)
     2    0.01                           _0494_ (net)
                  0.05    0.00    1.03 v _1137_/S (sky130_fd_sc_hd__mux2_1)
                  0.04    0.18    1.21 ^ _1137_/X (sky130_fd_sc_hd__mux2_1)
     1    0.00                           _0495_ (net)
                  0.04    0.00    1.21 ^ _1138_/A (sky130_fd_sc_hd__clkbuf_1)
                  0.04    0.07    1.28 ^ _1138_/X (sky130_fd_sc_hd__clkbuf_1)
     1    0.00                           _0093_ (net)
                  0.04    0.00    1.28 ^ _1259_/D (sky130_fd_sc_hd__dfxtp_1)
                                  1.28   data arrival time

                          0.00    0.00   clock clk (rise edge)
                          0.00    0.00   clock source latency
                  0.04    0.03    0.03 ^ clk (in)
     1    0.01                           clk (net)
                  0.04    0.00    0.03 ^ clkbuf_0_clk/A (sky130_fd_sc_hd__clkbuf_16)
                  0.09    0.17    0.20 ^ clkbuf_0_clk/X (sky130_fd_sc_hd__clkbuf_16)
    16    0.07                           clknet_0_clk (net)
                  0.09    0.00    0.20 ^ clkbuf_4_4_0_clk/A (sky130_fd_sc_hd__clkbuf_8)
                  0.06    0.16    0.36 ^ clkbuf_4_4_0_clk/X (sky130_fd_sc_hd__clkbuf_8)
     9    0.03                           clknet_4_4_0_clk (net)
                  0.06    0.00    0.36 ^ _1259_/CLK (sky130_fd_sc_hd__dfxtp_1)
                          0.25    0.61   clock uncertainty
                         -0.02    0.59   clock reconvergence pessimism
                         -0.03    0.56   library hold time
                                  0.56   data required time
-----------------------------------------------------------------------------
                                  0.56   data required time
                                 -1.28   data arrival time
-----------------------------------------------------------------------------
                                  0.72   slack (MET)


Startpoint: _1178_ (rising edge-triggered flip-flop clocked by clk)
Endpoint: _1282_ (rising edge-triggered flip-flop clocked by clk)
Path Group: clk
Path Type: min

Fanout     Cap    Slew   Delay    Time   Description
-----------------------------------------------------------------------------
                          0.00    0.00   clock clk (rise edge)
                          0.00    0.00   clock source latency
                  0.04    0.03    0.03 ^ clk (in)
     1    0.01                           clk (net)
                  0.04    0.00    0.03 ^ clkbuf_0_clk/A (sky130_fd_sc_hd__clkbuf_16)
                  0.09    0.15    0.18 ^ clkbuf_0_clk/X (sky130_fd_sc_hd__clkbuf_16)
    16    0.07                           clknet_0_clk (net)
                  0.09    0.00    0.18 ^ clkbuf_4_15_0_clk/A (sky130_fd_sc_hd__clkbuf_8)
                  0.05    0.14    0.32 ^ clkbuf_4_15_0_clk/X (sky130_fd_sc_hd__clkbuf_8)
     6    0.02                           clknet_4_15_0_clk (net)
                  0.05    0.00    0.32 ^ _1178_/CLK (sky130_fd_sc_hd__dfrtp_4)
                  0.13    0.44    0.76 ^ _1178_/Q (sky130_fd_sc_hd__dfrtp_4)
     9    0.03                           u_addr_gen.addr[5] (net)
                  0.13    0.00    0.76 ^ _0590_/B (sky130_fd_sc_hd__or3b_4)
                  0.09    0.18    0.94 ^ _0590_/X (sky130_fd_sc_hd__or3b_4)
     8    0.02                           _0519_ (net)
                  0.09    0.00    0.94 ^ _0607_/B (sky130_fd_sc_hd__or2_1)
                  0.10    0.14    1.08 ^ _0607_/X (sky130_fd_sc_hd__or2_1)
     2    0.01                           _0530_ (net)
                  0.10    0.00    1.08 ^ _0610_/S (sky130_fd_sc_hd__mux2_1)
                  0.04    0.13    1.21 ^ _0610_/X (sky130_fd_sc_hd__mux2_1)
     1    0.00                           _0532_ (net)
                  0.04    0.00    1.21 ^ _0611_/A (sky130_fd_sc_hd__clkbuf_1)
                  0.04    0.07    1.29 ^ _0611_/X (sky130_fd_sc_hd__clkbuf_1)
     1    0.00                           _0116_ (net)
                  0.04    0.00    1.29 ^ _1282_/D (sky130_fd_sc_hd__dfxtp_1)
                                  1.29   data arrival time

                          0.00    0.00   clock clk (rise edge)
                          0.00    0.00   clock source latency
                  0.04    0.03    0.03 ^ clk (in)
     1    0.01                           clk (net)
                  0.04    0.00    0.03 ^ clkbuf_0_clk/A (sky130_fd_sc_hd__clkbuf_16)
                  0.09    0.17    0.20 ^ clkbuf_0_clk/X (sky130_fd_sc_hd__clkbuf_16)
    16    0.07                           clknet_0_clk (net)
                  0.09    0.00    0.20 ^ clkbuf_4_0_0_clk/A (sky130_fd_sc_hd__clkbuf_8)
                  0.06    0.17    0.36 ^ clkbuf_4_0_0_clk/X (sky130_fd_sc_hd__clkbuf_8)
    10    0.03                           clknet_4_0_0_clk (net)
                  0.06    0.00    0.36 ^ _1282_/CLK (sky130_fd_sc_hd__dfxtp_1)
                          0.25    0.61   clock uncertainty
                         -0.02    0.60   clock reconvergence pessimism
                         -0.03    0.57   library hold time
                                  0.57   data required time
-----------------------------------------------------------------------------
                                  0.57   data required time
                                 -1.29   data arrival time
-----------------------------------------------------------------------------
                                  0.72   slack (MET)


Startpoint: _1317_ (rising edge-triggered flip-flop clocked by clk)
Endpoint: _1232_ (rising edge-triggered flip-flop clocked by clk)
Path Group: clk
Path Type: min

Fanout     Cap    Slew   Delay    Time   Description
-----------------------------------------------------------------------------
                          0.00    0.00   clock clk (rise edge)
                          0.00    0.00   clock source latency
                  0.04    0.03    0.03 ^ clk (in)
     1    0.01                           clk (net)
                  0.04    0.00    0.03 ^ clkbuf_0_clk/A (sky130_fd_sc_hd__clkbuf_16)
                  0.09    0.15    0.18 ^ clkbuf_0_clk/X (sky130_fd_sc_hd__clkbuf_16)
    16    0.07                           clknet_0_clk (net)
                  0.09    0.00    0.18 ^ clkbuf_4_10_0_clk/A (sky130_fd_sc_hd__clkbuf_8)
                  0.08    0.16    0.34 ^ clkbuf_4_10_0_clk/X (sky130_fd_sc_hd__clkbuf_8)
    15    0.04                           clknet_4_10_0_clk (net)
                  0.08    0.00    0.34 ^ _1317_/CLK (sky130_fd_sc_hd__dfrtp_4)
                  0.10    0.43    0.78 ^ _1317_/Q (sky130_fd_sc_hd__dfrtp_4)
     4    0.02                           u_pattern_gen.state_r[0] (net)
                  0.10    0.00    0.78 ^ _0915_/A (sky130_fd_sc_hd__clkbuf_4)
                  0.08    0.17    0.94 ^ _0915_/X (sky130_fd_sc_hd__clkbuf_4)
    10    0.02                           _0350_ (net)
                  0.08    0.00    0.94 ^ _1044_/A (sky130_fd_sc_hd__clkbuf_4)
                  0.07    0.16    1.10 ^ _1044_/X (sky130_fd_sc_hd__clkbuf_4)
    10    0.02                           _0437_ (net)
                  0.07    0.00    1.10 ^ _1065_/A1 (sky130_fd_sc_hd__mux2_1)
                  0.04    0.12    1.22 ^ _1065_/X (sky130_fd_sc_hd__mux2_1)
     1    0.00                           _0450_ (net)
                  0.04    0.00    1.22 ^ _1066_/A (sky130_fd_sc_hd__clkbuf_1)
                  0.05    0.08    1.30 ^ _1066_/X (sky130_fd_sc_hd__clkbuf_1)
     1    0.00                           _0066_ (net)
                  0.05    0.00    1.30 ^ _1232_/D (sky130_fd_sc_hd__dfxtp_1)
                                  1.30   data arrival time

                          0.00    0.00   clock clk (rise edge)
                          0.00    0.00   clock source latency
                  0.04    0.03    0.03 ^ clk (in)
     1    0.01                           clk (net)
                  0.04    0.00    0.03 ^ clkbuf_0_clk/A (sky130_fd_sc_hd__clkbuf_16)
                  0.09    0.17    0.20 ^ clkbuf_0_clk/X (sky130_fd_sc_hd__clkbuf_16)
    16    0.07                           clknet_0_clk (net)
                  0.09    0.00    0.20 ^ clkbuf_4_7_0_clk/A (sky130_fd_sc_hd__clkbuf_8)
                  0.07    0.17    0.37 ^ clkbuf_4_7_0_clk/X (sky130_fd_sc_hd__clkbuf_8)
    13    0.03                           clknet_4_7_0_clk (net)
                  0.07    0.00    0.37 ^ _1232_/CLK (sky130_fd_sc_hd__dfxtp_1)
                          0.25    0.62   clock uncertainty
                         -0.02    0.60   clock reconvergence pessimism
                         -0.03    0.57   library hold time
                                  0.57   data required time
-----------------------------------------------------------------------------
                                  0.57   data required time
                                 -1.30   data arrival time
-----------------------------------------------------------------------------
                                  0.72   slack (MET)


Startpoint: _1178_ (rising edge-triggered flip-flop clocked by clk)
Endpoint: _1216_ (rising edge-triggered flip-flop clocked by clk)
Path Group: clk
Path Type: min

Fanout     Cap    Slew   Delay    Time   Description
-----------------------------------------------------------------------------
                          0.00    0.00   clock clk (rise edge)
                          0.00    0.00   clock source latency
                  0.04    0.03    0.03 ^ clk (in)
     1    0.01                           clk (net)
                  0.04    0.00    0.03 ^ clkbuf_0_clk/A (sky130_fd_sc_hd__clkbuf_16)
                  0.09    0.15    0.18 ^ clkbuf_0_clk/X (sky130_fd_sc_hd__clkbuf_16)
    16    0.07                           clknet_0_clk (net)
                  0.09    0.00    0.18 ^ clkbuf_4_15_0_clk/A (sky130_fd_sc_hd__clkbuf_8)
                  0.05    0.14    0.32 ^ clkbuf_4_15_0_clk/X (sky130_fd_sc_hd__clkbuf_8)
     6    0.02                           clknet_4_15_0_clk (net)
                  0.05    0.00    0.32 ^ _1178_/CLK (sky130_fd_sc_hd__dfrtp_4)
                  0.10    0.49    0.81 v _1178_/Q (sky130_fd_sc_hd__dfrtp_4)
     9    0.03                           u_addr_gen.addr[5] (net)
                  0.10    0.00    0.81 v _1005_/B (sky130_fd_sc_hd__nand3b_4)
                  0.07    0.11    0.91 ^ _1005_/Y (sky130_fd_sc_hd__nand3b_4)
     8    0.02                           _0411_ (net)
                  0.07    0.00    0.91 ^ _1018_/B (sky130_fd_sc_hd__or2_1)
                  0.10    0.14    1.05 ^ _1018_/X (sky130_fd_sc_hd__or2_1)
     2    0.01                           _0420_ (net)
                  0.10    0.00    1.05 ^ _1022_/S (sky130_fd_sc_hd__mux2_1)
                  0.04    0.14    1.19 ^ _1022_/X (sky130_fd_sc_hd__mux2_1)
     1    0.00                           _0423_ (net)
                  0.04    0.00    1.19 ^ _1023_/A (sky130_fd_sc_hd__clkbuf_1)
                  0.04    0.07    1.26 ^ _1023_/X (sky130_fd_sc_hd__clkbuf_1)
     1    0.00                           _0050_ (net)
                  0.04    0.00    1.26 ^ _1216_/D (sky130_fd_sc_hd__dfxtp_1)
                                  1.26   data arrival time

                          0.00    0.00   clock clk (rise edge)
                          0.00    0.00   clock source latency
                  0.04    0.03    0.03 ^ clk (in)
     1    0.01                           clk (net)
                  0.04    0.00    0.03 ^ clkbuf_0_clk/A (sky130_fd_sc_hd__clkbuf_16)
                  0.09    0.17    0.20 ^ clkbuf_0_clk/X (sky130_fd_sc_hd__clkbuf_16)
    16    0.07                           clknet_0_clk (net)
                  0.09    0.00    0.20 ^ clkbuf_4_15_0_clk/A (sky130_fd_sc_hd__clkbuf_8)
                  0.05    0.15    0.35 ^ clkbuf_4_15_0_clk/X (sky130_fd_sc_hd__clkbuf_8)
     6    0.02                           clknet_4_15_0_clk (net)
                  0.05    0.00    0.35 ^ _1216_/CLK (sky130_fd_sc_hd__dfxtp_1)
                          0.25    0.60   clock uncertainty
                         -0.03    0.57   clock reconvergence pessimism
                         -0.03    0.54   library hold time
                                  0.54   data required time
-----------------------------------------------------------------------------
                                  0.54   data required time
                                 -1.26   data arrival time
-----------------------------------------------------------------------------
                                  0.72   slack (MET)


Startpoint: _1176_ (rising edge-triggered flip-flop clocked by clk)
Endpoint: _1291_ (rising edge-triggered flip-flop clocked by clk)
Path Group: clk
Path Type: min

Fanout     Cap    Slew   Delay    Time   Description
-----------------------------------------------------------------------------
                          0.00    0.00   clock clk (rise edge)
                          0.00    0.00   clock source latency
                  0.04    0.03    0.03 ^ clk (in)
     1    0.01                           clk (net)
                  0.04    0.00    0.03 ^ clkbuf_0_clk/A (sky130_fd_sc_hd__clkbuf_16)
                  0.09    0.15    0.18 ^ clkbuf_0_clk/X (sky130_fd_sc_hd__clkbuf_16)
    16    0.07                           clknet_0_clk (net)
                  0.09    0.00    0.18 ^ clkbuf_4_12_0_clk/A (sky130_fd_sc_hd__clkbuf_8)
                  0.05    0.14    0.32 ^ clkbuf_4_12_0_clk/X (sky130_fd_sc_hd__clkbuf_8)
     7    0.02                           clknet_4_12_0_clk (net)
                  0.05    0.00    0.32 ^ _1176_/CLK (sky130_fd_sc_hd__dfrtp_4)
                  0.10    0.42    0.74 ^ _1176_/Q (sky130_fd_sc_hd__dfrtp_4)
     8    0.02                           u_addr_gen.addr[3] (net)
                  0.10    0.00    0.74 ^ _0896_/B (sky130_fd_sc_hd__or3b_1)
                  0.04    0.11    0.85 ^ _0896_/X (sky130_fd_sc_hd__or3b_1)
     1    0.00                           _0336_ (net)
                  0.04    0.00    0.85 ^ _0897_/A (sky130_fd_sc_hd__buf_2)
                  0.07    0.11    0.97 ^ _0897_/X (sky130_fd_sc_hd__buf_2)
     5    0.01                           _0337_ (net)
                  0.07    0.00    0.97 ^ _0632_/A (sky130_fd_sc_hd__nor2_1)
                  0.05    0.06    1.03 v _0632_/Y (sky130_fd_sc_hd__nor2_1)
     2    0.01                           _0545_ (net)
                  0.05    0.00    1.03 v _0633_/S (sky130_fd_sc_hd__mux2_1)
                  0.04    0.18    1.21 ^ _0633_/X (sky130_fd_sc_hd__mux2_1)
     1    0.00                           _0546_ (net)
                  0.04    0.00    1.21 ^ _0634_/A (sky130_fd_sc_hd__clkbuf_1)
                  0.04    0.08    1.29 ^ _0634_/X (sky130_fd_sc_hd__clkbuf_1)
     1    0.00                           _0125_ (net)
                  0.04    0.00    1.29 ^ _1291_/D (sky130_fd_sc_hd__dfxtp_1)
                                  1.29   data arrival time

                          0.00    0.00   clock clk (rise edge)
                          0.00    0.00   clock source latency
                  0.04    0.03    0.03 ^ clk (in)
     1    0.01                           clk (net)
                  0.04    0.00    0.03 ^ clkbuf_0_clk/A (sky130_fd_sc_hd__clkbuf_16)
                  0.09    0.17    0.20 ^ clkbuf_0_clk/X (sky130_fd_sc_hd__clkbuf_16)
    16    0.07                           clknet_0_clk (net)
                  0.09    0.00    0.20 ^ clkbuf_4_0_0_clk/A (sky130_fd_sc_hd__clkbuf_8)
                  0.06    0.17    0.36 ^ clkbuf_4_0_0_clk/X (sky130_fd_sc_hd__clkbuf_8)
    10    0.03                           clknet_4_0_0_clk (net)
                  0.06    0.00    0.36 ^ _1291_/CLK (sky130_fd_sc_hd__dfxtp_1)
                          0.25    0.61   clock uncertainty
                         -0.02    0.60   clock reconvergence pessimism
                         -0.03    0.57   library hold time
                                  0.57   data required time
-----------------------------------------------------------------------------
                                  0.57   data required time
                                 -1.29   data arrival time
-----------------------------------------------------------------------------
                                  0.72   slack (MET)


Startpoint: _1176_ (rising edge-triggered flip-flop clocked by clk)
Endpoint: _1260_ (rising edge-triggered flip-flop clocked by clk)
Path Group: clk
Path Type: min

Fanout     Cap    Slew   Delay    Time   Description
-----------------------------------------------------------------------------
                          0.00    0.00   clock clk (rise edge)
                          0.00    0.00   clock source latency
                  0.04    0.03    0.03 ^ clk (in)
     1    0.01                           clk (net)
                  0.04    0.00    0.03 ^ clkbuf_0_clk/A (sky130_fd_sc_hd__clkbuf_16)
                  0.09    0.15    0.18 ^ clkbuf_0_clk/X (sky130_fd_sc_hd__clkbuf_16)
    16    0.07                           clknet_0_clk (net)
                  0.09    0.00    0.18 ^ clkbuf_4_12_0_clk/A (sky130_fd_sc_hd__clkbuf_8)
                  0.05    0.14    0.32 ^ clkbuf_4_12_0_clk/X (sky130_fd_sc_hd__clkbuf_8)
     7    0.02                           clknet_4_12_0_clk (net)
                  0.05    0.00    0.32 ^ _1176_/CLK (sky130_fd_sc_hd__dfrtp_4)
                  0.10    0.42    0.74 ^ _1176_/Q (sky130_fd_sc_hd__dfrtp_4)
     8    0.02                           u_addr_gen.addr[3] (net)
                  0.10    0.00    0.74 ^ _0896_/B (sky130_fd_sc_hd__or3b_1)
                  0.04    0.11    0.85 ^ _0896_/X (sky130_fd_sc_hd__or3b_1)
     1    0.00                           _0336_ (net)
                  0.04    0.00    0.85 ^ _0897_/A (sky130_fd_sc_hd__buf_2)
                  0.07    0.11    0.97 ^ _0897_/X (sky130_fd_sc_hd__buf_2)
     5    0.01                           _0337_ (net)
                  0.07    0.00    0.97 ^ _1136_/A (sky130_fd_sc_hd__nor2_1)
                  0.05    0.06    1.03 v _1136_/Y (sky130_fd_sc_hd__nor2_1)
     2    0.01                           _0494_ (net)
                  0.05    0.00    1.03 v _1139_/S (sky130_fd_sc_hd__mux2_1)
                  0.05    0.18    1.21 ^ _1139_/X (sky130_fd_sc_hd__mux2_1)
     1    0.00                           _0496_ (net)
                  0.05    0.00    1.21 ^ _1140_/A (sky130_fd_sc_hd__clkbuf_1)
                  0.04    0.07    1.29 ^ _1140_/X (sky130_fd_sc_hd__clkbuf_1)
     1    0.00                           _0094_ (net)
                  0.04    0.00    1.29 ^ _1260_/D (sky130_fd_sc_hd__dfxtp_1)
                                  1.29   data arrival time

                          0.00    0.00   clock clk (rise edge)
                          0.00    0.00   clock source latency
                  0.04    0.03    0.03 ^ clk (in)
     1    0.01                           clk (net)
                  0.04    0.00    0.03 ^ clkbuf_0_clk/A (sky130_fd_sc_hd__clkbuf_16)
                  0.09    0.17    0.20 ^ clkbuf_0_clk/X (sky130_fd_sc_hd__clkbuf_16)
    16    0.07                           clknet_0_clk (net)
                  0.09    0.00    0.20 ^ clkbuf_4_4_0_clk/A (sky130_fd_sc_hd__clkbuf_8)
                  0.06    0.16    0.36 ^ clkbuf_4_4_0_clk/X (sky130_fd_sc_hd__clkbuf_8)
     9    0.03                           clknet_4_4_0_clk (net)
                  0.06    0.00    0.36 ^ _1260_/CLK (sky130_fd_sc_hd__dfxtp_1)
                          0.25    0.61   clock uncertainty
                         -0.02    0.59   clock reconvergence pessimism
                         -0.03    0.56   library hold time
                                  0.56   data required time
-----------------------------------------------------------------------------
                                  0.56   data required time
                                 -1.29   data arrival time
-----------------------------------------------------------------------------
                                  0.72   slack (MET)


Startpoint: _1178_ (rising edge-triggered flip-flop clocked by clk)
Endpoint: _1280_ (rising edge-triggered flip-flop clocked by clk)
Path Group: clk
Path Type: min

Fanout     Cap    Slew   Delay    Time   Description
-----------------------------------------------------------------------------
                          0.00    0.00   clock clk (rise edge)
                          0.00    0.00   clock source latency
                  0.04    0.03    0.03 ^ clk (in)
     1    0.01                           clk (net)
                  0.04    0.00    0.03 ^ clkbuf_0_clk/A (sky130_fd_sc_hd__clkbuf_16)
                  0.09    0.15    0.18 ^ clkbuf_0_clk/X (sky130_fd_sc_hd__clkbuf_16)
    16    0.07                           clknet_0_clk (net)
                  0.09    0.00    0.18 ^ clkbuf_4_15_0_clk/A (sky130_fd_sc_hd__clkbuf_8)
                  0.05    0.14    0.32 ^ clkbuf_4_15_0_clk/X (sky130_fd_sc_hd__clkbuf_8)
     6    0.02                           clknet_4_15_0_clk (net)
                  0.05    0.00    0.32 ^ _1178_/CLK (sky130_fd_sc_hd__dfrtp_4)
                  0.13    0.44    0.76 ^ _1178_/Q (sky130_fd_sc_hd__dfrtp_4)
     9    0.03                           u_addr_gen.addr[5] (net)
                  0.13    0.00    0.76 ^ _0590_/B (sky130_fd_sc_hd__or3b_4)
                  0.09    0.18    0.94 ^ _0590_/X (sky130_fd_sc_hd__or3b_4)
     8    0.02                           _0519_ (net)
                  0.09    0.00    0.94 ^ _0602_/B (sky130_fd_sc_hd__or2_1)
                  0.10    0.14    1.08 ^ _0602_/X (sky130_fd_sc_hd__or2_1)
     2    0.01                           _0527_ (net)
                  0.10    0.00    1.08 ^ _0605_/S (sky130_fd_sc_hd__mux2_1)
                  0.04    0.13    1.21 ^ _0605_/X (sky130_fd_sc_hd__mux2_1)
     1    0.00                           _0529_ (net)
                  0.04    0.00    1.21 ^ _0606_/A (sky130_fd_sc_hd__clkbuf_1)
                  0.05    0.08    1.29 ^ _0606_/X (sky130_fd_sc_hd__clkbuf_1)
     1    0.00                           _0114_ (net)
                  0.05    0.00    1.29 ^ _1280_/D (sky130_fd_sc_hd__dfxtp_1)
                                  1.29   data arrival time

                          0.00    0.00   clock clk (rise edge)
                          0.00    0.00   clock source latency
                  0.04    0.03    0.03 ^ clk (in)
     1    0.01                           clk (net)
                  0.04    0.00    0.03 ^ clkbuf_0_clk/A (sky130_fd_sc_hd__clkbuf_16)
                  0.09    0.17    0.20 ^ clkbuf_0_clk/X (sky130_fd_sc_hd__clkbuf_16)
    16    0.07                           clknet_0_clk (net)
                  0.09    0.00    0.20 ^ clkbuf_4_0_0_clk/A (sky130_fd_sc_hd__clkbuf_8)
                  0.06    0.17    0.36 ^ clkbuf_4_0_0_clk/X (sky130_fd_sc_hd__clkbuf_8)
    10    0.03                           clknet_4_0_0_clk (net)
                  0.06    0.00    0.36 ^ _1280_/CLK (sky130_fd_sc_hd__dfxtp_1)
                          0.25    0.61   clock uncertainty
                         -0.02    0.60   clock reconvergence pessimism
                         -0.03    0.57   library hold time
                                  0.57   data required time
-----------------------------------------------------------------------------
                                  0.57   data required time
                                 -1.29   data arrival time
-----------------------------------------------------------------------------
                                  0.72   slack (MET)


Startpoint: _1173_ (rising edge-triggered flip-flop clocked by clk)
Endpoint: _1205_ (rising edge-triggered flip-flop clocked by clk)
Path Group: clk
Path Type: min

Fanout     Cap    Slew   Delay    Time   Description
-----------------------------------------------------------------------------
                          0.00    0.00   clock clk (rise edge)
                          0.00    0.00   clock source latency
                  0.04    0.03    0.03 ^ clk (in)
     1    0.01                           clk (net)
                  0.04    0.00    0.03 ^ clkbuf_0_clk/A (sky130_fd_sc_hd__clkbuf_16)
                  0.09    0.15    0.18 ^ clkbuf_0_clk/X (sky130_fd_sc_hd__clkbuf_16)
    16    0.07                           clknet_0_clk (net)
                  0.09    0.00    0.18 ^ clkbuf_4_13_0_clk/A (sky130_fd_sc_hd__clkbuf_8)
                  0.06    0.15    0.33 ^ clkbuf_4_13_0_clk/X (sky130_fd_sc_hd__clkbuf_8)
     9    0.03                           clknet_4_13_0_clk (net)
                  0.06    0.00    0.33 ^ _1173_/CLK (sky130_fd_sc_hd__dfrtp_1)
                  0.11    0.36    0.68 ^ _1173_/Q (sky130_fd_sc_hd__dfrtp_1)
     4    0.01                           u_addr_gen.addr[0] (net)
                  0.11    0.00    0.68 ^ _0908_/A (sky130_fd_sc_hd__or2b_1)
                  0.13    0.16    0.85 ^ _0908_/X (sky130_fd_sc_hd__or2b_1)
     4    0.01                           _0344_ (net)
                  0.13    0.00    0.85 ^ _0987_/C (sky130_fd_sc_hd__or3_4)
                  0.04    0.13    0.98 ^ _0987_/X (sky130_fd_sc_hd__or3_4)
     4    0.01                           _0399_ (net)
                  0.04    0.00    0.98 ^ _0988_/B (sky130_fd_sc_hd__or2_1)
                  0.09    0.12    1.10 ^ _0988_/X (sky130_fd_sc_hd__or2_1)
     2    0.01                           _0400_ (net)
                  0.09    0.00    1.10 ^ _0989_/S (sky130_fd_sc_hd__mux2_1)
                  0.05    0.13    1.23 ^ _0989_/X (sky130_fd_sc_hd__mux2_1)
     1    0.00                           _0401_ (net)
                  0.05    0.00    1.23 ^ _0990_/A (sky130_fd_sc_hd__clkbuf_1)
                  0.05    0.08    1.31 ^ _0990_/X (sky130_fd_sc_hd__clkbuf_1)
     1    0.00                           _0039_ (net)
                  0.05    0.00    1.31 ^ _1205_/D (sky130_fd_sc_hd__dfxtp_1)
                                  1.31   data arrival time

                          0.00    0.00   clock clk (rise edge)
                          0.00    0.00   clock source latency
                  0.04    0.03    0.03 ^ clk (in)
     1    0.01                           clk (net)
                  0.04    0.00    0.03 ^ clkbuf_0_clk/A (sky130_fd_sc_hd__clkbuf_16)
                  0.09    0.17    0.20 ^ clkbuf_0_clk/X (sky130_fd_sc_hd__clkbuf_16)
    16    0.07                           clknet_0_clk (net)
                  0.09    0.00    0.20 ^ clkbuf_4_10_0_clk/A (sky130_fd_sc_hd__clkbuf_8)
                  0.08    0.18    0.38 ^ clkbuf_4_10_0_clk/X (sky130_fd_sc_hd__clkbuf_8)
    15    0.04                           clknet_4_10_0_clk (net)
                  0.08    0.00    0.38 ^ _1205_/CLK (sky130_fd_sc_hd__dfxtp_1)
                          0.25    0.63   clock uncertainty
                         -0.02    0.61   clock reconvergence pessimism
                         -0.03    0.59   library hold time
                                  0.59   data required time
-----------------------------------------------------------------------------
                                  0.59   data required time
                                 -1.31   data arrival time
-----------------------------------------------------------------------------
                                  0.73   slack (MET)


Startpoint: _1317_ (rising edge-triggered flip-flop clocked by clk)
Endpoint: _1236_ (rising edge-triggered flip-flop clocked by clk)
Path Group: clk
Path Type: min

Fanout     Cap    Slew   Delay    Time   Description
-----------------------------------------------------------------------------
                          0.00    0.00   clock clk (rise edge)
                          0.00    0.00   clock source latency
                  0.04    0.03    0.03 ^ clk (in)
     1    0.01                           clk (net)
                  0.04    0.00    0.03 ^ clkbuf_0_clk/A (sky130_fd_sc_hd__clkbuf_16)
                  0.09    0.15    0.18 ^ clkbuf_0_clk/X (sky130_fd_sc_hd__clkbuf_16)
    16    0.07                           clknet_0_clk (net)
                  0.09    0.00    0.18 ^ clkbuf_4_10_0_clk/A (sky130_fd_sc_hd__clkbuf_8)
                  0.08    0.16    0.34 ^ clkbuf_4_10_0_clk/X (sky130_fd_sc_hd__clkbuf_8)
    15    0.04                           clknet_4_10_0_clk (net)
                  0.08    0.00    0.34 ^ _1317_/CLK (sky130_fd_sc_hd__dfrtp_4)
                  0.10    0.43    0.78 ^ _1317_/Q (sky130_fd_sc_hd__dfrtp_4)
     4    0.02                           u_pattern_gen.state_r[0] (net)
                  0.10    0.00    0.78 ^ _0915_/A (sky130_fd_sc_hd__clkbuf_4)
                  0.08    0.17    0.94 ^ _0915_/X (sky130_fd_sc_hd__clkbuf_4)
    10    0.02                           _0350_ (net)
                  0.08    0.00    0.94 ^ _1044_/A (sky130_fd_sc_hd__clkbuf_4)
                  0.07    0.16    1.10 ^ _1044_/X (sky130_fd_sc_hd__clkbuf_4)
    10    0.02                           _0437_ (net)
                  0.07    0.00    1.10 ^ _1075_/A1 (sky130_fd_sc_hd__mux2_1)
                  0.05    0.12    1.23 ^ _1075_/X (sky130_fd_sc_hd__mux2_1)
     1    0.00                           _0456_ (net)
                  0.05    0.00    1.23 ^ _1076_/A (sky130_fd_sc_hd__clkbuf_1)
                  0.04    0.08    1.30 ^ _1076_/X (sky130_fd_sc_hd__clkbuf_1)
     1    0.00                           _0070_ (net)
                  0.04    0.00    1.30 ^ _1236_/D (sky130_fd_sc_hd__dfxtp_1)
                                  1.30   data arrival time

                          0.00    0.00   clock clk (rise edge)
                          0.00    0.00   clock source latency
                  0.04    0.03    0.03 ^ clk (in)
     1    0.01                           clk (net)
                  0.04    0.00    0.03 ^ clkbuf_0_clk/A (sky130_fd_sc_hd__clkbuf_16)
                  0.09    0.17    0.20 ^ clkbuf_0_clk/X (sky130_fd_sc_hd__clkbuf_16)
    16    0.07                           clknet_0_clk (net)
                  0.09    0.00    0.20 ^ clkbuf_4_7_0_clk/A (sky130_fd_sc_hd__clkbuf_8)
                  0.07    0.17    0.37 ^ clkbuf_4_7_0_clk/X (sky130_fd_sc_hd__clkbuf_8)
    13    0.03                           clknet_4_7_0_clk (net)
                  0.07    0.00    0.37 ^ _1236_/CLK (sky130_fd_sc_hd__dfxtp_1)
                          0.25    0.62   clock uncertainty
                         -0.02    0.60   clock reconvergence pessimism
                         -0.03    0.58   library hold time
                                  0.58   data required time
-----------------------------------------------------------------------------
                                  0.58   data required time
                                 -1.30   data arrival time
-----------------------------------------------------------------------------
                                  0.73   slack (MET)


Startpoint: _1317_ (rising edge-triggered flip-flop clocked by clk)
Endpoint: _1230_ (rising edge-triggered flip-flop clocked by clk)
Path Group: clk
Path Type: min

Fanout     Cap    Slew   Delay    Time   Description
-----------------------------------------------------------------------------
                          0.00    0.00   clock clk (rise edge)
                          0.00    0.00   clock source latency
                  0.04    0.03    0.03 ^ clk (in)
     1    0.01                           clk (net)
                  0.04    0.00    0.03 ^ clkbuf_0_clk/A (sky130_fd_sc_hd__clkbuf_16)
                  0.09    0.15    0.18 ^ clkbuf_0_clk/X (sky130_fd_sc_hd__clkbuf_16)
    16    0.07                           clknet_0_clk (net)
                  0.09    0.00    0.18 ^ clkbuf_4_10_0_clk/A (sky130_fd_sc_hd__clkbuf_8)
                  0.08    0.16    0.34 ^ clkbuf_4_10_0_clk/X (sky130_fd_sc_hd__clkbuf_8)
    15    0.04                           clknet_4_10_0_clk (net)
                  0.08    0.00    0.34 ^ _1317_/CLK (sky130_fd_sc_hd__dfrtp_4)
                  0.10    0.43    0.78 ^ _1317_/Q (sky130_fd_sc_hd__dfrtp_4)
     4    0.02                           u_pattern_gen.state_r[0] (net)
                  0.10    0.00    0.78 ^ _0915_/A (sky130_fd_sc_hd__clkbuf_4)
                  0.08    0.17    0.94 ^ _0915_/X (sky130_fd_sc_hd__clkbuf_4)
    10    0.02                           _0350_ (net)
                  0.08    0.00    0.94 ^ _1044_/A (sky130_fd_sc_hd__clkbuf_4)
                  0.07    0.16    1.10 ^ _1044_/X (sky130_fd_sc_hd__clkbuf_4)
    10    0.02                           _0437_ (net)
                  0.07    0.00    1.10 ^ _1060_/A1 (sky130_fd_sc_hd__mux2_1)
                  0.05    0.13    1.23 ^ _1060_/X (sky130_fd_sc_hd__mux2_1)
     1    0.00                           _0447_ (net)
                  0.05    0.00    1.23 ^ _1061_/A (sky130_fd_sc_hd__clkbuf_1)
                  0.05    0.08    1.31 ^ _1061_/X (sky130_fd_sc_hd__clkbuf_1)
     1    0.00                           _0064_ (net)
                  0.05    0.00    1.31 ^ _1230_/D (sky130_fd_sc_hd__dfxtp_1)
                                  1.31   data arrival time

                          0.00    0.00   clock clk (rise edge)
                          0.00    0.00   clock source latency
                  0.04    0.03    0.03 ^ clk (in)
     1    0.01                           clk (net)
                  0.04    0.00    0.03 ^ clkbuf_0_clk/A (sky130_fd_sc_hd__clkbuf_16)
                  0.09    0.17    0.20 ^ clkbuf_0_clk/X (sky130_fd_sc_hd__clkbuf_16)
    16    0.07                           clknet_0_clk (net)
                  0.09    0.00    0.20 ^ clkbuf_4_7_0_clk/A (sky130_fd_sc_hd__clkbuf_8)
                  0.07    0.17    0.37 ^ clkbuf_4_7_0_clk/X (sky130_fd_sc_hd__clkbuf_8)
    13    0.03                           clknet_4_7_0_clk (net)
                  0.07    0.00    0.37 ^ _1230_/CLK (sky130_fd_sc_hd__dfxtp_1)
                          0.25    0.62   clock uncertainty
                         -0.02    0.60   clock reconvergence pessimism
                         -0.03    0.58   library hold time
                                  0.58   data required time
-----------------------------------------------------------------------------
                                  0.58   data required time
                                 -1.31   data arrival time
-----------------------------------------------------------------------------
                                  0.73   slack (MET)


Startpoint: _1317_ (rising edge-triggered flip-flop clocked by clk)
Endpoint: _1244_ (rising edge-triggered flip-flop clocked by clk)
Path Group: clk
Path Type: min

Fanout     Cap    Slew   Delay    Time   Description
-----------------------------------------------------------------------------
                          0.00    0.00   clock clk (rise edge)
                          0.00    0.00   clock source latency
                  0.04    0.03    0.03 ^ clk (in)
     1    0.01                           clk (net)
                  0.04    0.00    0.03 ^ clkbuf_0_clk/A (sky130_fd_sc_hd__clkbuf_16)
                  0.09    0.15    0.18 ^ clkbuf_0_clk/X (sky130_fd_sc_hd__clkbuf_16)
    16    0.07                           clknet_0_clk (net)
                  0.09    0.00    0.18 ^ clkbuf_4_10_0_clk/A (sky130_fd_sc_hd__clkbuf_8)
                  0.08    0.16    0.34 ^ clkbuf_4_10_0_clk/X (sky130_fd_sc_hd__clkbuf_8)
    15    0.04                           clknet_4_10_0_clk (net)
                  0.08    0.00    0.34 ^ _1317_/CLK (sky130_fd_sc_hd__dfrtp_4)
                  0.10    0.43    0.78 ^ _1317_/Q (sky130_fd_sc_hd__dfrtp_4)
     4    0.02                           u_pattern_gen.state_r[0] (net)
                  0.10    0.00    0.78 ^ _0915_/A (sky130_fd_sc_hd__clkbuf_4)
                  0.08    0.17    0.94 ^ _0915_/X (sky130_fd_sc_hd__clkbuf_4)
    10    0.02                           _0350_ (net)
                  0.08    0.00    0.94 ^ _1044_/A (sky130_fd_sc_hd__clkbuf_4)
                  0.07    0.16    1.10 ^ _1044_/X (sky130_fd_sc_hd__clkbuf_4)
    10    0.02                           _0437_ (net)
                  0.07    0.00    1.10 ^ _1098_/A1 (sky130_fd_sc_hd__mux2_1)
                  0.04    0.12    1.22 ^ _1098_/X (sky130_fd_sc_hd__mux2_1)
     1    0.00                           _0471_ (net)
                  0.04    0.00    1.22 ^ _1099_/A (sky130_fd_sc_hd__clkbuf_1)
                  0.05    0.08    1.30 ^ _1099_/X (sky130_fd_sc_hd__clkbuf_1)
     1    0.00                           _0078_ (net)
                  0.05    0.00    1.30 ^ _1244_/D (sky130_fd_sc_hd__dfxtp_1)
                                  1.30   data arrival time

                          0.00    0.00   clock clk (rise edge)
                          0.00    0.00   clock source latency
                  0.04    0.03    0.03 ^ clk (in)
     1    0.01                           clk (net)
                  0.04    0.00    0.03 ^ clkbuf_0_clk/A (sky130_fd_sc_hd__clkbuf_16)
                  0.09    0.17    0.20 ^ clkbuf_0_clk/X (sky130_fd_sc_hd__clkbuf_16)
    16    0.07                           clknet_0_clk (net)
                  0.09    0.00    0.20 ^ clkbuf_4_5_0_clk/A (sky130_fd_sc_hd__clkbuf_8)
                  0.07    0.17    0.37 ^ clkbuf_4_5_0_clk/X (sky130_fd_sc_hd__clkbuf_8)
    11    0.03                           clknet_4_5_0_clk (net)
                  0.07    0.00    0.37 ^ _1244_/CLK (sky130_fd_sc_hd__dfxtp_1)
                          0.25    0.62   clock uncertainty
                         -0.02    0.60   clock reconvergence pessimism
                         -0.03    0.57   library hold time
                                  0.57   data required time
-----------------------------------------------------------------------------
                                  0.57   data required time
                                 -1.30   data arrival time
-----------------------------------------------------------------------------
                                  0.73   slack (MET)


Startpoint: _1173_ (rising edge-triggered flip-flop clocked by clk)
Endpoint: _1229_ (rising edge-triggered flip-flop clocked by clk)
Path Group: clk
Path Type: min

Fanout     Cap    Slew   Delay    Time   Description
-----------------------------------------------------------------------------
                          0.00    0.00   clock clk (rise edge)
                          0.00    0.00   clock source latency
                  0.04    0.03    0.03 ^ clk (in)
     1    0.01                           clk (net)
                  0.04    0.00    0.03 ^ clkbuf_0_clk/A (sky130_fd_sc_hd__clkbuf_16)
                  0.09    0.15    0.18 ^ clkbuf_0_clk/X (sky130_fd_sc_hd__clkbuf_16)
    16    0.07                           clknet_0_clk (net)
                  0.09    0.00    0.18 ^ clkbuf_4_13_0_clk/A (sky130_fd_sc_hd__clkbuf_8)
                  0.06    0.15    0.33 ^ clkbuf_4_13_0_clk/X (sky130_fd_sc_hd__clkbuf_8)
     9    0.03                           clknet_4_13_0_clk (net)
                  0.06    0.00    0.33 ^ _1173_/CLK (sky130_fd_sc_hd__dfrtp_1)
                  0.11    0.36    0.68 ^ _1173_/Q (sky130_fd_sc_hd__dfrtp_1)
     4    0.01                           u_addr_gen.addr[0] (net)
                  0.11    0.00    0.68 ^ _0908_/A (sky130_fd_sc_hd__or2b_1)
                  0.13    0.16    0.85 ^ _0908_/X (sky130_fd_sc_hd__or2b_1)
     4    0.01                           _0344_ (net)
                  0.13    0.00    0.85 ^ _0963_/A (sky130_fd_sc_hd__or3b_4)
                  0.05    0.15    1.00 ^ _0963_/X (sky130_fd_sc_hd__or3b_4)
     4    0.01                           _0383_ (net)
                  0.05    0.00    1.00 ^ _1057_/A (sky130_fd_sc_hd__nor2_1)
                  0.04    0.06    1.05 v _1057_/Y (sky130_fd_sc_hd__nor2_1)
     2    0.01                           _0445_ (net)
                  0.04    0.00    1.05 v _1058_/S (sky130_fd_sc_hd__mux2_1)
                  0.05    0.18    1.24 ^ _1058_/X (sky130_fd_sc_hd__mux2_1)
     1    0.00                           _0446_ (net)
                  0.05    0.00    1.24 ^ _1059_/A (sky130_fd_sc_hd__clkbuf_1)
                  0.03    0.07    1.31 ^ _1059_/X (sky130_fd_sc_hd__clkbuf_1)
     1    0.00                           _0063_ (net)
                  0.03    0.00    1.31 ^ _1229_/D (sky130_fd_sc_hd__dfxtp_1)
                                  1.31   data arrival time

                          0.00    0.00   clock clk (rise edge)
                          0.00    0.00   clock source latency
                  0.04    0.03    0.03 ^ clk (in)
     1    0.01                           clk (net)
                  0.04    0.00    0.03 ^ clkbuf_0_clk/A (sky130_fd_sc_hd__clkbuf_16)
                  0.09    0.17    0.20 ^ clkbuf_0_clk/X (sky130_fd_sc_hd__clkbuf_16)
    16    0.07                           clknet_0_clk (net)
                  0.09    0.00    0.20 ^ clkbuf_4_7_0_clk/A (sky130_fd_sc_hd__clkbuf_8)
                  0.07    0.17    0.37 ^ clkbuf_4_7_0_clk/X (sky130_fd_sc_hd__clkbuf_8)
    13    0.03                           clknet_4_7_0_clk (net)
                  0.07    0.00    0.37 ^ _1229_/CLK (sky130_fd_sc_hd__dfxtp_1)
                          0.25    0.62   clock uncertainty
                         -0.02    0.60   clock reconvergence pessimism
                         -0.03    0.58   library hold time
                                  0.58   data required time
-----------------------------------------------------------------------------
                                  0.58   data required time
                                 -1.31   data arrival time
-----------------------------------------------------------------------------
                                  0.73   slack (MET)


Startpoint: _1317_ (rising edge-triggered flip-flop clocked by clk)
Endpoint: _1238_ (rising edge-triggered flip-flop clocked by clk)
Path Group: clk
Path Type: min

Fanout     Cap    Slew   Delay    Time   Description
-----------------------------------------------------------------------------
                          0.00    0.00   clock clk (rise edge)
                          0.00    0.00   clock source latency
                  0.04    0.03    0.03 ^ clk (in)
     1    0.01                           clk (net)
                  0.04    0.00    0.03 ^ clkbuf_0_clk/A (sky130_fd_sc_hd__clkbuf_16)
                  0.09    0.15    0.18 ^ clkbuf_0_clk/X (sky130_fd_sc_hd__clkbuf_16)
    16    0.07                           clknet_0_clk (net)
                  0.09    0.00    0.18 ^ clkbuf_4_10_0_clk/A (sky130_fd_sc_hd__clkbuf_8)
                  0.08    0.16    0.34 ^ clkbuf_4_10_0_clk/X (sky130_fd_sc_hd__clkbuf_8)
    15    0.04                           clknet_4_10_0_clk (net)
                  0.08    0.00    0.34 ^ _1317_/CLK (sky130_fd_sc_hd__dfrtp_4)
                  0.10    0.43    0.78 ^ _1317_/Q (sky130_fd_sc_hd__dfrtp_4)
     4    0.02                           u_pattern_gen.state_r[0] (net)
                  0.10    0.00    0.78 ^ _0915_/A (sky130_fd_sc_hd__clkbuf_4)
                  0.08    0.17    0.94 ^ _0915_/X (sky130_fd_sc_hd__clkbuf_4)
    10    0.02                           _0350_ (net)
                  0.08    0.00    0.94 ^ _1021_/A (sky130_fd_sc_hd__clkbuf_4)
                  0.06    0.15    1.09 ^ _1021_/X (sky130_fd_sc_hd__clkbuf_4)
    10    0.02                           _0422_ (net)
                  0.06    0.00    1.09 ^ _1080_/A0 (sky130_fd_sc_hd__mux2_1)
                  0.05    0.12    1.22 ^ _1080_/X (sky130_fd_sc_hd__mux2_1)
     1    0.00                           _0459_ (net)
                  0.05    0.00    1.22 ^ _1081_/A (sky130_fd_sc_hd__clkbuf_1)
                  0.04    0.08    1.30 ^ _1081_/X (sky130_fd_sc_hd__clkbuf_1)
     1    0.00                           _0072_ (net)
                  0.04    0.00    1.30 ^ _1238_/D (sky130_fd_sc_hd__dfxtp_1)
                                  1.30   data arrival time

                          0.00    0.00   clock clk (rise edge)
                          0.00    0.00   clock source latency
                  0.04    0.03    0.03 ^ clk (in)
     1    0.01                           clk (net)
                  0.04    0.00    0.03 ^ clkbuf_0_clk/A (sky130_fd_sc_hd__clkbuf_16)
                  0.09    0.17    0.20 ^ clkbuf_0_clk/X (sky130_fd_sc_hd__clkbuf_16)
    16    0.07                           clknet_0_clk (net)
                  0.09    0.00    0.20 ^ clkbuf_4_13_0_clk/A (sky130_fd_sc_hd__clkbuf_8)
                  0.06    0.16    0.36 ^ clkbuf_4_13_0_clk/X (sky130_fd_sc_hd__clkbuf_8)
     9    0.03                           clknet_4_13_0_clk (net)
                  0.06    0.00    0.36 ^ _1238_/CLK (sky130_fd_sc_hd__dfxtp_1)
                          0.25    0.61   clock uncertainty
                         -0.02    0.59   clock reconvergence pessimism
                         -0.03    0.56   library hold time
                                  0.56   data required time
-----------------------------------------------------------------------------
                                  0.56   data required time
                                 -1.30   data arrival time
-----------------------------------------------------------------------------
                                  0.73   slack (MET)


Startpoint: _1176_ (rising edge-triggered flip-flop clocked by clk)
Endpoint: _1311_ (rising edge-triggered flip-flop clocked by clk)
Path Group: clk
Path Type: min

Fanout     Cap    Slew   Delay    Time   Description
-----------------------------------------------------------------------------
                          0.00    0.00   clock clk (rise edge)
                          0.00    0.00   clock source latency
                  0.04    0.03    0.03 ^ clk (in)
     1    0.01                           clk (net)
                  0.04    0.00    0.03 ^ clkbuf_0_clk/A (sky130_fd_sc_hd__clkbuf_16)
                  0.09    0.15    0.18 ^ clkbuf_0_clk/X (sky130_fd_sc_hd__clkbuf_16)
    16    0.07                           clknet_0_clk (net)
                  0.09    0.00    0.18 ^ clkbuf_4_12_0_clk/A (sky130_fd_sc_hd__clkbuf_8)
                  0.05    0.14    0.32 ^ clkbuf_4_12_0_clk/X (sky130_fd_sc_hd__clkbuf_8)
     7    0.02                           clknet_4_12_0_clk (net)
                  0.05    0.00    0.32 ^ _1176_/CLK (sky130_fd_sc_hd__dfrtp_4)
                  0.10    0.42    0.74 ^ _1176_/Q (sky130_fd_sc_hd__dfrtp_4)
     8    0.02                           u_addr_gen.addr[3] (net)
                  0.10    0.00    0.74 ^ hold7/A (sky130_fd_sc_hd__dlygate4sd3_1)
                  0.06    0.53    1.27 ^ hold7/X (sky130_fd_sc_hd__dlygate4sd3_1)
     1    0.00                           net23 (net)
                  0.06    0.00    1.27 ^ _1311_/D (sky130_fd_sc_hd__dfrtp_4)
                                  1.27   data arrival time

                          0.00    0.00   clock clk (rise edge)
                          0.00    0.00   clock source latency
                  0.04    0.03    0.03 ^ clk (in)
     1    0.01                           clk (net)
                  0.04    0.00    0.03 ^ clkbuf_0_clk/A (sky130_fd_sc_hd__clkbuf_16)
                  0.09    0.17    0.20 ^ clkbuf_0_clk/X (sky130_fd_sc_hd__clkbuf_16)
    16    0.07                           clknet_0_clk (net)
                  0.09    0.00    0.20 ^ clkbuf_4_12_0_clk/A (sky130_fd_sc_hd__clkbuf_8)
                  0.05    0.16    0.35 ^ clkbuf_4_12_0_clk/X (sky130_fd_sc_hd__clkbuf_8)
     7    0.02                           clknet_4_12_0_clk (net)
                  0.05    0.00    0.36 ^ _1311_/CLK (sky130_fd_sc_hd__dfrtp_4)
                          0.25    0.61   clock uncertainty
                         -0.03    0.57   clock reconvergence pessimism
                         -0.04    0.54   library hold time
                                  0.54   data required time
-----------------------------------------------------------------------------
                                  0.54   data required time
                                 -1.27   data arrival time
-----------------------------------------------------------------------------
                                  0.73   slack (MET)


Startpoint: _1317_ (rising edge-triggered flip-flop clocked by clk)
Endpoint: _1208_ (rising edge-triggered flip-flop clocked by clk)
Path Group: clk
Path Type: min

Fanout     Cap    Slew   Delay    Time   Description
-----------------------------------------------------------------------------
                          0.00    0.00   clock clk (rise edge)
                          0.00    0.00   clock source latency
                  0.04    0.03    0.03 ^ clk (in)
     1    0.01                           clk (net)
                  0.04    0.00    0.03 ^ clkbuf_0_clk/A (sky130_fd_sc_hd__clkbuf_16)
                  0.09    0.15    0.18 ^ clkbuf_0_clk/X (sky130_fd_sc_hd__clkbuf_16)
    16    0.07                           clknet_0_clk (net)
                  0.09    0.00    0.18 ^ clkbuf_4_10_0_clk/A (sky130_fd_sc_hd__clkbuf_8)
                  0.08    0.16    0.34 ^ clkbuf_4_10_0_clk/X (sky130_fd_sc_hd__clkbuf_8)
    15    0.04                           clknet_4_10_0_clk (net)
                  0.08    0.00    0.34 ^ _1317_/CLK (sky130_fd_sc_hd__dfrtp_4)
                  0.10    0.43    0.78 ^ _1317_/Q (sky130_fd_sc_hd__dfrtp_4)
     4    0.02                           u_pattern_gen.state_r[0] (net)
                  0.10    0.00    0.78 ^ _0915_/A (sky130_fd_sc_hd__clkbuf_4)
                  0.08    0.17    0.94 ^ _0915_/X (sky130_fd_sc_hd__clkbuf_4)
    10    0.02                           _0350_ (net)
                  0.08    0.00    0.94 ^ _0916_/A (sky130_fd_sc_hd__buf_2)
                  0.10    0.15    1.10 ^ _0916_/X (sky130_fd_sc_hd__buf_2)
    10    0.02                           _0351_ (net)
                  0.10    0.00    1.10 ^ _0997_/A0 (sky130_fd_sc_hd__mux2_1)
                  0.05    0.14    1.23 ^ _0997_/X (sky130_fd_sc_hd__mux2_1)
     1    0.00                           _0406_ (net)
                  0.05    0.00    1.23 ^ _0998_/A (sky130_fd_sc_hd__clkbuf_1)
                  0.04    0.08    1.31 ^ _0998_/X (sky130_fd_sc_hd__clkbuf_1)
     1    0.00                           _0042_ (net)
                  0.04    0.00    1.31 ^ _1208_/D (sky130_fd_sc_hd__dfxtp_1)
                                  1.31   data arrival time

                          0.00    0.00   clock clk (rise edge)
                          0.00    0.00   clock source latency
                  0.04    0.03    0.03 ^ clk (in)
     1    0.01                           clk (net)
                  0.04    0.00    0.03 ^ clkbuf_0_clk/A (sky130_fd_sc_hd__clkbuf_16)
                  0.09    0.17    0.20 ^ clkbuf_0_clk/X (sky130_fd_sc_hd__clkbuf_16)
    16    0.07                           clknet_0_clk (net)
                  0.09    0.00    0.20 ^ clkbuf_4_10_0_clk/A (sky130_fd_sc_hd__clkbuf_8)
                  0.08    0.18    0.38 ^ clkbuf_4_10_0_clk/X (sky130_fd_sc_hd__clkbuf_8)
    15    0.04                           clknet_4_10_0_clk (net)
                  0.08    0.00    0.38 ^ _1208_/CLK (sky130_fd_sc_hd__dfxtp_1)
                          0.25    0.63   clock uncertainty
                         -0.04    0.59   clock reconvergence pessimism
                         -0.03    0.57   library hold time
                                  0.57   data required time
-----------------------------------------------------------------------------
                                  0.57   data required time
                                 -1.31   data arrival time
-----------------------------------------------------------------------------
                                  0.74   slack (MET)


Startpoint: _1176_ (rising edge-triggered flip-flop clocked by clk)
Endpoint: _1228_ (rising edge-triggered flip-flop clocked by clk)
Path Group: clk
Path Type: min

Fanout     Cap    Slew   Delay    Time   Description
-----------------------------------------------------------------------------
                          0.00    0.00   clock clk (rise edge)
                          0.00    0.00   clock source latency
                  0.04    0.03    0.03 ^ clk (in)
     1    0.01                           clk (net)
                  0.04    0.00    0.03 ^ clkbuf_0_clk/A (sky130_fd_sc_hd__clkbuf_16)
                  0.09    0.15    0.18 ^ clkbuf_0_clk/X (sky130_fd_sc_hd__clkbuf_16)
    16    0.07                           clknet_0_clk (net)
                  0.09    0.00    0.18 ^ clkbuf_4_12_0_clk/A (sky130_fd_sc_hd__clkbuf_8)
                  0.05    0.14    0.32 ^ clkbuf_4_12_0_clk/X (sky130_fd_sc_hd__clkbuf_8)
     7    0.02                           clknet_4_12_0_clk (net)
                  0.05    0.00    0.32 ^ _1176_/CLK (sky130_fd_sc_hd__dfrtp_4)
                  0.10    0.42    0.74 ^ _1176_/Q (sky130_fd_sc_hd__dfrtp_4)
     8    0.02                           u_addr_gen.addr[3] (net)
                  0.10    0.00    0.74 ^ _0896_/B (sky130_fd_sc_hd__or3b_1)
                  0.04    0.11    0.85 ^ _0896_/X (sky130_fd_sc_hd__or3b_1)
     1    0.00                           _0336_ (net)
                  0.04    0.00    0.85 ^ _0897_/A (sky130_fd_sc_hd__buf_2)
                  0.07    0.11    0.97 ^ _0897_/X (sky130_fd_sc_hd__buf_2)
     5    0.01                           _0337_ (net)
                  0.07    0.00    0.97 ^ _1052_/A (sky130_fd_sc_hd__nor2_1)
                  0.05    0.06    1.03 v _1052_/Y (sky130_fd_sc_hd__nor2_1)
     2    0.01                           _0442_ (net)
                  0.05    0.00    1.03 v _1055_/S (sky130_fd_sc_hd__mux2_1)
                  0.05    0.19    1.22 ^ _1055_/X (sky130_fd_sc_hd__mux2_1)
     1    0.00                           _0444_ (net)
                  0.05    0.00    1.22 ^ _1056_/A (sky130_fd_sc_hd__clkbuf_1)
                  0.04    0.08    1.29 ^ _1056_/X (sky130_fd_sc_hd__clkbuf_1)
     1    0.00                           _0062_ (net)
                  0.04    0.00    1.29 ^ _1228_/D (sky130_fd_sc_hd__dfxtp_1)
                                  1.29   data arrival time

                          0.00    0.00   clock clk (rise edge)
                          0.00    0.00   clock source latency
                  0.04    0.03    0.03 ^ clk (in)
     1    0.01                           clk (net)
                  0.04    0.00    0.03 ^ clkbuf_0_clk/A (sky130_fd_sc_hd__clkbuf_16)
                  0.09    0.17    0.20 ^ clkbuf_0_clk/X (sky130_fd_sc_hd__clkbuf_16)
    16    0.07                           clknet_0_clk (net)
                  0.09    0.00    0.20 ^ clkbuf_4_6_0_clk/A (sky130_fd_sc_hd__clkbuf_8)
                  0.05    0.15    0.35 ^ clkbuf_4_6_0_clk/X (sky130_fd_sc_hd__clkbuf_8)
    10    0.02                           clknet_4_6_0_clk (net)
                  0.05    0.00    0.35 ^ _1228_/CLK (sky130_fd_sc_hd__dfxtp_1)
                          0.25    0.60   clock uncertainty
                         -0.02    0.58   clock reconvergence pessimism
                         -0.03    0.55   library hold time
                                  0.55   data required time
-----------------------------------------------------------------------------
                                  0.55   data required time
                                 -1.29   data arrival time
-----------------------------------------------------------------------------
                                  0.74   slack (MET)


Startpoint: _1321_ (rising edge-triggered flip-flop clocked by clk)
Endpoint: _1322_ (rising edge-triggered flip-flop clocked by clk)
Path Group: clk
Path Type: min

Fanout     Cap    Slew   Delay    Time   Description
-----------------------------------------------------------------------------
                          0.00    0.00   clock clk (rise edge)
                          0.00    0.00   clock source latency
                  0.04    0.03    0.03 ^ clk (in)
     1    0.01                           clk (net)
                  0.04    0.00    0.03 ^ clkbuf_0_clk/A (sky130_fd_sc_hd__clkbuf_16)
                  0.09    0.15    0.18 ^ clkbuf_0_clk/X (sky130_fd_sc_hd__clkbuf_16)
    16    0.07                           clknet_0_clk (net)
                  0.09    0.00    0.18 ^ clkbuf_4_10_0_clk/A (sky130_fd_sc_hd__clkbuf_8)
                  0.08    0.16    0.34 ^ clkbuf_4_10_0_clk/X (sky130_fd_sc_hd__clkbuf_8)
    15    0.04                           clknet_4_10_0_clk (net)
                  0.08    0.00    0.34 ^ _1321_/CLK (sky130_fd_sc_hd__dfrtp_1)
                  0.07    0.33    0.67 ^ _1321_/Q (sky130_fd_sc_hd__dfrtp_1)
     2    0.01                           u_comparator.compare_done (net)
                  0.07    0.00    0.67 ^ _0681_/A1 (sky130_fd_sc_hd__a221o_1)
                  0.04    0.13    0.81 ^ _0681_/X (sky130_fd_sc_hd__a221o_1)
     1    0.00                           _0145_ (net)
                  0.04    0.00    0.81 ^ hold9/A (sky130_fd_sc_hd__dlygate4sd3_1)
                  0.05    0.51    1.31 ^ hold9/X (sky130_fd_sc_hd__dlygate4sd3_1)
     1    0.00                           net25 (net)
                  0.05    0.00    1.31 ^ _1322_/D (sky130_fd_sc_hd__dfrtp_1)
                                  1.31   data arrival time

                          0.00    0.00   clock clk (rise edge)
                          0.00    0.00   clock source latency
                  0.04    0.03    0.03 ^ clk (in)
     1    0.01                           clk (net)
                  0.04    0.00    0.03 ^ clkbuf_0_clk/A (sky130_fd_sc_hd__clkbuf_16)
                  0.09    0.17    0.20 ^ clkbuf_0_clk/X (sky130_fd_sc_hd__clkbuf_16)
    16    0.07                           clknet_0_clk (net)
                  0.09    0.00    0.20 ^ clkbuf_4_10_0_clk/A (sky130_fd_sc_hd__clkbuf_8)
                  0.08    0.18    0.38 ^ clkbuf_4_10_0_clk/X (sky130_fd_sc_hd__clkbuf_8)
    15    0.04                           clknet_4_10_0_clk (net)
                  0.08    0.00    0.38 ^ _1322_/CLK (sky130_fd_sc_hd__dfrtp_1)
                          0.25    0.63   clock uncertainty
                         -0.04    0.59   clock reconvergence pessimism
                         -0.03    0.56   library hold time
                                  0.56   data required time
-----------------------------------------------------------------------------
                                  0.56   data required time
                                 -1.31   data arrival time
-----------------------------------------------------------------------------
                                  0.75   slack (MET)


Startpoint: _1178_ (rising edge-triggered flip-flop clocked by clk)
Endpoint: _1313_ (rising edge-triggered flip-flop clocked by clk)
Path Group: clk
Path Type: min

Fanout     Cap    Slew   Delay    Time   Description
-----------------------------------------------------------------------------
                          0.00    0.00   clock clk (rise edge)
                          0.00    0.00   clock source latency
                  0.04    0.03    0.03 ^ clk (in)
     1    0.01                           clk (net)
                  0.04    0.00    0.03 ^ clkbuf_0_clk/A (sky130_fd_sc_hd__clkbuf_16)
                  0.09    0.15    0.18 ^ clkbuf_0_clk/X (sky130_fd_sc_hd__clkbuf_16)
    16    0.07                           clknet_0_clk (net)
                  0.09    0.00    0.18 ^ clkbuf_4_15_0_clk/A (sky130_fd_sc_hd__clkbuf_8)
                  0.05    0.14    0.32 ^ clkbuf_4_15_0_clk/X (sky130_fd_sc_hd__clkbuf_8)
     6    0.02                           clknet_4_15_0_clk (net)
                  0.05    0.00    0.32 ^ _1178_/CLK (sky130_fd_sc_hd__dfrtp_4)
                  0.13    0.44    0.76 ^ _1178_/Q (sky130_fd_sc_hd__dfrtp_4)
     9    0.03                           u_addr_gen.addr[5] (net)
                  0.13    0.00    0.76 ^ hold11/A (sky130_fd_sc_hd__dlygate4sd3_1)
                  0.07    0.54    1.30 ^ hold11/X (sky130_fd_sc_hd__dlygate4sd3_1)
     1    0.00                           net27 (net)
                  0.07    0.00    1.30 ^ _1313_/D (sky130_fd_sc_hd__dfrtp_1)
                                  1.30   data arrival time

                          0.00    0.00   clock clk (rise edge)
                          0.00    0.00   clock source latency
                  0.04    0.03    0.03 ^ clk (in)
     1    0.01                           clk (net)
                  0.04    0.00    0.03 ^ clkbuf_0_clk/A (sky130_fd_sc_hd__clkbuf_16)
                  0.09    0.17    0.20 ^ clkbuf_0_clk/X (sky130_fd_sc_hd__clkbuf_16)
    16    0.07                           clknet_0_clk (net)
                  0.09    0.00    0.20 ^ clkbuf_4_14_0_clk/A (sky130_fd_sc_hd__clkbuf_8)
                  0.06    0.16    0.36 ^ clkbuf_4_14_0_clk/X (sky130_fd_sc_hd__clkbuf_8)
     8    0.02                           clknet_4_14_0_clk (net)
                  0.06    0.00    0.36 ^ _1313_/CLK (sky130_fd_sc_hd__dfrtp_1)
                          0.25    0.61   clock uncertainty
                         -0.02    0.59   clock reconvergence pessimism
                         -0.04    0.55   library hold time
                                  0.55   data required time
-----------------------------------------------------------------------------
                                  0.55   data required time
                                 -1.30   data arrival time
-----------------------------------------------------------------------------
                                  0.75   slack (MET)


Startpoint: _1173_ (rising edge-triggered flip-flop clocked by clk)
Endpoint: _1270_ (rising edge-triggered flip-flop clocked by clk)
Path Group: clk
Path Type: min

Fanout     Cap    Slew   Delay    Time   Description
-----------------------------------------------------------------------------
                          0.00    0.00   clock clk (rise edge)
                          0.00    0.00   clock source latency
                  0.04    0.03    0.03 ^ clk (in)
     1    0.01                           clk (net)
                  0.04    0.00    0.03 ^ clkbuf_0_clk/A (sky130_fd_sc_hd__clkbuf_16)
                  0.09    0.15    0.18 ^ clkbuf_0_clk/X (sky130_fd_sc_hd__clkbuf_16)
    16    0.07                           clknet_0_clk (net)
                  0.09    0.00    0.18 ^ clkbuf_4_13_0_clk/A (sky130_fd_sc_hd__clkbuf_8)
                  0.06    0.15    0.33 ^ clkbuf_4_13_0_clk/X (sky130_fd_sc_hd__clkbuf_8)
     9    0.03                           clknet_4_13_0_clk (net)
                  0.06    0.00    0.33 ^ _1173_/CLK (sky130_fd_sc_hd__dfrtp_1)
                  0.11    0.36    0.68 ^ _1173_/Q (sky130_fd_sc_hd__dfrtp_1)
     4    0.01                           u_addr_gen.addr[0] (net)
                  0.11    0.00    0.68 ^ _0908_/A (sky130_fd_sc_hd__or2b_1)
                  0.13    0.16    0.85 ^ _0908_/X (sky130_fd_sc_hd__or2b_1)
     4    0.01                           _0344_ (net)
                  0.13    0.00    0.85 ^ _0987_/C (sky130_fd_sc_hd__or3_4)
                  0.04    0.13    0.98 ^ _0987_/X (sky130_fd_sc_hd__or3_4)
     4    0.01                           _0399_ (net)
                  0.04    0.00    0.98 ^ _1162_/A (sky130_fd_sc_hd__or2_1)
                  0.10    0.12    1.11 ^ _1162_/X (sky130_fd_sc_hd__or2_1)
     2    0.01                           _0510_ (net)
                  0.10    0.00    1.11 ^ _1165_/S (sky130_fd_sc_hd__mux2_1)
                  0.04    0.13    1.24 ^ _1165_/X (sky130_fd_sc_hd__mux2_1)
     1    0.00                           _0512_ (net)
                  0.04    0.00    1.24 ^ _1166_/A (sky130_fd_sc_hd__clkbuf_1)
                  0.05    0.08    1.31 ^ _1166_/X (sky130_fd_sc_hd__clkbuf_1)
     1    0.00                           _0104_ (net)
                  0.05    0.00    1.31 ^ _1270_/D (sky130_fd_sc_hd__dfxtp_1)
                                  1.31   data arrival time

                          0.00    0.00   clock clk (rise edge)
                          0.00    0.00   clock source latency
                  0.04    0.03    0.03 ^ clk (in)
     1    0.01                           clk (net)
                  0.04    0.00    0.03 ^ clkbuf_0_clk/A (sky130_fd_sc_hd__clkbuf_16)
                  0.09    0.17    0.20 ^ clkbuf_0_clk/X (sky130_fd_sc_hd__clkbuf_16)
    16    0.07                           clknet_0_clk (net)
                  0.09    0.00    0.20 ^ clkbuf_4_4_0_clk/A (sky130_fd_sc_hd__clkbuf_8)
                  0.06    0.16    0.36 ^ clkbuf_4_4_0_clk/X (sky130_fd_sc_hd__clkbuf_8)
     9    0.03                           clknet_4_4_0_clk (net)
                  0.06    0.00    0.36 ^ _1270_/CLK (sky130_fd_sc_hd__dfxtp_1)
                          0.25    0.61   clock uncertainty
                         -0.02    0.59   clock reconvergence pessimism
                         -0.03    0.56   library hold time
                                  0.56   data required time
-----------------------------------------------------------------------------
                                  0.56   data required time
                                 -1.31   data arrival time
-----------------------------------------------------------------------------
                                  0.75   slack (MET)


Startpoint: _1178_ (rising edge-triggered flip-flop clocked by clk)
Endpoint: _1278_ (rising edge-triggered flip-flop clocked by clk)
Path Group: clk
Path Type: min

Fanout     Cap    Slew   Delay    Time   Description
-----------------------------------------------------------------------------
                          0.00    0.00   clock clk (rise edge)
                          0.00    0.00   clock source latency
                  0.04    0.03    0.03 ^ clk (in)
     1    0.01                           clk (net)
                  0.04    0.00    0.03 ^ clkbuf_0_clk/A (sky130_fd_sc_hd__clkbuf_16)
                  0.09    0.15    0.18 ^ clkbuf_0_clk/X (sky130_fd_sc_hd__clkbuf_16)
    16    0.07                           clknet_0_clk (net)
                  0.09    0.00    0.18 ^ clkbuf_4_15_0_clk/A (sky130_fd_sc_hd__clkbuf_8)
                  0.05    0.14    0.32 ^ clkbuf_4_15_0_clk/X (sky130_fd_sc_hd__clkbuf_8)
     6    0.02                           clknet_4_15_0_clk (net)
                  0.05    0.00    0.32 ^ _1178_/CLK (sky130_fd_sc_hd__dfrtp_4)
                  0.13    0.44    0.76 ^ _1178_/Q (sky130_fd_sc_hd__dfrtp_4)
     9    0.03                           u_addr_gen.addr[5] (net)
                  0.13    0.00    0.76 ^ _0590_/B (sky130_fd_sc_hd__or3b_4)
                  0.09    0.18    0.94 ^ _0590_/X (sky130_fd_sc_hd__or3b_4)
     8    0.02                           _0519_ (net)
                  0.09    0.00    0.94 ^ _0597_/B (sky130_fd_sc_hd__or2_1)
                  0.14    0.17    1.10 ^ _0597_/X (sky130_fd_sc_hd__or2_1)
     2    0.01                           _0524_ (net)
                  0.14    0.00    1.10 ^ _0600_/S (sky130_fd_sc_hd__mux2_1)
                  0.04    0.14    1.24 ^ _0600_/X (sky130_fd_sc_hd__mux2_1)
     1    0.00                           _0526_ (net)
                  0.04    0.00    1.24 ^ _0601_/A (sky130_fd_sc_hd__clkbuf_1)
                  0.04    0.08    1.32 ^ _0601_/X (sky130_fd_sc_hd__clkbuf_1)
     1    0.00                           _0112_ (net)
                  0.04    0.00    1.32 ^ _1278_/D (sky130_fd_sc_hd__dfxtp_1)
                                  1.32   data arrival time

                          0.00    0.00   clock clk (rise edge)
                          0.00    0.00   clock source latency
                  0.04    0.03    0.03 ^ clk (in)
     1    0.01                           clk (net)
                  0.04    0.00    0.03 ^ clkbuf_0_clk/A (sky130_fd_sc_hd__clkbuf_16)
                  0.09    0.17    0.20 ^ clkbuf_0_clk/X (sky130_fd_sc_hd__clkbuf_16)
    16    0.07                           clknet_0_clk (net)
                  0.09    0.00    0.20 ^ clkbuf_4_1_0_clk/A (sky130_fd_sc_hd__clkbuf_8)
                  0.06    0.17    0.36 ^ clkbuf_4_1_0_clk/X (sky130_fd_sc_hd__clkbuf_8)
    10    0.03                           clknet_4_1_0_clk (net)
                  0.06    0.00    0.36 ^ _1278_/CLK (sky130_fd_sc_hd__dfxtp_1)
                          0.25    0.61   clock uncertainty
                         -0.02    0.60   clock reconvergence pessimism
                         -0.03    0.57   library hold time
                                  0.57   data required time
-----------------------------------------------------------------------------
                                  0.57   data required time
                                 -1.32   data arrival time
-----------------------------------------------------------------------------
                                  0.75   slack (MET)


Startpoint: _1173_ (rising edge-triggered flip-flop clocked by clk)
Endpoint: _1261_ (rising edge-triggered flip-flop clocked by clk)
Path Group: clk
Path Type: min

Fanout     Cap    Slew   Delay    Time   Description
-----------------------------------------------------------------------------
                          0.00    0.00   clock clk (rise edge)
                          0.00    0.00   clock source latency
                  0.04    0.03    0.03 ^ clk (in)
     1    0.01                           clk (net)
                  0.04    0.00    0.03 ^ clkbuf_0_clk/A (sky130_fd_sc_hd__clkbuf_16)
                  0.09    0.15    0.18 ^ clkbuf_0_clk/X (sky130_fd_sc_hd__clkbuf_16)
    16    0.07                           clknet_0_clk (net)
                  0.09    0.00    0.18 ^ clkbuf_4_13_0_clk/A (sky130_fd_sc_hd__clkbuf_8)
                  0.06    0.15    0.33 ^ clkbuf_4_13_0_clk/X (sky130_fd_sc_hd__clkbuf_8)
     9    0.03                           clknet_4_13_0_clk (net)
                  0.06    0.00    0.33 ^ _1173_/CLK (sky130_fd_sc_hd__dfrtp_1)
                  0.11    0.36    0.68 ^ _1173_/Q (sky130_fd_sc_hd__dfrtp_1)
     4    0.01                           u_addr_gen.addr[0] (net)
                  0.11    0.00    0.68 ^ _0908_/A (sky130_fd_sc_hd__or2b_1)
                  0.13    0.16    0.85 ^ _0908_/X (sky130_fd_sc_hd__or2b_1)
     4    0.01                           _0344_ (net)
                  0.13    0.00    0.85 ^ _0963_/A (sky130_fd_sc_hd__or3b_4)
                  0.05    0.15    1.00 ^ _0963_/X (sky130_fd_sc_hd__or3b_4)
     4    0.01                           _0383_ (net)
                  0.05    0.00    1.00 ^ _1141_/A (sky130_fd_sc_hd__nor2_1)
                  0.05    0.06    1.06 v _1141_/Y (sky130_fd_sc_hd__nor2_1)
     2    0.01                           _0497_ (net)
                  0.05    0.00    1.06 v _1142_/S (sky130_fd_sc_hd__mux2_1)
                  0.04    0.18    1.24 ^ _1142_/X (sky130_fd_sc_hd__mux2_1)
     1    0.00                           _0498_ (net)
                  0.04    0.00    1.24 ^ _1143_/A (sky130_fd_sc_hd__clkbuf_1)
                  0.03    0.07    1.31 ^ _1143_/X (sky130_fd_sc_hd__clkbuf_1)
     1    0.00                           _0095_ (net)
                  0.03    0.00    1.31 ^ _1261_/D (sky130_fd_sc_hd__dfxtp_1)
                                  1.31   data arrival time

                          0.00    0.00   clock clk (rise edge)
                          0.00    0.00   clock source latency
                  0.04    0.03    0.03 ^ clk (in)
     1    0.01                           clk (net)
                  0.04    0.00    0.03 ^ clkbuf_0_clk/A (sky130_fd_sc_hd__clkbuf_16)
                  0.09    0.17    0.20 ^ clkbuf_0_clk/X (sky130_fd_sc_hd__clkbuf_16)
    16    0.07                           clknet_0_clk (net)
                  0.09    0.00    0.20 ^ clkbuf_4_6_0_clk/A (sky130_fd_sc_hd__clkbuf_8)
                  0.05    0.15    0.35 ^ clkbuf_4_6_0_clk/X (sky130_fd_sc_hd__clkbuf_8)
    10    0.02                           clknet_4_6_0_clk (net)
                  0.05    0.00    0.35 ^ _1261_/CLK (sky130_fd_sc_hd__dfxtp_1)
                          0.25    0.60   clock uncertainty
                         -0.02    0.58   clock reconvergence pessimism
                         -0.03    0.55   library hold time
                                  0.55   data required time
-----------------------------------------------------------------------------
                                  0.55   data required time
                                 -1.31   data arrival time
-----------------------------------------------------------------------------
                                  0.75   slack (MET)


Startpoint: _1173_ (rising edge-triggered flip-flop clocked by clk)
Endpoint: _1198_ (rising edge-triggered flip-flop clocked by clk)
Path Group: clk
Path Type: min

Fanout     Cap    Slew   Delay    Time   Description
-----------------------------------------------------------------------------
                          0.00    0.00   clock clk (rise edge)
                          0.00    0.00   clock source latency
                  0.04    0.03    0.03 ^ clk (in)
     1    0.01                           clk (net)
                  0.04    0.00    0.03 ^ clkbuf_0_clk/A (sky130_fd_sc_hd__clkbuf_16)
                  0.09    0.15    0.18 ^ clkbuf_0_clk/X (sky130_fd_sc_hd__clkbuf_16)
    16    0.07                           clknet_0_clk (net)
                  0.09    0.00    0.18 ^ clkbuf_4_13_0_clk/A (sky130_fd_sc_hd__clkbuf_8)
                  0.06    0.15    0.33 ^ clkbuf_4_13_0_clk/X (sky130_fd_sc_hd__clkbuf_8)
     9    0.03                           clknet_4_13_0_clk (net)
                  0.06    0.00    0.33 ^ _1173_/CLK (sky130_fd_sc_hd__dfrtp_1)
                  0.11    0.36    0.68 ^ _1173_/Q (sky130_fd_sc_hd__dfrtp_1)
     4    0.01                           u_addr_gen.addr[0] (net)
                  0.11    0.00    0.68 ^ _0908_/A (sky130_fd_sc_hd__or2b_1)
                  0.13    0.16    0.85 ^ _0908_/X (sky130_fd_sc_hd__or2b_1)
     4    0.01                           _0344_ (net)
                  0.13    0.00    0.85 ^ _0963_/A (sky130_fd_sc_hd__or3b_4)
                  0.05    0.15    1.00 ^ _0963_/X (sky130_fd_sc_hd__or3b_4)
     4    0.01                           _0383_ (net)
                  0.05    0.00    1.00 ^ _0964_/B (sky130_fd_sc_hd__nor2_1)
                  0.04    0.05    1.05 v _0964_/Y (sky130_fd_sc_hd__nor2_1)
     2    0.01                           _0384_ (net)
                  0.04    0.00    1.05 v _0967_/S (sky130_fd_sc_hd__mux2_1)
                  0.05    0.19    1.24 ^ _0967_/X (sky130_fd_sc_hd__mux2_1)
     1    0.00                           _0386_ (net)
                  0.05    0.00    1.24 ^ _0968_/A (sky130_fd_sc_hd__clkbuf_1)
                  0.04    0.08    1.32 ^ _0968_/X (sky130_fd_sc_hd__clkbuf_1)
     1    0.00                           _0032_ (net)
                  0.04    0.00    1.32 ^ _1198_/D (sky130_fd_sc_hd__dfxtp_1)
                                  1.32   data arrival time

                          0.00    0.00   clock clk (rise edge)
                          0.00    0.00   clock source latency
                  0.04    0.03    0.03 ^ clk (in)
     1    0.01                           clk (net)
                  0.04    0.00    0.03 ^ clkbuf_0_clk/A (sky130_fd_sc_hd__clkbuf_16)
                  0.09    0.17    0.20 ^ clkbuf_0_clk/X (sky130_fd_sc_hd__clkbuf_16)
    16    0.07                           clknet_0_clk (net)
                  0.09    0.00    0.20 ^ clkbuf_4_3_0_clk/A (sky130_fd_sc_hd__clkbuf_8)
                  0.06    0.16    0.36 ^ clkbuf_4_3_0_clk/X (sky130_fd_sc_hd__clkbuf_8)
     9    0.03                           clknet_4_3_0_clk (net)
                  0.06    0.00    0.36 ^ _1198_/CLK (sky130_fd_sc_hd__dfxtp_1)
                          0.25    0.61   clock uncertainty
                         -0.02    0.59   clock reconvergence pessimism
                         -0.03    0.56   library hold time
                                  0.56   data required time
-----------------------------------------------------------------------------
                                  0.56   data required time
                                 -1.32   data arrival time
-----------------------------------------------------------------------------
                                  0.75   slack (MET)


Startpoint: _1173_ (rising edge-triggered flip-flop clocked by clk)
Endpoint: _1237_ (rising edge-triggered flip-flop clocked by clk)
Path Group: clk
Path Type: min

Fanout     Cap    Slew   Delay    Time   Description
-----------------------------------------------------------------------------
                          0.00    0.00   clock clk (rise edge)
                          0.00    0.00   clock source latency
                  0.04    0.03    0.03 ^ clk (in)
     1    0.01                           clk (net)
                  0.04    0.00    0.03 ^ clkbuf_0_clk/A (sky130_fd_sc_hd__clkbuf_16)
                  0.09    0.15    0.18 ^ clkbuf_0_clk/X (sky130_fd_sc_hd__clkbuf_16)
    16    0.07                           clknet_0_clk (net)
                  0.09    0.00    0.18 ^ clkbuf_4_13_0_clk/A (sky130_fd_sc_hd__clkbuf_8)
                  0.06    0.15    0.33 ^ clkbuf_4_13_0_clk/X (sky130_fd_sc_hd__clkbuf_8)
     9    0.03                           clknet_4_13_0_clk (net)
                  0.06    0.00    0.33 ^ _1173_/CLK (sky130_fd_sc_hd__dfrtp_1)
                  0.11    0.36    0.68 ^ _1173_/Q (sky130_fd_sc_hd__dfrtp_1)
     4    0.01                           u_addr_gen.addr[0] (net)
                  0.11    0.00    0.68 ^ _0908_/A (sky130_fd_sc_hd__or2b_1)
                  0.13    0.16    0.85 ^ _0908_/X (sky130_fd_sc_hd__or2b_1)
     4    0.01                           _0344_ (net)
                  0.13    0.00    0.85 ^ _0987_/C (sky130_fd_sc_hd__or3_4)
                  0.04    0.13    0.98 ^ _0987_/X (sky130_fd_sc_hd__or3_4)
     4    0.01                           _0399_ (net)
                  0.04    0.00    0.98 ^ _1077_/A (sky130_fd_sc_hd__or2_1)
                  0.09    0.12    1.10 ^ _1077_/X (sky130_fd_sc_hd__or2_1)
     2    0.01                           _0457_ (net)
                  0.09    0.00    1.10 ^ _1078_/S (sky130_fd_sc_hd__mux2_1)
                  0.04    0.13    1.24 ^ _1078_/X (sky130_fd_sc_hd__mux2_1)
     1    0.00                           _0458_ (net)
                  0.04    0.00    1.24 ^ _1079_/A (sky130_fd_sc_hd__clkbuf_1)
                  0.04    0.07    1.31 ^ _1079_/X (sky130_fd_sc_hd__clkbuf_1)
     1    0.00                           _0071_ (net)
                  0.04    0.00    1.31 ^ _1237_/D (sky130_fd_sc_hd__dfxtp_1)
                                  1.31   data arrival time

                          0.00    0.00   clock clk (rise edge)
                          0.00    0.00   clock source latency
                  0.04    0.03    0.03 ^ clk (in)
     1    0.01                           clk (net)
                  0.04    0.00    0.03 ^ clkbuf_0_clk/A (sky130_fd_sc_hd__clkbuf_16)
                  0.09    0.17    0.20 ^ clkbuf_0_clk/X (sky130_fd_sc_hd__clkbuf_16)
    16    0.07                           clknet_0_clk (net)
                  0.09    0.00    0.20 ^ clkbuf_4_13_0_clk/A (sky130_fd_sc_hd__clkbuf_8)
                  0.06    0.16    0.36 ^ clkbuf_4_13_0_clk/X (sky130_fd_sc_hd__clkbuf_8)
     9    0.03                           clknet_4_13_0_clk (net)
                  0.06    0.00    0.36 ^ _1237_/CLK (sky130_fd_sc_hd__dfxtp_1)
                          0.25    0.61   clock uncertainty
                         -0.03    0.58   clock reconvergence pessimism
                         -0.03    0.55   library hold time
                                  0.55   data required time
-----------------------------------------------------------------------------
                                  0.55   data required time
                                 -1.31   data arrival time
-----------------------------------------------------------------------------
                                  0.76   slack (MET)


Startpoint: _1317_ (rising edge-triggered flip-flop clocked by clk)
Endpoint: _1200_ (rising edge-triggered flip-flop clocked by clk)
Path Group: clk
Path Type: min

Fanout     Cap    Slew   Delay    Time   Description
-----------------------------------------------------------------------------
                          0.00    0.00   clock clk (rise edge)
                          0.00    0.00   clock source latency
                  0.04    0.03    0.03 ^ clk (in)
     1    0.01                           clk (net)
                  0.04    0.00    0.03 ^ clkbuf_0_clk/A (sky130_fd_sc_hd__clkbuf_16)
                  0.09    0.15    0.18 ^ clkbuf_0_clk/X (sky130_fd_sc_hd__clkbuf_16)
    16    0.07                           clknet_0_clk (net)
                  0.09    0.00    0.18 ^ clkbuf_4_10_0_clk/A (sky130_fd_sc_hd__clkbuf_8)
                  0.08    0.16    0.34 ^ clkbuf_4_10_0_clk/X (sky130_fd_sc_hd__clkbuf_8)
    15    0.04                           clknet_4_10_0_clk (net)
                  0.08    0.00    0.34 ^ _1317_/CLK (sky130_fd_sc_hd__dfrtp_4)
                  0.10    0.43    0.78 ^ _1317_/Q (sky130_fd_sc_hd__dfrtp_4)
     4    0.02                           u_pattern_gen.state_r[0] (net)
                  0.10    0.00    0.78 ^ _0915_/A (sky130_fd_sc_hd__clkbuf_4)
                  0.08    0.17    0.94 ^ _0915_/X (sky130_fd_sc_hd__clkbuf_4)
    10    0.02                           _0350_ (net)
                  0.08    0.00    0.94 ^ _0937_/A (sky130_fd_sc_hd__clkbuf_4)
                  0.12    0.19    1.14 ^ _0937_/X (sky130_fd_sc_hd__clkbuf_4)
    10    0.04                           _0366_ (net)
                  0.12    0.00    1.14 ^ _0973_/A1 (sky130_fd_sc_hd__mux2_1)
                  0.05    0.14    1.28 ^ _0973_/X (sky130_fd_sc_hd__mux2_1)
     1    0.00                           _0390_ (net)
                  0.05    0.00    1.28 ^ _0974_/A (sky130_fd_sc_hd__clkbuf_1)
                  0.04    0.07    1.35 ^ _0974_/X (sky130_fd_sc_hd__clkbuf_1)
     1    0.00                           _0034_ (net)
                  0.04    0.00    1.35 ^ _1200_/D (sky130_fd_sc_hd__dfxtp_1)
                                  1.35   data arrival time

                          0.00    0.00   clock clk (rise edge)
                          0.00    0.00   clock source latency
                  0.04    0.03    0.03 ^ clk (in)
     1    0.01                           clk (net)
                  0.04    0.00    0.03 ^ clkbuf_0_clk/A (sky130_fd_sc_hd__clkbuf_16)
                  0.09    0.17    0.20 ^ clkbuf_0_clk/X (sky130_fd_sc_hd__clkbuf_16)
    16    0.07                           clknet_0_clk (net)
                  0.09    0.00    0.20 ^ clkbuf_4_2_0_clk/A (sky130_fd_sc_hd__clkbuf_8)
                  0.08    0.18    0.38 ^ clkbuf_4_2_0_clk/X (sky130_fd_sc_hd__clkbuf_8)
    14    0.04                           clknet_4_2_0_clk (net)
                  0.08    0.00    0.38 ^ _1200_/CLK (sky130_fd_sc_hd__dfxtp_1)
                          0.25    0.63   clock uncertainty
                         -0.02    0.61   clock reconvergence pessimism
                         -0.02    0.59   library hold time
                                  0.59   data required time
-----------------------------------------------------------------------------
                                  0.59   data required time
                                 -1.35   data arrival time
-----------------------------------------------------------------------------
                                  0.76   slack (MET)


Startpoint: _1177_ (rising edge-triggered flip-flop clocked by clk)
Endpoint: _1312_ (rising edge-triggered flip-flop clocked by clk)
Path Group: clk
Path Type: min

Fanout     Cap    Slew   Delay    Time   Description
-----------------------------------------------------------------------------
                          0.00    0.00   clock clk (rise edge)
                          0.00    0.00   clock source latency
                  0.04    0.03    0.03 ^ clk (in)
     1    0.01                           clk (net)
                  0.04    0.00    0.03 ^ clkbuf_0_clk/A (sky130_fd_sc_hd__clkbuf_16)
                  0.09    0.15    0.18 ^ clkbuf_0_clk/X (sky130_fd_sc_hd__clkbuf_16)
    16    0.07                           clknet_0_clk (net)
                  0.09    0.00    0.18 ^ clkbuf_4_15_0_clk/A (sky130_fd_sc_hd__clkbuf_8)
                  0.05    0.14    0.32 ^ clkbuf_4_15_0_clk/X (sky130_fd_sc_hd__clkbuf_8)
     6    0.02                           clknet_4_15_0_clk (net)
                  0.05    0.00    0.32 ^ _1177_/CLK (sky130_fd_sc_hd__dfrtp_4)
                  0.14    0.46    0.77 ^ _1177_/Q (sky130_fd_sc_hd__dfrtp_4)
     8    0.04                           u_addr_gen.addr[4] (net)
                  0.14    0.00    0.77 ^ hold10/A (sky130_fd_sc_hd__dlygate4sd3_1)
                  0.07    0.55    1.32 ^ hold10/X (sky130_fd_sc_hd__dlygate4sd3_1)
     1    0.00                           net26 (net)
                  0.07    0.00    1.32 ^ _1312_/D (sky130_fd_sc_hd__dfrtp_1)
                                  1.32   data arrival time

                          0.00    0.00   clock clk (rise edge)
                          0.00    0.00   clock source latency
                  0.04    0.03    0.03 ^ clk (in)
     1    0.01                           clk (net)
                  0.04    0.00    0.03 ^ clkbuf_0_clk/A (sky130_fd_sc_hd__clkbuf_16)
                  0.09    0.17    0.20 ^ clkbuf_0_clk/X (sky130_fd_sc_hd__clkbuf_16)
    16    0.07                           clknet_0_clk (net)
                  0.09    0.00    0.20 ^ clkbuf_4_14_0_clk/A (sky130_fd_sc_hd__clkbuf_8)
                  0.06    0.16    0.36 ^ clkbuf_4_14_0_clk/X (sky130_fd_sc_hd__clkbuf_8)
     8    0.02                           clknet_4_14_0_clk (net)
                  0.06    0.00    0.36 ^ _1312_/CLK (sky130_fd_sc_hd__dfrtp_1)
                          0.25    0.61   clock uncertainty
                         -0.02    0.59   clock reconvergence pessimism
                         -0.04    0.55   library hold time
                                  0.55   data required time
-----------------------------------------------------------------------------
                                  0.55   data required time
                                 -1.32   data arrival time
-----------------------------------------------------------------------------
                                  0.77   slack (MET)


Startpoint: _1318_ (rising edge-triggered flip-flop clocked by clk)
Endpoint: _1263_ (rising edge-triggered flip-flop clocked by clk)
Path Group: clk
Path Type: min

Fanout     Cap    Slew   Delay    Time   Description
-----------------------------------------------------------------------------
                          0.00    0.00   clock clk (rise edge)
                          0.00    0.00   clock source latency
                  0.04    0.03    0.03 ^ clk (in)
     1    0.01                           clk (net)
                  0.04    0.00    0.03 ^ clkbuf_0_clk/A (sky130_fd_sc_hd__clkbuf_16)
                  0.09    0.15    0.18 ^ clkbuf_0_clk/X (sky130_fd_sc_hd__clkbuf_16)
    16    0.07                           clknet_0_clk (net)
                  0.09    0.00    0.18 ^ clkbuf_4_10_0_clk/A (sky130_fd_sc_hd__clkbuf_8)
                  0.08    0.16    0.34 ^ clkbuf_4_10_0_clk/X (sky130_fd_sc_hd__clkbuf_8)
    15    0.04                           clknet_4_10_0_clk (net)
                  0.08    0.00    0.34 ^ _1318_/CLK (sky130_fd_sc_hd__dfrtp_1)
                  0.12    0.37    0.72 ^ _1318_/Q (sky130_fd_sc_hd__dfrtp_1)
     2    0.01                           u_pattern_gen.state_r[1] (net)
                  0.12    0.00    0.72 ^ _0862_/B (sky130_fd_sc_hd__xor2_2)
                  0.14    0.17    0.89 ^ _0862_/X (sky130_fd_sc_hd__xor2_2)
     4    0.01                           _0307_ (net)
                  0.14    0.00    0.89 ^ _0906_/A (sky130_fd_sc_hd__clkbuf_4)
                  0.14    0.23    1.12 ^ _0906_/X (sky130_fd_sc_hd__clkbuf_4)
    10    0.04                           _0342_ (net)
                  0.14    0.00    1.12 ^ _1147_/A1 (sky130_fd_sc_hd__mux2_1)
                  0.05    0.15    1.27 ^ _1147_/X (sky130_fd_sc_hd__mux2_1)
     1    0.00                           _0501_ (net)
                  0.05    0.00    1.27 ^ _1148_/A (sky130_fd_sc_hd__clkbuf_1)
                  0.04    0.07    1.34 ^ _1148_/X (sky130_fd_sc_hd__clkbuf_1)
     1    0.00                           _0097_ (net)
                  0.04    0.00    1.34 ^ _1263_/D (sky130_fd_sc_hd__dfxtp_1)
                                  1.34   data arrival time

                          0.00    0.00   clock clk (rise edge)
                          0.00    0.00   clock source latency
                  0.04    0.03    0.03 ^ clk (in)
     1    0.01                           clk (net)
                  0.04    0.00    0.03 ^ clkbuf_0_clk/A (sky130_fd_sc_hd__clkbuf_16)
                  0.09    0.17    0.20 ^ clkbuf_0_clk/X (sky130_fd_sc_hd__clkbuf_16)
    16    0.07                           clknet_0_clk (net)
                  0.09    0.00    0.20 ^ clkbuf_4_4_0_clk/A (sky130_fd_sc_hd__clkbuf_8)
                  0.06    0.16    0.36 ^ clkbuf_4_4_0_clk/X (sky130_fd_sc_hd__clkbuf_8)
     9    0.03                           clknet_4_4_0_clk (net)
                  0.06    0.00    0.36 ^ _1263_/CLK (sky130_fd_sc_hd__dfxtp_1)
                          0.25    0.61   clock uncertainty
                         -0.02    0.59   clock reconvergence pessimism
                         -0.03    0.56   library hold time
                                  0.56   data required time
-----------------------------------------------------------------------------
                                  0.56   data required time
                                 -1.34   data arrival time
-----------------------------------------------------------------------------
                                  0.78   slack (MET)


Startpoint: _1176_ (rising edge-triggered flip-flop clocked by clk)
Endpoint: _1203_ (rising edge-triggered flip-flop clocked by clk)
Path Group: clk
Path Type: min

Fanout     Cap    Slew   Delay    Time   Description
-----------------------------------------------------------------------------
                          0.00    0.00   clock clk (rise edge)
                          0.00    0.00   clock source latency
                  0.04    0.03    0.03 ^ clk (in)
     1    0.01                           clk (net)
                  0.04    0.00    0.03 ^ clkbuf_0_clk/A (sky130_fd_sc_hd__clkbuf_16)
                  0.09    0.15    0.18 ^ clkbuf_0_clk/X (sky130_fd_sc_hd__clkbuf_16)
    16    0.07                           clknet_0_clk (net)
                  0.09    0.00    0.18 ^ clkbuf_4_12_0_clk/A (sky130_fd_sc_hd__clkbuf_8)
                  0.05    0.14    0.32 ^ clkbuf_4_12_0_clk/X (sky130_fd_sc_hd__clkbuf_8)
     7    0.02                           clknet_4_12_0_clk (net)
                  0.05    0.00    0.32 ^ _1176_/CLK (sky130_fd_sc_hd__dfrtp_4)
                  0.10    0.42    0.74 ^ _1176_/Q (sky130_fd_sc_hd__dfrtp_4)
     8    0.02                           u_addr_gen.addr[3] (net)
                  0.10    0.00    0.74 ^ _0864_/A (sky130_fd_sc_hd__buf_2)
                  0.11    0.17    0.91 ^ _0864_/X (sky130_fd_sc_hd__buf_2)
    10    0.02                           _0309_ (net)
                  0.11    0.00    0.91 ^ _0981_/A (sky130_fd_sc_hd__or3_4)
                  0.04    0.14    1.05 ^ _0981_/X (sky130_fd_sc_hd__or3_4)
     4    0.01                           _0395_ (net)
                  0.04    0.00    1.05 ^ _0982_/B (sky130_fd_sc_hd__nor2_1)
                  0.04    0.05    1.10 v _0982_/Y (sky130_fd_sc_hd__nor2_1)
     2    0.01                           _0396_ (net)
                  0.04    0.00    1.10 v _0983_/S (sky130_fd_sc_hd__mux2_1)
                  0.04    0.18    1.28 ^ _0983_/X (sky130_fd_sc_hd__mux2_1)
     1    0.00                           _0397_ (net)
                  0.04    0.00    1.28 ^ _0984_/A (sky130_fd_sc_hd__clkbuf_1)
                  0.04    0.07    1.35 ^ _0984_/X (sky130_fd_sc_hd__clkbuf_1)
     1    0.00                           _0037_ (net)
                  0.04    0.00    1.35 ^ _1203_/D (sky130_fd_sc_hd__dfxtp_1)
                                  1.35   data arrival time

                          0.00    0.00   clock clk (rise edge)
                          0.00    0.00   clock source latency
                  0.04    0.03    0.03 ^ clk (in)
     1    0.01                           clk (net)
                  0.04    0.00    0.03 ^ clkbuf_0_clk/A (sky130_fd_sc_hd__clkbuf_16)
                  0.09    0.17    0.20 ^ clkbuf_0_clk/X (sky130_fd_sc_hd__clkbuf_16)
    16    0.07                           clknet_0_clk (net)
                  0.09    0.00    0.20 ^ clkbuf_4_8_0_clk/A (sky130_fd_sc_hd__clkbuf_8)
                  0.06    0.17    0.36 ^ clkbuf_4_8_0_clk/X (sky130_fd_sc_hd__clkbuf_8)
    10    0.03                           clknet_4_8_0_clk (net)
                  0.06    0.00    0.36 ^ _1203_/CLK (sky130_fd_sc_hd__dfxtp_1)
                          0.25    0.61   clock uncertainty
                         -0.02    0.60   clock reconvergence pessimism
                         -0.03    0.57   library hold time
                                  0.57   data required time
-----------------------------------------------------------------------------
                                  0.57   data required time
                                 -1.35   data arrival time
-----------------------------------------------------------------------------
                                  0.78   slack (MET)


Startpoint: _1267_ (rising edge-triggered flip-flop clocked by clk)
Endpoint: _1267_ (rising edge-triggered flip-flop clocked by clk)
Path Group: clk
Path Type: min

Fanout     Cap    Slew   Delay    Time   Description
-----------------------------------------------------------------------------
                          0.00    0.00   clock clk (rise edge)
                          0.00    0.00   clock source latency
                  0.04    0.03    0.03 ^ clk (in)
     1    0.01                           clk (net)
                  0.04    0.00    0.03 ^ clkbuf_0_clk/A (sky130_fd_sc_hd__clkbuf_16)
                  0.09    0.15    0.18 ^ clkbuf_0_clk/X (sky130_fd_sc_hd__clkbuf_16)
    16    0.07                           clknet_0_clk (net)
                  0.09    0.00    0.18 ^ clkbuf_4_12_0_clk/A (sky130_fd_sc_hd__clkbuf_8)
                  0.05    0.14    0.32 ^ clkbuf_4_12_0_clk/X (sky130_fd_sc_hd__clkbuf_8)
     7    0.02                           clknet_4_12_0_clk (net)
                  0.05    0.00    0.32 ^ _1267_/CLK (sky130_fd_sc_hd__dfxtp_1)
                  0.06    0.30    0.62 ^ _1267_/Q (sky130_fd_sc_hd__dfxtp_1)
     2    0.01                           u_sram.mem[19][1] (net)
                  0.06    0.00    0.62 ^ hold56/A (sky130_fd_sc_hd__dlygate4sd3_1)
                  0.05    0.51    1.13 ^ hold56/X (sky130_fd_sc_hd__dlygate4sd3_1)
     1    0.00                           net72 (net)
                  0.05    0.00    1.13 ^ _1158_/A0 (sky130_fd_sc_hd__mux2_1)
                  0.04    0.11    1.24 ^ _1158_/X (sky130_fd_sc_hd__mux2_1)
     1    0.00                           _0508_ (net)
                  0.04    0.00    1.24 ^ _1159_/A (sky130_fd_sc_hd__clkbuf_1)
                  0.05    0.08    1.32 ^ _1159_/X (sky130_fd_sc_hd__clkbuf_1)
     1    0.00                           _0101_ (net)
                  0.05    0.00    1.32 ^ _1267_/D (sky130_fd_sc_hd__dfxtp_1)
                                  1.32   data arrival time

                          0.00    0.00   clock clk (rise edge)
                          0.00    0.00   clock source latency
                  0.04    0.03    0.03 ^ clk (in)
     1    0.01                           clk (net)
                  0.04    0.00    0.03 ^ clkbuf_0_clk/A (sky130_fd_sc_hd__clkbuf_16)
                  0.09    0.17    0.20 ^ clkbuf_0_clk/X (sky130_fd_sc_hd__clkbuf_16)
    16    0.07                           clknet_0_clk (net)
                  0.09    0.00    0.20 ^ clkbuf_4_12_0_clk/A (sky130_fd_sc_hd__clkbuf_8)
                  0.05    0.16    0.35 ^ clkbuf_4_12_0_clk/X (sky130_fd_sc_hd__clkbuf_8)
     7    0.02                           clknet_4_12_0_clk (net)
                  0.05    0.00    0.36 ^ _1267_/CLK (sky130_fd_sc_hd__dfxtp_1)
                          0.25    0.61   clock uncertainty
                         -0.03    0.57   clock reconvergence pessimism
                         -0.03    0.54   library hold time
                                  0.54   data required time
-----------------------------------------------------------------------------
                                  0.54   data required time
                                 -1.32   data arrival time
-----------------------------------------------------------------------------
                                  0.78   slack (MET)


Startpoint: _1272_ (rising edge-triggered flip-flop clocked by clk)
Endpoint: _1272_ (rising edge-triggered flip-flop clocked by clk)
Path Group: clk
Path Type: min

Fanout     Cap    Slew   Delay    Time   Description
-----------------------------------------------------------------------------
                          0.00    0.00   clock clk (rise edge)
                          0.00    0.00   clock source latency
                  0.04    0.03    0.03 ^ clk (in)
     1    0.01                           clk (net)
                  0.04    0.00    0.03 ^ clkbuf_0_clk/A (sky130_fd_sc_hd__clkbuf_16)
                  0.09    0.15    0.18 ^ clkbuf_0_clk/X (sky130_fd_sc_hd__clkbuf_16)
    16    0.07                           clknet_0_clk (net)
                  0.09    0.00    0.18 ^ clkbuf_4_12_0_clk/A (sky130_fd_sc_hd__clkbuf_8)
                  0.05    0.14    0.32 ^ clkbuf_4_12_0_clk/X (sky130_fd_sc_hd__clkbuf_8)
     7    0.02                           clknet_4_12_0_clk (net)
                  0.05    0.00    0.32 ^ _1272_/CLK (sky130_fd_sc_hd__dfxtp_1)
                  0.06    0.30    0.62 ^ _1272_/Q (sky130_fd_sc_hd__dfxtp_1)
     2    0.00                           u_sram.mem[17][0] (net)
                  0.06    0.00    0.62 ^ hold22/A (sky130_fd_sc_hd__dlygate4sd3_1)
                  0.06    0.51    1.13 ^ hold22/X (sky130_fd_sc_hd__dlygate4sd3_1)
     1    0.00                           net38 (net)
                  0.06    0.00    1.13 ^ _0583_/A1 (sky130_fd_sc_hd__mux2_1)
                  0.04    0.12    1.25 ^ _0583_/X (sky130_fd_sc_hd__mux2_1)
     1    0.00                           _0515_ (net)
                  0.04    0.00    1.25 ^ _0584_/A (sky130_fd_sc_hd__clkbuf_1)
                  0.04    0.07    1.32 ^ _0584_/X (sky130_fd_sc_hd__clkbuf_1)
     1    0.00                           _0106_ (net)
                  0.04    0.00    1.32 ^ _1272_/D (sky130_fd_sc_hd__dfxtp_1)
                                  1.32   data arrival time

                          0.00    0.00   clock clk (rise edge)
                          0.00    0.00   clock source latency
                  0.04    0.03    0.03 ^ clk (in)
     1    0.01                           clk (net)
                  0.04    0.00    0.03 ^ clkbuf_0_clk/A (sky130_fd_sc_hd__clkbuf_16)
                  0.09    0.17    0.20 ^ clkbuf_0_clk/X (sky130_fd_sc_hd__clkbuf_16)
    16    0.07                           clknet_0_clk (net)
                  0.09    0.00    0.20 ^ clkbuf_4_12_0_clk/A (sky130_fd_sc_hd__clkbuf_8)
                  0.05    0.16    0.35 ^ clkbuf_4_12_0_clk/X (sky130_fd_sc_hd__clkbuf_8)
     7    0.02                           clknet_4_12_0_clk (net)
                  0.05    0.00    0.36 ^ _1272_/CLK (sky130_fd_sc_hd__dfxtp_1)
                          0.25    0.61   clock uncertainty
                         -0.03    0.57   clock reconvergence pessimism
                         -0.03    0.54   library hold time
                                  0.54   data required time
-----------------------------------------------------------------------------
                                  0.54   data required time
                                 -1.32   data arrival time
-----------------------------------------------------------------------------
                                  0.78   slack (MET)


Startpoint: _1307_ (rising edge-triggered flip-flop clocked by clk)
Endpoint: _1307_ (rising edge-triggered flip-flop clocked by clk)
Path Group: clk
Path Type: min

Fanout     Cap    Slew   Delay    Time   Description
-----------------------------------------------------------------------------
                          0.00    0.00   clock clk (rise edge)
                          0.00    0.00   clock source latency
                  0.04    0.03    0.03 ^ clk (in)
     1    0.01                           clk (net)
                  0.04    0.00    0.03 ^ clkbuf_0_clk/A (sky130_fd_sc_hd__clkbuf_16)
                  0.09    0.15    0.18 ^ clkbuf_0_clk/X (sky130_fd_sc_hd__clkbuf_16)
    16    0.07                           clknet_0_clk (net)
                  0.09    0.00    0.18 ^ clkbuf_4_10_0_clk/A (sky130_fd_sc_hd__clkbuf_8)
                  0.08    0.16    0.34 ^ clkbuf_4_10_0_clk/X (sky130_fd_sc_hd__clkbuf_8)
    15    0.04                           clknet_4_10_0_clk (net)
                  0.08    0.00    0.34 ^ _1307_/CLK (sky130_fd_sc_hd__dfrtp_1)
                  0.04    0.31    0.65 ^ _1307_/Q (sky130_fd_sc_hd__dfrtp_1)
     1    0.00                           u_fsm.protocol_error (net)
                  0.04    0.00    0.65 ^ hold8/A (sky130_fd_sc_hd__dlygate4sd3_1)
                  0.09    0.54    1.19 ^ hold8/X (sky130_fd_sc_hd__dlygate4sd3_1)
     2    0.01                           net24 (net)
                  0.09    0.00    1.19 ^ _0672_/A (sky130_fd_sc_hd__clkbuf_1)
                  0.04    0.09    1.28 ^ _0672_/X (sky130_fd_sc_hd__clkbuf_1)
     1    0.00                           _0569_ (net)
                  0.04    0.00    1.28 ^ _0673_/A (sky130_fd_sc_hd__clkbuf_1)
                  0.04    0.07    1.35 ^ _0673_/X (sky130_fd_sc_hd__clkbuf_1)
     1    0.00                           _0141_ (net)
                  0.04    0.00    1.35 ^ _1307_/D (sky130_fd_sc_hd__dfrtp_1)
                                  1.35   data arrival time

                          0.00    0.00   clock clk (rise edge)
                          0.00    0.00   clock source latency
                  0.04    0.03    0.03 ^ clk (in)
     1    0.01                           clk (net)
                  0.04    0.00    0.03 ^ clkbuf_0_clk/A (sky130_fd_sc_hd__clkbuf_16)
                  0.09    0.17    0.20 ^ clkbuf_0_clk/X (sky130_fd_sc_hd__clkbuf_16)
    16    0.07                           clknet_0_clk (net)
                  0.09    0.00    0.20 ^ clkbuf_4_10_0_clk/A (sky130_fd_sc_hd__clkbuf_8)
                  0.08    0.18    0.38 ^ clkbuf_4_10_0_clk/X (sky130_fd_sc_hd__clkbuf_8)
    15    0.04                           clknet_4_10_0_clk (net)
                  0.08    0.00    0.38 ^ _1307_/CLK (sky130_fd_sc_hd__dfrtp_1)
                          0.25    0.63   clock uncertainty
                         -0.04    0.59   clock reconvergence pessimism
                         -0.03    0.57   library hold time
                                  0.57   data required time
-----------------------------------------------------------------------------
                                  0.57   data required time
                                 -1.35   data arrival time
-----------------------------------------------------------------------------
                                  0.79   slack (MET)


Startpoint: _1317_ (rising edge-triggered flip-flop clocked by clk)
Endpoint: _1276_ (rising edge-triggered flip-flop clocked by clk)
Path Group: clk
Path Type: min

Fanout     Cap    Slew   Delay    Time   Description
-----------------------------------------------------------------------------
                          0.00    0.00   clock clk (rise edge)
                          0.00    0.00   clock source latency
                  0.04    0.03    0.03 ^ clk (in)
     1    0.01                           clk (net)
                  0.04    0.00    0.03 ^ clkbuf_0_clk/A (sky130_fd_sc_hd__clkbuf_16)
                  0.09    0.15    0.18 ^ clkbuf_0_clk/X (sky130_fd_sc_hd__clkbuf_16)
    16    0.07                           clknet_0_clk (net)
                  0.09    0.00    0.18 ^ clkbuf_4_10_0_clk/A (sky130_fd_sc_hd__clkbuf_8)
                  0.08    0.16    0.34 ^ clkbuf_4_10_0_clk/X (sky130_fd_sc_hd__clkbuf_8)
    15    0.04                           clknet_4_10_0_clk (net)
                  0.08    0.00    0.34 ^ _1317_/CLK (sky130_fd_sc_hd__dfrtp_4)
                  0.10    0.43    0.78 ^ _1317_/Q (sky130_fd_sc_hd__dfrtp_4)
     4    0.02                           u_pattern_gen.state_r[0] (net)
                  0.10    0.00    0.78 ^ _0915_/A (sky130_fd_sc_hd__clkbuf_4)
                  0.08    0.17    0.94 ^ _0915_/X (sky130_fd_sc_hd__clkbuf_4)
    10    0.02                           _0350_ (net)
                  0.08    0.00    0.94 ^ _1133_/A (sky130_fd_sc_hd__buf_2)
                  0.15    0.19    1.13 ^ _1133_/X (sky130_fd_sc_hd__buf_2)
    10    0.03                           _0492_ (net)
                  0.15    0.00    1.13 ^ _0595_/A0 (sky130_fd_sc_hd__mux2_1)
                  0.05    0.15    1.28 ^ _0595_/X (sky130_fd_sc_hd__mux2_1)
     1    0.00                           _0523_ (net)
                  0.05    0.00    1.28 ^ _0596_/A (sky130_fd_sc_hd__clkbuf_1)
                  0.04    0.07    1.35 ^ _0596_/X (sky130_fd_sc_hd__clkbuf_1)
     1    0.00                           _0110_ (net)
                  0.04    0.00    1.35 ^ _1276_/D (sky130_fd_sc_hd__dfxtp_1)
                                  1.35   data arrival time

                          0.00    0.00   clock clk (rise edge)
                          0.00    0.00   clock source latency
                  0.04    0.03    0.03 ^ clk (in)
     1    0.01                           clk (net)
                  0.04    0.00    0.03 ^ clkbuf_0_clk/A (sky130_fd_sc_hd__clkbuf_16)
                  0.09    0.17    0.20 ^ clkbuf_0_clk/X (sky130_fd_sc_hd__clkbuf_16)
    16    0.07                           clknet_0_clk (net)
                  0.09    0.00    0.20 ^ clkbuf_4_0_0_clk/A (sky130_fd_sc_hd__clkbuf_8)
                  0.06    0.17    0.36 ^ clkbuf_4_0_0_clk/X (sky130_fd_sc_hd__clkbuf_8)
    10    0.03                           clknet_4_0_0_clk (net)
                  0.06    0.00    0.36 ^ _1276_/CLK (sky130_fd_sc_hd__dfxtp_1)
                          0.25    0.61   clock uncertainty
                         -0.02    0.60   clock reconvergence pessimism
                         -0.03    0.57   library hold time
                                  0.57   data required time
-----------------------------------------------------------------------------
                                  0.57   data required time
                                 -1.35   data arrival time
-----------------------------------------------------------------------------
                                  0.79   slack (MET)


Startpoint: _1231_ (rising edge-triggered flip-flop clocked by clk)
Endpoint: _1231_ (rising edge-triggered flip-flop clocked by clk)
Path Group: clk
Path Type: min

Fanout     Cap    Slew   Delay    Time   Description
-----------------------------------------------------------------------------
                          0.00    0.00   clock clk (rise edge)
                          0.00    0.00   clock source latency
                  0.04    0.03    0.03 ^ clk (in)
     1    0.01                           clk (net)
                  0.04    0.00    0.03 ^ clkbuf_0_clk/A (sky130_fd_sc_hd__clkbuf_16)
                  0.09    0.15    0.18 ^ clkbuf_0_clk/X (sky130_fd_sc_hd__clkbuf_16)
    16    0.07                           clknet_0_clk (net)
                  0.09    0.00    0.18 ^ clkbuf_4_7_0_clk/A (sky130_fd_sc_hd__clkbuf_8)
                  0.07    0.16    0.34 ^ clkbuf_4_7_0_clk/X (sky130_fd_sc_hd__clkbuf_8)
    13    0.03                           clknet_4_7_0_clk (net)
                  0.07    0.00    0.34 ^ _1231_/CLK (sky130_fd_sc_hd__dfxtp_1)
                  0.05    0.30    0.64 ^ _1231_/Q (sky130_fd_sc_hd__dfxtp_1)
     2    0.00                           u_sram.mem[37][1] (net)
                  0.05    0.00    0.64 ^ hold76/A (sky130_fd_sc_hd__dlygate4sd3_1)
                  0.06    0.52    1.16 ^ hold76/X (sky130_fd_sc_hd__dlygate4sd3_1)
     1    0.00                           net92 (net)
                  0.06    0.00    1.16 ^ _1063_/A0 (sky130_fd_sc_hd__mux2_1)
                  0.05    0.12    1.27 ^ _1063_/X (sky130_fd_sc_hd__mux2_1)
     1    0.00                           _0449_ (net)
                  0.05    0.00    1.27 ^ _1064_/A (sky130_fd_sc_hd__clkbuf_1)
                  0.04    0.07    1.35 ^ _1064_/X (sky130_fd_sc_hd__clkbuf_1)
     1    0.00                           _0065_ (net)
                  0.04    0.00    1.35 ^ _1231_/D (sky130_fd_sc_hd__dfxtp_1)
                                  1.35   data arrival time

                          0.00    0.00   clock clk (rise edge)
                          0.00    0.00   clock source latency
                  0.04    0.03    0.03 ^ clk (in)
     1    0.01                           clk (net)
                  0.04    0.00    0.03 ^ clkbuf_0_clk/A (sky130_fd_sc_hd__clkbuf_16)
                  0.09    0.17    0.20 ^ clkbuf_0_clk/X (sky130_fd_sc_hd__clkbuf_16)
    16    0.07                           clknet_0_clk (net)
                  0.09    0.00    0.20 ^ clkbuf_4_7_0_clk/A (sky130_fd_sc_hd__clkbuf_8)
                  0.07    0.17    0.37 ^ clkbuf_4_7_0_clk/X (sky130_fd_sc_hd__clkbuf_8)
    13    0.03                           clknet_4_7_0_clk (net)
                  0.07    0.00    0.37 ^ _1231_/CLK (sky130_fd_sc_hd__dfxtp_1)
                          0.25    0.62   clock uncertainty
                         -0.04    0.59   clock reconvergence pessimism
                         -0.03    0.56   library hold time
                                  0.56   data required time
-----------------------------------------------------------------------------
                                  0.56   data required time
                                 -1.35   data arrival time
-----------------------------------------------------------------------------
                                  0.79   slack (MET)


Startpoint: _1176_ (rising edge-triggered flip-flop clocked by clk)
Endpoint: _1199_ (rising edge-triggered flip-flop clocked by clk)
Path Group: clk
Path Type: min

Fanout     Cap    Slew   Delay    Time   Description
-----------------------------------------------------------------------------
                          0.00    0.00   clock clk (rise edge)
                          0.00    0.00   clock source latency
                  0.04    0.03    0.03 ^ clk (in)
     1    0.01                           clk (net)
                  0.04    0.00    0.03 ^ clkbuf_0_clk/A (sky130_fd_sc_hd__clkbuf_16)
                  0.09    0.15    0.18 ^ clkbuf_0_clk/X (sky130_fd_sc_hd__clkbuf_16)
    16    0.07                           clknet_0_clk (net)
                  0.09    0.00    0.18 ^ clkbuf_4_12_0_clk/A (sky130_fd_sc_hd__clkbuf_8)
                  0.05    0.14    0.32 ^ clkbuf_4_12_0_clk/X (sky130_fd_sc_hd__clkbuf_8)
     7    0.02                           clknet_4_12_0_clk (net)
                  0.05    0.00    0.32 ^ _1176_/CLK (sky130_fd_sc_hd__dfrtp_4)
                  0.10    0.42    0.74 ^ _1176_/Q (sky130_fd_sc_hd__dfrtp_4)
     8    0.02                           u_addr_gen.addr[3] (net)
                  0.10    0.00    0.74 ^ _0864_/A (sky130_fd_sc_hd__buf_2)
                  0.11    0.17    0.91 ^ _0864_/X (sky130_fd_sc_hd__buf_2)
    10    0.02                           _0309_ (net)
                  0.11    0.00    0.91 ^ _0969_/B (sky130_fd_sc_hd__or3b_2)
                  0.06    0.14    1.05 ^ _0969_/X (sky130_fd_sc_hd__or3b_2)
     4    0.01                           _0387_ (net)
                  0.06    0.00    1.05 ^ _0970_/B (sky130_fd_sc_hd__nor2_1)
                  0.04    0.05    1.11 v _0970_/Y (sky130_fd_sc_hd__nor2_1)
     2    0.01                           _0388_ (net)
                  0.04    0.00    1.11 v _0971_/S (sky130_fd_sc_hd__mux2_1)
                  0.05    0.19    1.29 ^ _0971_/X (sky130_fd_sc_hd__mux2_1)
     1    0.00                           _0389_ (net)
                  0.05    0.00    1.29 ^ _0972_/A (sky130_fd_sc_hd__clkbuf_1)
                  0.04    0.08    1.37 ^ _0972_/X (sky130_fd_sc_hd__clkbuf_1)
     1    0.00                           _0033_ (net)
                  0.04    0.00    1.37 ^ _1199_/D (sky130_fd_sc_hd__dfxtp_1)
                                  1.37   data arrival time

                          0.00    0.00   clock clk (rise edge)
                          0.00    0.00   clock source latency
                  0.04    0.03    0.03 ^ clk (in)
     1    0.01                           clk (net)
                  0.04    0.00    0.03 ^ clkbuf_0_clk/A (sky130_fd_sc_hd__clkbuf_16)
                  0.09    0.17    0.20 ^ clkbuf_0_clk/X (sky130_fd_sc_hd__clkbuf_16)
    16    0.07                           clknet_0_clk (net)
                  0.09    0.00    0.20 ^ clkbuf_4_2_0_clk/A (sky130_fd_sc_hd__clkbuf_8)
                  0.08    0.18    0.38 ^ clkbuf_4_2_0_clk/X (sky130_fd_sc_hd__clkbuf_8)
    14    0.04                           clknet_4_2_0_clk (net)
                  0.08    0.00    0.38 ^ _1199_/CLK (sky130_fd_sc_hd__dfxtp_1)
                          0.25    0.63   clock uncertainty
                         -0.02    0.61   clock reconvergence pessimism
                         -0.03    0.58   library hold time
                                  0.58   data required time
-----------------------------------------------------------------------------
                                  0.58   data required time
                                 -1.37   data arrival time
-----------------------------------------------------------------------------
                                  0.79   slack (MET)


Startpoint: _1175_ (rising edge-triggered flip-flop clocked by clk)
Endpoint: _1243_ (rising edge-triggered flip-flop clocked by clk)
Path Group: clk
Path Type: min

Fanout     Cap    Slew   Delay    Time   Description
-----------------------------------------------------------------------------
                          0.00    0.00   clock clk (rise edge)
                          0.00    0.00   clock source latency
                  0.04    0.03    0.03 ^ clk (in)
     1    0.01                           clk (net)
                  0.04    0.00    0.03 ^ clkbuf_0_clk/A (sky130_fd_sc_hd__clkbuf_16)
                  0.09    0.15    0.18 ^ clkbuf_0_clk/X (sky130_fd_sc_hd__clkbuf_16)
    16    0.07                           clknet_0_clk (net)
                  0.09    0.00    0.18 ^ clkbuf_4_13_0_clk/A (sky130_fd_sc_hd__clkbuf_8)
                  0.06    0.15    0.33 ^ clkbuf_4_13_0_clk/X (sky130_fd_sc_hd__clkbuf_8)
     9    0.03                           clknet_4_13_0_clk (net)
                  0.06    0.00    0.33 ^ _1175_/CLK (sky130_fd_sc_hd__dfrtp_2)
                  0.08    0.42    0.74 v _1175_/Q (sky130_fd_sc_hd__dfrtp_2)
     8    0.02                           u_addr_gen.addr[2] (net)
                  0.08    0.00    0.74 v _0867_/C (sky130_fd_sc_hd__and3_1)
                  0.06    0.21    0.95 v _0867_/X (sky130_fd_sc_hd__and3_1)
     2    0.01                           _0312_ (net)
                  0.06    0.00    0.95 v _0868_/B (sky130_fd_sc_hd__nand2_2)
                  0.06    0.08    1.03 ^ _0868_/Y (sky130_fd_sc_hd__nand2_2)
     4    0.01                           _0313_ (net)
                  0.06    0.00    1.03 ^ _1095_/A (sky130_fd_sc_hd__nor2_1)
                  0.05    0.07    1.10 v _1095_/Y (sky130_fd_sc_hd__nor2_1)
     2    0.01                           _0469_ (net)
                  0.05    0.00    1.10 v _1096_/S (sky130_fd_sc_hd__mux2_1)
                  0.04    0.18    1.28 ^ _1096_/X (sky130_fd_sc_hd__mux2_1)
     1    0.00                           _0470_ (net)
                  0.04    0.00    1.28 ^ _1097_/A (sky130_fd_sc_hd__clkbuf_1)
                  0.05    0.08    1.36 ^ _1097_/X (sky130_fd_sc_hd__clkbuf_1)
     1    0.00                           _0077_ (net)
                  0.05    0.00    1.36 ^ _1243_/D (sky130_fd_sc_hd__dfxtp_1)
                                  1.36   data arrival time

                          0.00    0.00   clock clk (rise edge)
                          0.00    0.00   clock source latency
                  0.04    0.03    0.03 ^ clk (in)
     1    0.01                           clk (net)
                  0.04    0.00    0.03 ^ clkbuf_0_clk/A (sky130_fd_sc_hd__clkbuf_16)
                  0.09    0.17    0.20 ^ clkbuf_0_clk/X (sky130_fd_sc_hd__clkbuf_16)
    16    0.07                           clknet_0_clk (net)
                  0.09    0.00    0.20 ^ clkbuf_4_5_0_clk/A (sky130_fd_sc_hd__clkbuf_8)
                  0.07    0.17    0.37 ^ clkbuf_4_5_0_clk/X (sky130_fd_sc_hd__clkbuf_8)
    11    0.03                           clknet_4_5_0_clk (net)
                  0.07    0.00    0.37 ^ _1243_/CLK (sky130_fd_sc_hd__dfxtp_1)
                          0.25    0.62   clock uncertainty
                         -0.02    0.60   clock reconvergence pessimism
                         -0.03    0.57   library hold time
                                  0.57   data required time
-----------------------------------------------------------------------------
                                  0.57   data required time
                                 -1.36   data arrival time
-----------------------------------------------------------------------------
                                  0.79   slack (MET)


Startpoint: _1239_ (rising edge-triggered flip-flop clocked by clk)
Endpoint: _1239_ (rising edge-triggered flip-flop clocked by clk)
Path Group: clk
Path Type: min

Fanout     Cap    Slew   Delay    Time   Description
-----------------------------------------------------------------------------
                          0.00    0.00   clock clk (rise edge)
                          0.00    0.00   clock source latency
                  0.04    0.03    0.03 ^ clk (in)
     1    0.01                           clk (net)
                  0.04    0.00    0.03 ^ clkbuf_0_clk/A (sky130_fd_sc_hd__clkbuf_16)
                  0.09    0.15    0.18 ^ clkbuf_0_clk/X (sky130_fd_sc_hd__clkbuf_16)
    16    0.07                           clknet_0_clk (net)
                  0.09    0.00    0.18 ^ clkbuf_4_7_0_clk/A (sky130_fd_sc_hd__clkbuf_8)
                  0.07    0.16    0.34 ^ clkbuf_4_7_0_clk/X (sky130_fd_sc_hd__clkbuf_8)
    13    0.03                           clknet_4_7_0_clk (net)
                  0.07    0.00    0.34 ^ _1239_/CLK (sky130_fd_sc_hd__dfxtp_1)
                  0.06    0.31    0.65 ^ _1239_/Q (sky130_fd_sc_hd__dfxtp_1)
     2    0.01                           u_sram.mem[33][1] (net)
                  0.06    0.00    0.65 ^ hold57/A (sky130_fd_sc_hd__dlygate4sd3_1)
                  0.05    0.51    1.15 ^ hold57/X (sky130_fd_sc_hd__dlygate4sd3_1)
     1    0.00                           net73 (net)
                  0.05    0.00    1.15 ^ _1083_/A1 (sky130_fd_sc_hd__mux2_1)
                  0.05    0.12    1.27 ^ _1083_/X (sky130_fd_sc_hd__mux2_1)
     1    0.00                           _0461_ (net)
                  0.05    0.00    1.27 ^ _1084_/A (sky130_fd_sc_hd__clkbuf_1)
                  0.04    0.08    1.35 ^ _1084_/X (sky130_fd_sc_hd__clkbuf_1)
     1    0.00                           _0073_ (net)
                  0.04    0.00    1.35 ^ _1239_/D (sky130_fd_sc_hd__dfxtp_1)
                                  1.35   data arrival time

                          0.00    0.00   clock clk (rise edge)
                          0.00    0.00   clock source latency
                  0.04    0.03    0.03 ^ clk (in)
     1    0.01                           clk (net)
                  0.04    0.00    0.03 ^ clkbuf_0_clk/A (sky130_fd_sc_hd__clkbuf_16)
                  0.09    0.17    0.20 ^ clkbuf_0_clk/X (sky130_fd_sc_hd__clkbuf_16)
    16    0.07                           clknet_0_clk (net)
                  0.09    0.00    0.20 ^ clkbuf_4_7_0_clk/A (sky130_fd_sc_hd__clkbuf_8)
                  0.07    0.17    0.37 ^ clkbuf_4_7_0_clk/X (sky130_fd_sc_hd__clkbuf_8)
    13    0.03                           clknet_4_7_0_clk (net)
                  0.07    0.00    0.37 ^ _1239_/CLK (sky130_fd_sc_hd__dfxtp_1)
                          0.25    0.62   clock uncertainty
                         -0.04    0.59   clock reconvergence pessimism
                         -0.03    0.56   library hold time
                                  0.56   data required time
-----------------------------------------------------------------------------
                                  0.56   data required time
                                 -1.35   data arrival time
-----------------------------------------------------------------------------
                                  0.79   slack (MET)


Startpoint: _1317_ (rising edge-triggered flip-flop clocked by clk)
Endpoint: _1204_ (rising edge-triggered flip-flop clocked by clk)
Path Group: clk
Path Type: min

Fanout     Cap    Slew   Delay    Time   Description
-----------------------------------------------------------------------------
                          0.00    0.00   clock clk (rise edge)
                          0.00    0.00   clock source latency
                  0.04    0.03    0.03 ^ clk (in)
     1    0.01                           clk (net)
                  0.04    0.00    0.03 ^ clkbuf_0_clk/A (sky130_fd_sc_hd__clkbuf_16)
                  0.09    0.15    0.18 ^ clkbuf_0_clk/X (sky130_fd_sc_hd__clkbuf_16)
    16    0.07                           clknet_0_clk (net)
                  0.09    0.00    0.18 ^ clkbuf_4_10_0_clk/A (sky130_fd_sc_hd__clkbuf_8)
                  0.08    0.16    0.34 ^ clkbuf_4_10_0_clk/X (sky130_fd_sc_hd__clkbuf_8)
    15    0.04                           clknet_4_10_0_clk (net)
                  0.08    0.00    0.34 ^ _1317_/CLK (sky130_fd_sc_hd__dfrtp_4)
                  0.10    0.43    0.78 ^ _1317_/Q (sky130_fd_sc_hd__dfrtp_4)
     4    0.02                           u_pattern_gen.state_r[0] (net)
                  0.10    0.00    0.78 ^ _0915_/A (sky130_fd_sc_hd__clkbuf_4)
                  0.08    0.17    0.94 ^ _0915_/X (sky130_fd_sc_hd__clkbuf_4)
    10    0.02                           _0350_ (net)
                  0.08    0.00    0.94 ^ _0937_/A (sky130_fd_sc_hd__clkbuf_4)
                  0.12    0.19    1.14 ^ _0937_/X (sky130_fd_sc_hd__clkbuf_4)
    10    0.04                           _0366_ (net)
                  0.12    0.00    1.14 ^ _0985_/A1 (sky130_fd_sc_hd__mux2_1)
                  0.05    0.14    1.28 ^ _0985_/X (sky130_fd_sc_hd__mux2_1)
     1    0.00                           _0398_ (net)
                  0.05    0.00    1.28 ^ _0986_/A (sky130_fd_sc_hd__clkbuf_1)
                  0.05    0.08    1.36 ^ _0986_/X (sky130_fd_sc_hd__clkbuf_1)
     1    0.00                           _0038_ (net)
                  0.05    0.00    1.36 ^ _1204_/D (sky130_fd_sc_hd__dfxtp_1)
                                  1.36   data arrival time

                          0.00    0.00   clock clk (rise edge)
                          0.00    0.00   clock source latency
                  0.04    0.03    0.03 ^ clk (in)
     1    0.01                           clk (net)
                  0.04    0.00    0.03 ^ clkbuf_0_clk/A (sky130_fd_sc_hd__clkbuf_16)
                  0.09    0.17    0.20 ^ clkbuf_0_clk/X (sky130_fd_sc_hd__clkbuf_16)
    16    0.07                           clknet_0_clk (net)
                  0.09    0.00    0.20 ^ clkbuf_4_8_0_clk/A (sky130_fd_sc_hd__clkbuf_8)
                  0.06    0.17    0.36 ^ clkbuf_4_8_0_clk/X (sky130_fd_sc_hd__clkbuf_8)
    10    0.03                           clknet_4_8_0_clk (net)
                  0.06    0.00    0.37 ^ _1204_/CLK (sky130_fd_sc_hd__dfxtp_1)
                          0.25    0.62   clock uncertainty
                         -0.02    0.60   clock reconvergence pessimism
                         -0.03    0.57   library hold time
                                  0.57   data required time
-----------------------------------------------------------------------------
                                  0.57   data required time
                                 -1.36   data arrival time
-----------------------------------------------------------------------------
                                  0.79   slack (MET)


Startpoint: _1176_ (rising edge-triggered flip-flop clocked by clk)
Endpoint: _1235_ (rising edge-triggered flip-flop clocked by clk)
Path Group: clk
Path Type: min

Fanout     Cap    Slew   Delay    Time   Description
-----------------------------------------------------------------------------
                          0.00    0.00   clock clk (rise edge)
                          0.00    0.00   clock source latency
                  0.04    0.03    0.03 ^ clk (in)
     1    0.01                           clk (net)
                  0.04    0.00    0.03 ^ clkbuf_0_clk/A (sky130_fd_sc_hd__clkbuf_16)
                  0.09    0.15    0.18 ^ clkbuf_0_clk/X (sky130_fd_sc_hd__clkbuf_16)
    16    0.07                           clknet_0_clk (net)
                  0.09    0.00    0.18 ^ clkbuf_4_12_0_clk/A (sky130_fd_sc_hd__clkbuf_8)
                  0.05    0.14    0.32 ^ clkbuf_4_12_0_clk/X (sky130_fd_sc_hd__clkbuf_8)
     7    0.02                           clknet_4_12_0_clk (net)
                  0.05    0.00    0.32 ^ _1176_/CLK (sky130_fd_sc_hd__dfrtp_4)
                  0.10    0.42    0.74 ^ _1176_/Q (sky130_fd_sc_hd__dfrtp_4)
     8    0.02                           u_addr_gen.addr[3] (net)
                  0.10    0.00    0.74 ^ _0864_/A (sky130_fd_sc_hd__buf_2)
                  0.11    0.17    0.91 ^ _0864_/X (sky130_fd_sc_hd__buf_2)
    10    0.02                           _0309_ (net)
                  0.11    0.00    0.91 ^ _0981_/A (sky130_fd_sc_hd__or3_4)
                  0.04    0.14    1.05 ^ _0981_/X (sky130_fd_sc_hd__or3_4)
     4    0.01                           _0395_ (net)
                  0.04    0.00    1.05 ^ _1072_/A (sky130_fd_sc_hd__nor2_1)
                  0.05    0.06    1.10 v _1072_/Y (sky130_fd_sc_hd__nor2_1)
     2    0.01                           _0454_ (net)
                  0.05    0.00    1.10 v _1073_/S (sky130_fd_sc_hd__mux2_1)
                  0.05    0.19    1.29 ^ _1073_/X (sky130_fd_sc_hd__mux2_1)
     1    0.00                           _0455_ (net)
                  0.05    0.00    1.29 ^ _1074_/A (sky130_fd_sc_hd__clkbuf_1)
                  0.04    0.08    1.37 ^ _1074_/X (sky130_fd_sc_hd__clkbuf_1)
     1    0.00                           _0069_ (net)
                  0.04    0.00    1.37 ^ _1235_/D (sky130_fd_sc_hd__dfxtp_1)
                                  1.37   data arrival time

                          0.00    0.00   clock clk (rise edge)
                          0.00    0.00   clock source latency
                  0.04    0.03    0.03 ^ clk (in)
     1    0.01                           clk (net)
                  0.04    0.00    0.03 ^ clkbuf_0_clk/A (sky130_fd_sc_hd__clkbuf_16)
                  0.09    0.17    0.20 ^ clkbuf_0_clk/X (sky130_fd_sc_hd__clkbuf_16)
    16    0.07                           clknet_0_clk (net)
                  0.09    0.00    0.20 ^ clkbuf_4_7_0_clk/A (sky130_fd_sc_hd__clkbuf_8)
                  0.07    0.17    0.37 ^ clkbuf_4_7_0_clk/X (sky130_fd_sc_hd__clkbuf_8)
    13    0.03                           clknet_4_7_0_clk (net)
                  0.07    0.00    0.37 ^ _1235_/CLK (sky130_fd_sc_hd__dfxtp_1)
                          0.25    0.62   clock uncertainty
                         -0.02    0.60   clock reconvergence pessimism
                         -0.03    0.58   library hold time
                                  0.58   data required time
-----------------------------------------------------------------------------
                                  0.58   data required time
                                 -1.37   data arrival time
-----------------------------------------------------------------------------
                                  0.79   slack (MET)


Startpoint: _1180_ (rising edge-triggered flip-flop clocked by clk)
Endpoint: _1180_ (rising edge-triggered flip-flop clocked by clk)
Path Group: clk
Path Type: min

Fanout     Cap    Slew   Delay    Time   Description
-----------------------------------------------------------------------------
                          0.00    0.00   clock clk (rise edge)
                          0.00    0.00   clock source latency
                  0.04    0.03    0.03 ^ clk (in)
     1    0.01                           clk (net)
                  0.04    0.00    0.03 ^ clkbuf_0_clk/A (sky130_fd_sc_hd__clkbuf_16)
                  0.09    0.15    0.18 ^ clkbuf_0_clk/X (sky130_fd_sc_hd__clkbuf_16)
    16    0.07                           clknet_0_clk (net)
                  0.09    0.00    0.18 ^ clkbuf_4_11_0_clk/A (sky130_fd_sc_hd__clkbuf_8)
                  0.06    0.14    0.32 ^ clkbuf_4_11_0_clk/X (sky130_fd_sc_hd__clkbuf_8)
    12    0.02                           clknet_4_11_0_clk (net)
                  0.06    0.00    0.32 ^ _1180_/CLK (sky130_fd_sc_hd__dfrtp_1)
                  0.09    0.34    0.66 ^ _1180_/Q (sky130_fd_sc_hd__dfrtp_1)
     2    0.01                           u_fsm.addr_done_seen (net)
                  0.09    0.00    0.66 ^ _0707_/A (sky130_fd_sc_hd__inv_2)
                  0.03    0.04    0.70 v _0707_/Y (sky130_fd_sc_hd__inv_2)
     2    0.01                           _0159_ (net)
                  0.03    0.00    0.70 v _0905_/A1 (sky130_fd_sc_hd__o21bai_1)
                  0.06    0.12    0.82 ^ _0905_/Y (sky130_fd_sc_hd__o21bai_1)
     1    0.00                           _0014_ (net)
                  0.06    0.00    0.82 ^ hold5/A (sky130_fd_sc_hd__dlygate4sd3_1)
                  0.05    0.51    1.33 ^ hold5/X (sky130_fd_sc_hd__dlygate4sd3_1)
     1    0.00                           net21 (net)
                  0.05    0.00    1.33 ^ _1180_/D (sky130_fd_sc_hd__dfrtp_1)
                                  1.33   data arrival time

                          0.00    0.00   clock clk (rise edge)
                          0.00    0.00   clock source latency
                  0.04    0.03    0.03 ^ clk (in)
     1    0.01                           clk (net)
                  0.04    0.00    0.03 ^ clkbuf_0_clk/A (sky130_fd_sc_hd__clkbuf_16)
                  0.09    0.17    0.20 ^ clkbuf_0_clk/X (sky130_fd_sc_hd__clkbuf_16)
    16    0.07                           clknet_0_clk (net)
                  0.09    0.00    0.20 ^ clkbuf_4_11_0_clk/A (sky130_fd_sc_hd__clkbuf_8)
                  0.06    0.16    0.36 ^ clkbuf_4_11_0_clk/X (sky130_fd_sc_hd__clkbuf_8)
    12    0.02                           clknet_4_11_0_clk (net)
                  0.06    0.00    0.36 ^ _1180_/CLK (sky130_fd_sc_hd__dfrtp_1)
                          0.25    0.61   clock uncertainty
                         -0.03    0.57   clock reconvergence pessimism
                         -0.03    0.54   library hold time
                                  0.54   data required time
-----------------------------------------------------------------------------
                                  0.54   data required time
                                 -1.33   data arrival time
-----------------------------------------------------------------------------
                                  0.79   slack (MET)


Startpoint: _1207_ (rising edge-triggered flip-flop clocked by clk)
Endpoint: _1207_ (rising edge-triggered flip-flop clocked by clk)
Path Group: clk
Path Type: min

Fanout     Cap    Slew   Delay    Time   Description
-----------------------------------------------------------------------------
                          0.00    0.00   clock clk (rise edge)
                          0.00    0.00   clock source latency
                  0.04    0.03    0.03 ^ clk (in)
     1    0.01                           clk (net)
                  0.04    0.00    0.03 ^ clkbuf_0_clk/A (sky130_fd_sc_hd__clkbuf_16)
                  0.09    0.15    0.18 ^ clkbuf_0_clk/X (sky130_fd_sc_hd__clkbuf_16)
    16    0.07                           clknet_0_clk (net)
                  0.09    0.00    0.18 ^ clkbuf_4_8_0_clk/A (sky130_fd_sc_hd__clkbuf_8)
                  0.06    0.15    0.33 ^ clkbuf_4_8_0_clk/X (sky130_fd_sc_hd__clkbuf_8)
    10    0.03                           clknet_4_8_0_clk (net)
                  0.06    0.00    0.33 ^ _1207_/CLK (sky130_fd_sc_hd__dfxtp_1)
                  0.08    0.32    0.65 ^ _1207_/Q (sky130_fd_sc_hd__dfxtp_1)
     2    0.01                           u_sram.mem[49][1] (net)
                  0.08    0.00    0.65 ^ hold84/A (sky130_fd_sc_hd__dlygate4sd3_1)
                  0.05    0.51    1.16 ^ hold84/X (sky130_fd_sc_hd__dlygate4sd3_1)
     1    0.00                           net100 (net)
                  0.05    0.00    1.16 ^ _0995_/A1 (sky130_fd_sc_hd__mux2_1)
                  0.04    0.11    1.28 ^ _0995_/X (sky130_fd_sc_hd__mux2_1)
     1    0.00                           _0405_ (net)
                  0.04    0.00    1.28 ^ _0996_/A (sky130_fd_sc_hd__clkbuf_1)
                  0.04    0.07    1.35 ^ _0996_/X (sky130_fd_sc_hd__clkbuf_1)
     1    0.00                           _0041_ (net)
                  0.04    0.00    1.35 ^ _1207_/D (sky130_fd_sc_hd__dfxtp_1)
                                  1.35   data arrival time

                          0.00    0.00   clock clk (rise edge)
                          0.00    0.00   clock source latency
                  0.04    0.03    0.03 ^ clk (in)
     1    0.01                           clk (net)
                  0.04    0.00    0.03 ^ clkbuf_0_clk/A (sky130_fd_sc_hd__clkbuf_16)
                  0.09    0.17    0.20 ^ clkbuf_0_clk/X (sky130_fd_sc_hd__clkbuf_16)
    16    0.07                           clknet_0_clk (net)
                  0.09    0.00    0.20 ^ clkbuf_4_8_0_clk/A (sky130_fd_sc_hd__clkbuf_8)
                  0.06    0.17    0.36 ^ clkbuf_4_8_0_clk/X (sky130_fd_sc_hd__clkbuf_8)
    10    0.03                           clknet_4_8_0_clk (net)
                  0.06    0.00    0.36 ^ _1207_/CLK (sky130_fd_sc_hd__dfxtp_1)
                          0.25    0.61   clock uncertainty
                         -0.03    0.58   clock reconvergence pessimism
                         -0.03    0.55   library hold time
                                  0.55   data required time
-----------------------------------------------------------------------------
                                  0.55   data required time
                                 -1.35   data arrival time
-----------------------------------------------------------------------------
                                  0.80   slack (MET)


Startpoint: _1211_ (rising edge-triggered flip-flop clocked by clk)
Endpoint: _1211_ (rising edge-triggered flip-flop clocked by clk)
Path Group: clk
Path Type: min

Fanout     Cap    Slew   Delay    Time   Description
-----------------------------------------------------------------------------
                          0.00    0.00   clock clk (rise edge)
                          0.00    0.00   clock source latency
                  0.04    0.03    0.03 ^ clk (in)
     1    0.01                           clk (net)
                  0.04    0.00    0.03 ^ clkbuf_0_clk/A (sky130_fd_sc_hd__clkbuf_16)
                  0.09    0.15    0.18 ^ clkbuf_0_clk/X (sky130_fd_sc_hd__clkbuf_16)
    16    0.07                           clknet_0_clk (net)
                  0.09    0.00    0.18 ^ clkbuf_4_6_0_clk/A (sky130_fd_sc_hd__clkbuf_8)
                  0.05    0.14    0.32 ^ clkbuf_4_6_0_clk/X (sky130_fd_sc_hd__clkbuf_8)
    10    0.02                           clknet_4_6_0_clk (net)
                  0.05    0.00    0.32 ^ _1211_/CLK (sky130_fd_sc_hd__dfxtp_1)
                  0.08    0.31    0.63 ^ _1211_/Q (sky130_fd_sc_hd__dfxtp_1)
     2    0.01                           u_sram.mem[47][1] (net)
                  0.08    0.00    0.63 ^ hold103/A (sky130_fd_sc_hd__dlygate4sd3_1)
                  0.05    0.52    1.15 ^ hold103/X (sky130_fd_sc_hd__dlygate4sd3_1)
     1    0.00                           net119 (net)
                  0.05    0.00    1.15 ^ _1009_/A0 (sky130_fd_sc_hd__mux2_1)
                  0.05    0.12    1.26 ^ _1009_/X (sky130_fd_sc_hd__mux2_1)
     1    0.00                           _0415_ (net)
                  0.05    0.00    1.26 ^ _1010_/A (sky130_fd_sc_hd__clkbuf_1)
                  0.04    0.08    1.34 ^ _1010_/X (sky130_fd_sc_hd__clkbuf_1)
     1    0.00                           _0045_ (net)
                  0.04    0.00    1.34 ^ _1211_/D (sky130_fd_sc_hd__dfxtp_1)
                                  1.34   data arrival time

                          0.00    0.00   clock clk (rise edge)
                          0.00    0.00   clock source latency
                  0.04    0.03    0.03 ^ clk (in)
     1    0.01                           clk (net)
                  0.04    0.00    0.03 ^ clkbuf_0_clk/A (sky130_fd_sc_hd__clkbuf_16)
                  0.09    0.17    0.20 ^ clkbuf_0_clk/X (sky130_fd_sc_hd__clkbuf_16)
    16    0.07                           clknet_0_clk (net)
                  0.09    0.00    0.20 ^ clkbuf_4_6_0_clk/A (sky130_fd_sc_hd__clkbuf_8)
                  0.05    0.15    0.35 ^ clkbuf_4_6_0_clk/X (sky130_fd_sc_hd__clkbuf_8)
    10    0.02                           clknet_4_6_0_clk (net)
                  0.05    0.00    0.35 ^ _1211_/CLK (sky130_fd_sc_hd__dfxtp_1)
                          0.25    0.60   clock uncertainty
                         -0.03    0.57   clock reconvergence pessimism
                         -0.03    0.54   library hold time
                                  0.54   data required time
-----------------------------------------------------------------------------
                                  0.54   data required time
                                 -1.34   data arrival time
-----------------------------------------------------------------------------
                                  0.80   slack (MET)


Startpoint: _1212_ (rising edge-triggered flip-flop clocked by clk)
Endpoint: _1212_ (rising edge-triggered flip-flop clocked by clk)
Path Group: clk
Path Type: min

Fanout     Cap    Slew   Delay    Time   Description
-----------------------------------------------------------------------------
                          0.00    0.00   clock clk (rise edge)
                          0.00    0.00   clock source latency
                  0.04    0.03    0.03 ^ clk (in)
     1    0.01                           clk (net)
                  0.04    0.00    0.03 ^ clkbuf_0_clk/A (sky130_fd_sc_hd__clkbuf_16)
                  0.09    0.15    0.18 ^ clkbuf_0_clk/X (sky130_fd_sc_hd__clkbuf_16)
    16    0.07                           clknet_0_clk (net)
                  0.09    0.00    0.18 ^ clkbuf_4_6_0_clk/A (sky130_fd_sc_hd__clkbuf_8)
                  0.05    0.14    0.32 ^ clkbuf_4_6_0_clk/X (sky130_fd_sc_hd__clkbuf_8)
    10    0.02                           clknet_4_6_0_clk (net)
                  0.05    0.00    0.32 ^ _1212_/CLK (sky130_fd_sc_hd__dfxtp_1)
                  0.07    0.31    0.63 ^ _1212_/Q (sky130_fd_sc_hd__dfxtp_1)
     2    0.01                           u_sram.mem[47][0] (net)
                  0.07    0.00    0.63 ^ hold137/A (sky130_fd_sc_hd__dlygate4sd3_1)
                  0.05    0.51    1.14 ^ hold137/X (sky130_fd_sc_hd__dlygate4sd3_1)
     1    0.00                           net153 (net)
                  0.05    0.00    1.14 ^ _1011_/A0 (sky130_fd_sc_hd__mux2_1)
                  0.06    0.13    1.27 ^ _1011_/X (sky130_fd_sc_hd__mux2_1)
     1    0.01                           _0416_ (net)
                  0.06    0.00    1.27 ^ _1012_/A (sky130_fd_sc_hd__clkbuf_1)
                  0.05    0.08    1.35 ^ _1012_/X (sky130_fd_sc_hd__clkbuf_1)
     1    0.00                           _0046_ (net)
                  0.05    0.00    1.35 ^ _1212_/D (sky130_fd_sc_hd__dfxtp_1)
                                  1.35   data arrival time

                          0.00    0.00   clock clk (rise edge)
                          0.00    0.00   clock source latency
                  0.04    0.03    0.03 ^ clk (in)
     1    0.01                           clk (net)
                  0.04    0.00    0.03 ^ clkbuf_0_clk/A (sky130_fd_sc_hd__clkbuf_16)
                  0.09    0.17    0.20 ^ clkbuf_0_clk/X (sky130_fd_sc_hd__clkbuf_16)
    16    0.07                           clknet_0_clk (net)
                  0.09    0.00    0.20 ^ clkbuf_4_6_0_clk/A (sky130_fd_sc_hd__clkbuf_8)
                  0.05    0.15    0.35 ^ clkbuf_4_6_0_clk/X (sky130_fd_sc_hd__clkbuf_8)
    10    0.02                           clknet_4_6_0_clk (net)
                  0.05    0.00    0.35 ^ _1212_/CLK (sky130_fd_sc_hd__dfxtp_1)
                          0.25    0.60   clock uncertainty
                         -0.03    0.57   clock reconvergence pessimism
                         -0.03    0.54   library hold time
                                  0.54   data required time
-----------------------------------------------------------------------------
                                  0.54   data required time
                                 -1.35   data arrival time
-----------------------------------------------------------------------------
                                  0.81   slack (MET)


Startpoint: rst_n (input port clocked by clk)
Endpoint: _1316_ (removal check against rising-edge clock clk)
Path Group: asynchronous
Path Type: min

Fanout     Cap    Slew   Delay    Time   Description
-----------------------------------------------------------------------------
                          0.00    0.00   clock clk (rise edge)
                          0.00    0.00   clock network delay (propagated)
                          2.00    2.00 ^ input external delay
                  0.02    0.01    2.01 ^ rst_n (in)
     1    0.00                           rst_n (net)
                  0.02    0.00    2.01 ^ input1/A (sky130_fd_sc_hd__clkbuf_2)
                  0.05    0.10    2.11 ^ input1/X (sky130_fd_sc_hd__clkbuf_2)
     3    0.01                           net1 (net)
                  0.05    0.00    2.11 ^ fanout14/A (sky130_fd_sc_hd__clkbuf_4)
                  0.10    0.17    2.28 ^ fanout14/X (sky130_fd_sc_hd__clkbuf_4)
     8    0.03                           net14 (net)
                  0.10    0.00    2.28 ^ _1316_/RESET_B (sky130_fd_sc_hd__dfrtp_1)
                                  2.28   data arrival time

                          0.00    0.00   clock clk (rise edge)
                          0.00    0.00   clock source latency
                  0.04    0.03    0.03 ^ clk (in)
     1    0.01                           clk (net)
                  0.04    0.00    0.03 ^ clkbuf_0_clk/A (sky130_fd_sc_hd__clkbuf_16)
                  0.09    0.17    0.20 ^ clkbuf_0_clk/X (sky130_fd_sc_hd__clkbuf_16)
    16    0.07                           clknet_0_clk (net)
                  0.09    0.00    0.20 ^ clkbuf_4_10_0_clk/A (sky130_fd_sc_hd__clkbuf_8)
                  0.08    0.18    0.38 ^ clkbuf_4_10_0_clk/X (sky130_fd_sc_hd__clkbuf_8)
    15    0.04                           clknet_4_10_0_clk (net)
                  0.08    0.00    0.38 ^ _1316_/CLK (sky130_fd_sc_hd__dfrtp_1)
                          0.25    0.63   clock uncertainty
                          0.00    0.63   clock reconvergence pessimism
                          0.35    0.98   library removal time
                                  0.98   data required time
-----------------------------------------------------------------------------
                                  0.98   data required time
                                 -2.28   data arrival time
-----------------------------------------------------------------------------
                                  1.30   slack (MET)


Startpoint: rst_n (input port clocked by clk)
Endpoint: _1172_ (removal check against rising-edge clock clk)
Path Group: asynchronous
Path Type: min

Fanout     Cap    Slew   Delay    Time   Description
-----------------------------------------------------------------------------
                          0.00    0.00   clock clk (rise edge)
                          0.00    0.00   clock network delay (propagated)
                          2.00    2.00 ^ input external delay
                  0.02    0.01    2.01 ^ rst_n (in)
     1    0.00                           rst_n (net)
                  0.02    0.00    2.01 ^ input1/A (sky130_fd_sc_hd__clkbuf_2)
                  0.05    0.10    2.11 ^ input1/X (sky130_fd_sc_hd__clkbuf_2)
     3    0.01                           net1 (net)
                  0.05    0.00    2.11 ^ fanout16/A (sky130_fd_sc_hd__clkbuf_2)
                  0.13    0.16    2.27 ^ fanout16/X (sky130_fd_sc_hd__clkbuf_2)
     5    0.02                           net16 (net)
                  0.13    0.00    2.27 ^ _1172_/RESET_B (sky130_fd_sc_hd__dfrtp_1)
                                  2.27   data arrival time

                          0.00    0.00   clock clk (rise edge)
                          0.00    0.00   clock source latency
                  0.04    0.03    0.03 ^ clk (in)
     1    0.01                           clk (net)
                  0.04    0.00    0.03 ^ clkbuf_0_clk/A (sky130_fd_sc_hd__clkbuf_16)
                  0.09    0.17    0.20 ^ clkbuf_0_clk/X (sky130_fd_sc_hd__clkbuf_16)
    16    0.07                           clknet_0_clk (net)
                  0.09    0.00    0.20 ^ clkbuf_4_14_0_clk/A (sky130_fd_sc_hd__clkbuf_8)
                  0.06    0.16    0.36 ^ clkbuf_4_14_0_clk/X (sky130_fd_sc_hd__clkbuf_8)
     8    0.02                           clknet_4_14_0_clk (net)
                  0.06    0.00    0.36 ^ _1172_/CLK (sky130_fd_sc_hd__dfrtp_1)
                          0.25    0.61   clock uncertainty
                          0.00    0.61   clock reconvergence pessimism
                          0.35    0.95   library removal time
                                  0.95   data required time
-----------------------------------------------------------------------------
                                  0.95   data required time
                                 -2.27   data arrival time
-----------------------------------------------------------------------------
                                  1.31   slack (MET)


Startpoint: rst_n (input port clocked by clk)
Endpoint: _1320_ (removal check against rising-edge clock clk)
Path Group: asynchronous
Path Type: min

Fanout     Cap    Slew   Delay    Time   Description
-----------------------------------------------------------------------------
                          0.00    0.00   clock clk (rise edge)
                          0.00    0.00   clock network delay (propagated)
                          2.00    2.00 ^ input external delay
                  0.02    0.01    2.01 ^ rst_n (in)
     1    0.00                           rst_n (net)
                  0.02    0.00    2.01 ^ input1/A (sky130_fd_sc_hd__clkbuf_2)
                  0.05    0.10    2.11 ^ input1/X (sky130_fd_sc_hd__clkbuf_2)
     3    0.01                           net1 (net)
                  0.05    0.00    2.11 ^ fanout16/A (sky130_fd_sc_hd__clkbuf_2)
                  0.13    0.16    2.27 ^ fanout16/X (sky130_fd_sc_hd__clkbuf_2)
     5    0.02                           net16 (net)
                  0.13    0.00    2.27 ^ _1320_/RESET_B (sky130_fd_sc_hd__dfrtp_1)
                                  2.27   data arrival time

                          0.00    0.00   clock clk (rise edge)
                          0.00    0.00   clock source latency
                  0.04    0.03    0.03 ^ clk (in)
     1    0.01                           clk (net)
                  0.04    0.00    0.03 ^ clkbuf_0_clk/A (sky130_fd_sc_hd__clkbuf_16)
                  0.09    0.17    0.20 ^ clkbuf_0_clk/X (sky130_fd_sc_hd__clkbuf_16)
    16    0.07                           clknet_0_clk (net)
                  0.09    0.00    0.20 ^ clkbuf_4_14_0_clk/A (sky130_fd_sc_hd__clkbuf_8)
                  0.06    0.16    0.36 ^ clkbuf_4_14_0_clk/X (sky130_fd_sc_hd__clkbuf_8)
     8    0.02                           clknet_4_14_0_clk (net)
                  0.06    0.00    0.36 ^ _1320_/CLK (sky130_fd_sc_hd__dfrtp_1)
                          0.25    0.61   clock uncertainty
                          0.00    0.61   clock reconvergence pessimism
                          0.35    0.95   library removal time
                                  0.95   data required time
-----------------------------------------------------------------------------
                                  0.95   data required time
                                 -2.27   data arrival time
-----------------------------------------------------------------------------
                                  1.31   slack (MET)


Startpoint: rst_n (input port clocked by clk)
Endpoint: _1308_ (removal check against rising-edge clock clk)
Path Group: asynchronous
Path Type: min

Fanout     Cap    Slew   Delay    Time   Description
-----------------------------------------------------------------------------
                          0.00    0.00   clock clk (rise edge)
                          0.00    0.00   clock network delay (propagated)
                          2.00    2.00 ^ input external delay
                  0.02    0.01    2.01 ^ rst_n (in)
     1    0.00                           rst_n (net)
                  0.02    0.00    2.01 ^ input1/A (sky130_fd_sc_hd__clkbuf_2)
                  0.05    0.10    2.11 ^ input1/X (sky130_fd_sc_hd__clkbuf_2)
     3    0.01                           net1 (net)
                  0.05    0.00    2.11 ^ fanout15/A (sky130_fd_sc_hd__buf_4)
                  0.14    0.17    2.28 ^ fanout15/X (sky130_fd_sc_hd__buf_4)
    10    0.05                           net15 (net)
                  0.14    0.00    2.28 ^ _1308_/RESET_B (sky130_fd_sc_hd__dfrtp_4)
                                  2.28   data arrival time

                          0.00    0.00   clock clk (rise edge)
                          0.00    0.00   clock source latency
                  0.04    0.03    0.03 ^ clk (in)
     1    0.01                           clk (net)
                  0.04    0.00    0.03 ^ clkbuf_0_clk/A (sky130_fd_sc_hd__clkbuf_16)
                  0.09    0.17    0.20 ^ clkbuf_0_clk/X (sky130_fd_sc_hd__clkbuf_16)
    16    0.07                           clknet_0_clk (net)
                  0.09    0.00    0.20 ^ clkbuf_4_13_0_clk/A (sky130_fd_sc_hd__clkbuf_8)
                  0.06    0.16    0.36 ^ clkbuf_4_13_0_clk/X (sky130_fd_sc_hd__clkbuf_8)
     9    0.03                           clknet_4_13_0_clk (net)
                  0.06    0.00    0.36 ^ _1308_/CLK (sky130_fd_sc_hd__dfrtp_4)
                          0.25    0.61   clock uncertainty
                          0.00    0.61   clock reconvergence pessimism
                          0.35    0.96   library removal time
                                  0.96   data required time
-----------------------------------------------------------------------------
                                  0.96   data required time
                                 -2.28   data arrival time
-----------------------------------------------------------------------------
                                  1.32   slack (MET)


Startpoint: rst_n (input port clocked by clk)
Endpoint: _1310_ (removal check against rising-edge clock clk)
Path Group: asynchronous
Path Type: min

Fanout     Cap    Slew   Delay    Time   Description
-----------------------------------------------------------------------------
                          0.00    0.00   clock clk (rise edge)
                          0.00    0.00   clock network delay (propagated)
                          2.00    2.00 ^ input external delay
                  0.02    0.01    2.01 ^ rst_n (in)
     1    0.00                           rst_n (net)
                  0.02    0.00    2.01 ^ input1/A (sky130_fd_sc_hd__clkbuf_2)
                  0.05    0.10    2.11 ^ input1/X (sky130_fd_sc_hd__clkbuf_2)
     3    0.01                           net1 (net)
                  0.05    0.00    2.11 ^ fanout15/A (sky130_fd_sc_hd__buf_4)
                  0.14    0.17    2.28 ^ fanout15/X (sky130_fd_sc_hd__buf_4)
    10    0.05                           net15 (net)
                  0.14    0.00    2.28 ^ _1310_/RESET_B (sky130_fd_sc_hd__dfrtp_4)
                                  2.28   data arrival time

                          0.00    0.00   clock clk (rise edge)
                          0.00    0.00   clock source latency
                  0.04    0.03    0.03 ^ clk (in)
     1    0.01                           clk (net)
                  0.04    0.00    0.03 ^ clkbuf_0_clk/A (sky130_fd_sc_hd__clkbuf_16)
                  0.09    0.17    0.20 ^ clkbuf_0_clk/X (sky130_fd_sc_hd__clkbuf_16)
    16    0.07                           clknet_0_clk (net)
                  0.09    0.00    0.20 ^ clkbuf_4_13_0_clk/A (sky130_fd_sc_hd__clkbuf_8)
                  0.06    0.16    0.36 ^ clkbuf_4_13_0_clk/X (sky130_fd_sc_hd__clkbuf_8)
     9    0.03                           clknet_4_13_0_clk (net)
                  0.06    0.00    0.36 ^ _1310_/CLK (sky130_fd_sc_hd__dfrtp_4)
                          0.25    0.61   clock uncertainty
                          0.00    0.61   clock reconvergence pessimism
                          0.35    0.96   library removal time
                                  0.96   data required time
-----------------------------------------------------------------------------
                                  0.96   data required time
                                 -2.28   data arrival time
-----------------------------------------------------------------------------
                                  1.32   slack (MET)


Startpoint: rst_n (input port clocked by clk)
Endpoint: _1174_ (removal check against rising-edge clock clk)
Path Group: asynchronous
Path Type: min

Fanout     Cap    Slew   Delay    Time   Description
-----------------------------------------------------------------------------
                          0.00    0.00   clock clk (rise edge)
                          0.00    0.00   clock network delay (propagated)
                          2.00    2.00 ^ input external delay
                  0.02    0.01    2.01 ^ rst_n (in)
     1    0.00                           rst_n (net)
                  0.02    0.00    2.01 ^ input1/A (sky130_fd_sc_hd__clkbuf_2)
                  0.05    0.10    2.11 ^ input1/X (sky130_fd_sc_hd__clkbuf_2)
     3    0.01                           net1 (net)
                  0.05    0.00    2.11 ^ fanout15/A (sky130_fd_sc_hd__buf_4)
                  0.14    0.17    2.28 ^ fanout15/X (sky130_fd_sc_hd__buf_4)
    10    0.05                           net15 (net)
                  0.14    0.00    2.28 ^ _1174_/RESET_B (sky130_fd_sc_hd__dfrtp_1)
                                  2.28   data arrival time

                          0.00    0.00   clock clk (rise edge)
                          0.00    0.00   clock source latency
                  0.04    0.03    0.03 ^ clk (in)
     1    0.01                           clk (net)
                  0.04    0.00    0.03 ^ clkbuf_0_clk/A (sky130_fd_sc_hd__clkbuf_16)
                  0.09    0.17    0.20 ^ clkbuf_0_clk/X (sky130_fd_sc_hd__clkbuf_16)
    16    0.07                           clknet_0_clk (net)
                  0.09    0.00    0.20 ^ clkbuf_4_13_0_clk/A (sky130_fd_sc_hd__clkbuf_8)
                  0.06    0.16    0.36 ^ clkbuf_4_13_0_clk/X (sky130_fd_sc_hd__clkbuf_8)
     9    0.03                           clknet_4_13_0_clk (net)
                  0.06    0.00    0.36 ^ _1174_/CLK (sky130_fd_sc_hd__dfrtp_1)
                          0.25    0.61   clock uncertainty
                          0.00    0.61   clock reconvergence pessimism
                          0.35    0.96   library removal time
                                  0.96   data required time
-----------------------------------------------------------------------------
                                  0.96   data required time
                                 -2.28   data arrival time
-----------------------------------------------------------------------------
                                  1.32   slack (MET)


Startpoint: rst_n (input port clocked by clk)
Endpoint: _1173_ (removal check against rising-edge clock clk)
Path Group: asynchronous
Path Type: min

Fanout     Cap    Slew   Delay    Time   Description
-----------------------------------------------------------------------------
                          0.00    0.00   clock clk (rise edge)
                          0.00    0.00   clock network delay (propagated)
                          2.00    2.00 ^ input external delay
                  0.02    0.01    2.01 ^ rst_n (in)
     1    0.00                           rst_n (net)
                  0.02    0.00    2.01 ^ input1/A (sky130_fd_sc_hd__clkbuf_2)
                  0.05    0.10    2.11 ^ input1/X (sky130_fd_sc_hd__clkbuf_2)
     3    0.01                           net1 (net)
                  0.05    0.00    2.11 ^ fanout15/A (sky130_fd_sc_hd__buf_4)
                  0.14    0.17    2.28 ^ fanout15/X (sky130_fd_sc_hd__buf_4)
    10    0.05                           net15 (net)
                  0.14    0.00    2.28 ^ _1173_/RESET_B (sky130_fd_sc_hd__dfrtp_1)
                                  2.28   data arrival time

                          0.00    0.00   clock clk (rise edge)
                          0.00    0.00   clock source latency
                  0.04    0.03    0.03 ^ clk (in)
     1    0.01                           clk (net)
                  0.04    0.00    0.03 ^ clkbuf_0_clk/A (sky130_fd_sc_hd__clkbuf_16)
                  0.09    0.17    0.20 ^ clkbuf_0_clk/X (sky130_fd_sc_hd__clkbuf_16)
    16    0.07                           clknet_0_clk (net)
                  0.09    0.00    0.20 ^ clkbuf_4_13_0_clk/A (sky130_fd_sc_hd__clkbuf_8)
                  0.06    0.16    0.36 ^ clkbuf_4_13_0_clk/X (sky130_fd_sc_hd__clkbuf_8)
     9    0.03                           clknet_4_13_0_clk (net)
                  0.06    0.00    0.36 ^ _1173_/CLK (sky130_fd_sc_hd__dfrtp_1)
                          0.25    0.61   clock uncertainty
                          0.00    0.61   clock reconvergence pessimism
                          0.35    0.96   library removal time
                                  0.96   data required time
-----------------------------------------------------------------------------
                                  0.96   data required time
                                 -2.28   data arrival time
-----------------------------------------------------------------------------
                                  1.32   slack (MET)


Startpoint: rst_n (input port clocked by clk)
Endpoint: _1175_ (removal check against rising-edge clock clk)
Path Group: asynchronous
Path Type: min

Fanout     Cap    Slew   Delay    Time   Description
-----------------------------------------------------------------------------
                          0.00    0.00   clock clk (rise edge)
                          0.00    0.00   clock network delay (propagated)
                          2.00    2.00 ^ input external delay
                  0.02    0.01    2.01 ^ rst_n (in)
     1    0.00                           rst_n (net)
                  0.02    0.00    2.01 ^ input1/A (sky130_fd_sc_hd__clkbuf_2)
                  0.05    0.10    2.11 ^ input1/X (sky130_fd_sc_hd__clkbuf_2)
     3    0.01                           net1 (net)
                  0.05    0.00    2.11 ^ fanout15/A (sky130_fd_sc_hd__buf_4)
                  0.14    0.17    2.28 ^ fanout15/X (sky130_fd_sc_hd__buf_4)
    10    0.05                           net15 (net)
                  0.14    0.00    2.28 ^ _1175_/RESET_B (sky130_fd_sc_hd__dfrtp_2)
                                  2.28   data arrival time

                          0.00    0.00   clock clk (rise edge)
                          0.00    0.00   clock source latency
                  0.04    0.03    0.03 ^ clk (in)
     1    0.01                           clk (net)
                  0.04    0.00    0.03 ^ clkbuf_0_clk/A (sky130_fd_sc_hd__clkbuf_16)
                  0.09    0.17    0.20 ^ clkbuf_0_clk/X (sky130_fd_sc_hd__clkbuf_16)
    16    0.07                           clknet_0_clk (net)
                  0.09    0.00    0.20 ^ clkbuf_4_13_0_clk/A (sky130_fd_sc_hd__clkbuf_8)
                  0.06    0.16    0.36 ^ clkbuf_4_13_0_clk/X (sky130_fd_sc_hd__clkbuf_8)
     9    0.03                           clknet_4_13_0_clk (net)
                  0.06    0.00    0.36 ^ _1175_/CLK (sky130_fd_sc_hd__dfrtp_2)
                          0.25    0.61   clock uncertainty
                          0.00    0.61   clock reconvergence pessimism
                          0.35    0.96   library removal time
                                  0.96   data required time
-----------------------------------------------------------------------------
                                  0.96   data required time
                                 -2.28   data arrival time
-----------------------------------------------------------------------------
                                  1.32   slack (MET)


Startpoint: rst_n (input port clocked by clk)
Endpoint: _1177_ (removal check against rising-edge clock clk)
Path Group: asynchronous
Path Type: min

Fanout     Cap    Slew   Delay    Time   Description
-----------------------------------------------------------------------------
                          0.00    0.00   clock clk (rise edge)
                          0.00    0.00   clock network delay (propagated)
                          2.00    2.00 ^ input external delay
                  0.02    0.01    2.01 ^ rst_n (in)
     1    0.00                           rst_n (net)
                  0.02    0.00    2.01 ^ input1/A (sky130_fd_sc_hd__clkbuf_2)
                  0.05    0.10    2.11 ^ input1/X (sky130_fd_sc_hd__clkbuf_2)
     3    0.01                           net1 (net)
                  0.05    0.00    2.11 ^ fanout16/A (sky130_fd_sc_hd__clkbuf_2)
                  0.13    0.16    2.27 ^ fanout16/X (sky130_fd_sc_hd__clkbuf_2)
     5    0.02                           net16 (net)
                  0.13    0.00    2.27 ^ _1177_/RESET_B (sky130_fd_sc_hd__dfrtp_4)
                                  2.27   data arrival time

                          0.00    0.00   clock clk (rise edge)
                          0.00    0.00   clock source latency
                  0.04    0.03    0.03 ^ clk (in)
     1    0.01                           clk (net)
                  0.04    0.00    0.03 ^ clkbuf_0_clk/A (sky130_fd_sc_hd__clkbuf_16)
                  0.09    0.17    0.20 ^ clkbuf_0_clk/X (sky130_fd_sc_hd__clkbuf_16)
    16    0.07                           clknet_0_clk (net)
                  0.09    0.00    0.20 ^ clkbuf_4_15_0_clk/A (sky130_fd_sc_hd__clkbuf_8)
                  0.05    0.15    0.35 ^ clkbuf_4_15_0_clk/X (sky130_fd_sc_hd__clkbuf_8)
     6    0.02                           clknet_4_15_0_clk (net)
                  0.05    0.00    0.35 ^ _1177_/CLK (sky130_fd_sc_hd__dfrtp_4)
                          0.25    0.60   clock uncertainty
                          0.00    0.60   clock reconvergence pessimism
                          0.34    0.94   library removal time
                                  0.94   data required time
-----------------------------------------------------------------------------
                                  0.94   data required time
                                 -2.27   data arrival time
-----------------------------------------------------------------------------
                                  1.32   slack (MET)


Startpoint: rst_n (input port clocked by clk)
Endpoint: _1178_ (removal check against rising-edge clock clk)
Path Group: asynchronous
Path Type: min

Fanout     Cap    Slew   Delay    Time   Description
-----------------------------------------------------------------------------
                          0.00    0.00   clock clk (rise edge)
                          0.00    0.00   clock network delay (propagated)
                          2.00    2.00 ^ input external delay
                  0.02    0.01    2.01 ^ rst_n (in)
     1    0.00                           rst_n (net)
                  0.02    0.00    2.01 ^ input1/A (sky130_fd_sc_hd__clkbuf_2)
                  0.05    0.10    2.11 ^ input1/X (sky130_fd_sc_hd__clkbuf_2)
     3    0.01                           net1 (net)
                  0.05    0.00    2.11 ^ fanout16/A (sky130_fd_sc_hd__clkbuf_2)
                  0.13    0.16    2.27 ^ fanout16/X (sky130_fd_sc_hd__clkbuf_2)
     5    0.02                           net16 (net)
                  0.13    0.00    2.27 ^ _1178_/RESET_B (sky130_fd_sc_hd__dfrtp_4)
                                  2.27   data arrival time

                          0.00    0.00   clock clk (rise edge)
                          0.00    0.00   clock source latency
                  0.04    0.03    0.03 ^ clk (in)
     1    0.01                           clk (net)
                  0.04    0.00    0.03 ^ clkbuf_0_clk/A (sky130_fd_sc_hd__clkbuf_16)
                  0.09    0.17    0.20 ^ clkbuf_0_clk/X (sky130_fd_sc_hd__clkbuf_16)
    16    0.07                           clknet_0_clk (net)
                  0.09    0.00    0.20 ^ clkbuf_4_15_0_clk/A (sky130_fd_sc_hd__clkbuf_8)
                  0.05    0.15    0.35 ^ clkbuf_4_15_0_clk/X (sky130_fd_sc_hd__clkbuf_8)
     6    0.02                           clknet_4_15_0_clk (net)
                  0.05    0.00    0.35 ^ _1178_/CLK (sky130_fd_sc_hd__dfrtp_4)
                          0.25    0.60   clock uncertainty
                          0.00    0.60   clock reconvergence pessimism
                          0.34    0.94   library removal time
                                  0.94   data required time
-----------------------------------------------------------------------------
                                  0.94   data required time
                                 -2.27   data arrival time
-----------------------------------------------------------------------------
                                  1.32   slack (MET)


Startpoint: rst_n (input port clocked by clk)
Endpoint: _1311_ (removal check against rising-edge clock clk)
Path Group: asynchronous
Path Type: min

Fanout     Cap    Slew   Delay    Time   Description
-----------------------------------------------------------------------------
                          0.00    0.00   clock clk (rise edge)
                          0.00    0.00   clock network delay (propagated)
                          2.00    2.00 ^ input external delay
                  0.02    0.01    2.01 ^ rst_n (in)
     1    0.00                           rst_n (net)
                  0.02    0.00    2.01 ^ input1/A (sky130_fd_sc_hd__clkbuf_2)
                  0.05    0.10    2.11 ^ input1/X (sky130_fd_sc_hd__clkbuf_2)
     3    0.01                           net1 (net)
                  0.05    0.00    2.11 ^ fanout15/A (sky130_fd_sc_hd__buf_4)
                  0.14    0.17    2.28 ^ fanout15/X (sky130_fd_sc_hd__buf_4)
    10    0.05                           net15 (net)
                  0.14    0.00    2.28 ^ _1311_/RESET_B (sky130_fd_sc_hd__dfrtp_4)
                                  2.28   data arrival time

                          0.00    0.00   clock clk (rise edge)
                          0.00    0.00   clock source latency
                  0.04    0.03    0.03 ^ clk (in)
     1    0.01                           clk (net)
                  0.04    0.00    0.03 ^ clkbuf_0_clk/A (sky130_fd_sc_hd__clkbuf_16)
                  0.09    0.17    0.20 ^ clkbuf_0_clk/X (sky130_fd_sc_hd__clkbuf_16)
    16    0.07                           clknet_0_clk (net)
                  0.09    0.00    0.20 ^ clkbuf_4_12_0_clk/A (sky130_fd_sc_hd__clkbuf_8)
                  0.05    0.16    0.35 ^ clkbuf_4_12_0_clk/X (sky130_fd_sc_hd__clkbuf_8)
     7    0.02                           clknet_4_12_0_clk (net)
                  0.05    0.00    0.36 ^ _1311_/CLK (sky130_fd_sc_hd__dfrtp_4)
                          0.25    0.61   clock uncertainty
                          0.00    0.61   clock reconvergence pessimism
                          0.35    0.95   library removal time
                                  0.95   data required time
-----------------------------------------------------------------------------
                                  0.95   data required time
                                 -2.28   data arrival time
-----------------------------------------------------------------------------
                                  1.33   slack (MET)


Startpoint: rst_n (input port clocked by clk)
Endpoint: _1176_ (removal check against rising-edge clock clk)
Path Group: asynchronous
Path Type: min

Fanout     Cap    Slew   Delay    Time   Description
-----------------------------------------------------------------------------
                          0.00    0.00   clock clk (rise edge)
                          0.00    0.00   clock network delay (propagated)
                          2.00    2.00 ^ input external delay
                  0.02    0.01    2.01 ^ rst_n (in)
     1    0.00                           rst_n (net)
                  0.02    0.00    2.01 ^ input1/A (sky130_fd_sc_hd__clkbuf_2)
                  0.05    0.10    2.11 ^ input1/X (sky130_fd_sc_hd__clkbuf_2)
     3    0.01                           net1 (net)
                  0.05    0.00    2.11 ^ fanout15/A (sky130_fd_sc_hd__buf_4)
                  0.14    0.17    2.28 ^ fanout15/X (sky130_fd_sc_hd__buf_4)
    10    0.05                           net15 (net)
                  0.14    0.00    2.28 ^ _1176_/RESET_B (sky130_fd_sc_hd__dfrtp_4)
                                  2.28   data arrival time

                          0.00    0.00   clock clk (rise edge)
                          0.00    0.00   clock source latency
                  0.04    0.03    0.03 ^ clk (in)
     1    0.01                           clk (net)
                  0.04    0.00    0.03 ^ clkbuf_0_clk/A (sky130_fd_sc_hd__clkbuf_16)
                  0.09    0.17    0.20 ^ clkbuf_0_clk/X (sky130_fd_sc_hd__clkbuf_16)
    16    0.07                           clknet_0_clk (net)
                  0.09    0.00    0.20 ^ clkbuf_4_12_0_clk/A (sky130_fd_sc_hd__clkbuf_8)
                  0.05    0.16    0.35 ^ clkbuf_4_12_0_clk/X (sky130_fd_sc_hd__clkbuf_8)
     7    0.02                           clknet_4_12_0_clk (net)
                  0.05    0.00    0.36 ^ _1176_/CLK (sky130_fd_sc_hd__dfrtp_4)
                          0.25    0.61   clock uncertainty
                          0.00    0.61   clock reconvergence pessimism
                          0.35    0.95   library removal time
                                  0.95   data required time
-----------------------------------------------------------------------------
                                  0.95   data required time
                                 -2.28   data arrival time
-----------------------------------------------------------------------------
                                  1.33   slack (MET)


Startpoint: rst_n (input port clocked by clk)
Endpoint: _1313_ (removal check against rising-edge clock clk)
Path Group: asynchronous
Path Type: min

Fanout     Cap    Slew   Delay    Time   Description
-----------------------------------------------------------------------------
                          0.00    0.00   clock clk (rise edge)
                          0.00    0.00   clock network delay (propagated)
                          2.00    2.00 ^ input external delay
                  0.02    0.01    2.01 ^ rst_n (in)
     1    0.00                           rst_n (net)
                  0.02    0.00    2.01 ^ input1/A (sky130_fd_sc_hd__clkbuf_2)
                  0.05    0.10    2.11 ^ input1/X (sky130_fd_sc_hd__clkbuf_2)
     3    0.01                           net1 (net)
                  0.05    0.00    2.11 ^ fanout14/A (sky130_fd_sc_hd__clkbuf_4)
                  0.10    0.17    2.28 ^ fanout14/X (sky130_fd_sc_hd__clkbuf_4)
     8    0.03                           net14 (net)
                  0.10    0.00    2.28 ^ _1313_/RESET_B (sky130_fd_sc_hd__dfrtp_1)
                                  2.28   data arrival time

                          0.00    0.00   clock clk (rise edge)
                          0.00    0.00   clock source latency
                  0.04    0.03    0.03 ^ clk (in)
     1    0.01                           clk (net)
                  0.04    0.00    0.03 ^ clkbuf_0_clk/A (sky130_fd_sc_hd__clkbuf_16)
                  0.09    0.17    0.20 ^ clkbuf_0_clk/X (sky130_fd_sc_hd__clkbuf_16)
    16    0.07                           clknet_0_clk (net)
                  0.09    0.00    0.20 ^ clkbuf_4_14_0_clk/A (sky130_fd_sc_hd__clkbuf_8)
                  0.06    0.16    0.36 ^ clkbuf_4_14_0_clk/X (sky130_fd_sc_hd__clkbuf_8)
     8    0.02                           clknet_4_14_0_clk (net)
                  0.06    0.00    0.36 ^ _1313_/CLK (sky130_fd_sc_hd__dfrtp_1)
                          0.25    0.61   clock uncertainty
                          0.00    0.61   clock reconvergence pessimism
                          0.34    0.95   library removal time
                                  0.95   data required time
-----------------------------------------------------------------------------
                                  0.95   data required time
                                 -2.28   data arrival time
-----------------------------------------------------------------------------
                                  1.33   slack (MET)


Startpoint: rst_n (input port clocked by clk)
Endpoint: _1312_ (removal check against rising-edge clock clk)
Path Group: asynchronous
Path Type: min

Fanout     Cap    Slew   Delay    Time   Description
-----------------------------------------------------------------------------
                          0.00    0.00   clock clk (rise edge)
                          0.00    0.00   clock network delay (propagated)
                          2.00    2.00 ^ input external delay
                  0.02    0.01    2.01 ^ rst_n (in)
     1    0.00                           rst_n (net)
                  0.02    0.00    2.01 ^ input1/A (sky130_fd_sc_hd__clkbuf_2)
                  0.05    0.10    2.11 ^ input1/X (sky130_fd_sc_hd__clkbuf_2)
     3    0.01                           net1 (net)
                  0.05    0.00    2.11 ^ fanout14/A (sky130_fd_sc_hd__clkbuf_4)
                  0.10    0.17    2.28 ^ fanout14/X (sky130_fd_sc_hd__clkbuf_4)
     8    0.03                           net14 (net)
                  0.10    0.00    2.28 ^ _1312_/RESET_B (sky130_fd_sc_hd__dfrtp_1)
                                  2.28   data arrival time

                          0.00    0.00   clock clk (rise edge)
                          0.00    0.00   clock source latency
                  0.04    0.03    0.03 ^ clk (in)
     1    0.01                           clk (net)
                  0.04    0.00    0.03 ^ clkbuf_0_clk/A (sky130_fd_sc_hd__clkbuf_16)
                  0.09    0.17    0.20 ^ clkbuf_0_clk/X (sky130_fd_sc_hd__clkbuf_16)
    16    0.07                           clknet_0_clk (net)
                  0.09    0.00    0.20 ^ clkbuf_4_14_0_clk/A (sky130_fd_sc_hd__clkbuf_8)
                  0.06    0.16    0.36 ^ clkbuf_4_14_0_clk/X (sky130_fd_sc_hd__clkbuf_8)
     8    0.02                           clknet_4_14_0_clk (net)
                  0.06    0.00    0.36 ^ _1312_/CLK (sky130_fd_sc_hd__dfrtp_1)
                          0.25    0.61   clock uncertainty
                          0.00    0.61   clock reconvergence pessimism
                          0.34    0.95   library removal time
                                  0.95   data required time
-----------------------------------------------------------------------------
                                  0.95   data required time
                                 -2.28   data arrival time
-----------------------------------------------------------------------------
                                  1.33   slack (MET)


Startpoint: rst_n (input port clocked by clk)
Endpoint: _1315_ (removal check against rising-edge clock clk)
Path Group: asynchronous
Path Type: min

Fanout     Cap    Slew   Delay    Time   Description
-----------------------------------------------------------------------------
                          0.00    0.00   clock clk (rise edge)
                          0.00    0.00   clock network delay (propagated)
                          2.00    2.00 ^ input external delay
                  0.02    0.01    2.01 ^ rst_n (in)
     1    0.00                           rst_n (net)
                  0.02    0.00    2.01 ^ input1/A (sky130_fd_sc_hd__clkbuf_2)
                  0.05    0.10    2.11 ^ input1/X (sky130_fd_sc_hd__clkbuf_2)
     3    0.01                           net1 (net)
                  0.05    0.00    2.11 ^ fanout14/A (sky130_fd_sc_hd__clkbuf_4)
                  0.10    0.17    2.28 ^ fanout14/X (sky130_fd_sc_hd__clkbuf_4)
     8    0.03                           net14 (net)
                  0.10    0.00    2.28 ^ _1315_/RESET_B (sky130_fd_sc_hd__dfrtp_1)
                                  2.28   data arrival time

                          0.00    0.00   clock clk (rise edge)
                          0.00    0.00   clock source latency
                  0.04    0.03    0.03 ^ clk (in)
     1    0.01                           clk (net)
                  0.04    0.00    0.03 ^ clkbuf_0_clk/A (sky130_fd_sc_hd__clkbuf_16)
                  0.09    0.17    0.20 ^ clkbuf_0_clk/X (sky130_fd_sc_hd__clkbuf_16)
    16    0.07                           clknet_0_clk (net)
                  0.09    0.00    0.20 ^ clkbuf_4_11_0_clk/A (sky130_fd_sc_hd__clkbuf_8)
                  0.06    0.16    0.36 ^ clkbuf_4_11_0_clk/X (sky130_fd_sc_hd__clkbuf_8)
    12    0.02                           clknet_4_11_0_clk (net)
                  0.06    0.00    0.36 ^ _1315_/CLK (sky130_fd_sc_hd__dfrtp_1)
                          0.25    0.61   clock uncertainty
                          0.00    0.61   clock reconvergence pessimism
                          0.34    0.95   library removal time
                                  0.95   data required time
-----------------------------------------------------------------------------
                                  0.95   data required time
                                 -2.28   data arrival time
-----------------------------------------------------------------------------
                                  1.33   slack (MET)


Startpoint: rst_n (input port clocked by clk)
Endpoint: _1309_ (removal check against rising-edge clock clk)
Path Group: asynchronous
Path Type: min

Fanout     Cap    Slew   Delay    Time   Description
-----------------------------------------------------------------------------
                          0.00    0.00   clock clk (rise edge)
                          0.00    0.00   clock network delay (propagated)
                          2.00    2.00 ^ input external delay
                  0.02    0.01    2.01 ^ rst_n (in)
     1    0.00                           rst_n (net)
                  0.02    0.00    2.01 ^ input1/A (sky130_fd_sc_hd__clkbuf_2)
                  0.05    0.10    2.11 ^ input1/X (sky130_fd_sc_hd__clkbuf_2)
     3    0.01                           net1 (net)
                  0.05    0.00    2.11 ^ fanout15/A (sky130_fd_sc_hd__buf_4)
                  0.14    0.17    2.28 ^ fanout15/X (sky130_fd_sc_hd__buf_4)
    10    0.05                           net15 (net)
                  0.14    0.00    2.28 ^ _1309_/RESET_B (sky130_fd_sc_hd__dfrtp_4)
                                  2.28   data arrival time

                          0.00    0.00   clock clk (rise edge)
                          0.00    0.00   clock source latency
                  0.04    0.03    0.03 ^ clk (in)
     1    0.01                           clk (net)
                  0.04    0.00    0.03 ^ clkbuf_0_clk/A (sky130_fd_sc_hd__clkbuf_16)
                  0.09    0.17    0.20 ^ clkbuf_0_clk/X (sky130_fd_sc_hd__clkbuf_16)
    16    0.07                           clknet_0_clk (net)
                  0.09    0.00    0.20 ^ clkbuf_4_15_0_clk/A (sky130_fd_sc_hd__clkbuf_8)
                  0.05    0.15    0.35 ^ clkbuf_4_15_0_clk/X (sky130_fd_sc_hd__clkbuf_8)
     6    0.02                           clknet_4_15_0_clk (net)
                  0.05    0.00    0.35 ^ _1309_/CLK (sky130_fd_sc_hd__dfrtp_4)
                          0.25    0.60   clock uncertainty
                          0.00    0.60   clock reconvergence pessimism
                          0.35    0.95   library removal time
                                  0.95   data required time
-----------------------------------------------------------------------------
                                  0.95   data required time
                                 -2.28   data arrival time
-----------------------------------------------------------------------------
                                  1.34   slack (MET)


Startpoint: rst_n (input port clocked by clk)
Endpoint: _1317_ (removal check against rising-edge clock clk)
Path Group: asynchronous
Path Type: min

Fanout     Cap    Slew   Delay    Time   Description
-----------------------------------------------------------------------------
                          0.00    0.00   clock clk (rise edge)
                          0.00    0.00   clock network delay (propagated)
                          2.00    2.00 ^ input external delay
                  0.02    0.01    2.01 ^ rst_n (in)
     1    0.00                           rst_n (net)
                  0.02    0.00    2.01 ^ input1/A (sky130_fd_sc_hd__clkbuf_2)
                  0.05    0.10    2.11 ^ input1/X (sky130_fd_sc_hd__clkbuf_2)
     3    0.01                           net1 (net)
                  0.05    0.00    2.11 ^ fanout14/A (sky130_fd_sc_hd__clkbuf_4)
                  0.10    0.17    2.28 ^ fanout14/X (sky130_fd_sc_hd__clkbuf_4)
     8    0.03                           net14 (net)
                  0.10    0.00    2.28 ^ fanout12/A (sky130_fd_sc_hd__clkbuf_4)
                  0.12    0.20    2.48 ^ fanout12/X (sky130_fd_sc_hd__clkbuf_4)
    10    0.04                           net12 (net)
                  0.12    0.00    2.48 ^ _1317_/RESET_B (sky130_fd_sc_hd__dfrtp_4)
                                  2.48   data arrival time

                          0.00    0.00   clock clk (rise edge)
                          0.00    0.00   clock source latency
                  0.04    0.03    0.03 ^ clk (in)
     1    0.01                           clk (net)
                  0.04    0.00    0.03 ^ clkbuf_0_clk/A (sky130_fd_sc_hd__clkbuf_16)
                  0.09    0.17    0.20 ^ clkbuf_0_clk/X (sky130_fd_sc_hd__clkbuf_16)
    16    0.07                           clknet_0_clk (net)
                  0.09    0.00    0.20 ^ clkbuf_4_10_0_clk/A (sky130_fd_sc_hd__clkbuf_8)
                  0.08    0.18    0.38 ^ clkbuf_4_10_0_clk/X (sky130_fd_sc_hd__clkbuf_8)
    15    0.04                           clknet_4_10_0_clk (net)
                  0.08    0.00    0.38 ^ _1317_/CLK (sky130_fd_sc_hd__dfrtp_4)
                          0.25    0.63   clock uncertainty
                          0.00    0.63   clock reconvergence pessimism
                          0.35    0.98   library removal time
                                  0.98   data required time
-----------------------------------------------------------------------------
                                  0.98   data required time
                                 -2.48   data arrival time
-----------------------------------------------------------------------------
                                  1.49   slack (MET)


Startpoint: rst_n (input port clocked by clk)
Endpoint: _1318_ (removal check against rising-edge clock clk)
Path Group: asynchronous
Path Type: min

Fanout     Cap    Slew   Delay    Time   Description
-----------------------------------------------------------------------------
                          0.00    0.00   clock clk (rise edge)
                          0.00    0.00   clock network delay (propagated)
                          2.00    2.00 ^ input external delay
                  0.02    0.01    2.01 ^ rst_n (in)
     1    0.00                           rst_n (net)
                  0.02    0.00    2.01 ^ input1/A (sky130_fd_sc_hd__clkbuf_2)
                  0.05    0.10    2.11 ^ input1/X (sky130_fd_sc_hd__clkbuf_2)
     3    0.01                           net1 (net)
                  0.05    0.00    2.11 ^ fanout14/A (sky130_fd_sc_hd__clkbuf_4)
                  0.10    0.17    2.28 ^ fanout14/X (sky130_fd_sc_hd__clkbuf_4)
     8    0.03                           net14 (net)
                  0.10    0.00    2.28 ^ fanout12/A (sky130_fd_sc_hd__clkbuf_4)
                  0.12    0.20    2.48 ^ fanout12/X (sky130_fd_sc_hd__clkbuf_4)
    10    0.04                           net12 (net)
                  0.12    0.00    2.48 ^ _1318_/RESET_B (sky130_fd_sc_hd__dfrtp_1)
                                  2.48   data arrival time

                          0.00    0.00   clock clk (rise edge)
                          0.00    0.00   clock source latency
                  0.04    0.03    0.03 ^ clk (in)
     1    0.01                           clk (net)
                  0.04    0.00    0.03 ^ clkbuf_0_clk/A (sky130_fd_sc_hd__clkbuf_16)
                  0.09    0.17    0.20 ^ clkbuf_0_clk/X (sky130_fd_sc_hd__clkbuf_16)
    16    0.07                           clknet_0_clk (net)
                  0.09    0.00    0.20 ^ clkbuf_4_10_0_clk/A (sky130_fd_sc_hd__clkbuf_8)
                  0.08    0.18    0.38 ^ clkbuf_4_10_0_clk/X (sky130_fd_sc_hd__clkbuf_8)
    15    0.04                           clknet_4_10_0_clk (net)
                  0.08    0.00    0.38 ^ _1318_/CLK (sky130_fd_sc_hd__dfrtp_1)
                          0.25    0.63   clock uncertainty
                          0.00    0.63   clock reconvergence pessimism
                          0.35    0.98   library removal time
                                  0.98   data required time
-----------------------------------------------------------------------------
                                  0.98   data required time
                                 -2.48   data arrival time
-----------------------------------------------------------------------------
                                  1.49   slack (MET)


Startpoint: rst_n (input port clocked by clk)
Endpoint: _1329_ (removal check against rising-edge clock clk)
Path Group: asynchronous
Path Type: min

Fanout     Cap    Slew   Delay    Time   Description
-----------------------------------------------------------------------------
                          0.00    0.00   clock clk (rise edge)
                          0.00    0.00   clock network delay (propagated)
                          2.00    2.00 ^ input external delay
                  0.02    0.01    2.01 ^ rst_n (in)
     1    0.00                           rst_n (net)
                  0.02    0.00    2.01 ^ input1/A (sky130_fd_sc_hd__clkbuf_2)
                  0.05    0.10    2.11 ^ input1/X (sky130_fd_sc_hd__clkbuf_2)
     3    0.01                           net1 (net)
                  0.05    0.00    2.11 ^ fanout14/A (sky130_fd_sc_hd__clkbuf_4)
                  0.10    0.17    2.28 ^ fanout14/X (sky130_fd_sc_hd__clkbuf_4)
     8    0.03                           net14 (net)
                  0.10    0.00    2.28 ^ fanout12/A (sky130_fd_sc_hd__clkbuf_4)
                  0.12    0.20    2.48 ^ fanout12/X (sky130_fd_sc_hd__clkbuf_4)
    10    0.04                           net12 (net)
                  0.12    0.00    2.48 ^ _1329_/RESET_B (sky130_fd_sc_hd__dfrtp_1)
                                  2.48   data arrival time

                          0.00    0.00   clock clk (rise edge)
                          0.00    0.00   clock source latency
                  0.04    0.03    0.03 ^ clk (in)
     1    0.01                           clk (net)
                  0.04    0.00    0.03 ^ clkbuf_0_clk/A (sky130_fd_sc_hd__clkbuf_16)
                  0.09    0.17    0.20 ^ clkbuf_0_clk/X (sky130_fd_sc_hd__clkbuf_16)
    16    0.07                           clknet_0_clk (net)
                  0.09    0.00    0.20 ^ clkbuf_4_10_0_clk/A (sky130_fd_sc_hd__clkbuf_8)
                  0.08    0.18    0.38 ^ clkbuf_4_10_0_clk/X (sky130_fd_sc_hd__clkbuf_8)
    15    0.04                           clknet_4_10_0_clk (net)
                  0.08    0.00    0.38 ^ _1329_/CLK (sky130_fd_sc_hd__dfrtp_1)
                          0.25    0.63   clock uncertainty
                          0.00    0.63   clock reconvergence pessimism
                          0.35    0.98   library removal time
                                  0.98   data required time
-----------------------------------------------------------------------------
                                  0.98   data required time
                                 -2.48   data arrival time
-----------------------------------------------------------------------------
                                  1.50   slack (MET)


Startpoint: rst_n (input port clocked by clk)
Endpoint: _1307_ (removal check against rising-edge clock clk)
Path Group: asynchronous
Path Type: min

Fanout     Cap    Slew   Delay    Time   Description
-----------------------------------------------------------------------------
                          0.00    0.00   clock clk (rise edge)
                          0.00    0.00   clock network delay (propagated)
                          2.00    2.00 ^ input external delay
                  0.02    0.01    2.01 ^ rst_n (in)
     1    0.00                           rst_n (net)
                  0.02    0.00    2.01 ^ input1/A (sky130_fd_sc_hd__clkbuf_2)
                  0.05    0.10    2.11 ^ input1/X (sky130_fd_sc_hd__clkbuf_2)
     3    0.01                           net1 (net)
                  0.05    0.00    2.11 ^ fanout14/A (sky130_fd_sc_hd__clkbuf_4)
                  0.10    0.17    2.28 ^ fanout14/X (sky130_fd_sc_hd__clkbuf_4)
     8    0.03                           net14 (net)
                  0.10    0.00    2.28 ^ fanout12/A (sky130_fd_sc_hd__clkbuf_4)
                  0.12    0.20    2.48 ^ fanout12/X (sky130_fd_sc_hd__clkbuf_4)
    10    0.04                           net12 (net)
                  0.12    0.00    2.48 ^ _1307_/RESET_B (sky130_fd_sc_hd__dfrtp_1)
                                  2.48   data arrival time

                          0.00    0.00   clock clk (rise edge)
                          0.00    0.00   clock source latency
                  0.04    0.03    0.03 ^ clk (in)
     1    0.01                           clk (net)
                  0.04    0.00    0.03 ^ clkbuf_0_clk/A (sky130_fd_sc_hd__clkbuf_16)
                  0.09    0.17    0.20 ^ clkbuf_0_clk/X (sky130_fd_sc_hd__clkbuf_16)
    16    0.07                           clknet_0_clk (net)
                  0.09    0.00    0.20 ^ clkbuf_4_10_0_clk/A (sky130_fd_sc_hd__clkbuf_8)
                  0.08    0.18    0.38 ^ clkbuf_4_10_0_clk/X (sky130_fd_sc_hd__clkbuf_8)
    15    0.04                           clknet_4_10_0_clk (net)
                  0.08    0.00    0.38 ^ _1307_/CLK (sky130_fd_sc_hd__dfrtp_1)
                          0.25    0.63   clock uncertainty
                          0.00    0.63   clock reconvergence pessimism
                          0.35    0.98   library removal time
                                  0.98   data required time
-----------------------------------------------------------------------------
                                  0.98   data required time
                                 -2.48   data arrival time
-----------------------------------------------------------------------------
                                  1.50   slack (MET)


Startpoint: rst_n (input port clocked by clk)
Endpoint: _1322_ (removal check against rising-edge clock clk)
Path Group: asynchronous
Path Type: min

Fanout     Cap    Slew   Delay    Time   Description
-----------------------------------------------------------------------------
                          0.00    0.00   clock clk (rise edge)
                          0.00    0.00   clock network delay (propagated)
                          2.00    2.00 ^ input external delay
                  0.02    0.01    2.01 ^ rst_n (in)
     1    0.00                           rst_n (net)
                  0.02    0.00    2.01 ^ input1/A (sky130_fd_sc_hd__clkbuf_2)
                  0.05    0.10    2.11 ^ input1/X (sky130_fd_sc_hd__clkbuf_2)
     3    0.01                           net1 (net)
                  0.05    0.00    2.11 ^ fanout14/A (sky130_fd_sc_hd__clkbuf_4)
                  0.10    0.17    2.28 ^ fanout14/X (sky130_fd_sc_hd__clkbuf_4)
     8    0.03                           net14 (net)
                  0.10    0.00    2.28 ^ fanout12/A (sky130_fd_sc_hd__clkbuf_4)
                  0.12    0.20    2.48 ^ fanout12/X (sky130_fd_sc_hd__clkbuf_4)
    10    0.04                           net12 (net)
                  0.12    0.00    2.48 ^ _1322_/RESET_B (sky130_fd_sc_hd__dfrtp_1)
                                  2.48   data arrival time

                          0.00    0.00   clock clk (rise edge)
                          0.00    0.00   clock source latency
                  0.04    0.03    0.03 ^ clk (in)
     1    0.01                           clk (net)
                  0.04    0.00    0.03 ^ clkbuf_0_clk/A (sky130_fd_sc_hd__clkbuf_16)
                  0.09    0.17    0.20 ^ clkbuf_0_clk/X (sky130_fd_sc_hd__clkbuf_16)
    16    0.07                           clknet_0_clk (net)
                  0.09    0.00    0.20 ^ clkbuf_4_10_0_clk/A (sky130_fd_sc_hd__clkbuf_8)
                  0.08    0.18    0.38 ^ clkbuf_4_10_0_clk/X (sky130_fd_sc_hd__clkbuf_8)
    15    0.04                           clknet_4_10_0_clk (net)
                  0.08    0.00    0.38 ^ _1322_/CLK (sky130_fd_sc_hd__dfrtp_1)
                          0.25    0.63   clock uncertainty
                          0.00    0.63   clock reconvergence pessimism
                          0.35    0.98   library removal time
                                  0.98   data required time
-----------------------------------------------------------------------------
                                  0.98   data required time
                                 -2.48   data arrival time
-----------------------------------------------------------------------------
                                  1.50   slack (MET)


Startpoint: rst_n (input port clocked by clk)
Endpoint: _1321_ (removal check against rising-edge clock clk)
Path Group: asynchronous
Path Type: min

Fanout     Cap    Slew   Delay    Time   Description
-----------------------------------------------------------------------------
                          0.00    0.00   clock clk (rise edge)
                          0.00    0.00   clock network delay (propagated)
                          2.00    2.00 ^ input external delay
                  0.02    0.01    2.01 ^ rst_n (in)
     1    0.00                           rst_n (net)
                  0.02    0.00    2.01 ^ input1/A (sky130_fd_sc_hd__clkbuf_2)
                  0.05    0.10    2.11 ^ input1/X (sky130_fd_sc_hd__clkbuf_2)
     3    0.01                           net1 (net)
                  0.05    0.00    2.11 ^ fanout14/A (sky130_fd_sc_hd__clkbuf_4)
                  0.10    0.17    2.28 ^ fanout14/X (sky130_fd_sc_hd__clkbuf_4)
     8    0.03                           net14 (net)
                  0.10    0.00    2.28 ^ fanout12/A (sky130_fd_sc_hd__clkbuf_4)
                  0.12    0.20    2.48 ^ fanout12/X (sky130_fd_sc_hd__clkbuf_4)
    10    0.04                           net12 (net)
                  0.12    0.00    2.48 ^ _1321_/RESET_B (sky130_fd_sc_hd__dfrtp_1)
                                  2.48   data arrival time

                          0.00    0.00   clock clk (rise edge)
                          0.00    0.00   clock source latency
                  0.04    0.03    0.03 ^ clk (in)
     1    0.01                           clk (net)
                  0.04    0.00    0.03 ^ clkbuf_0_clk/A (sky130_fd_sc_hd__clkbuf_16)
                  0.09    0.17    0.20 ^ clkbuf_0_clk/X (sky130_fd_sc_hd__clkbuf_16)
    16    0.07                           clknet_0_clk (net)
                  0.09    0.00    0.20 ^ clkbuf_4_10_0_clk/A (sky130_fd_sc_hd__clkbuf_8)
                  0.08    0.18    0.38 ^ clkbuf_4_10_0_clk/X (sky130_fd_sc_hd__clkbuf_8)
    15    0.04                           clknet_4_10_0_clk (net)
                  0.08    0.00    0.38 ^ _1321_/CLK (sky130_fd_sc_hd__dfrtp_1)
                          0.25    0.63   clock uncertainty
                          0.00    0.63   clock reconvergence pessimism
                          0.35    0.98   library removal time
                                  0.98   data required time
-----------------------------------------------------------------------------
                                  0.98   data required time
                                 -2.48   data arrival time
-----------------------------------------------------------------------------
                                  1.50   slack (MET)


Startpoint: rst_n (input port clocked by clk)
Endpoint: _1327_ (removal check against rising-edge clock clk)
Path Group: asynchronous
Path Type: min

Fanout     Cap    Slew   Delay    Time   Description
-----------------------------------------------------------------------------
                          0.00    0.00   clock clk (rise edge)
                          0.00    0.00   clock network delay (propagated)
                          2.00    2.00 ^ input external delay
                  0.02    0.01    2.01 ^ rst_n (in)
     1    0.00                           rst_n (net)
                  0.02    0.00    2.01 ^ input1/A (sky130_fd_sc_hd__clkbuf_2)
                  0.05    0.10    2.11 ^ input1/X (sky130_fd_sc_hd__clkbuf_2)
     3    0.01                           net1 (net)
                  0.05    0.00    2.11 ^ fanout14/A (sky130_fd_sc_hd__clkbuf_4)
                  0.10    0.17    2.28 ^ fanout14/X (sky130_fd_sc_hd__clkbuf_4)
     8    0.03                           net14 (net)
                  0.10    0.00    2.28 ^ fanout13/A (sky130_fd_sc_hd__clkbuf_2)
                  0.13    0.17    2.45 ^ fanout13/X (sky130_fd_sc_hd__clkbuf_2)
     6    0.02                           net13 (net)
                  0.13    0.00    2.45 ^ _1327_/RESET_B (sky130_fd_sc_hd__dfrtp_1)
                                  2.45   data arrival time

                          0.00    0.00   clock clk (rise edge)
                          0.00    0.00   clock source latency
                  0.04    0.03    0.03 ^ clk (in)
     1    0.01                           clk (net)
                  0.04    0.00    0.03 ^ clkbuf_0_clk/A (sky130_fd_sc_hd__clkbuf_16)
                  0.09    0.17    0.20 ^ clkbuf_0_clk/X (sky130_fd_sc_hd__clkbuf_16)
    16    0.07                           clknet_0_clk (net)
                  0.09    0.00    0.20 ^ clkbuf_4_14_0_clk/A (sky130_fd_sc_hd__clkbuf_8)
                  0.06    0.16    0.36 ^ clkbuf_4_14_0_clk/X (sky130_fd_sc_hd__clkbuf_8)
     8    0.02                           clknet_4_14_0_clk (net)
                  0.06    0.00    0.36 ^ _1327_/CLK (sky130_fd_sc_hd__dfrtp_1)
                          0.25    0.61   clock uncertainty
                          0.00    0.61   clock reconvergence pessimism
                          0.35    0.95   library removal time
                                  0.95   data required time
-----------------------------------------------------------------------------
                                  0.95   data required time
                                 -2.45   data arrival time
-----------------------------------------------------------------------------
                                  1.50   slack (MET)


Startpoint: rst_n (input port clocked by clk)
Endpoint: _1179_ (removal check against rising-edge clock clk)
Path Group: asynchronous
Path Type: min

Fanout     Cap    Slew   Delay    Time   Description
-----------------------------------------------------------------------------
                          0.00    0.00   clock clk (rise edge)
                          0.00    0.00   clock network delay (propagated)
                          2.00    2.00 ^ input external delay
                  0.02    0.01    2.01 ^ rst_n (in)
     1    0.00                           rst_n (net)
                  0.02    0.00    2.01 ^ input1/A (sky130_fd_sc_hd__clkbuf_2)
                  0.05    0.10    2.11 ^ input1/X (sky130_fd_sc_hd__clkbuf_2)
     3    0.01                           net1 (net)
                  0.05    0.00    2.11 ^ fanout14/A (sky130_fd_sc_hd__clkbuf_4)
                  0.10    0.17    2.28 ^ fanout14/X (sky130_fd_sc_hd__clkbuf_4)
     8    0.03                           net14 (net)
                  0.10    0.00    2.28 ^ fanout13/A (sky130_fd_sc_hd__clkbuf_2)
                  0.13    0.17    2.45 ^ fanout13/X (sky130_fd_sc_hd__clkbuf_2)
     6    0.02                           net13 (net)
                  0.13    0.00    2.45 ^ _1179_/RESET_B (sky130_fd_sc_hd__dfrtp_1)
                                  2.45   data arrival time

                          0.00    0.00   clock clk (rise edge)
                          0.00    0.00   clock source latency
                  0.04    0.03    0.03 ^ clk (in)
     1    0.01                           clk (net)
                  0.04    0.00    0.03 ^ clkbuf_0_clk/A (sky130_fd_sc_hd__clkbuf_16)
                  0.09    0.17    0.20 ^ clkbuf_0_clk/X (sky130_fd_sc_hd__clkbuf_16)
    16    0.07                           clknet_0_clk (net)
                  0.09    0.00    0.20 ^ clkbuf_4_14_0_clk/A (sky130_fd_sc_hd__clkbuf_8)
                  0.06    0.16    0.36 ^ clkbuf_4_14_0_clk/X (sky130_fd_sc_hd__clkbuf_8)
     8    0.02                           clknet_4_14_0_clk (net)
                  0.06    0.00    0.36 ^ _1179_/CLK (sky130_fd_sc_hd__dfrtp_1)
                          0.25    0.61   clock uncertainty
                          0.00    0.61   clock reconvergence pessimism
                          0.35    0.95   library removal time
                                  0.95   data required time
-----------------------------------------------------------------------------
                                  0.95   data required time
                                 -2.45   data arrival time
-----------------------------------------------------------------------------
                                  1.50   slack (MET)


Startpoint: rst_n (input port clocked by clk)
Endpoint: _1326_ (removal check against rising-edge clock clk)
Path Group: asynchronous
Path Type: min

Fanout     Cap    Slew   Delay    Time   Description
-----------------------------------------------------------------------------
                          0.00    0.00   clock clk (rise edge)
                          0.00    0.00   clock network delay (propagated)
                          2.00    2.00 ^ input external delay
                  0.02    0.01    2.01 ^ rst_n (in)
     1    0.00                           rst_n (net)
                  0.02    0.00    2.01 ^ input1/A (sky130_fd_sc_hd__clkbuf_2)
                  0.05    0.10    2.11 ^ input1/X (sky130_fd_sc_hd__clkbuf_2)
     3    0.01                           net1 (net)
                  0.05    0.00    2.11 ^ fanout14/A (sky130_fd_sc_hd__clkbuf_4)
                  0.10    0.17    2.28 ^ fanout14/X (sky130_fd_sc_hd__clkbuf_4)
     8    0.03                           net14 (net)
                  0.10    0.00    2.28 ^ fanout13/A (sky130_fd_sc_hd__clkbuf_2)
                  0.13    0.17    2.45 ^ fanout13/X (sky130_fd_sc_hd__clkbuf_2)
     6    0.02                           net13 (net)
                  0.13    0.00    2.45 ^ _1326_/RESET_B (sky130_fd_sc_hd__dfrtp_4)
                                  2.45   data arrival time

                          0.00    0.00   clock clk (rise edge)
                          0.00    0.00   clock source latency
                  0.04    0.03    0.03 ^ clk (in)
     1    0.01                           clk (net)
                  0.04    0.00    0.03 ^ clkbuf_0_clk/A (sky130_fd_sc_hd__clkbuf_16)
                  0.09    0.17    0.20 ^ clkbuf_0_clk/X (sky130_fd_sc_hd__clkbuf_16)
    16    0.07                           clknet_0_clk (net)
                  0.09    0.00    0.20 ^ clkbuf_4_11_0_clk/A (sky130_fd_sc_hd__clkbuf_8)
                  0.06    0.16    0.36 ^ clkbuf_4_11_0_clk/X (sky130_fd_sc_hd__clkbuf_8)
    12    0.02                           clknet_4_11_0_clk (net)
                  0.06    0.00    0.36 ^ _1326_/CLK (sky130_fd_sc_hd__dfrtp_4)
                          0.25    0.61   clock uncertainty
                          0.00    0.61   clock reconvergence pessimism
                          0.35    0.95   library removal time
                                  0.95   data required time
-----------------------------------------------------------------------------
                                  0.95   data required time
                                 -2.45   data arrival time
-----------------------------------------------------------------------------
                                  1.50   slack (MET)


Startpoint: rst_n (input port clocked by clk)
Endpoint: _1180_ (removal check against rising-edge clock clk)
Path Group: asynchronous
Path Type: min

Fanout     Cap    Slew   Delay    Time   Description
-----------------------------------------------------------------------------
                          0.00    0.00   clock clk (rise edge)
                          0.00    0.00   clock network delay (propagated)
                          2.00    2.00 ^ input external delay
                  0.02    0.01    2.01 ^ rst_n (in)
     1    0.00                           rst_n (net)
                  0.02    0.00    2.01 ^ input1/A (sky130_fd_sc_hd__clkbuf_2)
                  0.05    0.10    2.11 ^ input1/X (sky130_fd_sc_hd__clkbuf_2)
     3    0.01                           net1 (net)
                  0.05    0.00    2.11 ^ fanout14/A (sky130_fd_sc_hd__clkbuf_4)
                  0.10    0.17    2.28 ^ fanout14/X (sky130_fd_sc_hd__clkbuf_4)
     8    0.03                           net14 (net)
                  0.10    0.00    2.28 ^ fanout13/A (sky130_fd_sc_hd__clkbuf_2)
                  0.13    0.17    2.45 ^ fanout13/X (sky130_fd_sc_hd__clkbuf_2)
     6    0.02                           net13 (net)
                  0.13    0.00    2.45 ^ _1180_/RESET_B (sky130_fd_sc_hd__dfrtp_1)
                                  2.45   data arrival time

                          0.00    0.00   clock clk (rise edge)
                          0.00    0.00   clock source latency
                  0.04    0.03    0.03 ^ clk (in)
     1    0.01                           clk (net)
                  0.04    0.00    0.03 ^ clkbuf_0_clk/A (sky130_fd_sc_hd__clkbuf_16)
                  0.09    0.17    0.20 ^ clkbuf_0_clk/X (sky130_fd_sc_hd__clkbuf_16)
    16    0.07                           clknet_0_clk (net)
                  0.09    0.00    0.20 ^ clkbuf_4_11_0_clk/A (sky130_fd_sc_hd__clkbuf_8)
                  0.06    0.16    0.36 ^ clkbuf_4_11_0_clk/X (sky130_fd_sc_hd__clkbuf_8)
    12    0.02                           clknet_4_11_0_clk (net)
                  0.06    0.00    0.36 ^ _1180_/CLK (sky130_fd_sc_hd__dfrtp_1)
                          0.25    0.61   clock uncertainty
                          0.00    0.61   clock reconvergence pessimism
                          0.35    0.95   library removal time
                                  0.95   data required time
-----------------------------------------------------------------------------
                                  0.95   data required time
                                 -2.45   data arrival time
-----------------------------------------------------------------------------
                                  1.50   slack (MET)


Startpoint: rst_n (input port clocked by clk)
Endpoint: _1323_ (removal check against rising-edge clock clk)
Path Group: asynchronous
Path Type: min

Fanout     Cap    Slew   Delay    Time   Description
-----------------------------------------------------------------------------
                          0.00    0.00   clock clk (rise edge)
                          0.00    0.00   clock network delay (propagated)
                          2.00    2.00 ^ input external delay
                  0.02    0.01    2.01 ^ rst_n (in)
     1    0.00                           rst_n (net)
                  0.02    0.00    2.01 ^ input1/A (sky130_fd_sc_hd__clkbuf_2)
                  0.05    0.10    2.11 ^ input1/X (sky130_fd_sc_hd__clkbuf_2)
     3    0.01                           net1 (net)
                  0.05    0.00    2.11 ^ fanout14/A (sky130_fd_sc_hd__clkbuf_4)
                  0.10    0.17    2.28 ^ fanout14/X (sky130_fd_sc_hd__clkbuf_4)
     8    0.03                           net14 (net)
                  0.10    0.00    2.28 ^ fanout13/A (sky130_fd_sc_hd__clkbuf_2)
                  0.13    0.17    2.45 ^ fanout13/X (sky130_fd_sc_hd__clkbuf_2)
     6    0.02                           net13 (net)
                  0.13    0.00    2.45 ^ _1323_/RESET_B (sky130_fd_sc_hd__dfrtp_1)
                                  2.45   data arrival time

                          0.00    0.00   clock clk (rise edge)
                          0.00    0.00   clock source latency
                  0.04    0.03    0.03 ^ clk (in)
     1    0.01                           clk (net)
                  0.04    0.00    0.03 ^ clkbuf_0_clk/A (sky130_fd_sc_hd__clkbuf_16)
                  0.09    0.17    0.20 ^ clkbuf_0_clk/X (sky130_fd_sc_hd__clkbuf_16)
    16    0.07                           clknet_0_clk (net)
                  0.09    0.00    0.20 ^ clkbuf_4_11_0_clk/A (sky130_fd_sc_hd__clkbuf_8)
                  0.06    0.16    0.36 ^ clkbuf_4_11_0_clk/X (sky130_fd_sc_hd__clkbuf_8)
    12    0.02                           clknet_4_11_0_clk (net)
                  0.06    0.00    0.36 ^ _1323_/CLK (sky130_fd_sc_hd__dfrtp_1)
                          0.25    0.61   clock uncertainty
                          0.00    0.61   clock reconvergence pessimism
                          0.35    0.95   library removal time
                                  0.95   data required time
-----------------------------------------------------------------------------
                                  0.95   data required time
                                 -2.45   data arrival time
-----------------------------------------------------------------------------
                                  1.50   slack (MET)


Startpoint: rst_n (input port clocked by clk)
Endpoint: _1324_ (removal check against rising-edge clock clk)
Path Group: asynchronous
Path Type: min

Fanout     Cap    Slew   Delay    Time   Description
-----------------------------------------------------------------------------
                          0.00    0.00   clock clk (rise edge)
                          0.00    0.00   clock network delay (propagated)
                          2.00    2.00 ^ input external delay
                  0.02    0.01    2.01 ^ rst_n (in)
     1    0.00                           rst_n (net)
                  0.02    0.00    2.01 ^ input1/A (sky130_fd_sc_hd__clkbuf_2)
                  0.05    0.10    2.11 ^ input1/X (sky130_fd_sc_hd__clkbuf_2)
     3    0.01                           net1 (net)
                  0.05    0.00    2.11 ^ fanout14/A (sky130_fd_sc_hd__clkbuf_4)
                  0.10    0.17    2.28 ^ fanout14/X (sky130_fd_sc_hd__clkbuf_4)
     8    0.03                           net14 (net)
                  0.10    0.00    2.28 ^ fanout13/A (sky130_fd_sc_hd__clkbuf_2)
                  0.13    0.17    2.45 ^ fanout13/X (sky130_fd_sc_hd__clkbuf_2)
     6    0.02                           net13 (net)
                  0.13    0.00    2.45 ^ _1324_/RESET_B (sky130_fd_sc_hd__dfrtp_2)
                                  2.45   data arrival time

                          0.00    0.00   clock clk (rise edge)
                          0.00    0.00   clock source latency
                  0.04    0.03    0.03 ^ clk (in)
     1    0.01                           clk (net)
                  0.04    0.00    0.03 ^ clkbuf_0_clk/A (sky130_fd_sc_hd__clkbuf_16)
                  0.09    0.17    0.20 ^ clkbuf_0_clk/X (sky130_fd_sc_hd__clkbuf_16)
    16    0.07                           clknet_0_clk (net)
                  0.09    0.00    0.20 ^ clkbuf_4_11_0_clk/A (sky130_fd_sc_hd__clkbuf_8)
                  0.06    0.16    0.36 ^ clkbuf_4_11_0_clk/X (sky130_fd_sc_hd__clkbuf_8)
    12    0.02                           clknet_4_11_0_clk (net)
                  0.06    0.00    0.36 ^ _1324_/CLK (sky130_fd_sc_hd__dfrtp_2)
                          0.25    0.61   clock uncertainty
                          0.00    0.61   clock reconvergence pessimism
                          0.35    0.95   library removal time
                                  0.95   data required time
-----------------------------------------------------------------------------
                                  0.95   data required time
                                 -2.45   data arrival time
-----------------------------------------------------------------------------
                                  1.50   slack (MET)


Startpoint: rst_n (input port clocked by clk)
Endpoint: _1171_ (removal check against rising-edge clock clk)
Path Group: asynchronous
Path Type: min

Fanout     Cap    Slew   Delay    Time   Description
-----------------------------------------------------------------------------
                          0.00    0.00   clock clk (rise edge)
                          0.00    0.00   clock network delay (propagated)
                          2.00    2.00 ^ input external delay
                  0.02    0.01    2.01 ^ rst_n (in)
     1    0.00                           rst_n (net)
                  0.02    0.00    2.01 ^ input1/A (sky130_fd_sc_hd__clkbuf_2)
                  0.05    0.10    2.11 ^ input1/X (sky130_fd_sc_hd__clkbuf_2)
     3    0.01                           net1 (net)
                  0.05    0.00    2.11 ^ fanout16/A (sky130_fd_sc_hd__clkbuf_2)
                  0.13    0.16    2.27 ^ fanout16/X (sky130_fd_sc_hd__clkbuf_2)
     5    0.02                           net16 (net)
                  0.13    0.00    2.27 ^ _1171_/SET_B (sky130_fd_sc_hd__dfstp_1)
                                  2.27   data arrival time

                          0.00    0.00   clock clk (rise edge)
                          0.00    0.00   clock source latency
                  0.04    0.03    0.03 ^ clk (in)
     1    0.01                           clk (net)
                  0.04    0.00    0.03 ^ clkbuf_0_clk/A (sky130_fd_sc_hd__clkbuf_16)
                  0.09    0.17    0.20 ^ clkbuf_0_clk/X (sky130_fd_sc_hd__clkbuf_16)
    16    0.07                           clknet_0_clk (net)
                  0.09    0.00    0.20 ^ clkbuf_4_14_0_clk/A (sky130_fd_sc_hd__clkbuf_8)
                  0.06    0.16    0.36 ^ clkbuf_4_14_0_clk/X (sky130_fd_sc_hd__clkbuf_8)
     8    0.02                           clknet_4_14_0_clk (net)
                  0.06    0.00    0.36 ^ _1171_/CLK (sky130_fd_sc_hd__dfstp_1)
                          0.25    0.61   clock uncertainty
                          0.00    0.61   clock reconvergence pessimism
                          0.15    0.76   library removal time
                                  0.76   data required time
-----------------------------------------------------------------------------
                                  0.76   data required time
                                 -2.27   data arrival time
-----------------------------------------------------------------------------
                                  1.51   slack (MET)


Startpoint: rst_n (input port clocked by clk)
Endpoint: _1314_ (removal check against rising-edge clock clk)
Path Group: asynchronous
Path Type: min

Fanout     Cap    Slew   Delay    Time   Description
-----------------------------------------------------------------------------
                          0.00    0.00   clock clk (rise edge)
                          0.00    0.00   clock network delay (propagated)
                          2.00    2.00 ^ input external delay
                  0.02    0.01    2.01 ^ rst_n (in)
     1    0.00                           rst_n (net)
                  0.02    0.00    2.01 ^ input1/A (sky130_fd_sc_hd__clkbuf_2)
                  0.05    0.10    2.11 ^ input1/X (sky130_fd_sc_hd__clkbuf_2)
     3    0.01                           net1 (net)
                  0.05    0.00    2.11 ^ fanout14/A (sky130_fd_sc_hd__clkbuf_4)
                  0.10    0.17    2.28 ^ fanout14/X (sky130_fd_sc_hd__clkbuf_4)
     8    0.03                           net14 (net)
                  0.10    0.00    2.28 ^ fanout12/A (sky130_fd_sc_hd__clkbuf_4)
                  0.12    0.20    2.48 ^ fanout12/X (sky130_fd_sc_hd__clkbuf_4)
    10    0.04                           net12 (net)
                  0.12    0.00    2.48 ^ _1314_/RESET_B (sky130_fd_sc_hd__dfrtp_1)
                                  2.48   data arrival time

                          0.00    0.00   clock clk (rise edge)
                          0.00    0.00   clock source latency
                  0.04    0.03    0.03 ^ clk (in)
     1    0.01                           clk (net)
                  0.04    0.00    0.03 ^ clkbuf_0_clk/A (sky130_fd_sc_hd__clkbuf_16)
                  0.09    0.17    0.20 ^ clkbuf_0_clk/X (sky130_fd_sc_hd__clkbuf_16)
    16    0.07                           clknet_0_clk (net)
                  0.09    0.00    0.20 ^ clkbuf_4_11_0_clk/A (sky130_fd_sc_hd__clkbuf_8)
                  0.06    0.16    0.36 ^ clkbuf_4_11_0_clk/X (sky130_fd_sc_hd__clkbuf_8)
    12    0.02                           clknet_4_11_0_clk (net)
                  0.06    0.00    0.36 ^ _1314_/CLK (sky130_fd_sc_hd__dfrtp_1)
                          0.25    0.61   clock uncertainty
                          0.00    0.61   clock reconvergence pessimism
                          0.34    0.95   library removal time
                                  0.95   data required time
-----------------------------------------------------------------------------
                                  0.95   data required time
                                 -2.48   data arrival time
-----------------------------------------------------------------------------
                                  1.53   slack (MET)


Startpoint: rst_n (input port clocked by clk)
Endpoint: _1319_ (removal check against rising-edge clock clk)
Path Group: asynchronous
Path Type: min

Fanout     Cap    Slew   Delay    Time   Description
-----------------------------------------------------------------------------
                          0.00    0.00   clock clk (rise edge)
                          0.00    0.00   clock network delay (propagated)
                          2.00    2.00 ^ input external delay
                  0.02    0.01    2.01 ^ rst_n (in)
     1    0.00                           rst_n (net)
                  0.02    0.00    2.01 ^ input1/A (sky130_fd_sc_hd__clkbuf_2)
                  0.05    0.10    2.11 ^ input1/X (sky130_fd_sc_hd__clkbuf_2)
     3    0.01                           net1 (net)
                  0.05    0.00    2.11 ^ fanout14/A (sky130_fd_sc_hd__clkbuf_4)
                  0.10    0.17    2.28 ^ fanout14/X (sky130_fd_sc_hd__clkbuf_4)
     8    0.03                           net14 (net)
                  0.10    0.00    2.28 ^ fanout12/A (sky130_fd_sc_hd__clkbuf_4)
                  0.12    0.20    2.48 ^ fanout12/X (sky130_fd_sc_hd__clkbuf_4)
    10    0.04                           net12 (net)
                  0.12    0.00    2.48 ^ _1319_/RESET_B (sky130_fd_sc_hd__dfrtp_1)
                                  2.48   data arrival time

                          0.00    0.00   clock clk (rise edge)
                          0.00    0.00   clock source latency
                  0.04    0.03    0.03 ^ clk (in)
     1    0.01                           clk (net)
                  0.04    0.00    0.03 ^ clkbuf_0_clk/A (sky130_fd_sc_hd__clkbuf_16)
                  0.09    0.17    0.20 ^ clkbuf_0_clk/X (sky130_fd_sc_hd__clkbuf_16)
    16    0.07                           clknet_0_clk (net)
                  0.09    0.00    0.20 ^ clkbuf_4_11_0_clk/A (sky130_fd_sc_hd__clkbuf_8)
                  0.06    0.16    0.36 ^ clkbuf_4_11_0_clk/X (sky130_fd_sc_hd__clkbuf_8)
    12    0.02                           clknet_4_11_0_clk (net)
                  0.06    0.00    0.36 ^ _1319_/CLK (sky130_fd_sc_hd__dfrtp_1)
                          0.25    0.61   clock uncertainty
                          0.00    0.61   clock reconvergence pessimism
                          0.34    0.95   library removal time
                                  0.95   data required time
-----------------------------------------------------------------------------
                                  0.95   data required time
                                 -2.48   data arrival time
-----------------------------------------------------------------------------
                                  1.53   slack (MET)


Startpoint: rst_n (input port clocked by clk)
Endpoint: _1325_ (removal check against rising-edge clock clk)
Path Group: asynchronous
Path Type: min

Fanout     Cap    Slew   Delay    Time   Description
-----------------------------------------------------------------------------
                          0.00    0.00   clock clk (rise edge)
                          0.00    0.00   clock network delay (propagated)
                          2.00    2.00 ^ input external delay
                  0.02    0.01    2.01 ^ rst_n (in)
     1    0.00                           rst_n (net)
                  0.02    0.00    2.01 ^ input1/A (sky130_fd_sc_hd__clkbuf_2)
                  0.05    0.10    2.11 ^ input1/X (sky130_fd_sc_hd__clkbuf_2)
     3    0.01                           net1 (net)
                  0.05    0.00    2.11 ^ fanout14/A (sky130_fd_sc_hd__clkbuf_4)
                  0.10    0.17    2.28 ^ fanout14/X (sky130_fd_sc_hd__clkbuf_4)
     8    0.03                           net14 (net)
                  0.10    0.00    2.28 ^ fanout12/A (sky130_fd_sc_hd__clkbuf_4)
                  0.12    0.20    2.48 ^ fanout12/X (sky130_fd_sc_hd__clkbuf_4)
    10    0.04                           net12 (net)
                  0.12    0.00    2.48 ^ _1325_/RESET_B (sky130_fd_sc_hd__dfrtp_1)
                                  2.48   data arrival time

                          0.00    0.00   clock clk (rise edge)
                          0.00    0.00   clock source latency
                  0.04    0.03    0.03 ^ clk (in)
     1    0.01                           clk (net)
                  0.04    0.00    0.03 ^ clkbuf_0_clk/A (sky130_fd_sc_hd__clkbuf_16)
                  0.09    0.17    0.20 ^ clkbuf_0_clk/X (sky130_fd_sc_hd__clkbuf_16)
    16    0.07                           clknet_0_clk (net)
                  0.09    0.00    0.20 ^ clkbuf_4_11_0_clk/A (sky130_fd_sc_hd__clkbuf_8)
                  0.06    0.16    0.36 ^ clkbuf_4_11_0_clk/X (sky130_fd_sc_hd__clkbuf_8)
    12    0.02                           clknet_4_11_0_clk (net)
                  0.06    0.00    0.36 ^ _1325_/CLK (sky130_fd_sc_hd__dfrtp_1)
                          0.25    0.61   clock uncertainty
                          0.00    0.61   clock reconvergence pessimism
                          0.34    0.95   library removal time
                                  0.95   data required time
-----------------------------------------------------------------------------
                                  0.95   data required time
                                 -2.48   data arrival time
-----------------------------------------------------------------------------
                                  1.53   slack (MET)


Startpoint: rst_n (input port clocked by clk)
Endpoint: _1328_ (removal check against rising-edge clock clk)
Path Group: asynchronous
Path Type: min

Fanout     Cap    Slew   Delay    Time   Description
-----------------------------------------------------------------------------
                          0.00    0.00   clock clk (rise edge)
                          0.00    0.00   clock network delay (propagated)
                          2.00    2.00 ^ input external delay
                  0.02    0.01    2.01 ^ rst_n (in)
     1    0.00                           rst_n (net)
                  0.02    0.00    2.01 ^ input1/A (sky130_fd_sc_hd__clkbuf_2)
                  0.05    0.10    2.11 ^ input1/X (sky130_fd_sc_hd__clkbuf_2)
     3    0.01                           net1 (net)
                  0.05    0.00    2.11 ^ fanout14/A (sky130_fd_sc_hd__clkbuf_4)
                  0.10    0.17    2.28 ^ fanout14/X (sky130_fd_sc_hd__clkbuf_4)
     8    0.03                           net14 (net)
                  0.10    0.00    2.28 ^ fanout12/A (sky130_fd_sc_hd__clkbuf_4)
                  0.12    0.20    2.48 ^ fanout12/X (sky130_fd_sc_hd__clkbuf_4)
    10    0.04                           net12 (net)
                  0.12    0.00    2.48 ^ _1328_/SET_B (sky130_fd_sc_hd__dfstp_1)
                                  2.48   data arrival time

                          0.00    0.00   clock clk (rise edge)
                          0.00    0.00   clock source latency
                  0.04    0.03    0.03 ^ clk (in)
     1    0.01                           clk (net)
                  0.04    0.00    0.03 ^ clkbuf_0_clk/A (sky130_fd_sc_hd__clkbuf_16)
                  0.09    0.17    0.20 ^ clkbuf_0_clk/X (sky130_fd_sc_hd__clkbuf_16)
    16    0.07                           clknet_0_clk (net)
                  0.09    0.00    0.20 ^ clkbuf_4_10_0_clk/A (sky130_fd_sc_hd__clkbuf_8)
                  0.08    0.18    0.38 ^ clkbuf_4_10_0_clk/X (sky130_fd_sc_hd__clkbuf_8)
    15    0.04                           clknet_4_10_0_clk (net)
                  0.08    0.00    0.38 ^ _1328_/CLK (sky130_fd_sc_hd__dfstp_1)
                          0.25    0.63   clock uncertainty
                          0.00    0.63   clock reconvergence pessimism
                          0.16    0.79   library removal time
                                  0.79   data required time
-----------------------------------------------------------------------------
                                  0.79   data required time
                                 -2.48   data arrival time
-----------------------------------------------------------------------------
                                  1.69   slack (MET)


Startpoint: _1323_ (rising edge-triggered flip-flop clocked by clk)
Endpoint: pass_fail (output port clocked by clk)
Path Group: clk
Path Type: min

Fanout     Cap    Slew   Delay    Time   Description
-----------------------------------------------------------------------------
                          0.00    0.00   clock clk (rise edge)
                          0.00    0.00   clock source latency
                  0.04    0.03    0.03 ^ clk (in)
     1    0.01                           clk (net)
                  0.04    0.00    0.03 ^ clkbuf_0_clk/A (sky130_fd_sc_hd__clkbuf_16)
                  0.09    0.15    0.18 ^ clkbuf_0_clk/X (sky130_fd_sc_hd__clkbuf_16)
    16    0.07                           clknet_0_clk (net)
                  0.09    0.00    0.18 ^ clkbuf_4_11_0_clk/A (sky130_fd_sc_hd__clkbuf_8)
                  0.06    0.14    0.32 ^ clkbuf_4_11_0_clk/X (sky130_fd_sc_hd__clkbuf_8)
    12    0.02                           clknet_4_11_0_clk (net)
                  0.06    0.00    0.32 ^ _1323_/CLK (sky130_fd_sc_hd__dfrtp_1)
                  0.08    0.33    0.65 ^ _1323_/Q (sky130_fd_sc_hd__dfrtp_1)
     2    0.01                           net4 (net)
                  0.08    0.00    0.65 ^ output4/A (sky130_fd_sc_hd__buf_2)
                  0.17    0.20    0.85 ^ output4/X (sky130_fd_sc_hd__buf_2)
     1    0.03                           pass_fail (net)
                  0.17    0.00    0.85 ^ pass_fail (out)
                                  0.85   data arrival time

                          0.00    0.00   clock clk (rise edge)
                          0.00    0.00   clock network delay (propagated)
                          0.25    0.25   clock uncertainty
                          0.00    0.25   clock reconvergence pessimism
                         -2.00   -1.75   output external delay
                                 -1.75   data required time
-----------------------------------------------------------------------------
                                 -1.75   data required time
                                 -0.85   data arrival time
-----------------------------------------------------------------------------
                                  2.60   slack (MET)


Startpoint: _1329_ (rising edge-triggered flip-flop clocked by clk)
Endpoint: done (output port clocked by clk)
Path Group: clk
Path Type: min

Fanout     Cap    Slew   Delay    Time   Description
-----------------------------------------------------------------------------
                          0.00    0.00   clock clk (rise edge)
                          0.00    0.00   clock source latency
                  0.04    0.03    0.03 ^ clk (in)
     1    0.01                           clk (net)
                  0.04    0.00    0.03 ^ clkbuf_0_clk/A (sky130_fd_sc_hd__clkbuf_16)
                  0.09    0.15    0.18 ^ clkbuf_0_clk/X (sky130_fd_sc_hd__clkbuf_16)
    16    0.07                           clknet_0_clk (net)
                  0.09    0.00    0.18 ^ clkbuf_4_10_0_clk/A (sky130_fd_sc_hd__clkbuf_8)
                  0.08    0.16    0.34 ^ clkbuf_4_10_0_clk/X (sky130_fd_sc_hd__clkbuf_8)
    15    0.04                           clknet_4_10_0_clk (net)
                  0.08    0.00    0.34 ^ _1329_/CLK (sky130_fd_sc_hd__dfrtp_1)
                  0.14    0.38    0.73 ^ _1329_/Q (sky130_fd_sc_hd__dfrtp_1)
     1    0.01                           net3 (net)
                  0.14    0.00    0.73 ^ output3/A (sky130_fd_sc_hd__clkbuf_4)
                  0.12    0.21    0.94 ^ output3/X (sky130_fd_sc_hd__clkbuf_4)
     1    0.04                           done (net)
                  0.12    0.00    0.94 ^ done (out)
                                  0.94   data arrival time

                          0.00    0.00   clock clk (rise edge)
                          0.00    0.00   clock network delay (propagated)
                          0.25    0.25   clock uncertainty
                          0.00    0.25   clock reconvergence pessimism
                         -2.00   -1.75   output external delay
                                 -1.75   data required time
-----------------------------------------------------------------------------
                                 -1.75   data required time
                                 -0.94   data arrival time
-----------------------------------------------------------------------------
                                  2.69   slack (MET)



