
===========================================================================
report_checks -path_delay min (Hold)
============================================================================
======================= Typical Corner ===================================

Startpoint: _1174_ (rising edge-triggered flip-flop clocked by clk)
Endpoint: _1309_ (rising edge-triggered flip-flop clocked by clk)
Path Group: clk
Path Type: min

Fanout     Cap    Slew   Delay    Time   Description
-----------------------------------------------------------------------------
                          0.00    0.00   clock clk (rise edge)
                          0.00    0.00   clock source latency
                  0.09    0.06    0.06 ^ clk (in)
     1    0.02                           clk (net)
                  0.09    0.00    0.06 ^ clkbuf_0_clk/A (sky130_fd_sc_hd__clkbuf_16)
                  0.11    0.19    0.25 ^ clkbuf_0_clk/X (sky130_fd_sc_hd__clkbuf_16)
    16    0.09                           clknet_0_clk (net)
                  0.11    0.00    0.25 ^ clkbuf_4_13_0_clk/A (sky130_fd_sc_hd__clkbuf_8)
                  0.06    0.15    0.40 ^ clkbuf_4_13_0_clk/X (sky130_fd_sc_hd__clkbuf_8)
     9    0.02                           clknet_4_13_0_clk (net)
                  0.06    0.00    0.40 ^ _1174_/CLK (sky130_fd_sc_hd__dfrtp_1)
                  0.08    0.33    0.73 ^ _1174_/Q (sky130_fd_sc_hd__dfrtp_1)
     3    0.01                           u_addr_gen.addr[1] (net)
                  0.08    0.00    0.73 ^ _1309_/D (sky130_fd_sc_hd__dfrtp_4)
                                  0.73   data arrival time

                          0.00    0.00   clock clk (rise edge)
                          0.00    0.00   clock source latency
                  0.09    0.06    0.06 ^ clk (in)
     1    0.02                           clk (net)
                  0.09    0.00    0.06 ^ clkbuf_0_clk/A (sky130_fd_sc_hd__clkbuf_16)
                  0.11    0.21    0.27 ^ clkbuf_0_clk/X (sky130_fd_sc_hd__clkbuf_16)
    16    0.09                           clknet_0_clk (net)
                  0.11    0.00    0.27 ^ clkbuf_4_15_0_clk/A (sky130_fd_sc_hd__clkbuf_8)
                  0.05    0.16    0.43 ^ clkbuf_4_15_0_clk/X (sky130_fd_sc_hd__clkbuf_8)
     6    0.02                           clknet_4_15_0_clk (net)
                  0.05    0.00    0.43 ^ _1309_/CLK (sky130_fd_sc_hd__dfrtp_4)
                          0.25    0.68   clock uncertainty
                         -0.03    0.65   clock reconvergence pessimism
                         -0.04    0.61   library hold time
                                  0.61   data required time
-----------------------------------------------------------------------------
                                  0.61   data required time
                                 -0.73   data arrival time
-----------------------------------------------------------------------------
                                  0.12   slack (MET)


Startpoint: _1314_ (rising edge-triggered flip-flop clocked by clk)
Endpoint: _1319_ (rising edge-triggered flip-flop clocked by clk)
Path Group: clk
Path Type: min

Fanout     Cap    Slew   Delay    Time   Description
-----------------------------------------------------------------------------
                          0.00    0.00   clock clk (rise edge)
                          0.00    0.00   clock source latency
                  0.09    0.06    0.06 ^ clk (in)
     1    0.02                           clk (net)
                  0.09    0.00    0.06 ^ clkbuf_0_clk/A (sky130_fd_sc_hd__clkbuf_16)
                  0.11    0.19    0.25 ^ clkbuf_0_clk/X (sky130_fd_sc_hd__clkbuf_16)
    16    0.09                           clknet_0_clk (net)
                  0.11    0.00    0.25 ^ clkbuf_4_11_0_clk/A (sky130_fd_sc_hd__clkbuf_8)
                  0.07    0.16    0.41 ^ clkbuf_4_11_0_clk/X (sky130_fd_sc_hd__clkbuf_8)
    12    0.03                           clknet_4_11_0_clk (net)
                  0.07    0.00    0.41 ^ _1314_/CLK (sky130_fd_sc_hd__dfrtp_1)
                  0.09    0.35    0.75 ^ _1314_/Q (sky130_fd_sc_hd__dfrtp_1)
     3    0.01                           u_sram.re_r (net)
                  0.09    0.00    0.75 ^ _1319_/D (sky130_fd_sc_hd__dfrtp_1)
                                  0.75   data arrival time

                          0.00    0.00   clock clk (rise edge)
                          0.00    0.00   clock source latency
                  0.09    0.06    0.06 ^ clk (in)
     1    0.02                           clk (net)
                  0.09    0.00    0.06 ^ clkbuf_0_clk/A (sky130_fd_sc_hd__clkbuf_16)
                  0.11    0.21    0.27 ^ clkbuf_0_clk/X (sky130_fd_sc_hd__clkbuf_16)
    16    0.09                           clknet_0_clk (net)
                  0.11    0.00    0.27 ^ clkbuf_4_11_0_clk/A (sky130_fd_sc_hd__clkbuf_8)
                  0.07    0.18    0.45 ^ clkbuf_4_11_0_clk/X (sky130_fd_sc_hd__clkbuf_8)
    12    0.03                           clknet_4_11_0_clk (net)
                  0.07    0.00    0.45 ^ _1319_/CLK (sky130_fd_sc_hd__dfrtp_1)
                          0.25    0.70   clock uncertainty
                         -0.04    0.66   clock reconvergence pessimism
                         -0.04    0.62   library hold time
                                  0.62   data required time
-----------------------------------------------------------------------------
                                  0.62   data required time
                                 -0.75   data arrival time
-----------------------------------------------------------------------------
                                  0.14   slack (MET)


Startpoint: _1173_ (rising edge-triggered flip-flop clocked by clk)
Endpoint: _1308_ (rising edge-triggered flip-flop clocked by clk)
Path Group: clk
Path Type: min

Fanout     Cap    Slew   Delay    Time   Description
-----------------------------------------------------------------------------
                          0.00    0.00   clock clk (rise edge)
                          0.00    0.00   clock source latency
                  0.09    0.06    0.06 ^ clk (in)
     1    0.02                           clk (net)
                  0.09    0.00    0.06 ^ clkbuf_0_clk/A (sky130_fd_sc_hd__clkbuf_16)
                  0.11    0.19    0.25 ^ clkbuf_0_clk/X (sky130_fd_sc_hd__clkbuf_16)
    16    0.09                           clknet_0_clk (net)
                  0.11    0.00    0.25 ^ clkbuf_4_13_0_clk/A (sky130_fd_sc_hd__clkbuf_8)
                  0.06    0.15    0.40 ^ clkbuf_4_13_0_clk/X (sky130_fd_sc_hd__clkbuf_8)
     9    0.02                           clknet_4_13_0_clk (net)
                  0.06    0.00    0.40 ^ _1173_/CLK (sky130_fd_sc_hd__dfrtp_1)
                  0.10    0.35    0.75 ^ _1173_/Q (sky130_fd_sc_hd__dfrtp_1)
     4    0.01                           u_addr_gen.addr[0] (net)
                  0.10    0.00    0.75 ^ _1308_/D (sky130_fd_sc_hd__dfrtp_2)
                                  0.75   data arrival time

                          0.00    0.00   clock clk (rise edge)
                          0.00    0.00   clock source latency
                  0.09    0.06    0.06 ^ clk (in)
     1    0.02                           clk (net)
                  0.09    0.00    0.06 ^ clkbuf_0_clk/A (sky130_fd_sc_hd__clkbuf_16)
                  0.11    0.21    0.27 ^ clkbuf_0_clk/X (sky130_fd_sc_hd__clkbuf_16)
    16    0.09                           clknet_0_clk (net)
                  0.11    0.00    0.27 ^ clkbuf_4_13_0_clk/A (sky130_fd_sc_hd__clkbuf_8)
                  0.06    0.17    0.44 ^ clkbuf_4_13_0_clk/X (sky130_fd_sc_hd__clkbuf_8)
     9    0.02                           clknet_4_13_0_clk (net)
                  0.06    0.00    0.44 ^ _1308_/CLK (sky130_fd_sc_hd__dfrtp_2)
                          0.25    0.69   clock uncertainty
                         -0.04    0.65   clock reconvergence pessimism
                         -0.05    0.60   library hold time
                                  0.60   data required time
-----------------------------------------------------------------------------
                                  0.60   data required time
                                 -0.75   data arrival time
-----------------------------------------------------------------------------
                                  0.15   slack (MET)


Startpoint: _1179_ (rising edge-triggered flip-flop clocked by clk)
Endpoint: _1180_ (rising edge-triggered flip-flop clocked by clk)
Path Group: clk
Path Type: min

Fanout     Cap    Slew   Delay    Time   Description
-----------------------------------------------------------------------------
                          0.00    0.00   clock clk (rise edge)
                          0.00    0.00   clock source latency
                  0.09    0.06    0.06 ^ clk (in)
     1    0.02                           clk (net)
                  0.09    0.00    0.06 ^ clkbuf_0_clk/A (sky130_fd_sc_hd__clkbuf_16)
                  0.11    0.19    0.25 ^ clkbuf_0_clk/X (sky130_fd_sc_hd__clkbuf_16)
    16    0.09                           clknet_0_clk (net)
                  0.11    0.00    0.25 ^ clkbuf_4_14_0_clk/A (sky130_fd_sc_hd__clkbuf_8)
                  0.06    0.15    0.40 ^ clkbuf_4_14_0_clk/X (sky130_fd_sc_hd__clkbuf_8)
     8    0.02                           clknet_4_14_0_clk (net)
                  0.06    0.00    0.40 ^ _1179_/CLK (sky130_fd_sc_hd__dfrtp_1)
                  0.07    0.32    0.72 ^ _1179_/Q (sky130_fd_sc_hd__dfrtp_1)
     2    0.01                           u_addr_gen.done (net)
                  0.07    0.00    0.72 ^ _0905_/B1_N (sky130_fd_sc_hd__o21bai_1)
                  0.05    0.09    0.81 ^ _0905_/Y (sky130_fd_sc_hd__o21bai_1)
     1    0.00                           _0014_ (net)
                  0.05    0.00    0.81 ^ _1180_/D (sky130_fd_sc_hd__dfrtp_1)
                                  0.81   data arrival time

                          0.00    0.00   clock clk (rise edge)
                          0.00    0.00   clock source latency
                  0.09    0.06    0.06 ^ clk (in)
     1    0.02                           clk (net)
                  0.09    0.00    0.06 ^ clkbuf_0_clk/A (sky130_fd_sc_hd__clkbuf_16)
                  0.11    0.21    0.27 ^ clkbuf_0_clk/X (sky130_fd_sc_hd__clkbuf_16)
    16    0.09                           clknet_0_clk (net)
                  0.11    0.00    0.27 ^ clkbuf_4_11_0_clk/A (sky130_fd_sc_hd__clkbuf_8)
                  0.07    0.18    0.45 ^ clkbuf_4_11_0_clk/X (sky130_fd_sc_hd__clkbuf_8)
    12    0.03                           clknet_4_11_0_clk (net)
                  0.07    0.00    0.45 ^ _1180_/CLK (sky130_fd_sc_hd__dfrtp_1)
                          0.25    0.70   clock uncertainty
                         -0.03    0.67   clock reconvergence pessimism
                         -0.03    0.64   library hold time
                                  0.64   data required time
-----------------------------------------------------------------------------
                                  0.64   data required time
                                 -0.81   data arrival time
-----------------------------------------------------------------------------
                                  0.17   slack (MET)


Startpoint: _1175_ (rising edge-triggered flip-flop clocked by clk)
Endpoint: _1310_ (rising edge-triggered flip-flop clocked by clk)
Path Group: clk
Path Type: min

Fanout     Cap    Slew   Delay    Time   Description
-----------------------------------------------------------------------------
                          0.00    0.00   clock clk (rise edge)
                          0.00    0.00   clock source latency
                  0.09    0.06    0.06 ^ clk (in)
     1    0.02                           clk (net)
                  0.09    0.00    0.06 ^ clkbuf_0_clk/A (sky130_fd_sc_hd__clkbuf_16)
                  0.11    0.19    0.25 ^ clkbuf_0_clk/X (sky130_fd_sc_hd__clkbuf_16)
    16    0.09                           clknet_0_clk (net)
                  0.11    0.00    0.25 ^ clkbuf_4_13_0_clk/A (sky130_fd_sc_hd__clkbuf_8)
                  0.06    0.15    0.40 ^ clkbuf_4_13_0_clk/X (sky130_fd_sc_hd__clkbuf_8)
     9    0.02                           clknet_4_13_0_clk (net)
                  0.06    0.00    0.40 ^ _1175_/CLK (sky130_fd_sc_hd__dfrtp_2)
                  0.11    0.38    0.78 ^ _1175_/Q (sky130_fd_sc_hd__dfrtp_2)
     8    0.02                           u_addr_gen.addr[2] (net)
                  0.11    0.00    0.78 ^ _1310_/D (sky130_fd_sc_hd__dfrtp_2)
                                  0.78   data arrival time

                          0.00    0.00   clock clk (rise edge)
                          0.00    0.00   clock source latency
                  0.09    0.06    0.06 ^ clk (in)
     1    0.02                           clk (net)
                  0.09    0.00    0.06 ^ clkbuf_0_clk/A (sky130_fd_sc_hd__clkbuf_16)
                  0.11    0.21    0.27 ^ clkbuf_0_clk/X (sky130_fd_sc_hd__clkbuf_16)
    16    0.09                           clknet_0_clk (net)
                  0.11    0.00    0.27 ^ clkbuf_4_13_0_clk/A (sky130_fd_sc_hd__clkbuf_8)
                  0.06    0.17    0.44 ^ clkbuf_4_13_0_clk/X (sky130_fd_sc_hd__clkbuf_8)
     9    0.02                           clknet_4_13_0_clk (net)
                  0.06    0.00    0.44 ^ _1310_/CLK (sky130_fd_sc_hd__dfrtp_2)
                          0.25    0.69   clock uncertainty
                         -0.04    0.65   clock reconvergence pessimism
                         -0.05    0.60   library hold time
                                  0.60   data required time
-----------------------------------------------------------------------------
                                  0.60   data required time
                                 -0.78   data arrival time
-----------------------------------------------------------------------------
                                  0.18   slack (MET)


Startpoint: _1176_ (rising edge-triggered flip-flop clocked by clk)
Endpoint: _1311_ (rising edge-triggered flip-flop clocked by clk)
Path Group: clk
Path Type: min

Fanout     Cap    Slew   Delay    Time   Description
-----------------------------------------------------------------------------
                          0.00    0.00   clock clk (rise edge)
                          0.00    0.00   clock source latency
                  0.09    0.06    0.06 ^ clk (in)
     1    0.02                           clk (net)
                  0.09    0.00    0.06 ^ clkbuf_0_clk/A (sky130_fd_sc_hd__clkbuf_16)
                  0.11    0.19    0.25 ^ clkbuf_0_clk/X (sky130_fd_sc_hd__clkbuf_16)
    16    0.09                           clknet_0_clk (net)
                  0.11    0.00    0.25 ^ clkbuf_4_12_0_clk/A (sky130_fd_sc_hd__clkbuf_8)
                  0.06    0.15    0.40 ^ clkbuf_4_12_0_clk/X (sky130_fd_sc_hd__clkbuf_8)
     7    0.02                           clknet_4_12_0_clk (net)
                  0.06    0.00    0.40 ^ _1176_/CLK (sky130_fd_sc_hd__dfrtp_2)
                  0.11    0.38    0.78 ^ _1176_/Q (sky130_fd_sc_hd__dfrtp_2)
     8    0.02                           u_addr_gen.addr[3] (net)
                  0.11    0.00    0.78 ^ _1311_/D (sky130_fd_sc_hd__dfrtp_2)
                                  0.78   data arrival time

                          0.00    0.00   clock clk (rise edge)
                          0.00    0.00   clock source latency
                  0.09    0.06    0.06 ^ clk (in)
     1    0.02                           clk (net)
                  0.09    0.00    0.06 ^ clkbuf_0_clk/A (sky130_fd_sc_hd__clkbuf_16)
                  0.11    0.21    0.27 ^ clkbuf_0_clk/X (sky130_fd_sc_hd__clkbuf_16)
    16    0.09                           clknet_0_clk (net)
                  0.11    0.00    0.27 ^ clkbuf_4_12_0_clk/A (sky130_fd_sc_hd__clkbuf_8)
                  0.06    0.17    0.44 ^ clkbuf_4_12_0_clk/X (sky130_fd_sc_hd__clkbuf_8)
     7    0.02                           clknet_4_12_0_clk (net)
                  0.06    0.00    0.44 ^ _1311_/CLK (sky130_fd_sc_hd__dfrtp_2)
                          0.25    0.69   clock uncertainty
                         -0.04    0.65   clock reconvergence pessimism
                         -0.05    0.60   library hold time
                                  0.60   data required time
-----------------------------------------------------------------------------
                                  0.60   data required time
                                 -0.78   data arrival time
-----------------------------------------------------------------------------
                                  0.18   slack (MET)


Startpoint: _1307_ (rising edge-triggered flip-flop clocked by clk)
Endpoint: _1322_ (rising edge-triggered flip-flop clocked by clk)
Path Group: clk
Path Type: min

Fanout     Cap    Slew   Delay    Time   Description
-----------------------------------------------------------------------------
                          0.00    0.00   clock clk (rise edge)
                          0.00    0.00   clock source latency
                  0.09    0.06    0.06 ^ clk (in)
     1    0.02                           clk (net)
                  0.09    0.00    0.06 ^ clkbuf_0_clk/A (sky130_fd_sc_hd__clkbuf_16)
                  0.11    0.19    0.25 ^ clkbuf_0_clk/X (sky130_fd_sc_hd__clkbuf_16)
    16    0.09                           clknet_0_clk (net)
                  0.11    0.00    0.25 ^ clkbuf_4_10_0_clk/A (sky130_fd_sc_hd__clkbuf_8)
                  0.08    0.17    0.42 ^ clkbuf_4_10_0_clk/X (sky130_fd_sc_hd__clkbuf_8)
    15    0.04                           clknet_4_10_0_clk (net)
                  0.08    0.00    0.42 ^ _1307_/CLK (sky130_fd_sc_hd__dfrtp_1)
                  0.07    0.33    0.75 ^ _1307_/Q (sky130_fd_sc_hd__dfrtp_1)
     2    0.01                           u_fsm.protocol_error (net)
                  0.07    0.00    0.75 ^ _0681_/C1 (sky130_fd_sc_hd__a221o_1)
                  0.04    0.10    0.84 ^ _0681_/X (sky130_fd_sc_hd__a221o_1)
     1    0.00                           _0145_ (net)
                  0.04    0.00    0.84 ^ _1322_/D (sky130_fd_sc_hd__dfrtp_1)
                                  0.84   data arrival time

                          0.00    0.00   clock clk (rise edge)
                          0.00    0.00   clock source latency
                  0.09    0.06    0.06 ^ clk (in)
     1    0.02                           clk (net)
                  0.09    0.00    0.06 ^ clkbuf_0_clk/A (sky130_fd_sc_hd__clkbuf_16)
                  0.11    0.21    0.27 ^ clkbuf_0_clk/X (sky130_fd_sc_hd__clkbuf_16)
    16    0.09                           clknet_0_clk (net)
                  0.11    0.00    0.27 ^ clkbuf_4_10_0_clk/A (sky130_fd_sc_hd__clkbuf_8)
                  0.08    0.19    0.46 ^ clkbuf_4_10_0_clk/X (sky130_fd_sc_hd__clkbuf_8)
    15    0.04                           clknet_4_10_0_clk (net)
                  0.08    0.00    0.46 ^ _1322_/CLK (sky130_fd_sc_hd__dfrtp_1)
                          0.25    0.71   clock uncertainty
                         -0.04    0.67   clock reconvergence pessimism
                         -0.03    0.64   library hold time
                                  0.64   data required time
-----------------------------------------------------------------------------
                                  0.64   data required time
                                 -0.84   data arrival time
-----------------------------------------------------------------------------
                                  0.21   slack (MET)


Startpoint: _1177_ (rising edge-triggered flip-flop clocked by clk)
Endpoint: _1312_ (rising edge-triggered flip-flop clocked by clk)
Path Group: clk
Path Type: min

Fanout     Cap    Slew   Delay    Time   Description
-----------------------------------------------------------------------------
                          0.00    0.00   clock clk (rise edge)
                          0.00    0.00   clock source latency
                  0.09    0.06    0.06 ^ clk (in)
     1    0.02                           clk (net)
                  0.09    0.00    0.06 ^ clkbuf_0_clk/A (sky130_fd_sc_hd__clkbuf_16)
                  0.11    0.19    0.25 ^ clkbuf_0_clk/X (sky130_fd_sc_hd__clkbuf_16)
    16    0.09                           clknet_0_clk (net)
                  0.11    0.00    0.25 ^ clkbuf_4_15_0_clk/A (sky130_fd_sc_hd__clkbuf_8)
                  0.05    0.14    0.39 ^ clkbuf_4_15_0_clk/X (sky130_fd_sc_hd__clkbuf_8)
     6    0.02                           clknet_4_15_0_clk (net)
                  0.05    0.00    0.39 ^ _1177_/CLK (sky130_fd_sc_hd__dfrtp_4)
                  0.12    0.44    0.83 ^ _1177_/Q (sky130_fd_sc_hd__dfrtp_4)
     8    0.03                           u_addr_gen.addr[4] (net)
                  0.12    0.00    0.83 ^ _1312_/D (sky130_fd_sc_hd__dfrtp_1)
                                  0.83   data arrival time

                          0.00    0.00   clock clk (rise edge)
                          0.00    0.00   clock source latency
                  0.09    0.06    0.06 ^ clk (in)
     1    0.02                           clk (net)
                  0.09    0.00    0.06 ^ clkbuf_0_clk/A (sky130_fd_sc_hd__clkbuf_16)
                  0.11    0.21    0.27 ^ clkbuf_0_clk/X (sky130_fd_sc_hd__clkbuf_16)
    16    0.09                           clknet_0_clk (net)
                  0.11    0.00    0.27 ^ clkbuf_4_14_0_clk/A (sky130_fd_sc_hd__clkbuf_8)
                  0.06    0.17    0.44 ^ clkbuf_4_14_0_clk/X (sky130_fd_sc_hd__clkbuf_8)
     8    0.02                           clknet_4_14_0_clk (net)
                  0.06    0.00    0.44 ^ _1312_/CLK (sky130_fd_sc_hd__dfrtp_1)
                          0.25    0.69   clock uncertainty
                         -0.03    0.66   clock reconvergence pessimism
                         -0.05    0.61   library hold time
                                  0.61   data required time
-----------------------------------------------------------------------------
                                  0.61   data required time
                                 -0.83   data arrival time
-----------------------------------------------------------------------------
                                  0.22   slack (MET)


Startpoint: _1178_ (rising edge-triggered flip-flop clocked by clk)
Endpoint: _1313_ (rising edge-triggered flip-flop clocked by clk)
Path Group: clk
Path Type: min

Fanout     Cap    Slew   Delay    Time   Description
-----------------------------------------------------------------------------
                          0.00    0.00   clock clk (rise edge)
                          0.00    0.00   clock source latency
                  0.09    0.06    0.06 ^ clk (in)
     1    0.02                           clk (net)
                  0.09    0.00    0.06 ^ clkbuf_0_clk/A (sky130_fd_sc_hd__clkbuf_16)
                  0.11    0.19    0.25 ^ clkbuf_0_clk/X (sky130_fd_sc_hd__clkbuf_16)
    16    0.09                           clknet_0_clk (net)
                  0.11    0.00    0.25 ^ clkbuf_4_15_0_clk/A (sky130_fd_sc_hd__clkbuf_8)
                  0.05    0.14    0.39 ^ clkbuf_4_15_0_clk/X (sky130_fd_sc_hd__clkbuf_8)
     6    0.02                           clknet_4_15_0_clk (net)
                  0.05    0.00    0.39 ^ _1178_/CLK (sky130_fd_sc_hd__dfrtp_4)
                  0.13    0.45    0.84 ^ _1178_/Q (sky130_fd_sc_hd__dfrtp_4)
     9    0.04                           u_addr_gen.addr[5] (net)
                  0.13    0.00    0.84 ^ _1313_/D (sky130_fd_sc_hd__dfrtp_1)
                                  0.84   data arrival time

                          0.00    0.00   clock clk (rise edge)
                          0.00    0.00   clock source latency
                  0.09    0.06    0.06 ^ clk (in)
     1    0.02                           clk (net)
                  0.09    0.00    0.06 ^ clkbuf_0_clk/A (sky130_fd_sc_hd__clkbuf_16)
                  0.11    0.21    0.27 ^ clkbuf_0_clk/X (sky130_fd_sc_hd__clkbuf_16)
    16    0.09                           clknet_0_clk (net)
                  0.11    0.00    0.27 ^ clkbuf_4_14_0_clk/A (sky130_fd_sc_hd__clkbuf_8)
                  0.06    0.17    0.44 ^ clkbuf_4_14_0_clk/X (sky130_fd_sc_hd__clkbuf_8)
     8    0.02                           clknet_4_14_0_clk (net)
                  0.06    0.00    0.44 ^ _1313_/CLK (sky130_fd_sc_hd__dfrtp_1)
                          0.25    0.69   clock uncertainty
                         -0.03    0.66   clock reconvergence pessimism
                         -0.05    0.61   library hold time
                                  0.61   data required time
-----------------------------------------------------------------------------
                                  0.61   data required time
                                 -0.84   data arrival time
-----------------------------------------------------------------------------
                                  0.22   slack (MET)


Startpoint: _1321_ (rising edge-triggered flip-flop clocked by clk)
Endpoint: _1324_ (rising edge-triggered flip-flop clocked by clk)
Path Group: clk
Path Type: min

Fanout     Cap    Slew   Delay    Time   Description
-----------------------------------------------------------------------------
                          0.00    0.00   clock clk (rise edge)
                          0.00    0.00   clock source latency
                  0.09    0.06    0.06 ^ clk (in)
     1    0.02                           clk (net)
                  0.09    0.00    0.06 ^ clkbuf_0_clk/A (sky130_fd_sc_hd__clkbuf_16)
                  0.11    0.19    0.25 ^ clkbuf_0_clk/X (sky130_fd_sc_hd__clkbuf_16)
    16    0.09                           clknet_0_clk (net)
                  0.11    0.00    0.25 ^ clkbuf_4_10_0_clk/A (sky130_fd_sc_hd__clkbuf_8)
                  0.08    0.17    0.42 ^ clkbuf_4_10_0_clk/X (sky130_fd_sc_hd__clkbuf_8)
    15    0.04                           clknet_4_10_0_clk (net)
                  0.08    0.00    0.42 ^ _1321_/CLK (sky130_fd_sc_hd__dfrtp_1)
                  0.07    0.33    0.75 ^ _1321_/Q (sky130_fd_sc_hd__dfrtp_1)
     2    0.01                           u_comparator.compare_done (net)
                  0.07    0.00    0.75 ^ _0709_/A2 (sky130_fd_sc_hd__a31o_1)
                  0.04    0.13    0.88 ^ _0709_/X (sky130_fd_sc_hd__a31o_1)
     1    0.00                           u_fsm.next_state[0] (net)
                  0.04    0.00    0.88 ^ _1324_/D (sky130_fd_sc_hd__dfrtp_1)
                                  0.88   data arrival time

                          0.00    0.00   clock clk (rise edge)
                          0.00    0.00   clock source latency
                  0.09    0.06    0.06 ^ clk (in)
     1    0.02                           clk (net)
                  0.09    0.00    0.06 ^ clkbuf_0_clk/A (sky130_fd_sc_hd__clkbuf_16)
                  0.11    0.21    0.27 ^ clkbuf_0_clk/X (sky130_fd_sc_hd__clkbuf_16)
    16    0.09                           clknet_0_clk (net)
                  0.11    0.00    0.27 ^ clkbuf_4_11_0_clk/A (sky130_fd_sc_hd__clkbuf_8)
                  0.07    0.18    0.45 ^ clkbuf_4_11_0_clk/X (sky130_fd_sc_hd__clkbuf_8)
    12    0.03                           clknet_4_11_0_clk (net)
                  0.07    0.00    0.45 ^ _1324_/CLK (sky130_fd_sc_hd__dfrtp_1)
                          0.25    0.70   clock uncertainty
                         -0.03    0.67   clock reconvergence pessimism
                         -0.03    0.64   library hold time
                                  0.64   data required time
-----------------------------------------------------------------------------
                                  0.64   data required time
                                 -0.88   data arrival time
-----------------------------------------------------------------------------
                                  0.23   slack (MET)


Startpoint: _1320_ (rising edge-triggered flip-flop clocked by clk)
Endpoint: _1320_ (rising edge-triggered flip-flop clocked by clk)
Path Group: clk
Path Type: min

Fanout     Cap    Slew   Delay    Time   Description
-----------------------------------------------------------------------------
                          0.00    0.00   clock clk (rise edge)
                          0.00    0.00   clock source latency
                  0.09    0.06    0.06 ^ clk (in)
     1    0.02                           clk (net)
                  0.09    0.00    0.06 ^ clkbuf_0_clk/A (sky130_fd_sc_hd__clkbuf_16)
                  0.11    0.19    0.25 ^ clkbuf_0_clk/X (sky130_fd_sc_hd__clkbuf_16)
    16    0.09                           clknet_0_clk (net)
                  0.11    0.00    0.25 ^ clkbuf_4_14_0_clk/A (sky130_fd_sc_hd__clkbuf_8)
                  0.06    0.15    0.40 ^ clkbuf_4_14_0_clk/X (sky130_fd_sc_hd__clkbuf_8)
     8    0.02                           clknet_4_14_0_clk (net)
                  0.06    0.00    0.40 ^ _1320_/CLK (sky130_fd_sc_hd__dfrtp_1)
                  0.09    0.34    0.73 ^ _1320_/Q (sky130_fd_sc_hd__dfrtp_1)
     3    0.01                           u_addr_gen.addr_valid (net)
                  0.09    0.00    0.73 ^ _0678_/A1 (sky130_fd_sc_hd__a22o_1)
                  0.04    0.12    0.86 ^ _0678_/X (sky130_fd_sc_hd__a22o_1)
     1    0.00                           _0144_ (net)
                  0.04    0.00    0.86 ^ _1320_/D (sky130_fd_sc_hd__dfrtp_1)
                                  0.86   data arrival time

                          0.00    0.00   clock clk (rise edge)
                          0.00    0.00   clock source latency
                  0.09    0.06    0.06 ^ clk (in)
     1    0.02                           clk (net)
                  0.09    0.00    0.06 ^ clkbuf_0_clk/A (sky130_fd_sc_hd__clkbuf_16)
                  0.11    0.21    0.27 ^ clkbuf_0_clk/X (sky130_fd_sc_hd__clkbuf_16)
    16    0.09                           clknet_0_clk (net)
                  0.11    0.00    0.27 ^ clkbuf_4_14_0_clk/A (sky130_fd_sc_hd__clkbuf_8)
                  0.06    0.17    0.44 ^ clkbuf_4_14_0_clk/X (sky130_fd_sc_hd__clkbuf_8)
     8    0.02                           clknet_4_14_0_clk (net)
                  0.06    0.00    0.44 ^ _1320_/CLK (sky130_fd_sc_hd__dfrtp_1)
                          0.25    0.69   clock uncertainty
                         -0.04    0.65   clock reconvergence pessimism
                         -0.03    0.61   library hold time
                                  0.61   data required time
-----------------------------------------------------------------------------
                                  0.61   data required time
                                 -0.86   data arrival time
-----------------------------------------------------------------------------
                                  0.24   slack (MET)


Startpoint: _1224_ (rising edge-triggered flip-flop clocked by clk)
Endpoint: _1224_ (rising edge-triggered flip-flop clocked by clk)
Path Group: clk
Path Type: min

Fanout     Cap    Slew   Delay    Time   Description
-----------------------------------------------------------------------------
                          0.00    0.00   clock clk (rise edge)
                          0.00    0.00   clock source latency
                  0.09    0.06    0.06 ^ clk (in)
     1    0.02                           clk (net)
                  0.09    0.00    0.06 ^ clkbuf_0_clk/A (sky130_fd_sc_hd__clkbuf_16)
                  0.11    0.19    0.25 ^ clkbuf_0_clk/X (sky130_fd_sc_hd__clkbuf_16)
    16    0.09                           clknet_0_clk (net)
                  0.11    0.00    0.25 ^ clkbuf_4_1_0_clk/A (sky130_fd_sc_hd__clkbuf_8)
                  0.06    0.16    0.40 ^ clkbuf_4_1_0_clk/X (sky130_fd_sc_hd__clkbuf_8)
    10    0.03                           clknet_4_1_0_clk (net)
                  0.06    0.00    0.40 ^ _1224_/CLK (sky130_fd_sc_hd__dfxtp_1)
                  0.05    0.30    0.70 ^ _1224_/Q (sky130_fd_sc_hd__dfxtp_1)
     2    0.00                           u_sram.mem[41][0] (net)
                  0.05    0.00    0.70 ^ _1045_/A0 (sky130_fd_sc_hd__mux2_1)
                  0.04    0.11    0.81 ^ _1045_/X (sky130_fd_sc_hd__mux2_1)
     1    0.00                           _0438_ (net)
                  0.04    0.00    0.81 ^ _1046_/A (sky130_fd_sc_hd__clkbuf_1)
                  0.04    0.07    0.87 ^ _1046_/X (sky130_fd_sc_hd__clkbuf_1)
     1    0.00                           _0058_ (net)
                  0.04    0.00    0.87 ^ _1224_/D (sky130_fd_sc_hd__dfxtp_1)
                                  0.87   data arrival time

                          0.00    0.00   clock clk (rise edge)
                          0.00    0.00   clock source latency
                  0.09    0.06    0.06 ^ clk (in)
     1    0.02                           clk (net)
                  0.09    0.00    0.06 ^ clkbuf_0_clk/A (sky130_fd_sc_hd__clkbuf_16)
                  0.11    0.21    0.27 ^ clkbuf_0_clk/X (sky130_fd_sc_hd__clkbuf_16)
    16    0.09                           clknet_0_clk (net)
                  0.11    0.00    0.27 ^ clkbuf_4_1_0_clk/A (sky130_fd_sc_hd__clkbuf_8)
                  0.06    0.17    0.44 ^ clkbuf_4_1_0_clk/X (sky130_fd_sc_hd__clkbuf_8)
    10    0.03                           clknet_4_1_0_clk (net)
                  0.06    0.00    0.44 ^ _1224_/CLK (sky130_fd_sc_hd__dfxtp_1)
                          0.25    0.69   clock uncertainty
                         -0.04    0.65   clock reconvergence pessimism
                         -0.03    0.62   library hold time
                                  0.62   data required time
-----------------------------------------------------------------------------
                                  0.62   data required time
                                 -0.87   data arrival time
-----------------------------------------------------------------------------
                                  0.25   slack (MET)


Startpoint: _1179_ (rising edge-triggered flip-flop clocked by clk)
Endpoint: _1179_ (rising edge-triggered flip-flop clocked by clk)
Path Group: clk
Path Type: min

Fanout     Cap    Slew   Delay    Time   Description
-----------------------------------------------------------------------------
                          0.00    0.00   clock clk (rise edge)
                          0.00    0.00   clock source latency
                  0.09    0.06    0.06 ^ clk (in)
     1    0.02                           clk (net)
                  0.09    0.00    0.06 ^ clkbuf_0_clk/A (sky130_fd_sc_hd__clkbuf_16)
                  0.11    0.19    0.25 ^ clkbuf_0_clk/X (sky130_fd_sc_hd__clkbuf_16)
    16    0.09                           clknet_0_clk (net)
                  0.11    0.00    0.25 ^ clkbuf_4_14_0_clk/A (sky130_fd_sc_hd__clkbuf_8)
                  0.06    0.15    0.40 ^ clkbuf_4_14_0_clk/X (sky130_fd_sc_hd__clkbuf_8)
     8    0.02                           clknet_4_14_0_clk (net)
                  0.06    0.00    0.40 ^ _1179_/CLK (sky130_fd_sc_hd__dfrtp_1)
                  0.07    0.32    0.72 ^ _1179_/Q (sky130_fd_sc_hd__dfrtp_1)
     2    0.01                           u_addr_gen.done (net)
                  0.07    0.00    0.72 ^ _0859_/A2 (sky130_fd_sc_hd__a32o_1)
                  0.05    0.15    0.86 ^ _0859_/X (sky130_fd_sc_hd__a32o_1)
     1    0.00                           _0581_ (net)
                  0.05    0.00    0.86 ^ _1179_/D (sky130_fd_sc_hd__dfrtp_1)
                                  0.86   data arrival time

                          0.00    0.00   clock clk (rise edge)
                          0.00    0.00   clock source latency
                  0.09    0.06    0.06 ^ clk (in)
     1    0.02                           clk (net)
                  0.09    0.00    0.06 ^ clkbuf_0_clk/A (sky130_fd_sc_hd__clkbuf_16)
                  0.11    0.21    0.27 ^ clkbuf_0_clk/X (sky130_fd_sc_hd__clkbuf_16)
    16    0.09                           clknet_0_clk (net)
                  0.11    0.00    0.27 ^ clkbuf_4_14_0_clk/A (sky130_fd_sc_hd__clkbuf_8)
                  0.06    0.17    0.44 ^ clkbuf_4_14_0_clk/X (sky130_fd_sc_hd__clkbuf_8)
     8    0.02                           clknet_4_14_0_clk (net)
                  0.06    0.00    0.44 ^ _1179_/CLK (sky130_fd_sc_hd__dfrtp_1)
                          0.25    0.69   clock uncertainty
                         -0.04    0.65   clock reconvergence pessimism
                         -0.03    0.61   library hold time
                                  0.61   data required time
-----------------------------------------------------------------------------
                                  0.61   data required time
                                 -0.86   data arrival time
-----------------------------------------------------------------------------
                                  0.25   slack (MET)


Startpoint: _1220_ (rising edge-triggered flip-flop clocked by clk)
Endpoint: _1220_ (rising edge-triggered flip-flop clocked by clk)
Path Group: clk
Path Type: min

Fanout     Cap    Slew   Delay    Time   Description
-----------------------------------------------------------------------------
                          0.00    0.00   clock clk (rise edge)
                          0.00    0.00   clock source latency
                  0.09    0.06    0.06 ^ clk (in)
     1    0.02                           clk (net)
                  0.09    0.00    0.06 ^ clkbuf_0_clk/A (sky130_fd_sc_hd__clkbuf_16)
                  0.11    0.19    0.25 ^ clkbuf_0_clk/X (sky130_fd_sc_hd__clkbuf_16)
    16    0.09                           clknet_0_clk (net)
                  0.11    0.00    0.25 ^ clkbuf_4_9_0_clk/A (sky130_fd_sc_hd__clkbuf_8)
                  0.06    0.15    0.40 ^ clkbuf_4_9_0_clk/X (sky130_fd_sc_hd__clkbuf_8)
     8    0.02                           clknet_4_9_0_clk (net)
                  0.06    0.00    0.40 ^ _1220_/CLK (sky130_fd_sc_hd__dfxtp_1)
                  0.05    0.30    0.69 ^ _1220_/Q (sky130_fd_sc_hd__dfxtp_1)
     2    0.00                           u_sram.mem[43][0] (net)
                  0.05    0.00    0.69 ^ _1033_/A0 (sky130_fd_sc_hd__mux2_1)
                  0.04    0.11    0.80 ^ _1033_/X (sky130_fd_sc_hd__mux2_1)
     1    0.00                           _0430_ (net)
                  0.04    0.00    0.80 ^ _1034_/A (sky130_fd_sc_hd__clkbuf_1)
                  0.03    0.07    0.87 ^ _1034_/X (sky130_fd_sc_hd__clkbuf_1)
     1    0.00                           _0054_ (net)
                  0.03    0.00    0.87 ^ _1220_/D (sky130_fd_sc_hd__dfxtp_1)
                                  0.87   data arrival time

                          0.00    0.00   clock clk (rise edge)
                          0.00    0.00   clock source latency
                  0.09    0.06    0.06 ^ clk (in)
     1    0.02                           clk (net)
                  0.09    0.00    0.06 ^ clkbuf_0_clk/A (sky130_fd_sc_hd__clkbuf_16)
                  0.11    0.21    0.27 ^ clkbuf_0_clk/X (sky130_fd_sc_hd__clkbuf_16)
    16    0.09                           clknet_0_clk (net)
                  0.11    0.00    0.27 ^ clkbuf_4_9_0_clk/A (sky130_fd_sc_hd__clkbuf_8)
                  0.06    0.17    0.44 ^ clkbuf_4_9_0_clk/X (sky130_fd_sc_hd__clkbuf_8)
     8    0.02                           clknet_4_9_0_clk (net)
                  0.06    0.00    0.44 ^ _1220_/CLK (sky130_fd_sc_hd__dfxtp_1)
                          0.25    0.69   clock uncertainty
                         -0.04    0.65   clock reconvergence pessimism
                         -0.03    0.62   library hold time
                                  0.62   data required time
-----------------------------------------------------------------------------
                                  0.62   data required time
                                 -0.87   data arrival time
-----------------------------------------------------------------------------
                                  0.25   slack (MET)


Startpoint: _1289_ (rising edge-triggered flip-flop clocked by clk)
Endpoint: _1289_ (rising edge-triggered flip-flop clocked by clk)
Path Group: clk
Path Type: min

Fanout     Cap    Slew   Delay    Time   Description
-----------------------------------------------------------------------------
                          0.00    0.00   clock clk (rise edge)
                          0.00    0.00   clock source latency
                  0.09    0.06    0.06 ^ clk (in)
     1    0.02                           clk (net)
                  0.09    0.00    0.06 ^ clkbuf_0_clk/A (sky130_fd_sc_hd__clkbuf_16)
                  0.11    0.19    0.25 ^ clkbuf_0_clk/X (sky130_fd_sc_hd__clkbuf_16)
    16    0.09                           clknet_0_clk (net)
                  0.11    0.00    0.25 ^ clkbuf_4_9_0_clk/A (sky130_fd_sc_hd__clkbuf_8)
                  0.06    0.15    0.40 ^ clkbuf_4_9_0_clk/X (sky130_fd_sc_hd__clkbuf_8)
     8    0.02                           clknet_4_9_0_clk (net)
                  0.06    0.00    0.40 ^ _1289_/CLK (sky130_fd_sc_hd__dfxtp_1)
                  0.05    0.30    0.69 ^ _1289_/Q (sky130_fd_sc_hd__dfxtp_1)
     2    0.00                           u_sram.mem[8][1] (net)
                  0.05    0.00    0.69 ^ _0628_/A1 (sky130_fd_sc_hd__mux2_1)
                  0.04    0.11    0.80 ^ _0628_/X (sky130_fd_sc_hd__mux2_1)
     1    0.00                           _0543_ (net)
                  0.04    0.00    0.80 ^ _0629_/A (sky130_fd_sc_hd__clkbuf_1)
                  0.04    0.07    0.87 ^ _0629_/X (sky130_fd_sc_hd__clkbuf_1)
     1    0.00                           _0123_ (net)
                  0.04    0.00    0.87 ^ _1289_/D (sky130_fd_sc_hd__dfxtp_1)
                                  0.87   data arrival time

                          0.00    0.00   clock clk (rise edge)
                          0.00    0.00   clock source latency
                  0.09    0.06    0.06 ^ clk (in)
     1    0.02                           clk (net)
                  0.09    0.00    0.06 ^ clkbuf_0_clk/A (sky130_fd_sc_hd__clkbuf_16)
                  0.11    0.21    0.27 ^ clkbuf_0_clk/X (sky130_fd_sc_hd__clkbuf_16)
    16    0.09                           clknet_0_clk (net)
                  0.11    0.00    0.27 ^ clkbuf_4_9_0_clk/A (sky130_fd_sc_hd__clkbuf_8)
                  0.06    0.17    0.44 ^ clkbuf_4_9_0_clk/X (sky130_fd_sc_hd__clkbuf_8)
     8    0.02                           clknet_4_9_0_clk (net)
                  0.06    0.00    0.44 ^ _1289_/CLK (sky130_fd_sc_hd__dfxtp_1)
                          0.25    0.69   clock uncertainty
                         -0.04    0.65   clock reconvergence pessimism
                         -0.03    0.62   library hold time
                                  0.62   data required time
-----------------------------------------------------------------------------
                                  0.62   data required time
                                 -0.87   data arrival time
-----------------------------------------------------------------------------
                                  0.25   slack (MET)


Startpoint: _1223_ (rising edge-triggered flip-flop clocked by clk)
Endpoint: _1223_ (rising edge-triggered flip-flop clocked by clk)
Path Group: clk
Path Type: min

Fanout     Cap    Slew   Delay    Time   Description
-----------------------------------------------------------------------------
                          0.00    0.00   clock clk (rise edge)
                          0.00    0.00   clock source latency
                  0.09    0.06    0.06 ^ clk (in)
     1    0.02                           clk (net)
                  0.09    0.00    0.06 ^ clkbuf_0_clk/A (sky130_fd_sc_hd__clkbuf_16)
                  0.11    0.19    0.25 ^ clkbuf_0_clk/X (sky130_fd_sc_hd__clkbuf_16)
    16    0.09                           clknet_0_clk (net)
                  0.11    0.00    0.25 ^ clkbuf_4_3_0_clk/A (sky130_fd_sc_hd__clkbuf_8)
                  0.06    0.15    0.40 ^ clkbuf_4_3_0_clk/X (sky130_fd_sc_hd__clkbuf_8)
     9    0.02                           clknet_4_3_0_clk (net)
                  0.06    0.00    0.40 ^ _1223_/CLK (sky130_fd_sc_hd__dfxtp_1)
                  0.05    0.29    0.69 ^ _1223_/Q (sky130_fd_sc_hd__dfxtp_1)
     2    0.00                           u_sram.mem[41][1] (net)
                  0.05    0.00    0.69 ^ _1042_/A0 (sky130_fd_sc_hd__mux2_1)
                  0.04    0.11    0.80 ^ _1042_/X (sky130_fd_sc_hd__mux2_1)
     1    0.00                           _0436_ (net)
                  0.04    0.00    0.80 ^ _1043_/A (sky130_fd_sc_hd__clkbuf_1)
                  0.04    0.07    0.87 ^ _1043_/X (sky130_fd_sc_hd__clkbuf_1)
     1    0.00                           _0057_ (net)
                  0.04    0.00    0.87 ^ _1223_/D (sky130_fd_sc_hd__dfxtp_1)
                                  0.87   data arrival time

                          0.00    0.00   clock clk (rise edge)
                          0.00    0.00   clock source latency
                  0.09    0.06    0.06 ^ clk (in)
     1    0.02                           clk (net)
                  0.09    0.00    0.06 ^ clkbuf_0_clk/A (sky130_fd_sc_hd__clkbuf_16)
                  0.11    0.21    0.27 ^ clkbuf_0_clk/X (sky130_fd_sc_hd__clkbuf_16)
    16    0.09                           clknet_0_clk (net)
                  0.11    0.00    0.27 ^ clkbuf_4_3_0_clk/A (sky130_fd_sc_hd__clkbuf_8)
                  0.06    0.17    0.44 ^ clkbuf_4_3_0_clk/X (sky130_fd_sc_hd__clkbuf_8)
     9    0.02                           clknet_4_3_0_clk (net)
                  0.06    0.00    0.44 ^ _1223_/CLK (sky130_fd_sc_hd__dfxtp_1)
                          0.25    0.69   clock uncertainty
                         -0.04    0.65   clock reconvergence pessimism
                         -0.03    0.62   library hold time
                                  0.62   data required time
-----------------------------------------------------------------------------
                                  0.62   data required time
                                 -0.87   data arrival time
-----------------------------------------------------------------------------
                                  0.25   slack (MET)


Startpoint: _1246_ (rising edge-triggered flip-flop clocked by clk)
Endpoint: _1246_ (rising edge-triggered flip-flop clocked by clk)
Path Group: clk
Path Type: min

Fanout     Cap    Slew   Delay    Time   Description
-----------------------------------------------------------------------------
                          0.00    0.00   clock clk (rise edge)
                          0.00    0.00   clock source latency
                  0.09    0.06    0.06 ^ clk (in)
     1    0.02                           clk (net)
                  0.09    0.00    0.06 ^ clkbuf_0_clk/A (sky130_fd_sc_hd__clkbuf_16)
                  0.11    0.19    0.25 ^ clkbuf_0_clk/X (sky130_fd_sc_hd__clkbuf_16)
    16    0.09                           clknet_0_clk (net)
                  0.11    0.00    0.25 ^ clkbuf_4_15_0_clk/A (sky130_fd_sc_hd__clkbuf_8)
                  0.05    0.14    0.39 ^ clkbuf_4_15_0_clk/X (sky130_fd_sc_hd__clkbuf_8)
     6    0.02                           clknet_4_15_0_clk (net)
                  0.05    0.00    0.39 ^ _1246_/CLK (sky130_fd_sc_hd__dfxtp_1)
                  0.05    0.29    0.68 ^ _1246_/Q (sky130_fd_sc_hd__dfxtp_1)
     2    0.00                           u_sram.mem[30][0] (net)
                  0.05    0.00    0.68 ^ _1103_/A1 (sky130_fd_sc_hd__mux2_1)
                  0.04    0.11    0.79 ^ _1103_/X (sky130_fd_sc_hd__mux2_1)
     1    0.00                           _0474_ (net)
                  0.04    0.00    0.79 ^ _1104_/A (sky130_fd_sc_hd__clkbuf_1)
                  0.04    0.07    0.86 ^ _1104_/X (sky130_fd_sc_hd__clkbuf_1)
     1    0.00                           _0080_ (net)
                  0.04    0.00    0.86 ^ _1246_/D (sky130_fd_sc_hd__dfxtp_1)
                                  0.86   data arrival time

                          0.00    0.00   clock clk (rise edge)
                          0.00    0.00   clock source latency
                  0.09    0.06    0.06 ^ clk (in)
     1    0.02                           clk (net)
                  0.09    0.00    0.06 ^ clkbuf_0_clk/A (sky130_fd_sc_hd__clkbuf_16)
                  0.11    0.21    0.27 ^ clkbuf_0_clk/X (sky130_fd_sc_hd__clkbuf_16)
    16    0.09                           clknet_0_clk (net)
                  0.11    0.00    0.27 ^ clkbuf_4_15_0_clk/A (sky130_fd_sc_hd__clkbuf_8)
                  0.05    0.16    0.43 ^ clkbuf_4_15_0_clk/X (sky130_fd_sc_hd__clkbuf_8)
     6    0.02                           clknet_4_15_0_clk (net)
                  0.05    0.00    0.43 ^ _1246_/CLK (sky130_fd_sc_hd__dfxtp_1)
                          0.25    0.68   clock uncertainty
                         -0.04    0.64   clock reconvergence pessimism
                         -0.03    0.61   library hold time
                                  0.61   data required time
-----------------------------------------------------------------------------
                                  0.61   data required time
                                 -0.86   data arrival time
-----------------------------------------------------------------------------
                                  0.25   slack (MET)


Startpoint: _1272_ (rising edge-triggered flip-flop clocked by clk)
Endpoint: _1272_ (rising edge-triggered flip-flop clocked by clk)
Path Group: clk
Path Type: min

Fanout     Cap    Slew   Delay    Time   Description
-----------------------------------------------------------------------------
                          0.00    0.00   clock clk (rise edge)
                          0.00    0.00   clock source latency
                  0.09    0.06    0.06 ^ clk (in)
     1    0.02                           clk (net)
                  0.09    0.00    0.06 ^ clkbuf_0_clk/A (sky130_fd_sc_hd__clkbuf_16)
                  0.11    0.19    0.25 ^ clkbuf_0_clk/X (sky130_fd_sc_hd__clkbuf_16)
    16    0.09                           clknet_0_clk (net)
                  0.11    0.00    0.25 ^ clkbuf_4_12_0_clk/A (sky130_fd_sc_hd__clkbuf_8)
                  0.06    0.15    0.40 ^ clkbuf_4_12_0_clk/X (sky130_fd_sc_hd__clkbuf_8)
     7    0.02                           clknet_4_12_0_clk (net)
                  0.06    0.00    0.40 ^ _1272_/CLK (sky130_fd_sc_hd__dfxtp_1)
                  0.05    0.30    0.69 ^ _1272_/Q (sky130_fd_sc_hd__dfxtp_1)
     2    0.00                           u_sram.mem[17][0] (net)
                  0.05    0.00    0.69 ^ _0583_/A1 (sky130_fd_sc_hd__mux2_1)
                  0.04    0.11    0.81 ^ _0583_/X (sky130_fd_sc_hd__mux2_1)
     1    0.00                           _0515_ (net)
                  0.04    0.00    0.81 ^ _0584_/A (sky130_fd_sc_hd__clkbuf_1)
                  0.03    0.07    0.87 ^ _0584_/X (sky130_fd_sc_hd__clkbuf_1)
     1    0.00                           _0106_ (net)
                  0.03    0.00    0.87 ^ _1272_/D (sky130_fd_sc_hd__dfxtp_1)
                                  0.87   data arrival time

                          0.00    0.00   clock clk (rise edge)
                          0.00    0.00   clock source latency
                  0.09    0.06    0.06 ^ clk (in)
     1    0.02                           clk (net)
                  0.09    0.00    0.06 ^ clkbuf_0_clk/A (sky130_fd_sc_hd__clkbuf_16)
                  0.11    0.21    0.27 ^ clkbuf_0_clk/X (sky130_fd_sc_hd__clkbuf_16)
    16    0.09                           clknet_0_clk (net)
                  0.11    0.00    0.27 ^ clkbuf_4_12_0_clk/A (sky130_fd_sc_hd__clkbuf_8)
                  0.06    0.17    0.44 ^ clkbuf_4_12_0_clk/X (sky130_fd_sc_hd__clkbuf_8)
     7    0.02                           clknet_4_12_0_clk (net)
                  0.06    0.00    0.44 ^ _1272_/CLK (sky130_fd_sc_hd__dfxtp_1)
                          0.25    0.69   clock uncertainty
                         -0.04    0.65   clock reconvergence pessimism
                         -0.03    0.62   library hold time
                                  0.62   data required time
-----------------------------------------------------------------------------
                                  0.62   data required time
                                 -0.87   data arrival time
-----------------------------------------------------------------------------
                                  0.25   slack (MET)


Startpoint: _1268_ (rising edge-triggered flip-flop clocked by clk)
Endpoint: _1268_ (rising edge-triggered flip-flop clocked by clk)
Path Group: clk
Path Type: min

Fanout     Cap    Slew   Delay    Time   Description
-----------------------------------------------------------------------------
                          0.00    0.00   clock clk (rise edge)
                          0.00    0.00   clock source latency
                  0.09    0.06    0.06 ^ clk (in)
     1    0.02                           clk (net)
                  0.09    0.00    0.06 ^ clkbuf_0_clk/A (sky130_fd_sc_hd__clkbuf_16)
                  0.11    0.19    0.25 ^ clkbuf_0_clk/X (sky130_fd_sc_hd__clkbuf_16)
    16    0.09                           clknet_0_clk (net)
                  0.11    0.00    0.25 ^ clkbuf_4_12_0_clk/A (sky130_fd_sc_hd__clkbuf_8)
                  0.06    0.15    0.40 ^ clkbuf_4_12_0_clk/X (sky130_fd_sc_hd__clkbuf_8)
     7    0.02                           clknet_4_12_0_clk (net)
                  0.06    0.00    0.40 ^ _1268_/CLK (sky130_fd_sc_hd__dfxtp_1)
                  0.05    0.30    0.69 ^ _1268_/Q (sky130_fd_sc_hd__dfxtp_1)
     2    0.00                           u_sram.mem[19][0] (net)
                  0.05    0.00    0.69 ^ _1160_/A0 (sky130_fd_sc_hd__mux2_1)
                  0.04    0.11    0.80 ^ _1160_/X (sky130_fd_sc_hd__mux2_1)
     1    0.00                           _0509_ (net)
                  0.04    0.00    0.80 ^ _1161_/A (sky130_fd_sc_hd__clkbuf_1)
                  0.04    0.07    0.87 ^ _1161_/X (sky130_fd_sc_hd__clkbuf_1)
     1    0.00                           _0102_ (net)
                  0.04    0.00    0.87 ^ _1268_/D (sky130_fd_sc_hd__dfxtp_1)
                                  0.87   data arrival time

                          0.00    0.00   clock clk (rise edge)
                          0.00    0.00   clock source latency
                  0.09    0.06    0.06 ^ clk (in)
     1    0.02                           clk (net)
                  0.09    0.00    0.06 ^ clkbuf_0_clk/A (sky130_fd_sc_hd__clkbuf_16)
                  0.11    0.21    0.27 ^ clkbuf_0_clk/X (sky130_fd_sc_hd__clkbuf_16)
    16    0.09                           clknet_0_clk (net)
                  0.11    0.00    0.27 ^ clkbuf_4_12_0_clk/A (sky130_fd_sc_hd__clkbuf_8)
                  0.06    0.17    0.44 ^ clkbuf_4_12_0_clk/X (sky130_fd_sc_hd__clkbuf_8)
     7    0.02                           clknet_4_12_0_clk (net)
                  0.06    0.00    0.44 ^ _1268_/CLK (sky130_fd_sc_hd__dfxtp_1)
                          0.25    0.69   clock uncertainty
                         -0.04    0.65   clock reconvergence pessimism
                         -0.03    0.62   library hold time
                                  0.62   data required time
-----------------------------------------------------------------------------
                                  0.62   data required time
                                 -0.87   data arrival time
-----------------------------------------------------------------------------
                                  0.26   slack (MET)


Startpoint: _1290_ (rising edge-triggered flip-flop clocked by clk)
Endpoint: _1290_ (rising edge-triggered flip-flop clocked by clk)
Path Group: clk
Path Type: min

Fanout     Cap    Slew   Delay    Time   Description
-----------------------------------------------------------------------------
                          0.00    0.00   clock clk (rise edge)
                          0.00    0.00   clock source latency
                  0.09    0.06    0.06 ^ clk (in)
     1    0.02                           clk (net)
                  0.09    0.00    0.06 ^ clkbuf_0_clk/A (sky130_fd_sc_hd__clkbuf_16)
                  0.11    0.19    0.25 ^ clkbuf_0_clk/X (sky130_fd_sc_hd__clkbuf_16)
    16    0.09                           clknet_0_clk (net)
                  0.11    0.00    0.25 ^ clkbuf_4_9_0_clk/A (sky130_fd_sc_hd__clkbuf_8)
                  0.06    0.15    0.40 ^ clkbuf_4_9_0_clk/X (sky130_fd_sc_hd__clkbuf_8)
     8    0.02                           clknet_4_9_0_clk (net)
                  0.06    0.00    0.40 ^ _1290_/CLK (sky130_fd_sc_hd__dfxtp_1)
                  0.05    0.30    0.69 ^ _1290_/Q (sky130_fd_sc_hd__dfxtp_1)
     2    0.00                           u_sram.mem[8][0] (net)
                  0.05    0.00    0.69 ^ _0630_/A1 (sky130_fd_sc_hd__mux2_1)
                  0.04    0.11    0.81 ^ _0630_/X (sky130_fd_sc_hd__mux2_1)
     1    0.00                           _0544_ (net)
                  0.04    0.00    0.81 ^ _0631_/A (sky130_fd_sc_hd__clkbuf_1)
                  0.03    0.07    0.88 ^ _0631_/X (sky130_fd_sc_hd__clkbuf_1)
     1    0.00                           _0124_ (net)
                  0.03    0.00    0.88 ^ _1290_/D (sky130_fd_sc_hd__dfxtp_1)
                                  0.88   data arrival time

                          0.00    0.00   clock clk (rise edge)
                          0.00    0.00   clock source latency
                  0.09    0.06    0.06 ^ clk (in)
     1    0.02                           clk (net)
                  0.09    0.00    0.06 ^ clkbuf_0_clk/A (sky130_fd_sc_hd__clkbuf_16)
                  0.11    0.21    0.27 ^ clkbuf_0_clk/X (sky130_fd_sc_hd__clkbuf_16)
    16    0.09                           clknet_0_clk (net)
                  0.11    0.00    0.27 ^ clkbuf_4_9_0_clk/A (sky130_fd_sc_hd__clkbuf_8)
                  0.06    0.17    0.44 ^ clkbuf_4_9_0_clk/X (sky130_fd_sc_hd__clkbuf_8)
     8    0.02                           clknet_4_9_0_clk (net)
                  0.06    0.00    0.44 ^ _1290_/CLK (sky130_fd_sc_hd__dfxtp_1)
                          0.25    0.69   clock uncertainty
                         -0.04    0.65   clock reconvergence pessimism
                         -0.03    0.62   library hold time
                                  0.62   data required time
-----------------------------------------------------------------------------
                                  0.62   data required time
                                 -0.88   data arrival time
-----------------------------------------------------------------------------
                                  0.26   slack (MET)


Startpoint: _1256_ (rising edge-triggered flip-flop clocked by clk)
Endpoint: _1256_ (rising edge-triggered flip-flop clocked by clk)
Path Group: clk
Path Type: min

Fanout     Cap    Slew   Delay    Time   Description
-----------------------------------------------------------------------------
                          0.00    0.00   clock clk (rise edge)
                          0.00    0.00   clock source latency
                  0.09    0.06    0.06 ^ clk (in)
     1    0.02                           clk (net)
                  0.09    0.00    0.06 ^ clkbuf_0_clk/A (sky130_fd_sc_hd__clkbuf_16)
                  0.11    0.19    0.25 ^ clkbuf_0_clk/X (sky130_fd_sc_hd__clkbuf_16)
    16    0.09                           clknet_0_clk (net)
                  0.11    0.00    0.25 ^ clkbuf_4_6_0_clk/A (sky130_fd_sc_hd__clkbuf_8)
                  0.06    0.16    0.40 ^ clkbuf_4_6_0_clk/X (sky130_fd_sc_hd__clkbuf_8)
    10    0.03                           clknet_4_6_0_clk (net)
                  0.06    0.00    0.40 ^ _1256_/CLK (sky130_fd_sc_hd__dfxtp_1)
                  0.06    0.30    0.70 ^ _1256_/Q (sky130_fd_sc_hd__dfxtp_1)
     2    0.00                           u_sram.mem[25][0] (net)
                  0.06    0.00    0.70 ^ _1128_/A0 (sky130_fd_sc_hd__mux2_1)
                  0.04    0.11    0.81 ^ _1128_/X (sky130_fd_sc_hd__mux2_1)
     1    0.00                           _0489_ (net)
                  0.04    0.00    0.81 ^ _1129_/A (sky130_fd_sc_hd__clkbuf_1)
                  0.04    0.07    0.88 ^ _1129_/X (sky130_fd_sc_hd__clkbuf_1)
     1    0.00                           _0090_ (net)
                  0.04    0.00    0.88 ^ _1256_/D (sky130_fd_sc_hd__dfxtp_1)
                                  0.88   data arrival time

                          0.00    0.00   clock clk (rise edge)
                          0.00    0.00   clock source latency
                  0.09    0.06    0.06 ^ clk (in)
     1    0.02                           clk (net)
                  0.09    0.00    0.06 ^ clkbuf_0_clk/A (sky130_fd_sc_hd__clkbuf_16)
                  0.11    0.21    0.27 ^ clkbuf_0_clk/X (sky130_fd_sc_hd__clkbuf_16)
    16    0.09                           clknet_0_clk (net)
                  0.11    0.00    0.27 ^ clkbuf_4_6_0_clk/A (sky130_fd_sc_hd__clkbuf_8)
                  0.06    0.17    0.44 ^ clkbuf_4_6_0_clk/X (sky130_fd_sc_hd__clkbuf_8)
    10    0.03                           clknet_4_6_0_clk (net)
                  0.06    0.00    0.44 ^ _1256_/CLK (sky130_fd_sc_hd__dfxtp_1)
                          0.25    0.69   clock uncertainty
                         -0.04    0.65   clock reconvergence pessimism
                         -0.03    0.62   library hold time
                                  0.62   data required time
-----------------------------------------------------------------------------
                                  0.62   data required time
                                 -0.88   data arrival time
-----------------------------------------------------------------------------
                                  0.26   slack (MET)


Startpoint: _1183_ (rising edge-triggered flip-flop clocked by clk)
Endpoint: _1183_ (rising edge-triggered flip-flop clocked by clk)
Path Group: clk
Path Type: min

Fanout     Cap    Slew   Delay    Time   Description
-----------------------------------------------------------------------------
                          0.00    0.00   clock clk (rise edge)
                          0.00    0.00   clock source latency
                  0.09    0.06    0.06 ^ clk (in)
     1    0.02                           clk (net)
                  0.09    0.00    0.06 ^ clkbuf_0_clk/A (sky130_fd_sc_hd__clkbuf_16)
                  0.11    0.19    0.25 ^ clkbuf_0_clk/X (sky130_fd_sc_hd__clkbuf_16)
    16    0.09                           clknet_0_clk (net)
                  0.11    0.00    0.25 ^ clkbuf_4_9_0_clk/A (sky130_fd_sc_hd__clkbuf_8)
                  0.06    0.15    0.40 ^ clkbuf_4_9_0_clk/X (sky130_fd_sc_hd__clkbuf_8)
     8    0.02                           clknet_4_9_0_clk (net)
                  0.06    0.00    0.40 ^ _1183_/CLK (sky130_fd_sc_hd__dfxtp_1)
                  0.05    0.30    0.69 ^ _1183_/Q (sky130_fd_sc_hd__dfxtp_1)
     2    0.00                           u_sram.mem[61][1] (net)
                  0.05    0.00    0.69 ^ _0921_/A1 (sky130_fd_sc_hd__mux2_1)
                  0.04    0.11    0.81 ^ _0921_/X (sky130_fd_sc_hd__mux2_1)
     1    0.00                           _0355_ (net)
                  0.04    0.00    0.81 ^ _0922_/A (sky130_fd_sc_hd__clkbuf_1)
                  0.04    0.07    0.88 ^ _0922_/X (sky130_fd_sc_hd__clkbuf_1)
     1    0.00                           _0017_ (net)
                  0.04    0.00    0.88 ^ _1183_/D (sky130_fd_sc_hd__dfxtp_1)
                                  0.88   data arrival time

                          0.00    0.00   clock clk (rise edge)
                          0.00    0.00   clock source latency
                  0.09    0.06    0.06 ^ clk (in)
     1    0.02                           clk (net)
                  0.09    0.00    0.06 ^ clkbuf_0_clk/A (sky130_fd_sc_hd__clkbuf_16)
                  0.11    0.21    0.27 ^ clkbuf_0_clk/X (sky130_fd_sc_hd__clkbuf_16)
    16    0.09                           clknet_0_clk (net)
                  0.11    0.00    0.27 ^ clkbuf_4_9_0_clk/A (sky130_fd_sc_hd__clkbuf_8)
                  0.06    0.17    0.44 ^ clkbuf_4_9_0_clk/X (sky130_fd_sc_hd__clkbuf_8)
     8    0.02                           clknet_4_9_0_clk (net)
                  0.06    0.00    0.44 ^ _1183_/CLK (sky130_fd_sc_hd__dfxtp_1)
                          0.25    0.69   clock uncertainty
                         -0.04    0.65   clock reconvergence pessimism
                         -0.03    0.62   library hold time
                                  0.62   data required time
-----------------------------------------------------------------------------
                                  0.62   data required time
                                 -0.88   data arrival time
-----------------------------------------------------------------------------
                                  0.26   slack (MET)


Startpoint: _1197_ (rising edge-triggered flip-flop clocked by clk)
Endpoint: _1197_ (rising edge-triggered flip-flop clocked by clk)
Path Group: clk
Path Type: min

Fanout     Cap    Slew   Delay    Time   Description
-----------------------------------------------------------------------------
                          0.00    0.00   clock clk (rise edge)
                          0.00    0.00   clock source latency
                  0.09    0.06    0.06 ^ clk (in)
     1    0.02                           clk (net)
                  0.09    0.00    0.06 ^ clkbuf_0_clk/A (sky130_fd_sc_hd__clkbuf_16)
                  0.11    0.19    0.25 ^ clkbuf_0_clk/X (sky130_fd_sc_hd__clkbuf_16)
    16    0.09                           clknet_0_clk (net)
                  0.11    0.00    0.25 ^ clkbuf_4_2_0_clk/A (sky130_fd_sc_hd__clkbuf_8)
                  0.08    0.17    0.41 ^ clkbuf_4_2_0_clk/X (sky130_fd_sc_hd__clkbuf_8)
    14    0.04                           clknet_4_2_0_clk (net)
                  0.08    0.00    0.41 ^ _1197_/CLK (sky130_fd_sc_hd__dfxtp_1)
                  0.06    0.31    0.72 ^ _1197_/Q (sky130_fd_sc_hd__dfxtp_1)
     2    0.00                           u_sram.mem[54][1] (net)
                  0.06    0.00    0.72 ^ _0965_/A0 (sky130_fd_sc_hd__mux2_1)
                  0.04    0.11    0.83 ^ _0965_/X (sky130_fd_sc_hd__mux2_1)
     1    0.00                           _0385_ (net)
                  0.04    0.00    0.83 ^ _0966_/A (sky130_fd_sc_hd__clkbuf_1)
                  0.04    0.07    0.89 ^ _0966_/X (sky130_fd_sc_hd__clkbuf_1)
     1    0.00                           _0031_ (net)
                  0.04    0.00    0.89 ^ _1197_/D (sky130_fd_sc_hd__dfxtp_1)
                                  0.89   data arrival time

                          0.00    0.00   clock clk (rise edge)
                          0.00    0.00   clock source latency
                  0.09    0.06    0.06 ^ clk (in)
     1    0.02                           clk (net)
                  0.09    0.00    0.06 ^ clkbuf_0_clk/A (sky130_fd_sc_hd__clkbuf_16)
                  0.11    0.21    0.27 ^ clkbuf_0_clk/X (sky130_fd_sc_hd__clkbuf_16)
    16    0.09                           clknet_0_clk (net)
                  0.11    0.00    0.27 ^ clkbuf_4_2_0_clk/A (sky130_fd_sc_hd__clkbuf_8)
                  0.08    0.18    0.46 ^ clkbuf_4_2_0_clk/X (sky130_fd_sc_hd__clkbuf_8)
    14    0.04                           clknet_4_2_0_clk (net)
                  0.08    0.00    0.46 ^ _1197_/CLK (sky130_fd_sc_hd__dfxtp_1)
                          0.25    0.71   clock uncertainty
                         -0.04    0.66   clock reconvergence pessimism
                         -0.03    0.64   library hold time
                                  0.64   data required time
-----------------------------------------------------------------------------
                                  0.64   data required time
                                 -0.89   data arrival time
-----------------------------------------------------------------------------
                                  0.26   slack (MET)


Startpoint: _1273_ (rising edge-triggered flip-flop clocked by clk)
Endpoint: _1273_ (rising edge-triggered flip-flop clocked by clk)
Path Group: clk
Path Type: min

Fanout     Cap    Slew   Delay    Time   Description
-----------------------------------------------------------------------------
                          0.00    0.00   clock clk (rise edge)
                          0.00    0.00   clock source latency
                  0.09    0.06    0.06 ^ clk (in)
     1    0.02                           clk (net)
                  0.09    0.00    0.06 ^ clkbuf_0_clk/A (sky130_fd_sc_hd__clkbuf_16)
                  0.11    0.19    0.25 ^ clkbuf_0_clk/X (sky130_fd_sc_hd__clkbuf_16)
    16    0.09                           clknet_0_clk (net)
                  0.11    0.00    0.25 ^ clkbuf_4_14_0_clk/A (sky130_fd_sc_hd__clkbuf_8)
                  0.06    0.15    0.40 ^ clkbuf_4_14_0_clk/X (sky130_fd_sc_hd__clkbuf_8)
     8    0.02                           clknet_4_14_0_clk (net)
                  0.06    0.00    0.40 ^ _1273_/CLK (sky130_fd_sc_hd__dfxtp_1)
                  0.05    0.30    0.69 ^ _1273_/Q (sky130_fd_sc_hd__dfxtp_1)
     2    0.00                           u_sram.mem[16][1] (net)
                  0.05    0.00    0.69 ^ _0586_/A1 (sky130_fd_sc_hd__mux2_1)
                  0.04    0.11    0.80 ^ _0586_/X (sky130_fd_sc_hd__mux2_1)
     1    0.00                           _0517_ (net)
                  0.04    0.00    0.80 ^ _0587_/A (sky130_fd_sc_hd__clkbuf_1)
                  0.04    0.07    0.87 ^ _0587_/X (sky130_fd_sc_hd__clkbuf_1)
     1    0.00                           _0107_ (net)
                  0.04    0.00    0.87 ^ _1273_/D (sky130_fd_sc_hd__dfxtp_1)
                                  0.87   data arrival time

                          0.00    0.00   clock clk (rise edge)
                          0.00    0.00   clock source latency
                  0.09    0.06    0.06 ^ clk (in)
     1    0.02                           clk (net)
                  0.09    0.00    0.06 ^ clkbuf_0_clk/A (sky130_fd_sc_hd__clkbuf_16)
                  0.11    0.21    0.27 ^ clkbuf_0_clk/X (sky130_fd_sc_hd__clkbuf_16)
    16    0.09                           clknet_0_clk (net)
                  0.11    0.00    0.27 ^ clkbuf_4_14_0_clk/A (sky130_fd_sc_hd__clkbuf_8)
                  0.06    0.17    0.44 ^ clkbuf_4_14_0_clk/X (sky130_fd_sc_hd__clkbuf_8)
     8    0.02                           clknet_4_14_0_clk (net)
                  0.06    0.00    0.44 ^ _1273_/CLK (sky130_fd_sc_hd__dfxtp_1)
                          0.25    0.69   clock uncertainty
                         -0.04    0.65   clock reconvergence pessimism
                         -0.03    0.62   library hold time
                                  0.62   data required time
-----------------------------------------------------------------------------
                                  0.62   data required time
                                 -0.87   data arrival time
-----------------------------------------------------------------------------
                                  0.26   slack (MET)


Startpoint: _1216_ (rising edge-triggered flip-flop clocked by clk)
Endpoint: _1216_ (rising edge-triggered flip-flop clocked by clk)
Path Group: clk
Path Type: min

Fanout     Cap    Slew   Delay    Time   Description
-----------------------------------------------------------------------------
                          0.00    0.00   clock clk (rise edge)
                          0.00    0.00   clock source latency
                  0.09    0.06    0.06 ^ clk (in)
     1    0.02                           clk (net)
                  0.09    0.00    0.06 ^ clkbuf_0_clk/A (sky130_fd_sc_hd__clkbuf_16)
                  0.11    0.19    0.25 ^ clkbuf_0_clk/X (sky130_fd_sc_hd__clkbuf_16)
    16    0.09                           clknet_0_clk (net)
                  0.11    0.00    0.25 ^ clkbuf_4_15_0_clk/A (sky130_fd_sc_hd__clkbuf_8)
                  0.05    0.14    0.39 ^ clkbuf_4_15_0_clk/X (sky130_fd_sc_hd__clkbuf_8)
     6    0.02                           clknet_4_15_0_clk (net)
                  0.05    0.00    0.39 ^ _1216_/CLK (sky130_fd_sc_hd__dfxtp_1)
                  0.05    0.29    0.68 ^ _1216_/Q (sky130_fd_sc_hd__dfxtp_1)
     2    0.00                           u_sram.mem[45][0] (net)
                  0.05    0.00    0.68 ^ _1022_/A1 (sky130_fd_sc_hd__mux2_1)
                  0.04    0.11    0.80 ^ _1022_/X (sky130_fd_sc_hd__mux2_1)
     1    0.00                           _0423_ (net)
                  0.04    0.00    0.80 ^ _1023_/A (sky130_fd_sc_hd__clkbuf_1)
                  0.04    0.07    0.87 ^ _1023_/X (sky130_fd_sc_hd__clkbuf_1)
     1    0.00                           _0050_ (net)
                  0.04    0.00    0.87 ^ _1216_/D (sky130_fd_sc_hd__dfxtp_1)
                                  0.87   data arrival time

                          0.00    0.00   clock clk (rise edge)
                          0.00    0.00   clock source latency
                  0.09    0.06    0.06 ^ clk (in)
     1    0.02                           clk (net)
                  0.09    0.00    0.06 ^ clkbuf_0_clk/A (sky130_fd_sc_hd__clkbuf_16)
                  0.11    0.21    0.27 ^ clkbuf_0_clk/X (sky130_fd_sc_hd__clkbuf_16)
    16    0.09                           clknet_0_clk (net)
                  0.11    0.00    0.27 ^ clkbuf_4_15_0_clk/A (sky130_fd_sc_hd__clkbuf_8)
                  0.05    0.16    0.43 ^ clkbuf_4_15_0_clk/X (sky130_fd_sc_hd__clkbuf_8)
     6    0.02                           clknet_4_15_0_clk (net)
                  0.05    0.00    0.43 ^ _1216_/CLK (sky130_fd_sc_hd__dfxtp_1)
                          0.25    0.68   clock uncertainty
                         -0.04    0.64   clock reconvergence pessimism
                         -0.03    0.61   library hold time
                                  0.61   data required time
-----------------------------------------------------------------------------
                                  0.61   data required time
                                 -0.87   data arrival time
-----------------------------------------------------------------------------
                                  0.26   slack (MET)


Startpoint: _1262_ (rising edge-triggered flip-flop clocked by clk)
Endpoint: _1262_ (rising edge-triggered flip-flop clocked by clk)
Path Group: clk
Path Type: min

Fanout     Cap    Slew   Delay    Time   Description
-----------------------------------------------------------------------------
                          0.00    0.00   clock clk (rise edge)
                          0.00    0.00   clock source latency
                  0.09    0.06    0.06 ^ clk (in)
     1    0.02                           clk (net)
                  0.09    0.00    0.06 ^ clkbuf_0_clk/A (sky130_fd_sc_hd__clkbuf_16)
                  0.11    0.19    0.25 ^ clkbuf_0_clk/X (sky130_fd_sc_hd__clkbuf_16)
    16    0.09                           clknet_0_clk (net)
                  0.11    0.00    0.25 ^ clkbuf_4_4_0_clk/A (sky130_fd_sc_hd__clkbuf_8)
                  0.06    0.15    0.40 ^ clkbuf_4_4_0_clk/X (sky130_fd_sc_hd__clkbuf_8)
     9    0.02                           clknet_4_4_0_clk (net)
                  0.06    0.00    0.40 ^ _1262_/CLK (sky130_fd_sc_hd__dfxtp_1)
                  0.05    0.30    0.69 ^ _1262_/Q (sky130_fd_sc_hd__dfxtp_1)
     2    0.00                           u_sram.mem[22][0] (net)
                  0.05    0.00    0.69 ^ _1144_/A0 (sky130_fd_sc_hd__mux2_1)
                  0.04    0.11    0.81 ^ _1144_/X (sky130_fd_sc_hd__mux2_1)
     1    0.00                           _0499_ (net)
                  0.04    0.00    0.81 ^ _1145_/A (sky130_fd_sc_hd__clkbuf_1)
                  0.04    0.07    0.88 ^ _1145_/X (sky130_fd_sc_hd__clkbuf_1)
     1    0.00                           _0096_ (net)
                  0.04    0.00    0.88 ^ _1262_/D (sky130_fd_sc_hd__dfxtp_1)
                                  0.88   data arrival time

                          0.00    0.00   clock clk (rise edge)
                          0.00    0.00   clock source latency
                  0.09    0.06    0.06 ^ clk (in)
     1    0.02                           clk (net)
                  0.09    0.00    0.06 ^ clkbuf_0_clk/A (sky130_fd_sc_hd__clkbuf_16)
                  0.11    0.21    0.27 ^ clkbuf_0_clk/X (sky130_fd_sc_hd__clkbuf_16)
    16    0.09                           clknet_0_clk (net)
                  0.11    0.00    0.27 ^ clkbuf_4_4_0_clk/A (sky130_fd_sc_hd__clkbuf_8)
                  0.06    0.17    0.44 ^ clkbuf_4_4_0_clk/X (sky130_fd_sc_hd__clkbuf_8)
     9    0.02                           clknet_4_4_0_clk (net)
                  0.06    0.00    0.44 ^ _1262_/CLK (sky130_fd_sc_hd__dfxtp_1)
                          0.25    0.69   clock uncertainty
                         -0.04    0.65   clock reconvergence pessimism
                         -0.03    0.62   library hold time
                                  0.62   data required time
-----------------------------------------------------------------------------
                                  0.62   data required time
                                 -0.88   data arrival time
-----------------------------------------------------------------------------
                                  0.26   slack (MET)


Startpoint: _1319_ (rising edge-triggered flip-flop clocked by clk)
Endpoint: _1326_ (rising edge-triggered flip-flop clocked by clk)
Path Group: clk
Path Type: min

Fanout     Cap    Slew   Delay    Time   Description
-----------------------------------------------------------------------------
                          0.00    0.00   clock clk (rise edge)
                          0.00    0.00   clock source latency
                  0.09    0.06    0.06 ^ clk (in)
     1    0.02                           clk (net)
                  0.09    0.00    0.06 ^ clkbuf_0_clk/A (sky130_fd_sc_hd__clkbuf_16)
                  0.11    0.19    0.25 ^ clkbuf_0_clk/X (sky130_fd_sc_hd__clkbuf_16)
    16    0.09                           clknet_0_clk (net)
                  0.11    0.00    0.25 ^ clkbuf_4_11_0_clk/A (sky130_fd_sc_hd__clkbuf_8)
                  0.07    0.16    0.41 ^ clkbuf_4_11_0_clk/X (sky130_fd_sc_hd__clkbuf_8)
    12    0.03                           clknet_4_11_0_clk (net)
                  0.07    0.00    0.41 ^ _1319_/CLK (sky130_fd_sc_hd__dfrtp_1)
                  0.09    0.34    0.75 ^ _1319_/Q (sky130_fd_sc_hd__dfrtp_1)
     3    0.01                           u_fsm.rvalid (net)
                  0.09    0.00    0.75 ^ _0698_/A1 (sky130_fd_sc_hd__a221o_1)
                  0.04    0.13    0.88 ^ _0698_/X (sky130_fd_sc_hd__a221o_1)
     1    0.00                           u_fsm.next_state[2] (net)
                  0.04    0.00    0.88 ^ _1326_/D (sky130_fd_sc_hd__dfrtp_2)
                                  0.88   data arrival time

                          0.00    0.00   clock clk (rise edge)
                          0.00    0.00   clock source latency
                  0.09    0.06    0.06 ^ clk (in)
     1    0.02                           clk (net)
                  0.09    0.00    0.06 ^ clkbuf_0_clk/A (sky130_fd_sc_hd__clkbuf_16)
                  0.11    0.21    0.27 ^ clkbuf_0_clk/X (sky130_fd_sc_hd__clkbuf_16)
    16    0.09                           clknet_0_clk (net)
                  0.11    0.00    0.27 ^ clkbuf_4_11_0_clk/A (sky130_fd_sc_hd__clkbuf_8)
                  0.07    0.18    0.45 ^ clkbuf_4_11_0_clk/X (sky130_fd_sc_hd__clkbuf_8)
    12    0.03                           clknet_4_11_0_clk (net)
                  0.07    0.00    0.45 ^ _1326_/CLK (sky130_fd_sc_hd__dfrtp_2)
                          0.25    0.70   clock uncertainty
                         -0.04    0.66   clock reconvergence pessimism
                         -0.03    0.63   library hold time
                                  0.63   data required time
-----------------------------------------------------------------------------
                                  0.63   data required time
                                 -0.88   data arrival time
-----------------------------------------------------------------------------
                                  0.26   slack (MET)


Startpoint: _1263_ (rising edge-triggered flip-flop clocked by clk)
Endpoint: _1263_ (rising edge-triggered flip-flop clocked by clk)
Path Group: clk
Path Type: min

Fanout     Cap    Slew   Delay    Time   Description
-----------------------------------------------------------------------------
                          0.00    0.00   clock clk (rise edge)
                          0.00    0.00   clock source latency
                  0.09    0.06    0.06 ^ clk (in)
     1    0.02                           clk (net)
                  0.09    0.00    0.06 ^ clkbuf_0_clk/A (sky130_fd_sc_hd__clkbuf_16)
                  0.11    0.19    0.25 ^ clkbuf_0_clk/X (sky130_fd_sc_hd__clkbuf_16)
    16    0.09                           clknet_0_clk (net)
                  0.11    0.00    0.25 ^ clkbuf_4_4_0_clk/A (sky130_fd_sc_hd__clkbuf_8)
                  0.06    0.15    0.40 ^ clkbuf_4_4_0_clk/X (sky130_fd_sc_hd__clkbuf_8)
     9    0.02                           clknet_4_4_0_clk (net)
                  0.06    0.00    0.40 ^ _1263_/CLK (sky130_fd_sc_hd__dfxtp_1)
                  0.05    0.30    0.70 ^ _1263_/Q (sky130_fd_sc_hd__dfxtp_1)
     2    0.00                           u_sram.mem[21][1] (net)
                  0.05    0.00    0.70 ^ _1147_/A0 (sky130_fd_sc_hd__mux2_1)
                  0.04    0.11    0.81 ^ _1147_/X (sky130_fd_sc_hd__mux2_1)
     1    0.00                           _0501_ (net)
                  0.04    0.00    0.81 ^ _1148_/A (sky130_fd_sc_hd__clkbuf_1)
                  0.04    0.07    0.88 ^ _1148_/X (sky130_fd_sc_hd__clkbuf_1)
     1    0.00                           _0097_ (net)
                  0.04    0.00    0.88 ^ _1263_/D (sky130_fd_sc_hd__dfxtp_1)
                                  0.88   data arrival time

                          0.00    0.00   clock clk (rise edge)
                          0.00    0.00   clock source latency
                  0.09    0.06    0.06 ^ clk (in)
     1    0.02                           clk (net)
                  0.09    0.00    0.06 ^ clkbuf_0_clk/A (sky130_fd_sc_hd__clkbuf_16)
                  0.11    0.21    0.27 ^ clkbuf_0_clk/X (sky130_fd_sc_hd__clkbuf_16)
    16    0.09                           clknet_0_clk (net)
                  0.11    0.00    0.27 ^ clkbuf_4_4_0_clk/A (sky130_fd_sc_hd__clkbuf_8)
                  0.06    0.17    0.44 ^ clkbuf_4_4_0_clk/X (sky130_fd_sc_hd__clkbuf_8)
     9    0.02                           clknet_4_4_0_clk (net)
                  0.06    0.00    0.44 ^ _1263_/CLK (sky130_fd_sc_hd__dfxtp_1)
                          0.25    0.69   clock uncertainty
                         -0.04    0.65   clock reconvergence pessimism
                         -0.03    0.62   library hold time
                                  0.62   data required time
-----------------------------------------------------------------------------
                                  0.62   data required time
                                 -0.88   data arrival time
-----------------------------------------------------------------------------
                                  0.26   slack (MET)


Startpoint: _1264_ (rising edge-triggered flip-flop clocked by clk)
Endpoint: _1264_ (rising edge-triggered flip-flop clocked by clk)
Path Group: clk
Path Type: min

Fanout     Cap    Slew   Delay    Time   Description
-----------------------------------------------------------------------------
                          0.00    0.00   clock clk (rise edge)
                          0.00    0.00   clock source latency
                  0.09    0.06    0.06 ^ clk (in)
     1    0.02                           clk (net)
                  0.09    0.00    0.06 ^ clkbuf_0_clk/A (sky130_fd_sc_hd__clkbuf_16)
                  0.11    0.19    0.25 ^ clkbuf_0_clk/X (sky130_fd_sc_hd__clkbuf_16)
    16    0.09                           clknet_0_clk (net)
                  0.11    0.00    0.25 ^ clkbuf_4_4_0_clk/A (sky130_fd_sc_hd__clkbuf_8)
                  0.06    0.15    0.40 ^ clkbuf_4_4_0_clk/X (sky130_fd_sc_hd__clkbuf_8)
     9    0.02                           clknet_4_4_0_clk (net)
                  0.06    0.00    0.40 ^ _1264_/CLK (sky130_fd_sc_hd__dfxtp_1)
                  0.05    0.30    0.70 ^ _1264_/Q (sky130_fd_sc_hd__dfxtp_1)
     2    0.00                           u_sram.mem[21][0] (net)
                  0.05    0.00    0.70 ^ _1149_/A0 (sky130_fd_sc_hd__mux2_1)
                  0.04    0.11    0.81 ^ _1149_/X (sky130_fd_sc_hd__mux2_1)
     1    0.00                           _0502_ (net)
                  0.04    0.00    0.81 ^ _1150_/A (sky130_fd_sc_hd__clkbuf_1)
                  0.04    0.07    0.88 ^ _1150_/X (sky130_fd_sc_hd__clkbuf_1)
     1    0.00                           _0098_ (net)
                  0.04    0.00    0.88 ^ _1264_/D (sky130_fd_sc_hd__dfxtp_1)
                                  0.88   data arrival time

                          0.00    0.00   clock clk (rise edge)
                          0.00    0.00   clock source latency
                  0.09    0.06    0.06 ^ clk (in)
     1    0.02                           clk (net)
                  0.09    0.00    0.06 ^ clkbuf_0_clk/A (sky130_fd_sc_hd__clkbuf_16)
                  0.11    0.21    0.27 ^ clkbuf_0_clk/X (sky130_fd_sc_hd__clkbuf_16)
    16    0.09                           clknet_0_clk (net)
                  0.11    0.00    0.27 ^ clkbuf_4_4_0_clk/A (sky130_fd_sc_hd__clkbuf_8)
                  0.06    0.17    0.44 ^ clkbuf_4_4_0_clk/X (sky130_fd_sc_hd__clkbuf_8)
     9    0.02                           clknet_4_4_0_clk (net)
                  0.06    0.00    0.44 ^ _1264_/CLK (sky130_fd_sc_hd__dfxtp_1)
                          0.25    0.69   clock uncertainty
                         -0.04    0.65   clock reconvergence pessimism
                         -0.03    0.62   library hold time
                                  0.62   data required time
-----------------------------------------------------------------------------
                                  0.62   data required time
                                 -0.88   data arrival time
-----------------------------------------------------------------------------
                                  0.26   slack (MET)


Startpoint: _1227_ (rising edge-triggered flip-flop clocked by clk)
Endpoint: _1227_ (rising edge-triggered flip-flop clocked by clk)
Path Group: clk
Path Type: min

Fanout     Cap    Slew   Delay    Time   Description
-----------------------------------------------------------------------------
                          0.00    0.00   clock clk (rise edge)
                          0.00    0.00   clock source latency
                  0.09    0.06    0.06 ^ clk (in)
     1    0.02                           clk (net)
                  0.09    0.00    0.06 ^ clkbuf_0_clk/A (sky130_fd_sc_hd__clkbuf_16)
                  0.11    0.19    0.25 ^ clkbuf_0_clk/X (sky130_fd_sc_hd__clkbuf_16)
    16    0.09                           clknet_0_clk (net)
                  0.11    0.00    0.25 ^ clkbuf_4_5_0_clk/A (sky130_fd_sc_hd__clkbuf_8)
                  0.06    0.16    0.40 ^ clkbuf_4_5_0_clk/X (sky130_fd_sc_hd__clkbuf_8)
    11    0.03                           clknet_4_5_0_clk (net)
                  0.06    0.00    0.40 ^ _1227_/CLK (sky130_fd_sc_hd__dfxtp_1)
                  0.06    0.30    0.71 ^ _1227_/Q (sky130_fd_sc_hd__dfxtp_1)
     2    0.00                           u_sram.mem[39][1] (net)
                  0.06    0.00    0.71 ^ _1053_/A0 (sky130_fd_sc_hd__mux2_1)
                  0.04    0.11    0.82 ^ _1053_/X (sky130_fd_sc_hd__mux2_1)
     1    0.00                           _0443_ (net)
                  0.04    0.00    0.82 ^ _1054_/A (sky130_fd_sc_hd__clkbuf_1)
                  0.04    0.07    0.88 ^ _1054_/X (sky130_fd_sc_hd__clkbuf_1)
     1    0.00                           _0061_ (net)
                  0.04    0.00    0.88 ^ _1227_/D (sky130_fd_sc_hd__dfxtp_1)
                                  0.88   data arrival time

                          0.00    0.00   clock clk (rise edge)
                          0.00    0.00   clock source latency
                  0.09    0.06    0.06 ^ clk (in)
     1    0.02                           clk (net)
                  0.09    0.00    0.06 ^ clkbuf_0_clk/A (sky130_fd_sc_hd__clkbuf_16)
                  0.11    0.21    0.27 ^ clkbuf_0_clk/X (sky130_fd_sc_hd__clkbuf_16)
    16    0.09                           clknet_0_clk (net)
                  0.11    0.00    0.27 ^ clkbuf_4_5_0_clk/A (sky130_fd_sc_hd__clkbuf_8)
                  0.06    0.17    0.45 ^ clkbuf_4_5_0_clk/X (sky130_fd_sc_hd__clkbuf_8)
    11    0.03                           clknet_4_5_0_clk (net)
                  0.06    0.00    0.45 ^ _1227_/CLK (sky130_fd_sc_hd__dfxtp_1)
                          0.25    0.70   clock uncertainty
                         -0.04    0.65   clock reconvergence pessimism
                         -0.03    0.63   library hold time
                                  0.63   data required time
-----------------------------------------------------------------------------
                                  0.63   data required time
                                 -0.88   data arrival time
-----------------------------------------------------------------------------
                                  0.26   slack (MET)


Startpoint: _1189_ (rising edge-triggered flip-flop clocked by clk)
Endpoint: _1189_ (rising edge-triggered flip-flop clocked by clk)
Path Group: clk
Path Type: min

Fanout     Cap    Slew   Delay    Time   Description
-----------------------------------------------------------------------------
                          0.00    0.00   clock clk (rise edge)
                          0.00    0.00   clock source latency
                  0.09    0.06    0.06 ^ clk (in)
     1    0.02                           clk (net)
                  0.09    0.00    0.06 ^ clkbuf_0_clk/A (sky130_fd_sc_hd__clkbuf_16)
                  0.11    0.19    0.25 ^ clkbuf_0_clk/X (sky130_fd_sc_hd__clkbuf_16)
    16    0.09                           clknet_0_clk (net)
                  0.11    0.00    0.25 ^ clkbuf_4_3_0_clk/A (sky130_fd_sc_hd__clkbuf_8)
                  0.06    0.15    0.40 ^ clkbuf_4_3_0_clk/X (sky130_fd_sc_hd__clkbuf_8)
     9    0.02                           clknet_4_3_0_clk (net)
                  0.06    0.00    0.40 ^ _1189_/CLK (sky130_fd_sc_hd__dfxtp_1)
                  0.06    0.30    0.70 ^ _1189_/Q (sky130_fd_sc_hd__dfxtp_1)
     2    0.00                           u_sram.mem[58][1] (net)
                  0.06    0.00    0.70 ^ _0942_/A0 (sky130_fd_sc_hd__mux2_1)
                  0.04    0.11    0.81 ^ _0942_/X (sky130_fd_sc_hd__mux2_1)
     1    0.00                           _0370_ (net)
                  0.04    0.00    0.81 ^ _0943_/A (sky130_fd_sc_hd__clkbuf_1)
                  0.04    0.07    0.88 ^ _0943_/X (sky130_fd_sc_hd__clkbuf_1)
     1    0.00                           _0023_ (net)
                  0.04    0.00    0.88 ^ _1189_/D (sky130_fd_sc_hd__dfxtp_1)
                                  0.88   data arrival time

                          0.00    0.00   clock clk (rise edge)
                          0.00    0.00   clock source latency
                  0.09    0.06    0.06 ^ clk (in)
     1    0.02                           clk (net)
                  0.09    0.00    0.06 ^ clkbuf_0_clk/A (sky130_fd_sc_hd__clkbuf_16)
                  0.11    0.21    0.27 ^ clkbuf_0_clk/X (sky130_fd_sc_hd__clkbuf_16)
    16    0.09                           clknet_0_clk (net)
                  0.11    0.00    0.27 ^ clkbuf_4_3_0_clk/A (sky130_fd_sc_hd__clkbuf_8)
                  0.06    0.17    0.44 ^ clkbuf_4_3_0_clk/X (sky130_fd_sc_hd__clkbuf_8)
     9    0.02                           clknet_4_3_0_clk (net)
                  0.06    0.00    0.44 ^ _1189_/CLK (sky130_fd_sc_hd__dfxtp_1)
                          0.25    0.69   clock uncertainty
                         -0.04    0.65   clock reconvergence pessimism
                         -0.03    0.62   library hold time
                                  0.62   data required time
-----------------------------------------------------------------------------
                                  0.62   data required time
                                 -0.88   data arrival time
-----------------------------------------------------------------------------
                                  0.26   slack (MET)


Startpoint: _1274_ (rising edge-triggered flip-flop clocked by clk)
Endpoint: _1274_ (rising edge-triggered flip-flop clocked by clk)
Path Group: clk
Path Type: min

Fanout     Cap    Slew   Delay    Time   Description
-----------------------------------------------------------------------------
                          0.00    0.00   clock clk (rise edge)
                          0.00    0.00   clock source latency
                  0.09    0.06    0.06 ^ clk (in)
     1    0.02                           clk (net)
                  0.09    0.00    0.06 ^ clkbuf_0_clk/A (sky130_fd_sc_hd__clkbuf_16)
                  0.11    0.19    0.25 ^ clkbuf_0_clk/X (sky130_fd_sc_hd__clkbuf_16)
    16    0.09                           clknet_0_clk (net)
                  0.11    0.00    0.25 ^ clkbuf_4_15_0_clk/A (sky130_fd_sc_hd__clkbuf_8)
                  0.05    0.14    0.39 ^ clkbuf_4_15_0_clk/X (sky130_fd_sc_hd__clkbuf_8)
     6    0.02                           clknet_4_15_0_clk (net)
                  0.05    0.00    0.39 ^ _1274_/CLK (sky130_fd_sc_hd__dfxtp_1)
                  0.06    0.30    0.69 ^ _1274_/Q (sky130_fd_sc_hd__dfxtp_1)
     2    0.00                           u_sram.mem[16][0] (net)
                  0.06    0.00    0.69 ^ _0588_/A1 (sky130_fd_sc_hd__mux2_1)
                  0.04    0.12    0.80 ^ _0588_/X (sky130_fd_sc_hd__mux2_1)
     1    0.00                           _0518_ (net)
                  0.04    0.00    0.80 ^ _0589_/A (sky130_fd_sc_hd__clkbuf_1)
                  0.03    0.07    0.87 ^ _0589_/X (sky130_fd_sc_hd__clkbuf_1)
     1    0.00                           _0108_ (net)
                  0.03    0.00    0.87 ^ _1274_/D (sky130_fd_sc_hd__dfxtp_1)
                                  0.87   data arrival time

                          0.00    0.00   clock clk (rise edge)
                          0.00    0.00   clock source latency
                  0.09    0.06    0.06 ^ clk (in)
     1    0.02                           clk (net)
                  0.09    0.00    0.06 ^ clkbuf_0_clk/A (sky130_fd_sc_hd__clkbuf_16)
                  0.11    0.21    0.27 ^ clkbuf_0_clk/X (sky130_fd_sc_hd__clkbuf_16)
    16    0.09                           clknet_0_clk (net)
                  0.11    0.00    0.27 ^ clkbuf_4_15_0_clk/A (sky130_fd_sc_hd__clkbuf_8)
                  0.05    0.16    0.43 ^ clkbuf_4_15_0_clk/X (sky130_fd_sc_hd__clkbuf_8)
     6    0.02                           clknet_4_15_0_clk (net)
                  0.05    0.00    0.43 ^ _1274_/CLK (sky130_fd_sc_hd__dfxtp_1)
                          0.25    0.68   clock uncertainty
                         -0.04    0.64   clock reconvergence pessimism
                         -0.03    0.61   library hold time
                                  0.61   data required time
-----------------------------------------------------------------------------
                                  0.61   data required time
                                 -0.87   data arrival time
-----------------------------------------------------------------------------
                                  0.26   slack (MET)


Startpoint: _1260_ (rising edge-triggered flip-flop clocked by clk)
Endpoint: _1260_ (rising edge-triggered flip-flop clocked by clk)
Path Group: clk
Path Type: min

Fanout     Cap    Slew   Delay    Time   Description
-----------------------------------------------------------------------------
                          0.00    0.00   clock clk (rise edge)
                          0.00    0.00   clock source latency
                  0.09    0.06    0.06 ^ clk (in)
     1    0.02                           clk (net)
                  0.09    0.00    0.06 ^ clkbuf_0_clk/A (sky130_fd_sc_hd__clkbuf_16)
                  0.11    0.19    0.25 ^ clkbuf_0_clk/X (sky130_fd_sc_hd__clkbuf_16)
    16    0.09                           clknet_0_clk (net)
                  0.11    0.00    0.25 ^ clkbuf_4_4_0_clk/A (sky130_fd_sc_hd__clkbuf_8)
                  0.06    0.15    0.40 ^ clkbuf_4_4_0_clk/X (sky130_fd_sc_hd__clkbuf_8)
     9    0.02                           clknet_4_4_0_clk (net)
                  0.06    0.00    0.40 ^ _1260_/CLK (sky130_fd_sc_hd__dfxtp_1)
                  0.06    0.30    0.70 ^ _1260_/Q (sky130_fd_sc_hd__dfxtp_1)
     2    0.00                           u_sram.mem[23][0] (net)
                  0.06    0.00    0.70 ^ _1139_/A0 (sky130_fd_sc_hd__mux2_1)
                  0.04    0.11    0.81 ^ _1139_/X (sky130_fd_sc_hd__mux2_1)
     1    0.00                           _0496_ (net)
                  0.04    0.00    0.81 ^ _1140_/A (sky130_fd_sc_hd__clkbuf_1)
                  0.04    0.07    0.88 ^ _1140_/X (sky130_fd_sc_hd__clkbuf_1)
     1    0.00                           _0094_ (net)
                  0.04    0.00    0.88 ^ _1260_/D (sky130_fd_sc_hd__dfxtp_1)
                                  0.88   data arrival time

                          0.00    0.00   clock clk (rise edge)
                          0.00    0.00   clock source latency
                  0.09    0.06    0.06 ^ clk (in)
     1    0.02                           clk (net)
                  0.09    0.00    0.06 ^ clkbuf_0_clk/A (sky130_fd_sc_hd__clkbuf_16)
                  0.11    0.21    0.27 ^ clkbuf_0_clk/X (sky130_fd_sc_hd__clkbuf_16)
    16    0.09                           clknet_0_clk (net)
                  0.11    0.00    0.27 ^ clkbuf_4_4_0_clk/A (sky130_fd_sc_hd__clkbuf_8)
                  0.06    0.17    0.44 ^ clkbuf_4_4_0_clk/X (sky130_fd_sc_hd__clkbuf_8)
     9    0.02                           clknet_4_4_0_clk (net)
                  0.06    0.00    0.44 ^ _1260_/CLK (sky130_fd_sc_hd__dfxtp_1)
                          0.25    0.69   clock uncertainty
                         -0.04    0.65   clock reconvergence pessimism
                         -0.03    0.62   library hold time
                                  0.62   data required time
-----------------------------------------------------------------------------
                                  0.62   data required time
                                 -0.88   data arrival time
-----------------------------------------------------------------------------
                                  0.26   slack (MET)


Startpoint: _1307_ (rising edge-triggered flip-flop clocked by clk)
Endpoint: _1307_ (rising edge-triggered flip-flop clocked by clk)
Path Group: clk
Path Type: min

Fanout     Cap    Slew   Delay    Time   Description
-----------------------------------------------------------------------------
                          0.00    0.00   clock clk (rise edge)
                          0.00    0.00   clock source latency
                  0.09    0.06    0.06 ^ clk (in)
     1    0.02                           clk (net)
                  0.09    0.00    0.06 ^ clkbuf_0_clk/A (sky130_fd_sc_hd__clkbuf_16)
                  0.11    0.19    0.25 ^ clkbuf_0_clk/X (sky130_fd_sc_hd__clkbuf_16)
    16    0.09                           clknet_0_clk (net)
                  0.11    0.00    0.25 ^ clkbuf_4_10_0_clk/A (sky130_fd_sc_hd__clkbuf_8)
                  0.08    0.17    0.42 ^ clkbuf_4_10_0_clk/X (sky130_fd_sc_hd__clkbuf_8)
    15    0.04                           clknet_4_10_0_clk (net)
                  0.08    0.00    0.42 ^ _1307_/CLK (sky130_fd_sc_hd__dfrtp_1)
                  0.07    0.33    0.75 ^ _1307_/Q (sky130_fd_sc_hd__dfrtp_1)
     2    0.01                           u_fsm.protocol_error (net)
                  0.07    0.00    0.75 ^ _0672_/A (sky130_fd_sc_hd__clkbuf_1)
                  0.04    0.08    0.83 ^ _0672_/X (sky130_fd_sc_hd__clkbuf_1)
     1    0.00                           _0569_ (net)
                  0.04    0.00    0.83 ^ _0673_/A (sky130_fd_sc_hd__clkbuf_1)
                  0.04    0.07    0.90 ^ _0673_/X (sky130_fd_sc_hd__clkbuf_1)
     1    0.00                           _0141_ (net)
                  0.04    0.00    0.90 ^ _1307_/D (sky130_fd_sc_hd__dfrtp_1)
                                  0.90   data arrival time

                          0.00    0.00   clock clk (rise edge)
                          0.00    0.00   clock source latency
                  0.09    0.06    0.06 ^ clk (in)
     1    0.02                           clk (net)
                  0.09    0.00    0.06 ^ clkbuf_0_clk/A (sky130_fd_sc_hd__clkbuf_16)
                  0.11    0.21    0.27 ^ clkbuf_0_clk/X (sky130_fd_sc_hd__clkbuf_16)
    16    0.09                           clknet_0_clk (net)
                  0.11    0.00    0.27 ^ clkbuf_4_10_0_clk/A (sky130_fd_sc_hd__clkbuf_8)
                  0.08    0.19    0.46 ^ clkbuf_4_10_0_clk/X (sky130_fd_sc_hd__clkbuf_8)
    15    0.04                           clknet_4_10_0_clk (net)
                  0.08    0.00    0.46 ^ _1307_/CLK (sky130_fd_sc_hd__dfrtp_1)
                          0.25    0.71   clock uncertainty
                         -0.04    0.67   clock reconvergence pessimism
                         -0.03    0.64   library hold time
                                  0.64   data required time
-----------------------------------------------------------------------------
                                  0.64   data required time
                                 -0.90   data arrival time
-----------------------------------------------------------------------------
                                  0.26   slack (MET)


Startpoint: _1304_ (rising edge-triggered flip-flop clocked by clk)
Endpoint: _1304_ (rising edge-triggered flip-flop clocked by clk)
Path Group: clk
Path Type: min

Fanout     Cap    Slew   Delay    Time   Description
-----------------------------------------------------------------------------
                          0.00    0.00   clock clk (rise edge)
                          0.00    0.00   clock source latency
                  0.09    0.06    0.06 ^ clk (in)
     1    0.02                           clk (net)
                  0.09    0.00    0.06 ^ clkbuf_0_clk/A (sky130_fd_sc_hd__clkbuf_16)
                  0.11    0.19    0.25 ^ clkbuf_0_clk/X (sky130_fd_sc_hd__clkbuf_16)
    16    0.09                           clknet_0_clk (net)
                  0.11    0.00    0.25 ^ clkbuf_4_9_0_clk/A (sky130_fd_sc_hd__clkbuf_8)
                  0.06    0.15    0.40 ^ clkbuf_4_9_0_clk/X (sky130_fd_sc_hd__clkbuf_8)
     8    0.02                           clknet_4_9_0_clk (net)
                  0.06    0.00    0.40 ^ _1304_/CLK (sky130_fd_sc_hd__dfxtp_1)
                  0.06    0.30    0.70 ^ _1304_/Q (sky130_fd_sc_hd__dfxtp_1)
     2    0.00                           u_sram.mem[1][0] (net)
                  0.06    0.00    0.70 ^ _0665_/A1 (sky130_fd_sc_hd__mux2_1)
                  0.04    0.11    0.81 ^ _0665_/X (sky130_fd_sc_hd__mux2_1)
     1    0.00                           _0565_ (net)
                  0.04    0.00    0.81 ^ _0666_/A (sky130_fd_sc_hd__clkbuf_1)
                  0.03    0.07    0.88 ^ _0666_/X (sky130_fd_sc_hd__clkbuf_1)
     1    0.00                           _0138_ (net)
                  0.03    0.00    0.88 ^ _1304_/D (sky130_fd_sc_hd__dfxtp_1)
                                  0.88   data arrival time

                          0.00    0.00   clock clk (rise edge)
                          0.00    0.00   clock source latency
                  0.09    0.06    0.06 ^ clk (in)
     1    0.02                           clk (net)
                  0.09    0.00    0.06 ^ clkbuf_0_clk/A (sky130_fd_sc_hd__clkbuf_16)
                  0.11    0.21    0.27 ^ clkbuf_0_clk/X (sky130_fd_sc_hd__clkbuf_16)
    16    0.09                           clknet_0_clk (net)
                  0.11    0.00    0.27 ^ clkbuf_4_9_0_clk/A (sky130_fd_sc_hd__clkbuf_8)
                  0.06    0.17    0.44 ^ clkbuf_4_9_0_clk/X (sky130_fd_sc_hd__clkbuf_8)
     8    0.02                           clknet_4_9_0_clk (net)
                  0.06    0.00    0.44 ^ _1304_/CLK (sky130_fd_sc_hd__dfxtp_1)
                          0.25    0.69   clock uncertainty
                         -0.04    0.65   clock reconvergence pessimism
                         -0.03    0.62   library hold time
                                  0.62   data required time
-----------------------------------------------------------------------------
                                  0.62   data required time
                                 -0.88   data arrival time
-----------------------------------------------------------------------------
                                  0.26   slack (MET)


Startpoint: _1226_ (rising edge-triggered flip-flop clocked by clk)
Endpoint: _1226_ (rising edge-triggered flip-flop clocked by clk)
Path Group: clk
Path Type: min

Fanout     Cap    Slew   Delay    Time   Description
-----------------------------------------------------------------------------
                          0.00    0.00   clock clk (rise edge)
                          0.00    0.00   clock source latency
                  0.09    0.06    0.06 ^ clk (in)
     1    0.02                           clk (net)
                  0.09    0.00    0.06 ^ clkbuf_0_clk/A (sky130_fd_sc_hd__clkbuf_16)
                  0.11    0.19    0.25 ^ clkbuf_0_clk/X (sky130_fd_sc_hd__clkbuf_16)
    16    0.09                           clknet_0_clk (net)
                  0.11    0.00    0.25 ^ clkbuf_4_6_0_clk/A (sky130_fd_sc_hd__clkbuf_8)
                  0.06    0.16    0.40 ^ clkbuf_4_6_0_clk/X (sky130_fd_sc_hd__clkbuf_8)
    10    0.03                           clknet_4_6_0_clk (net)
                  0.06    0.00    0.40 ^ _1226_/CLK (sky130_fd_sc_hd__dfxtp_1)
                  0.05    0.30    0.70 ^ _1226_/Q (sky130_fd_sc_hd__dfxtp_1)
     2    0.00                           u_sram.mem[40][0] (net)
                  0.05    0.00    0.70 ^ _1050_/A1 (sky130_fd_sc_hd__mux2_1)
                  0.04    0.11    0.82 ^ _1050_/X (sky130_fd_sc_hd__mux2_1)
     1    0.00                           _0441_ (net)
                  0.04    0.00    0.82 ^ _1051_/A (sky130_fd_sc_hd__clkbuf_1)
                  0.04    0.07    0.88 ^ _1051_/X (sky130_fd_sc_hd__clkbuf_1)
     1    0.00                           _0060_ (net)
                  0.04    0.00    0.88 ^ _1226_/D (sky130_fd_sc_hd__dfxtp_1)
                                  0.88   data arrival time

                          0.00    0.00   clock clk (rise edge)
                          0.00    0.00   clock source latency
                  0.09    0.06    0.06 ^ clk (in)
     1    0.02                           clk (net)
                  0.09    0.00    0.06 ^ clkbuf_0_clk/A (sky130_fd_sc_hd__clkbuf_16)
                  0.11    0.21    0.27 ^ clkbuf_0_clk/X (sky130_fd_sc_hd__clkbuf_16)
    16    0.09                           clknet_0_clk (net)
                  0.11    0.00    0.27 ^ clkbuf_4_6_0_clk/A (sky130_fd_sc_hd__clkbuf_8)
                  0.06    0.17    0.44 ^ clkbuf_4_6_0_clk/X (sky130_fd_sc_hd__clkbuf_8)
    10    0.03                           clknet_4_6_0_clk (net)
                  0.06    0.00    0.44 ^ _1226_/CLK (sky130_fd_sc_hd__dfxtp_1)
                          0.25    0.69   clock uncertainty
                         -0.04    0.65   clock reconvergence pessimism
                         -0.03    0.62   library hold time
                                  0.62   data required time
-----------------------------------------------------------------------------
                                  0.62   data required time
                                 -0.88   data arrival time
-----------------------------------------------------------------------------
                                  0.26   slack (MET)


Startpoint: _1203_ (rising edge-triggered flip-flop clocked by clk)
Endpoint: _1203_ (rising edge-triggered flip-flop clocked by clk)
Path Group: clk
Path Type: min

Fanout     Cap    Slew   Delay    Time   Description
-----------------------------------------------------------------------------
                          0.00    0.00   clock clk (rise edge)
                          0.00    0.00   clock source latency
                  0.09    0.06    0.06 ^ clk (in)
     1    0.02                           clk (net)
                  0.09    0.00    0.06 ^ clkbuf_0_clk/A (sky130_fd_sc_hd__clkbuf_16)
                  0.11    0.19    0.25 ^ clkbuf_0_clk/X (sky130_fd_sc_hd__clkbuf_16)
    16    0.09                           clknet_0_clk (net)
                  0.11    0.00    0.25 ^ clkbuf_4_8_0_clk/A (sky130_fd_sc_hd__clkbuf_8)
                  0.06    0.16    0.40 ^ clkbuf_4_8_0_clk/X (sky130_fd_sc_hd__clkbuf_8)
    10    0.03                           clknet_4_8_0_clk (net)
                  0.06    0.00    0.40 ^ _1203_/CLK (sky130_fd_sc_hd__dfxtp_1)
                  0.06    0.30    0.70 ^ _1203_/Q (sky130_fd_sc_hd__dfxtp_1)
     2    0.00                           u_sram.mem[51][1] (net)
                  0.06    0.00    0.70 ^ _0983_/A0 (sky130_fd_sc_hd__mux2_1)
                  0.04    0.11    0.82 ^ _0983_/X (sky130_fd_sc_hd__mux2_1)
     1    0.00                           _0397_ (net)
                  0.04    0.00    0.82 ^ _0984_/A (sky130_fd_sc_hd__clkbuf_1)
                  0.04    0.07    0.88 ^ _0984_/X (sky130_fd_sc_hd__clkbuf_1)
     1    0.00                           _0037_ (net)
                  0.04    0.00    0.88 ^ _1203_/D (sky130_fd_sc_hd__dfxtp_1)
                                  0.88   data arrival time

                          0.00    0.00   clock clk (rise edge)
                          0.00    0.00   clock source latency
                  0.09    0.06    0.06 ^ clk (in)
     1    0.02                           clk (net)
                  0.09    0.00    0.06 ^ clkbuf_0_clk/A (sky130_fd_sc_hd__clkbuf_16)
                  0.11    0.21    0.27 ^ clkbuf_0_clk/X (sky130_fd_sc_hd__clkbuf_16)
    16    0.09                           clknet_0_clk (net)
                  0.11    0.00    0.27 ^ clkbuf_4_8_0_clk/A (sky130_fd_sc_hd__clkbuf_8)
                  0.06    0.17    0.44 ^ clkbuf_4_8_0_clk/X (sky130_fd_sc_hd__clkbuf_8)
    10    0.03                           clknet_4_8_0_clk (net)
                  0.06    0.00    0.44 ^ _1203_/CLK (sky130_fd_sc_hd__dfxtp_1)
                          0.25    0.69   clock uncertainty
                         -0.04    0.65   clock reconvergence pessimism
                         -0.03    0.62   library hold time
                                  0.62   data required time
-----------------------------------------------------------------------------
                                  0.62   data required time
                                 -0.88   data arrival time
-----------------------------------------------------------------------------
                                  0.26   slack (MET)


Startpoint: _1305_ (rising edge-triggered flip-flop clocked by clk)
Endpoint: _1315_ (rising edge-triggered flip-flop clocked by clk)
Path Group: clk
Path Type: min

Fanout     Cap    Slew   Delay    Time   Description
-----------------------------------------------------------------------------
                          0.00    0.00   clock clk (rise edge)
                          0.00    0.00   clock source latency
                  0.09    0.06    0.06 ^ clk (in)
     1    0.02                           clk (net)
                  0.09    0.00    0.06 ^ clkbuf_0_clk/A (sky130_fd_sc_hd__clkbuf_16)
                  0.11    0.19    0.25 ^ clkbuf_0_clk/X (sky130_fd_sc_hd__clkbuf_16)
    16    0.09                           clknet_0_clk (net)
                  0.11    0.00    0.25 ^ clkbuf_4_10_0_clk/A (sky130_fd_sc_hd__clkbuf_8)
                  0.08    0.17    0.42 ^ clkbuf_4_10_0_clk/X (sky130_fd_sc_hd__clkbuf_8)
    15    0.04                           clknet_4_10_0_clk (net)
                  0.08    0.00    0.42 ^ _1305_/CLK (sky130_fd_sc_hd__dfxtp_1)
                  0.06    0.31    0.73 ^ _1305_/Q (sky130_fd_sc_hd__dfxtp_1)
     2    0.01                           u_sram.mem[0][1] (net)
                  0.06    0.00    0.73 ^ _0798_/A1 (sky130_fd_sc_hd__o221a_1)
                  0.05    0.17    0.90 ^ _0798_/X (sky130_fd_sc_hd__o221a_1)
     1    0.00                           _0005_ (net)
                  0.05    0.00    0.90 ^ _1315_/D (sky130_fd_sc_hd__dfrtp_1)
                                  0.90   data arrival time

                          0.00    0.00   clock clk (rise edge)
                          0.00    0.00   clock source latency
                  0.09    0.06    0.06 ^ clk (in)
     1    0.02                           clk (net)
                  0.09    0.00    0.06 ^ clkbuf_0_clk/A (sky130_fd_sc_hd__clkbuf_16)
                  0.11    0.21    0.27 ^ clkbuf_0_clk/X (sky130_fd_sc_hd__clkbuf_16)
    16    0.09                           clknet_0_clk (net)
                  0.11    0.00    0.27 ^ clkbuf_4_11_0_clk/A (sky130_fd_sc_hd__clkbuf_8)
                  0.07    0.18    0.45 ^ clkbuf_4_11_0_clk/X (sky130_fd_sc_hd__clkbuf_8)
    12    0.03                           clknet_4_11_0_clk (net)
                  0.07    0.00    0.45 ^ _1315_/CLK (sky130_fd_sc_hd__dfrtp_1)
                          0.25    0.70   clock uncertainty
                         -0.03    0.67   clock reconvergence pessimism
                         -0.03    0.64   library hold time
                                  0.64   data required time
-----------------------------------------------------------------------------
                                  0.64   data required time
                                 -0.90   data arrival time
-----------------------------------------------------------------------------
                                  0.26   slack (MET)


Startpoint: _1198_ (rising edge-triggered flip-flop clocked by clk)
Endpoint: _1198_ (rising edge-triggered flip-flop clocked by clk)
Path Group: clk
Path Type: min

Fanout     Cap    Slew   Delay    Time   Description
-----------------------------------------------------------------------------
                          0.00    0.00   clock clk (rise edge)
                          0.00    0.00   clock source latency
                  0.09    0.06    0.06 ^ clk (in)
     1    0.02                           clk (net)
                  0.09    0.00    0.06 ^ clkbuf_0_clk/A (sky130_fd_sc_hd__clkbuf_16)
                  0.11    0.19    0.25 ^ clkbuf_0_clk/X (sky130_fd_sc_hd__clkbuf_16)
    16    0.09                           clknet_0_clk (net)
                  0.11    0.00    0.25 ^ clkbuf_4_3_0_clk/A (sky130_fd_sc_hd__clkbuf_8)
                  0.06    0.15    0.40 ^ clkbuf_4_3_0_clk/X (sky130_fd_sc_hd__clkbuf_8)
     9    0.02                           clknet_4_3_0_clk (net)
                  0.06    0.00    0.40 ^ _1198_/CLK (sky130_fd_sc_hd__dfxtp_1)
                  0.06    0.30    0.70 ^ _1198_/Q (sky130_fd_sc_hd__dfxtp_1)
     2    0.00                           u_sram.mem[54][0] (net)
                  0.06    0.00    0.70 ^ _0967_/A0 (sky130_fd_sc_hd__mux2_1)
                  0.04    0.11    0.81 ^ _0967_/X (sky130_fd_sc_hd__mux2_1)
     1    0.00                           _0386_ (net)
                  0.04    0.00    0.81 ^ _0968_/A (sky130_fd_sc_hd__clkbuf_1)
                  0.04    0.07    0.88 ^ _0968_/X (sky130_fd_sc_hd__clkbuf_1)
     1    0.00                           _0032_ (net)
                  0.04    0.00    0.88 ^ _1198_/D (sky130_fd_sc_hd__dfxtp_1)
                                  0.88   data arrival time

                          0.00    0.00   clock clk (rise edge)
                          0.00    0.00   clock source latency
                  0.09    0.06    0.06 ^ clk (in)
     1    0.02                           clk (net)
                  0.09    0.00    0.06 ^ clkbuf_0_clk/A (sky130_fd_sc_hd__clkbuf_16)
                  0.11    0.21    0.27 ^ clkbuf_0_clk/X (sky130_fd_sc_hd__clkbuf_16)
    16    0.09                           clknet_0_clk (net)
                  0.11    0.00    0.27 ^ clkbuf_4_3_0_clk/A (sky130_fd_sc_hd__clkbuf_8)
                  0.06    0.17    0.44 ^ clkbuf_4_3_0_clk/X (sky130_fd_sc_hd__clkbuf_8)
     9    0.02                           clknet_4_3_0_clk (net)
                  0.06    0.00    0.44 ^ _1198_/CLK (sky130_fd_sc_hd__dfxtp_1)
                          0.25    0.69   clock uncertainty
                         -0.04    0.65   clock reconvergence pessimism
                         -0.03    0.62   library hold time
                                  0.62   data required time
-----------------------------------------------------------------------------
                                  0.62   data required time
                                 -0.88   data arrival time
-----------------------------------------------------------------------------
                                  0.26   slack (MET)


Startpoint: _1253_ (rising edge-triggered flip-flop clocked by clk)
Endpoint: _1253_ (rising edge-triggered flip-flop clocked by clk)
Path Group: clk
Path Type: min

Fanout     Cap    Slew   Delay    Time   Description
-----------------------------------------------------------------------------
                          0.00    0.00   clock clk (rise edge)
                          0.00    0.00   clock source latency
                  0.09    0.06    0.06 ^ clk (in)
     1    0.02                           clk (net)
                  0.09    0.00    0.06 ^ clkbuf_0_clk/A (sky130_fd_sc_hd__clkbuf_16)
                  0.11    0.19    0.25 ^ clkbuf_0_clk/X (sky130_fd_sc_hd__clkbuf_16)
    16    0.09                           clknet_0_clk (net)
                  0.11    0.00    0.25 ^ clkbuf_4_5_0_clk/A (sky130_fd_sc_hd__clkbuf_8)
                  0.06    0.16    0.40 ^ clkbuf_4_5_0_clk/X (sky130_fd_sc_hd__clkbuf_8)
    11    0.03                           clknet_4_5_0_clk (net)
                  0.06    0.00    0.40 ^ _1253_/CLK (sky130_fd_sc_hd__dfxtp_1)
                  0.06    0.30    0.71 ^ _1253_/Q (sky130_fd_sc_hd__dfxtp_1)
     2    0.00                           u_sram.mem[26][1] (net)
                  0.06    0.00    0.71 ^ _1121_/A0 (sky130_fd_sc_hd__mux2_1)
                  0.04    0.11    0.82 ^ _1121_/X (sky130_fd_sc_hd__mux2_1)
     1    0.00                           _0485_ (net)
                  0.04    0.00    0.82 ^ _1122_/A (sky130_fd_sc_hd__clkbuf_1)
                  0.04    0.07    0.89 ^ _1122_/X (sky130_fd_sc_hd__clkbuf_1)
     1    0.00                           _0087_ (net)
                  0.04    0.00    0.89 ^ _1253_/D (sky130_fd_sc_hd__dfxtp_1)
                                  0.89   data arrival time

                          0.00    0.00   clock clk (rise edge)
                          0.00    0.00   clock source latency
                  0.09    0.06    0.06 ^ clk (in)
     1    0.02                           clk (net)
                  0.09    0.00    0.06 ^ clkbuf_0_clk/A (sky130_fd_sc_hd__clkbuf_16)
                  0.11    0.21    0.27 ^ clkbuf_0_clk/X (sky130_fd_sc_hd__clkbuf_16)
    16    0.09                           clknet_0_clk (net)
                  0.11    0.00    0.27 ^ clkbuf_4_5_0_clk/A (sky130_fd_sc_hd__clkbuf_8)
                  0.06    0.17    0.45 ^ clkbuf_4_5_0_clk/X (sky130_fd_sc_hd__clkbuf_8)
    11    0.03                           clknet_4_5_0_clk (net)
                  0.06    0.00    0.45 ^ _1253_/CLK (sky130_fd_sc_hd__dfxtp_1)
                          0.25    0.70   clock uncertainty
                         -0.04    0.65   clock reconvergence pessimism
                         -0.03    0.63   library hold time
                                  0.63   data required time
-----------------------------------------------------------------------------
                                  0.63   data required time
                                 -0.89   data arrival time
-----------------------------------------------------------------------------
                                  0.26   slack (MET)


Startpoint: _1257_ (rising edge-triggered flip-flop clocked by clk)
Endpoint: _1257_ (rising edge-triggered flip-flop clocked by clk)
Path Group: clk
Path Type: min

Fanout     Cap    Slew   Delay    Time   Description
-----------------------------------------------------------------------------
                          0.00    0.00   clock clk (rise edge)
                          0.00    0.00   clock source latency
                  0.09    0.06    0.06 ^ clk (in)
     1    0.02                           clk (net)
                  0.09    0.00    0.06 ^ clkbuf_0_clk/A (sky130_fd_sc_hd__clkbuf_16)
                  0.11    0.19    0.25 ^ clkbuf_0_clk/X (sky130_fd_sc_hd__clkbuf_16)
    16    0.09                           clknet_0_clk (net)
                  0.11    0.00    0.25 ^ clkbuf_4_6_0_clk/A (sky130_fd_sc_hd__clkbuf_8)
                  0.06    0.16    0.40 ^ clkbuf_4_6_0_clk/X (sky130_fd_sc_hd__clkbuf_8)
    10    0.03                           clknet_4_6_0_clk (net)
                  0.06    0.00    0.40 ^ _1257_/CLK (sky130_fd_sc_hd__dfxtp_1)
                  0.05    0.30    0.70 ^ _1257_/Q (sky130_fd_sc_hd__dfxtp_1)
     2    0.00                           u_sram.mem[24][1] (net)
                  0.05    0.00    0.70 ^ _1131_/A1 (sky130_fd_sc_hd__mux2_1)
                  0.04    0.11    0.82 ^ _1131_/X (sky130_fd_sc_hd__mux2_1)
     1    0.00                           _0491_ (net)
                  0.04    0.00    0.82 ^ _1132_/A (sky130_fd_sc_hd__clkbuf_1)
                  0.04    0.07    0.88 ^ _1132_/X (sky130_fd_sc_hd__clkbuf_1)
     1    0.00                           _0091_ (net)
                  0.04    0.00    0.88 ^ _1257_/D (sky130_fd_sc_hd__dfxtp_1)
                                  0.88   data arrival time

                          0.00    0.00   clock clk (rise edge)
                          0.00    0.00   clock source latency
                  0.09    0.06    0.06 ^ clk (in)
     1    0.02                           clk (net)
                  0.09    0.00    0.06 ^ clkbuf_0_clk/A (sky130_fd_sc_hd__clkbuf_16)
                  0.11    0.21    0.27 ^ clkbuf_0_clk/X (sky130_fd_sc_hd__clkbuf_16)
    16    0.09                           clknet_0_clk (net)
                  0.11    0.00    0.27 ^ clkbuf_4_6_0_clk/A (sky130_fd_sc_hd__clkbuf_8)
                  0.06    0.17    0.44 ^ clkbuf_4_6_0_clk/X (sky130_fd_sc_hd__clkbuf_8)
    10    0.03                           clknet_4_6_0_clk (net)
                  0.06    0.00    0.44 ^ _1257_/CLK (sky130_fd_sc_hd__dfxtp_1)
                          0.25    0.69   clock uncertainty
                         -0.04    0.65   clock reconvergence pessimism
                         -0.03    0.62   library hold time
                                  0.62   data required time
-----------------------------------------------------------------------------
                                  0.62   data required time
                                 -0.88   data arrival time
-----------------------------------------------------------------------------
                                  0.26   slack (MET)


Startpoint: _1190_ (rising edge-triggered flip-flop clocked by clk)
Endpoint: _1190_ (rising edge-triggered flip-flop clocked by clk)
Path Group: clk
Path Type: min

Fanout     Cap    Slew   Delay    Time   Description
-----------------------------------------------------------------------------
                          0.00    0.00   clock clk (rise edge)
                          0.00    0.00   clock source latency
                  0.09    0.06    0.06 ^ clk (in)
     1    0.02                           clk (net)
                  0.09    0.00    0.06 ^ clkbuf_0_clk/A (sky130_fd_sc_hd__clkbuf_16)
                  0.11    0.19    0.25 ^ clkbuf_0_clk/X (sky130_fd_sc_hd__clkbuf_16)
    16    0.09                           clknet_0_clk (net)
                  0.11    0.00    0.25 ^ clkbuf_4_3_0_clk/A (sky130_fd_sc_hd__clkbuf_8)
                  0.06    0.15    0.40 ^ clkbuf_4_3_0_clk/X (sky130_fd_sc_hd__clkbuf_8)
     9    0.02                           clknet_4_3_0_clk (net)
                  0.06    0.00    0.40 ^ _1190_/CLK (sky130_fd_sc_hd__dfxtp_1)
                  0.06    0.30    0.70 ^ _1190_/Q (sky130_fd_sc_hd__dfxtp_1)
     2    0.00                           u_sram.mem[58][0] (net)
                  0.06    0.00    0.70 ^ _0944_/A0 (sky130_fd_sc_hd__mux2_1)
                  0.04    0.11    0.81 ^ _0944_/X (sky130_fd_sc_hd__mux2_1)
     1    0.00                           _0371_ (net)
                  0.04    0.00    0.81 ^ _0945_/A (sky130_fd_sc_hd__clkbuf_1)
                  0.04    0.07    0.88 ^ _0945_/X (sky130_fd_sc_hd__clkbuf_1)
     1    0.00                           _0024_ (net)
                  0.04    0.00    0.88 ^ _1190_/D (sky130_fd_sc_hd__dfxtp_1)
                                  0.88   data arrival time

                          0.00    0.00   clock clk (rise edge)
                          0.00    0.00   clock source latency
                  0.09    0.06    0.06 ^ clk (in)
     1    0.02                           clk (net)
                  0.09    0.00    0.06 ^ clkbuf_0_clk/A (sky130_fd_sc_hd__clkbuf_16)
                  0.11    0.21    0.27 ^ clkbuf_0_clk/X (sky130_fd_sc_hd__clkbuf_16)
    16    0.09                           clknet_0_clk (net)
                  0.11    0.00    0.27 ^ clkbuf_4_3_0_clk/A (sky130_fd_sc_hd__clkbuf_8)
                  0.06    0.17    0.44 ^ clkbuf_4_3_0_clk/X (sky130_fd_sc_hd__clkbuf_8)
     9    0.02                           clknet_4_3_0_clk (net)
                  0.06    0.00    0.44 ^ _1190_/CLK (sky130_fd_sc_hd__dfxtp_1)
                          0.25    0.69   clock uncertainty
                         -0.04    0.65   clock reconvergence pessimism
                         -0.03    0.62   library hold time
                                  0.62   data required time
-----------------------------------------------------------------------------
                                  0.62   data required time
                                 -0.88   data arrival time
-----------------------------------------------------------------------------
                                  0.26   slack (MET)


Startpoint: _1215_ (rising edge-triggered flip-flop clocked by clk)
Endpoint: _1215_ (rising edge-triggered flip-flop clocked by clk)
Path Group: clk
Path Type: min

Fanout     Cap    Slew   Delay    Time   Description
-----------------------------------------------------------------------------
                          0.00    0.00   clock clk (rise edge)
                          0.00    0.00   clock source latency
                  0.09    0.06    0.06 ^ clk (in)
     1    0.02                           clk (net)
                  0.09    0.00    0.06 ^ clkbuf_0_clk/A (sky130_fd_sc_hd__clkbuf_16)
                  0.11    0.19    0.25 ^ clkbuf_0_clk/X (sky130_fd_sc_hd__clkbuf_16)
    16    0.09                           clknet_0_clk (net)
                  0.11    0.00    0.25 ^ clkbuf_4_11_0_clk/A (sky130_fd_sc_hd__clkbuf_8)
                  0.07    0.16    0.41 ^ clkbuf_4_11_0_clk/X (sky130_fd_sc_hd__clkbuf_8)
    12    0.03                           clknet_4_11_0_clk (net)
                  0.07    0.00    0.41 ^ _1215_/CLK (sky130_fd_sc_hd__dfxtp_1)
                  0.05    0.30    0.71 ^ _1215_/Q (sky130_fd_sc_hd__dfxtp_1)
     2    0.00                           u_sram.mem[45][1] (net)
                  0.05    0.00    0.71 ^ _1019_/A1 (sky130_fd_sc_hd__mux2_1)
                  0.04    0.11    0.82 ^ _1019_/X (sky130_fd_sc_hd__mux2_1)
     1    0.00                           _0421_ (net)
                  0.04    0.00    0.82 ^ _1020_/A (sky130_fd_sc_hd__clkbuf_1)
                  0.04    0.07    0.89 ^ _1020_/X (sky130_fd_sc_hd__clkbuf_1)
     1    0.00                           _0049_ (net)
                  0.04    0.00    0.89 ^ _1215_/D (sky130_fd_sc_hd__dfxtp_1)
                                  0.89   data arrival time

                          0.00    0.00   clock clk (rise edge)
                          0.00    0.00   clock source latency
                  0.09    0.06    0.06 ^ clk (in)
     1    0.02                           clk (net)
                  0.09    0.00    0.06 ^ clkbuf_0_clk/A (sky130_fd_sc_hd__clkbuf_16)
                  0.11    0.21    0.27 ^ clkbuf_0_clk/X (sky130_fd_sc_hd__clkbuf_16)
    16    0.09                           clknet_0_clk (net)
                  0.11    0.00    0.27 ^ clkbuf_4_11_0_clk/A (sky130_fd_sc_hd__clkbuf_8)
                  0.07    0.18    0.45 ^ clkbuf_4_11_0_clk/X (sky130_fd_sc_hd__clkbuf_8)
    12    0.03                           clknet_4_11_0_clk (net)
                  0.07    0.00    0.45 ^ _1215_/CLK (sky130_fd_sc_hd__dfxtp_1)
                          0.25    0.70   clock uncertainty
                         -0.04    0.66   clock reconvergence pessimism
                         -0.03    0.63   library hold time
                                  0.63   data required time
-----------------------------------------------------------------------------
                                  0.63   data required time
                                 -0.89   data arrival time
-----------------------------------------------------------------------------
                                  0.26   slack (MET)


Startpoint: _1204_ (rising edge-triggered flip-flop clocked by clk)
Endpoint: _1204_ (rising edge-triggered flip-flop clocked by clk)
Path Group: clk
Path Type: min

Fanout     Cap    Slew   Delay    Time   Description
-----------------------------------------------------------------------------
                          0.00    0.00   clock clk (rise edge)
                          0.00    0.00   clock source latency
                  0.09    0.06    0.06 ^ clk (in)
     1    0.02                           clk (net)
                  0.09    0.00    0.06 ^ clkbuf_0_clk/A (sky130_fd_sc_hd__clkbuf_16)
                  0.11    0.19    0.25 ^ clkbuf_0_clk/X (sky130_fd_sc_hd__clkbuf_16)
    16    0.09                           clknet_0_clk (net)
                  0.11    0.00    0.25 ^ clkbuf_4_8_0_clk/A (sky130_fd_sc_hd__clkbuf_8)
                  0.06    0.16    0.40 ^ clkbuf_4_8_0_clk/X (sky130_fd_sc_hd__clkbuf_8)
    10    0.03                           clknet_4_8_0_clk (net)
                  0.06    0.00    0.40 ^ _1204_/CLK (sky130_fd_sc_hd__dfxtp_1)
                  0.06    0.30    0.70 ^ _1204_/Q (sky130_fd_sc_hd__dfxtp_1)
     2    0.00                           u_sram.mem[51][0] (net)
                  0.06    0.00    0.70 ^ _0985_/A0 (sky130_fd_sc_hd__mux2_1)
                  0.04    0.11    0.81 ^ _0985_/X (sky130_fd_sc_hd__mux2_1)
     1    0.00                           _0398_ (net)
                  0.04    0.00    0.81 ^ _0986_/A (sky130_fd_sc_hd__clkbuf_1)
                  0.04    0.07    0.88 ^ _0986_/X (sky130_fd_sc_hd__clkbuf_1)
     1    0.00                           _0038_ (net)
                  0.04    0.00    0.88 ^ _1204_/D (sky130_fd_sc_hd__dfxtp_1)
                                  0.88   data arrival time

                          0.00    0.00   clock clk (rise edge)
                          0.00    0.00   clock source latency
                  0.09    0.06    0.06 ^ clk (in)
     1    0.02                           clk (net)
                  0.09    0.00    0.06 ^ clkbuf_0_clk/A (sky130_fd_sc_hd__clkbuf_16)
                  0.11    0.21    0.27 ^ clkbuf_0_clk/X (sky130_fd_sc_hd__clkbuf_16)
    16    0.09                           clknet_0_clk (net)
                  0.11    0.00    0.27 ^ clkbuf_4_8_0_clk/A (sky130_fd_sc_hd__clkbuf_8)
                  0.06    0.17    0.44 ^ clkbuf_4_8_0_clk/X (sky130_fd_sc_hd__clkbuf_8)
    10    0.03                           clknet_4_8_0_clk (net)
                  0.06    0.00    0.44 ^ _1204_/CLK (sky130_fd_sc_hd__dfxtp_1)
                          0.25    0.69   clock uncertainty
                         -0.04    0.65   clock reconvergence pessimism
                         -0.03    0.62   library hold time
                                  0.62   data required time
-----------------------------------------------------------------------------
                                  0.62   data required time
                                 -0.88   data arrival time
-----------------------------------------------------------------------------
                                  0.26   slack (MET)


Startpoint: _1225_ (rising edge-triggered flip-flop clocked by clk)
Endpoint: _1225_ (rising edge-triggered flip-flop clocked by clk)
Path Group: clk
Path Type: min

Fanout     Cap    Slew   Delay    Time   Description
-----------------------------------------------------------------------------
                          0.00    0.00   clock clk (rise edge)
                          0.00    0.00   clock source latency
                  0.09    0.06    0.06 ^ clk (in)
     1    0.02                           clk (net)
                  0.09    0.00    0.06 ^ clkbuf_0_clk/A (sky130_fd_sc_hd__clkbuf_16)
                  0.11    0.19    0.25 ^ clkbuf_0_clk/X (sky130_fd_sc_hd__clkbuf_16)
    16    0.09                           clknet_0_clk (net)
                  0.11    0.00    0.25 ^ clkbuf_4_6_0_clk/A (sky130_fd_sc_hd__clkbuf_8)
                  0.06    0.16    0.40 ^ clkbuf_4_6_0_clk/X (sky130_fd_sc_hd__clkbuf_8)
    10    0.03                           clknet_4_6_0_clk (net)
                  0.06    0.00    0.40 ^ _1225_/CLK (sky130_fd_sc_hd__dfxtp_1)
                  0.05    0.30    0.70 ^ _1225_/Q (sky130_fd_sc_hd__dfxtp_1)
     2    0.00                           u_sram.mem[40][1] (net)
                  0.05    0.00    0.70 ^ _1048_/A1 (sky130_fd_sc_hd__mux2_1)
                  0.04    0.11    0.81 ^ _1048_/X (sky130_fd_sc_hd__mux2_1)
     1    0.00                           _0440_ (net)
                  0.04    0.00    0.81 ^ _1049_/A (sky130_fd_sc_hd__clkbuf_1)
                  0.04    0.07    0.89 ^ _1049_/X (sky130_fd_sc_hd__clkbuf_1)
     1    0.00                           _0059_ (net)
                  0.04    0.00    0.89 ^ _1225_/D (sky130_fd_sc_hd__dfxtp_1)
                                  0.89   data arrival time

                          0.00    0.00   clock clk (rise edge)
                          0.00    0.00   clock source latency
                  0.09    0.06    0.06 ^ clk (in)
     1    0.02                           clk (net)
                  0.09    0.00    0.06 ^ clkbuf_0_clk/A (sky130_fd_sc_hd__clkbuf_16)
                  0.11    0.21    0.27 ^ clkbuf_0_clk/X (sky130_fd_sc_hd__clkbuf_16)
    16    0.09                           clknet_0_clk (net)
                  0.11    0.00    0.27 ^ clkbuf_4_6_0_clk/A (sky130_fd_sc_hd__clkbuf_8)
                  0.06    0.17    0.44 ^ clkbuf_4_6_0_clk/X (sky130_fd_sc_hd__clkbuf_8)
    10    0.03                           clknet_4_6_0_clk (net)
                  0.06    0.00    0.44 ^ _1225_/CLK (sky130_fd_sc_hd__dfxtp_1)
                          0.25    0.69   clock uncertainty
                         -0.04    0.65   clock reconvergence pessimism
                         -0.03    0.62   library hold time
                                  0.62   data required time
-----------------------------------------------------------------------------
                                  0.62   data required time
                                 -0.89   data arrival time
-----------------------------------------------------------------------------
                                  0.26   slack (MET)


Startpoint: _1284_ (rising edge-triggered flip-flop clocked by clk)
Endpoint: _1284_ (rising edge-triggered flip-flop clocked by clk)
Path Group: clk
Path Type: min

Fanout     Cap    Slew   Delay    Time   Description
-----------------------------------------------------------------------------
                          0.00    0.00   clock clk (rise edge)
                          0.00    0.00   clock source latency
                  0.09    0.06    0.06 ^ clk (in)
     1    0.02                           clk (net)
                  0.09    0.00    0.06 ^ clkbuf_0_clk/A (sky130_fd_sc_hd__clkbuf_16)
                  0.11    0.19    0.25 ^ clkbuf_0_clk/X (sky130_fd_sc_hd__clkbuf_16)
    16    0.09                           clknet_0_clk (net)
                  0.11    0.00    0.25 ^ clkbuf_4_1_0_clk/A (sky130_fd_sc_hd__clkbuf_8)
                  0.06    0.16    0.40 ^ clkbuf_4_1_0_clk/X (sky130_fd_sc_hd__clkbuf_8)
    10    0.03                           clknet_4_1_0_clk (net)
                  0.06    0.00    0.40 ^ _1284_/CLK (sky130_fd_sc_hd__dfxtp_1)
                  0.06    0.30    0.71 ^ _1284_/Q (sky130_fd_sc_hd__dfxtp_1)
     2    0.00                           u_sram.mem[11][0] (net)
                  0.06    0.00    0.71 ^ _0615_/A0 (sky130_fd_sc_hd__mux2_1)
                  0.04    0.11    0.82 ^ _0615_/X (sky130_fd_sc_hd__mux2_1)
     1    0.00                           _0535_ (net)
                  0.04    0.00    0.82 ^ _0616_/A (sky130_fd_sc_hd__clkbuf_1)
                  0.04    0.07    0.89 ^ _0616_/X (sky130_fd_sc_hd__clkbuf_1)
     1    0.00                           _0118_ (net)
                  0.04    0.00    0.89 ^ _1284_/D (sky130_fd_sc_hd__dfxtp_1)
                                  0.89   data arrival time

                          0.00    0.00   clock clk (rise edge)
                          0.00    0.00   clock source latency
                  0.09    0.06    0.06 ^ clk (in)
     1    0.02                           clk (net)
                  0.09    0.00    0.06 ^ clkbuf_0_clk/A (sky130_fd_sc_hd__clkbuf_16)
                  0.11    0.21    0.27 ^ clkbuf_0_clk/X (sky130_fd_sc_hd__clkbuf_16)
    16    0.09                           clknet_0_clk (net)
                  0.11    0.00    0.27 ^ clkbuf_4_1_0_clk/A (sky130_fd_sc_hd__clkbuf_8)
                  0.06    0.17    0.44 ^ clkbuf_4_1_0_clk/X (sky130_fd_sc_hd__clkbuf_8)
    10    0.03                           clknet_4_1_0_clk (net)
                  0.06    0.00    0.44 ^ _1284_/CLK (sky130_fd_sc_hd__dfxtp_1)
                          0.25    0.69   clock uncertainty
                         -0.04    0.65   clock reconvergence pessimism
                         -0.03    0.62   library hold time
                                  0.62   data required time
-----------------------------------------------------------------------------
                                  0.62   data required time
                                 -0.89   data arrival time
-----------------------------------------------------------------------------
                                  0.26   slack (MET)


Startpoint: _1283_ (rising edge-triggered flip-flop clocked by clk)
Endpoint: _1283_ (rising edge-triggered flip-flop clocked by clk)
Path Group: clk
Path Type: min

Fanout     Cap    Slew   Delay    Time   Description
-----------------------------------------------------------------------------
                          0.00    0.00   clock clk (rise edge)
                          0.00    0.00   clock source latency
                  0.09    0.06    0.06 ^ clk (in)
     1    0.02                           clk (net)
                  0.09    0.00    0.06 ^ clkbuf_0_clk/A (sky130_fd_sc_hd__clkbuf_16)
                  0.11    0.19    0.25 ^ clkbuf_0_clk/X (sky130_fd_sc_hd__clkbuf_16)
    16    0.09                           clknet_0_clk (net)
                  0.11    0.00    0.25 ^ clkbuf_4_0_0_clk/A (sky130_fd_sc_hd__clkbuf_8)
                  0.06    0.16    0.40 ^ clkbuf_4_0_0_clk/X (sky130_fd_sc_hd__clkbuf_8)
    10    0.03                           clknet_4_0_0_clk (net)
                  0.06    0.00    0.40 ^ _1283_/CLK (sky130_fd_sc_hd__dfxtp_1)
                  0.06    0.30    0.70 ^ _1283_/Q (sky130_fd_sc_hd__dfxtp_1)
     2    0.00                           u_sram.mem[11][1] (net)
                  0.06    0.00    0.70 ^ _0613_/A0 (sky130_fd_sc_hd__mux2_1)
                  0.04    0.11    0.81 ^ _0613_/X (sky130_fd_sc_hd__mux2_1)
     1    0.00                           _0534_ (net)
                  0.04    0.00    0.81 ^ _0614_/A (sky130_fd_sc_hd__clkbuf_1)
                  0.04    0.07    0.89 ^ _0614_/X (sky130_fd_sc_hd__clkbuf_1)
     1    0.00                           _0117_ (net)
                  0.04    0.00    0.89 ^ _1283_/D (sky130_fd_sc_hd__dfxtp_1)
                                  0.89   data arrival time

                          0.00    0.00   clock clk (rise edge)
                          0.00    0.00   clock source latency
                  0.09    0.06    0.06 ^ clk (in)
     1    0.02                           clk (net)
                  0.09    0.00    0.06 ^ clkbuf_0_clk/A (sky130_fd_sc_hd__clkbuf_16)
                  0.11    0.21    0.27 ^ clkbuf_0_clk/X (sky130_fd_sc_hd__clkbuf_16)
    16    0.09                           clknet_0_clk (net)
                  0.11    0.00    0.27 ^ clkbuf_4_0_0_clk/A (sky130_fd_sc_hd__clkbuf_8)
                  0.06    0.17    0.44 ^ clkbuf_4_0_0_clk/X (sky130_fd_sc_hd__clkbuf_8)
    10    0.03                           clknet_4_0_0_clk (net)
                  0.06    0.00    0.44 ^ _1283_/CLK (sky130_fd_sc_hd__dfxtp_1)
                          0.25    0.69   clock uncertainty
                         -0.04    0.65   clock reconvergence pessimism
                         -0.03    0.62   library hold time
                                  0.62   data required time
-----------------------------------------------------------------------------
                                  0.62   data required time
                                 -0.89   data arrival time
-----------------------------------------------------------------------------
                                  0.26   slack (MET)


Startpoint: _1291_ (rising edge-triggered flip-flop clocked by clk)
Endpoint: _1291_ (rising edge-triggered flip-flop clocked by clk)
Path Group: clk
Path Type: min

Fanout     Cap    Slew   Delay    Time   Description
-----------------------------------------------------------------------------
                          0.00    0.00   clock clk (rise edge)
                          0.00    0.00   clock source latency
                  0.09    0.06    0.06 ^ clk (in)
     1    0.02                           clk (net)
                  0.09    0.00    0.06 ^ clkbuf_0_clk/A (sky130_fd_sc_hd__clkbuf_16)
                  0.11    0.19    0.25 ^ clkbuf_0_clk/X (sky130_fd_sc_hd__clkbuf_16)
    16    0.09                           clknet_0_clk (net)
                  0.11    0.00    0.25 ^ clkbuf_4_0_0_clk/A (sky130_fd_sc_hd__clkbuf_8)
                  0.06    0.16    0.40 ^ clkbuf_4_0_0_clk/X (sky130_fd_sc_hd__clkbuf_8)
    10    0.03                           clknet_4_0_0_clk (net)
                  0.06    0.00    0.40 ^ _1291_/CLK (sky130_fd_sc_hd__dfxtp_1)
                  0.06    0.30    0.70 ^ _1291_/Q (sky130_fd_sc_hd__dfxtp_1)
     2    0.00                           u_sram.mem[7][1] (net)
                  0.06    0.00    0.70 ^ _0633_/A0 (sky130_fd_sc_hd__mux2_1)
                  0.04    0.11    0.82 ^ _0633_/X (sky130_fd_sc_hd__mux2_1)
     1    0.00                           _0546_ (net)
                  0.04    0.00    0.82 ^ _0634_/A (sky130_fd_sc_hd__clkbuf_1)
                  0.04    0.07    0.89 ^ _0634_/X (sky130_fd_sc_hd__clkbuf_1)
     1    0.00                           _0125_ (net)
                  0.04    0.00    0.89 ^ _1291_/D (sky130_fd_sc_hd__dfxtp_1)
                                  0.89   data arrival time

                          0.00    0.00   clock clk (rise edge)
                          0.00    0.00   clock source latency
                  0.09    0.06    0.06 ^ clk (in)
     1    0.02                           clk (net)
                  0.09    0.00    0.06 ^ clkbuf_0_clk/A (sky130_fd_sc_hd__clkbuf_16)
                  0.11    0.21    0.27 ^ clkbuf_0_clk/X (sky130_fd_sc_hd__clkbuf_16)
    16    0.09                           clknet_0_clk (net)
                  0.11    0.00    0.27 ^ clkbuf_4_0_0_clk/A (sky130_fd_sc_hd__clkbuf_8)
                  0.06    0.17    0.44 ^ clkbuf_4_0_0_clk/X (sky130_fd_sc_hd__clkbuf_8)
    10    0.03                           clknet_4_0_0_clk (net)
                  0.06    0.00    0.44 ^ _1291_/CLK (sky130_fd_sc_hd__dfxtp_1)
                          0.25    0.69   clock uncertainty
                         -0.04    0.65   clock reconvergence pessimism
                         -0.03    0.62   library hold time
                                  0.62   data required time
-----------------------------------------------------------------------------
                                  0.62   data required time
                                 -0.89   data arrival time
-----------------------------------------------------------------------------
                                  0.26   slack (MET)


Startpoint: _1187_ (rising edge-triggered flip-flop clocked by clk)
Endpoint: _1187_ (rising edge-triggered flip-flop clocked by clk)
Path Group: clk
Path Type: min

Fanout     Cap    Slew   Delay    Time   Description
-----------------------------------------------------------------------------
                          0.00    0.00   clock clk (rise edge)
                          0.00    0.00   clock source latency
                  0.09    0.06    0.06 ^ clk (in)
     1    0.02                           clk (net)
                  0.09    0.00    0.06 ^ clkbuf_0_clk/A (sky130_fd_sc_hd__clkbuf_16)
                  0.11    0.19    0.25 ^ clkbuf_0_clk/X (sky130_fd_sc_hd__clkbuf_16)
    16    0.09                           clknet_0_clk (net)
                  0.11    0.00    0.25 ^ clkbuf_4_8_0_clk/A (sky130_fd_sc_hd__clkbuf_8)
                  0.06    0.16    0.40 ^ clkbuf_4_8_0_clk/X (sky130_fd_sc_hd__clkbuf_8)
    10    0.03                           clknet_4_8_0_clk (net)
                  0.06    0.00    0.40 ^ _1187_/CLK (sky130_fd_sc_hd__dfxtp_1)
                  0.06    0.30    0.71 ^ _1187_/Q (sky130_fd_sc_hd__dfxtp_1)
     2    0.00                           u_sram.mem[59][1] (net)
                  0.06    0.00    0.71 ^ _0935_/A0 (sky130_fd_sc_hd__mux2_1)
                  0.04    0.11    0.82 ^ _0935_/X (sky130_fd_sc_hd__mux2_1)
     1    0.00                           _0365_ (net)
                  0.04    0.00    0.82 ^ _0936_/A (sky130_fd_sc_hd__clkbuf_1)
                  0.04    0.07    0.89 ^ _0936_/X (sky130_fd_sc_hd__clkbuf_1)
     1    0.00                           _0021_ (net)
                  0.04    0.00    0.89 ^ _1187_/D (sky130_fd_sc_hd__dfxtp_1)
                                  0.89   data arrival time

                          0.00    0.00   clock clk (rise edge)
                          0.00    0.00   clock source latency
                  0.09    0.06    0.06 ^ clk (in)
     1    0.02                           clk (net)
                  0.09    0.00    0.06 ^ clkbuf_0_clk/A (sky130_fd_sc_hd__clkbuf_16)
                  0.11    0.21    0.27 ^ clkbuf_0_clk/X (sky130_fd_sc_hd__clkbuf_16)
    16    0.09                           clknet_0_clk (net)
                  0.11    0.00    0.27 ^ clkbuf_4_8_0_clk/A (sky130_fd_sc_hd__clkbuf_8)
                  0.06    0.17    0.44 ^ clkbuf_4_8_0_clk/X (sky130_fd_sc_hd__clkbuf_8)
    10    0.03                           clknet_4_8_0_clk (net)
                  0.06    0.00    0.44 ^ _1187_/CLK (sky130_fd_sc_hd__dfxtp_1)
                          0.25    0.69   clock uncertainty
                         -0.04    0.65   clock reconvergence pessimism
                         -0.03    0.62   library hold time
                                  0.62   data required time
-----------------------------------------------------------------------------
                                  0.62   data required time
                                 -0.89   data arrival time
-----------------------------------------------------------------------------
                                  0.26   slack (MET)


Startpoint: _1195_ (rising edge-triggered flip-flop clocked by clk)
Endpoint: _1195_ (rising edge-triggered flip-flop clocked by clk)
Path Group: clk
Path Type: min

Fanout     Cap    Slew   Delay    Time   Description
-----------------------------------------------------------------------------
                          0.00    0.00   clock clk (rise edge)
                          0.00    0.00   clock source latency
                  0.09    0.06    0.06 ^ clk (in)
     1    0.02                           clk (net)
                  0.09    0.00    0.06 ^ clkbuf_0_clk/A (sky130_fd_sc_hd__clkbuf_16)
                  0.11    0.19    0.25 ^ clkbuf_0_clk/X (sky130_fd_sc_hd__clkbuf_16)
    16    0.09                           clknet_0_clk (net)
                  0.11    0.00    0.25 ^ clkbuf_4_8_0_clk/A (sky130_fd_sc_hd__clkbuf_8)
                  0.06    0.16    0.40 ^ clkbuf_4_8_0_clk/X (sky130_fd_sc_hd__clkbuf_8)
    10    0.03                           clknet_4_8_0_clk (net)
                  0.06    0.00    0.40 ^ _1195_/CLK (sky130_fd_sc_hd__dfxtp_1)
                  0.06    0.31    0.71 ^ _1195_/Q (sky130_fd_sc_hd__dfxtp_1)
     2    0.01                           u_sram.mem[55][1] (net)
                  0.06    0.00    0.71 ^ _0959_/A0 (sky130_fd_sc_hd__mux2_1)
                  0.04    0.11    0.82 ^ _0959_/X (sky130_fd_sc_hd__mux2_1)
     1    0.00                           _0381_ (net)
                  0.04    0.00    0.82 ^ _0960_/A (sky130_fd_sc_hd__clkbuf_1)
                  0.03    0.07    0.89 ^ _0960_/X (sky130_fd_sc_hd__clkbuf_1)
     1    0.00                           _0029_ (net)
                  0.03    0.00    0.89 ^ _1195_/D (sky130_fd_sc_hd__dfxtp_1)
                                  0.89   data arrival time

                          0.00    0.00   clock clk (rise edge)
                          0.00    0.00   clock source latency
                  0.09    0.06    0.06 ^ clk (in)
     1    0.02                           clk (net)
                  0.09    0.00    0.06 ^ clkbuf_0_clk/A (sky130_fd_sc_hd__clkbuf_16)
                  0.11    0.21    0.27 ^ clkbuf_0_clk/X (sky130_fd_sc_hd__clkbuf_16)
    16    0.09                           clknet_0_clk (net)
                  0.11    0.00    0.27 ^ clkbuf_4_8_0_clk/A (sky130_fd_sc_hd__clkbuf_8)
                  0.06    0.17    0.44 ^ clkbuf_4_8_0_clk/X (sky130_fd_sc_hd__clkbuf_8)
    10    0.03                           clknet_4_8_0_clk (net)
                  0.06    0.00    0.44 ^ _1195_/CLK (sky130_fd_sc_hd__dfxtp_1)
                          0.25    0.69   clock uncertainty
                         -0.04    0.65   clock reconvergence pessimism
                         -0.03    0.62   library hold time
                                  0.62   data required time
-----------------------------------------------------------------------------
                                  0.62   data required time
                                 -0.89   data arrival time
-----------------------------------------------------------------------------
                                  0.26   slack (MET)


Startpoint: _1259_ (rising edge-triggered flip-flop clocked by clk)
Endpoint: _1259_ (rising edge-triggered flip-flop clocked by clk)
Path Group: clk
Path Type: min

Fanout     Cap    Slew   Delay    Time   Description
-----------------------------------------------------------------------------
                          0.00    0.00   clock clk (rise edge)
                          0.00    0.00   clock source latency
                  0.09    0.06    0.06 ^ clk (in)
     1    0.02                           clk (net)
                  0.09    0.00    0.06 ^ clkbuf_0_clk/A (sky130_fd_sc_hd__clkbuf_16)
                  0.11    0.19    0.25 ^ clkbuf_0_clk/X (sky130_fd_sc_hd__clkbuf_16)
    16    0.09                           clknet_0_clk (net)
                  0.11    0.00    0.25 ^ clkbuf_4_4_0_clk/A (sky130_fd_sc_hd__clkbuf_8)
                  0.06    0.15    0.40 ^ clkbuf_4_4_0_clk/X (sky130_fd_sc_hd__clkbuf_8)
     9    0.02                           clknet_4_4_0_clk (net)
                  0.06    0.00    0.40 ^ _1259_/CLK (sky130_fd_sc_hd__dfxtp_1)
                  0.06    0.30    0.70 ^ _1259_/Q (sky130_fd_sc_hd__dfxtp_1)
     2    0.01                           u_sram.mem[23][1] (net)
                  0.06    0.00    0.70 ^ _1137_/A0 (sky130_fd_sc_hd__mux2_1)
                  0.04    0.11    0.81 ^ _1137_/X (sky130_fd_sc_hd__mux2_1)
     1    0.00                           _0495_ (net)
                  0.04    0.00    0.81 ^ _1138_/A (sky130_fd_sc_hd__clkbuf_1)
                  0.04    0.07    0.88 ^ _1138_/X (sky130_fd_sc_hd__clkbuf_1)
     1    0.00                           _0093_ (net)
                  0.04    0.00    0.88 ^ _1259_/D (sky130_fd_sc_hd__dfxtp_1)
                                  0.88   data arrival time

                          0.00    0.00   clock clk (rise edge)
                          0.00    0.00   clock source latency
                  0.09    0.06    0.06 ^ clk (in)
     1    0.02                           clk (net)
                  0.09    0.00    0.06 ^ clkbuf_0_clk/A (sky130_fd_sc_hd__clkbuf_16)
                  0.11    0.21    0.27 ^ clkbuf_0_clk/X (sky130_fd_sc_hd__clkbuf_16)
    16    0.09                           clknet_0_clk (net)
                  0.11    0.00    0.27 ^ clkbuf_4_4_0_clk/A (sky130_fd_sc_hd__clkbuf_8)
                  0.06    0.17    0.44 ^ clkbuf_4_4_0_clk/X (sky130_fd_sc_hd__clkbuf_8)
     9    0.02                           clknet_4_4_0_clk (net)
                  0.06    0.00    0.44 ^ _1259_/CLK (sky130_fd_sc_hd__dfxtp_1)
                          0.25    0.69   clock uncertainty
                         -0.04    0.65   clock reconvergence pessimism
                         -0.03    0.62   library hold time
                                  0.62   data required time
-----------------------------------------------------------------------------
                                  0.62   data required time
                                 -0.88   data arrival time
-----------------------------------------------------------------------------
                                  0.26   slack (MET)


Startpoint: _1292_ (rising edge-triggered flip-flop clocked by clk)
Endpoint: _1292_ (rising edge-triggered flip-flop clocked by clk)
Path Group: clk
Path Type: min

Fanout     Cap    Slew   Delay    Time   Description
-----------------------------------------------------------------------------
                          0.00    0.00   clock clk (rise edge)
                          0.00    0.00   clock source latency
                  0.09    0.06    0.06 ^ clk (in)
     1    0.02                           clk (net)
                  0.09    0.00    0.06 ^ clkbuf_0_clk/A (sky130_fd_sc_hd__clkbuf_16)
                  0.11    0.19    0.25 ^ clkbuf_0_clk/X (sky130_fd_sc_hd__clkbuf_16)
    16    0.09                           clknet_0_clk (net)
                  0.11    0.00    0.25 ^ clkbuf_4_0_0_clk/A (sky130_fd_sc_hd__clkbuf_8)
                  0.06    0.16    0.40 ^ clkbuf_4_0_0_clk/X (sky130_fd_sc_hd__clkbuf_8)
    10    0.03                           clknet_4_0_0_clk (net)
                  0.06    0.00    0.40 ^ _1292_/CLK (sky130_fd_sc_hd__dfxtp_1)
                  0.06    0.30    0.71 ^ _1292_/Q (sky130_fd_sc_hd__dfxtp_1)
     2    0.00                           u_sram.mem[7][0] (net)
                  0.06    0.00    0.71 ^ _0635_/A0 (sky130_fd_sc_hd__mux2_1)
                  0.04    0.11    0.82 ^ _0635_/X (sky130_fd_sc_hd__mux2_1)
     1    0.00                           _0547_ (net)
                  0.04    0.00    0.82 ^ _0636_/A (sky130_fd_sc_hd__clkbuf_1)
                  0.04    0.07    0.89 ^ _0636_/X (sky130_fd_sc_hd__clkbuf_1)
     1    0.00                           _0126_ (net)
                  0.04    0.00    0.89 ^ _1292_/D (sky130_fd_sc_hd__dfxtp_1)
                                  0.89   data arrival time

                          0.00    0.00   clock clk (rise edge)
                          0.00    0.00   clock source latency
                  0.09    0.06    0.06 ^ clk (in)
     1    0.02                           clk (net)
                  0.09    0.00    0.06 ^ clkbuf_0_clk/A (sky130_fd_sc_hd__clkbuf_16)
                  0.11    0.21    0.27 ^ clkbuf_0_clk/X (sky130_fd_sc_hd__clkbuf_16)
    16    0.09                           clknet_0_clk (net)
                  0.11    0.00    0.27 ^ clkbuf_4_0_0_clk/A (sky130_fd_sc_hd__clkbuf_8)
                  0.06    0.17    0.44 ^ clkbuf_4_0_0_clk/X (sky130_fd_sc_hd__clkbuf_8)
    10    0.03                           clknet_4_0_0_clk (net)
                  0.06    0.00    0.44 ^ _1292_/CLK (sky130_fd_sc_hd__dfxtp_1)
                          0.25    0.69   clock uncertainty
                         -0.04    0.65   clock reconvergence pessimism
                         -0.03    0.62   library hold time
                                  0.62   data required time
-----------------------------------------------------------------------------
                                  0.62   data required time
                                 -0.89   data arrival time
-----------------------------------------------------------------------------
                                  0.26   slack (MET)


Startpoint: _1265_ (rising edge-triggered flip-flop clocked by clk)
Endpoint: _1265_ (rising edge-triggered flip-flop clocked by clk)
Path Group: clk
Path Type: min

Fanout     Cap    Slew   Delay    Time   Description
-----------------------------------------------------------------------------
                          0.00    0.00   clock clk (rise edge)
                          0.00    0.00   clock source latency
                  0.09    0.06    0.06 ^ clk (in)
     1    0.02                           clk (net)
                  0.09    0.00    0.06 ^ clkbuf_0_clk/A (sky130_fd_sc_hd__clkbuf_16)
                  0.11    0.19    0.25 ^ clkbuf_0_clk/X (sky130_fd_sc_hd__clkbuf_16)
    16    0.09                           clknet_0_clk (net)
                  0.11    0.00    0.25 ^ clkbuf_4_4_0_clk/A (sky130_fd_sc_hd__clkbuf_8)
                  0.06    0.15    0.40 ^ clkbuf_4_4_0_clk/X (sky130_fd_sc_hd__clkbuf_8)
     9    0.02                           clknet_4_4_0_clk (net)
                  0.06    0.00    0.40 ^ _1265_/CLK (sky130_fd_sc_hd__dfxtp_1)
                  0.06    0.30    0.70 ^ _1265_/Q (sky130_fd_sc_hd__dfxtp_1)
     2    0.00                           u_sram.mem[20][1] (net)
                  0.06    0.00    0.70 ^ _1153_/A1 (sky130_fd_sc_hd__mux2_1)
                  0.04    0.12    0.81 ^ _1153_/X (sky130_fd_sc_hd__mux2_1)
     1    0.00                           _0505_ (net)
                  0.04    0.00    0.81 ^ _1154_/A (sky130_fd_sc_hd__clkbuf_1)
                  0.04    0.07    0.88 ^ _1154_/X (sky130_fd_sc_hd__clkbuf_1)
     1    0.00                           _0099_ (net)
                  0.04    0.00    0.88 ^ _1265_/D (sky130_fd_sc_hd__dfxtp_1)
                                  0.88   data arrival time

                          0.00    0.00   clock clk (rise edge)
                          0.00    0.00   clock source latency
                  0.09    0.06    0.06 ^ clk (in)
     1    0.02                           clk (net)
                  0.09    0.00    0.06 ^ clkbuf_0_clk/A (sky130_fd_sc_hd__clkbuf_16)
                  0.11    0.21    0.27 ^ clkbuf_0_clk/X (sky130_fd_sc_hd__clkbuf_16)
    16    0.09                           clknet_0_clk (net)
                  0.11    0.00    0.27 ^ clkbuf_4_4_0_clk/A (sky130_fd_sc_hd__clkbuf_8)
                  0.06    0.17    0.44 ^ clkbuf_4_4_0_clk/X (sky130_fd_sc_hd__clkbuf_8)
     9    0.02                           clknet_4_4_0_clk (net)
                  0.06    0.00    0.44 ^ _1265_/CLK (sky130_fd_sc_hd__dfxtp_1)
                          0.25    0.69   clock uncertainty
                         -0.04    0.65   clock reconvergence pessimism
                         -0.03    0.62   library hold time
                                  0.62   data required time
-----------------------------------------------------------------------------
                                  0.62   data required time
                                 -0.88   data arrival time
-----------------------------------------------------------------------------
                                  0.26   slack (MET)


Startpoint: _1239_ (rising edge-triggered flip-flop clocked by clk)
Endpoint: _1239_ (rising edge-triggered flip-flop clocked by clk)
Path Group: clk
Path Type: min

Fanout     Cap    Slew   Delay    Time   Description
-----------------------------------------------------------------------------
                          0.00    0.00   clock clk (rise edge)
                          0.00    0.00   clock source latency
                  0.09    0.06    0.06 ^ clk (in)
     1    0.02                           clk (net)
                  0.09    0.00    0.06 ^ clkbuf_0_clk/A (sky130_fd_sc_hd__clkbuf_16)
                  0.11    0.19    0.25 ^ clkbuf_0_clk/X (sky130_fd_sc_hd__clkbuf_16)
    16    0.09                           clknet_0_clk (net)
                  0.11    0.00    0.25 ^ clkbuf_4_7_0_clk/A (sky130_fd_sc_hd__clkbuf_8)
                  0.07    0.16    0.41 ^ clkbuf_4_7_0_clk/X (sky130_fd_sc_hd__clkbuf_8)
    13    0.03                           clknet_4_7_0_clk (net)
                  0.07    0.00    0.41 ^ _1239_/CLK (sky130_fd_sc_hd__dfxtp_1)
                  0.06    0.31    0.72 ^ _1239_/Q (sky130_fd_sc_hd__dfxtp_1)
     2    0.00                           u_sram.mem[33][1] (net)
                  0.06    0.00    0.72 ^ _1083_/A1 (sky130_fd_sc_hd__mux2_1)
                  0.04    0.11    0.83 ^ _1083_/X (sky130_fd_sc_hd__mux2_1)
     1    0.00                           _0461_ (net)
                  0.04    0.00    0.83 ^ _1084_/A (sky130_fd_sc_hd__clkbuf_1)
                  0.04    0.07    0.90 ^ _1084_/X (sky130_fd_sc_hd__clkbuf_1)
     1    0.00                           _0073_ (net)
                  0.04    0.00    0.90 ^ _1239_/D (sky130_fd_sc_hd__dfxtp_1)
                                  0.90   data arrival time

                          0.00    0.00   clock clk (rise edge)
                          0.00    0.00   clock source latency
                  0.09    0.06    0.06 ^ clk (in)
     1    0.02                           clk (net)
                  0.09    0.00    0.06 ^ clkbuf_0_clk/A (sky130_fd_sc_hd__clkbuf_16)
                  0.11    0.21    0.27 ^ clkbuf_0_clk/X (sky130_fd_sc_hd__clkbuf_16)
    16    0.09                           clknet_0_clk (net)
                  0.11    0.00    0.27 ^ clkbuf_4_7_0_clk/A (sky130_fd_sc_hd__clkbuf_8)
                  0.07    0.18    0.45 ^ clkbuf_4_7_0_clk/X (sky130_fd_sc_hd__clkbuf_8)
    13    0.03                           clknet_4_7_0_clk (net)
                  0.07    0.00    0.45 ^ _1239_/CLK (sky130_fd_sc_hd__dfxtp_1)
                          0.25    0.70   clock uncertainty
                         -0.04    0.66   clock reconvergence pessimism
                         -0.03    0.63   library hold time
                                  0.63   data required time
-----------------------------------------------------------------------------
                                  0.63   data required time
                                 -0.90   data arrival time
-----------------------------------------------------------------------------
                                  0.26   slack (MET)


Startpoint: _1200_ (rising edge-triggered flip-flop clocked by clk)
Endpoint: _1200_ (rising edge-triggered flip-flop clocked by clk)
Path Group: clk
Path Type: min

Fanout     Cap    Slew   Delay    Time   Description
-----------------------------------------------------------------------------
                          0.00    0.00   clock clk (rise edge)
                          0.00    0.00   clock source latency
                  0.09    0.06    0.06 ^ clk (in)
     1    0.02                           clk (net)
                  0.09    0.00    0.06 ^ clkbuf_0_clk/A (sky130_fd_sc_hd__clkbuf_16)
                  0.11    0.19    0.25 ^ clkbuf_0_clk/X (sky130_fd_sc_hd__clkbuf_16)
    16    0.09                           clknet_0_clk (net)
                  0.11    0.00    0.25 ^ clkbuf_4_2_0_clk/A (sky130_fd_sc_hd__clkbuf_8)
                  0.08    0.17    0.41 ^ clkbuf_4_2_0_clk/X (sky130_fd_sc_hd__clkbuf_8)
    14    0.04                           clknet_4_2_0_clk (net)
                  0.08    0.00    0.41 ^ _1200_/CLK (sky130_fd_sc_hd__dfxtp_1)
                  0.06    0.31    0.72 ^ _1200_/Q (sky130_fd_sc_hd__dfxtp_1)
     2    0.00                           u_sram.mem[53][0] (net)
                  0.06    0.00    0.72 ^ _0973_/A0 (sky130_fd_sc_hd__mux2_1)
                  0.04    0.11    0.83 ^ _0973_/X (sky130_fd_sc_hd__mux2_1)
     1    0.00                           _0390_ (net)
                  0.04    0.00    0.83 ^ _0974_/A (sky130_fd_sc_hd__clkbuf_1)
                  0.04    0.07    0.90 ^ _0974_/X (sky130_fd_sc_hd__clkbuf_1)
     1    0.00                           _0034_ (net)
                  0.04    0.00    0.90 ^ _1200_/D (sky130_fd_sc_hd__dfxtp_1)
                                  0.90   data arrival time

                          0.00    0.00   clock clk (rise edge)
                          0.00    0.00   clock source latency
                  0.09    0.06    0.06 ^ clk (in)
     1    0.02                           clk (net)
                  0.09    0.00    0.06 ^ clkbuf_0_clk/A (sky130_fd_sc_hd__clkbuf_16)
                  0.11    0.21    0.27 ^ clkbuf_0_clk/X (sky130_fd_sc_hd__clkbuf_16)
    16    0.09                           clknet_0_clk (net)
                  0.11    0.00    0.27 ^ clkbuf_4_2_0_clk/A (sky130_fd_sc_hd__clkbuf_8)
                  0.08    0.18    0.46 ^ clkbuf_4_2_0_clk/X (sky130_fd_sc_hd__clkbuf_8)
    14    0.04                           clknet_4_2_0_clk (net)
                  0.08    0.00    0.46 ^ _1200_/CLK (sky130_fd_sc_hd__dfxtp_1)
                          0.25    0.71   clock uncertainty
                         -0.04    0.66   clock reconvergence pessimism
                         -0.03    0.64   library hold time
                                  0.64   data required time
-----------------------------------------------------------------------------
                                  0.64   data required time
                                 -0.90   data arrival time
-----------------------------------------------------------------------------
                                  0.26   slack (MET)


Startpoint: _1170_ (rising edge-triggered flip-flop clocked by clk)
Endpoint: _1170_ (rising edge-triggered flip-flop clocked by clk)
Path Group: clk
Path Type: min

Fanout     Cap    Slew   Delay    Time   Description
-----------------------------------------------------------------------------
                          0.00    0.00   clock clk (rise edge)
                          0.00    0.00   clock source latency
                  0.09    0.06    0.06 ^ clk (in)
     1    0.02                           clk (net)
                  0.09    0.00    0.06 ^ clkbuf_0_clk/A (sky130_fd_sc_hd__clkbuf_16)
                  0.11    0.19    0.25 ^ clkbuf_0_clk/X (sky130_fd_sc_hd__clkbuf_16)
    16    0.09                           clknet_0_clk (net)
                  0.11    0.00    0.25 ^ clkbuf_4_2_0_clk/A (sky130_fd_sc_hd__clkbuf_8)
                  0.08    0.17    0.41 ^ clkbuf_4_2_0_clk/X (sky130_fd_sc_hd__clkbuf_8)
    14    0.04                           clknet_4_2_0_clk (net)
                  0.08    0.00    0.41 ^ _1170_/CLK (sky130_fd_sc_hd__dfxtp_1)
                  0.06    0.31    0.72 ^ _1170_/Q (sky130_fd_sc_hd__dfxtp_1)
     2    0.01                           u_sram.mem[63][0] (net)
                  0.06    0.00    0.72 ^ _0877_/A0 (sky130_fd_sc_hd__mux2_1)
                  0.04    0.11    0.83 ^ _0877_/X (sky130_fd_sc_hd__mux2_1)
     1    0.00                           _0321_ (net)
                  0.04    0.00    0.83 ^ _0878_/A (sky130_fd_sc_hd__clkbuf_1)
                  0.04    0.07    0.90 ^ _0878_/X (sky130_fd_sc_hd__clkbuf_1)
     1    0.00                           _0007_ (net)
                  0.04    0.00    0.90 ^ _1170_/D (sky130_fd_sc_hd__dfxtp_1)
                                  0.90   data arrival time

                          0.00    0.00   clock clk (rise edge)
                          0.00    0.00   clock source latency
                  0.09    0.06    0.06 ^ clk (in)
     1    0.02                           clk (net)
                  0.09    0.00    0.06 ^ clkbuf_0_clk/A (sky130_fd_sc_hd__clkbuf_16)
                  0.11    0.21    0.27 ^ clkbuf_0_clk/X (sky130_fd_sc_hd__clkbuf_16)
    16    0.09                           clknet_0_clk (net)
                  0.11    0.00    0.27 ^ clkbuf_4_2_0_clk/A (sky130_fd_sc_hd__clkbuf_8)
                  0.08    0.18    0.46 ^ clkbuf_4_2_0_clk/X (sky130_fd_sc_hd__clkbuf_8)
    14    0.04                           clknet_4_2_0_clk (net)
                  0.08    0.00    0.46 ^ _1170_/CLK (sky130_fd_sc_hd__dfxtp_1)
                          0.25    0.71   clock uncertainty
                         -0.04    0.66   clock reconvergence pessimism
                         -0.03    0.64   library hold time
                                  0.64   data required time
-----------------------------------------------------------------------------
                                  0.64   data required time
                                 -0.90   data arrival time
-----------------------------------------------------------------------------
                                  0.26   slack (MET)


Startpoint: _1219_ (rising edge-triggered flip-flop clocked by clk)
Endpoint: _1219_ (rising edge-triggered flip-flop clocked by clk)
Path Group: clk
Path Type: min

Fanout     Cap    Slew   Delay    Time   Description
-----------------------------------------------------------------------------
                          0.00    0.00   clock clk (rise edge)
                          0.00    0.00   clock source latency
                  0.09    0.06    0.06 ^ clk (in)
     1    0.02                           clk (net)
                  0.09    0.00    0.06 ^ clkbuf_0_clk/A (sky130_fd_sc_hd__clkbuf_16)
                  0.11    0.19    0.25 ^ clkbuf_0_clk/X (sky130_fd_sc_hd__clkbuf_16)
    16    0.09                           clknet_0_clk (net)
                  0.11    0.00    0.25 ^ clkbuf_4_9_0_clk/A (sky130_fd_sc_hd__clkbuf_8)
                  0.06    0.15    0.40 ^ clkbuf_4_9_0_clk/X (sky130_fd_sc_hd__clkbuf_8)
     8    0.02                           clknet_4_9_0_clk (net)
                  0.06    0.00    0.40 ^ _1219_/CLK (sky130_fd_sc_hd__dfxtp_1)
                  0.06    0.30    0.70 ^ _1219_/Q (sky130_fd_sc_hd__dfxtp_1)
     2    0.00                           u_sram.mem[43][1] (net)
                  0.06    0.00    0.70 ^ _1031_/A0 (sky130_fd_sc_hd__mux2_1)
                  0.04    0.12    0.81 ^ _1031_/X (sky130_fd_sc_hd__mux2_1)
     1    0.00                           _0429_ (net)
                  0.04    0.00    0.81 ^ _1032_/A (sky130_fd_sc_hd__clkbuf_1)
                  0.04    0.07    0.88 ^ _1032_/X (sky130_fd_sc_hd__clkbuf_1)
     1    0.00                           _0053_ (net)
                  0.04    0.00    0.88 ^ _1219_/D (sky130_fd_sc_hd__dfxtp_1)
                                  0.88   data arrival time

                          0.00    0.00   clock clk (rise edge)
                          0.00    0.00   clock source latency
                  0.09    0.06    0.06 ^ clk (in)
     1    0.02                           clk (net)
                  0.09    0.00    0.06 ^ clkbuf_0_clk/A (sky130_fd_sc_hd__clkbuf_16)
                  0.11    0.21    0.27 ^ clkbuf_0_clk/X (sky130_fd_sc_hd__clkbuf_16)
    16    0.09                           clknet_0_clk (net)
                  0.11    0.00    0.27 ^ clkbuf_4_9_0_clk/A (sky130_fd_sc_hd__clkbuf_8)
                  0.06    0.17    0.44 ^ clkbuf_4_9_0_clk/X (sky130_fd_sc_hd__clkbuf_8)
     8    0.02                           clknet_4_9_0_clk (net)
                  0.06    0.00    0.44 ^ _1219_/CLK (sky130_fd_sc_hd__dfxtp_1)
                          0.25    0.69   clock uncertainty
                         -0.04    0.65   clock reconvergence pessimism
                         -0.03    0.62   library hold time
                                  0.62   data required time
-----------------------------------------------------------------------------
                                  0.62   data required time
                                 -0.88   data arrival time
-----------------------------------------------------------------------------
                                  0.26   slack (MET)


Startpoint: _1267_ (rising edge-triggered flip-flop clocked by clk)
Endpoint: _1267_ (rising edge-triggered flip-flop clocked by clk)
Path Group: clk
Path Type: min

Fanout     Cap    Slew   Delay    Time   Description
-----------------------------------------------------------------------------
                          0.00    0.00   clock clk (rise edge)
                          0.00    0.00   clock source latency
                  0.09    0.06    0.06 ^ clk (in)
     1    0.02                           clk (net)
                  0.09    0.00    0.06 ^ clkbuf_0_clk/A (sky130_fd_sc_hd__clkbuf_16)
                  0.11    0.19    0.25 ^ clkbuf_0_clk/X (sky130_fd_sc_hd__clkbuf_16)
    16    0.09                           clknet_0_clk (net)
                  0.11    0.00    0.25 ^ clkbuf_4_12_0_clk/A (sky130_fd_sc_hd__clkbuf_8)
                  0.06    0.15    0.40 ^ clkbuf_4_12_0_clk/X (sky130_fd_sc_hd__clkbuf_8)
     7    0.02                           clknet_4_12_0_clk (net)
                  0.06    0.00    0.40 ^ _1267_/CLK (sky130_fd_sc_hd__dfxtp_1)
                  0.06    0.30    0.70 ^ _1267_/Q (sky130_fd_sc_hd__dfxtp_1)
     2    0.00                           u_sram.mem[19][1] (net)
                  0.06    0.00    0.70 ^ _1158_/A0 (sky130_fd_sc_hd__mux2_1)
                  0.04    0.11    0.80 ^ _1158_/X (sky130_fd_sc_hd__mux2_1)
     1    0.00                           _0508_ (net)
                  0.04    0.00    0.80 ^ _1159_/A (sky130_fd_sc_hd__clkbuf_1)
                  0.05    0.08    0.88 ^ _1159_/X (sky130_fd_sc_hd__clkbuf_1)
     1    0.00                           _0101_ (net)
                  0.05    0.00    0.88 ^ _1267_/D (sky130_fd_sc_hd__dfxtp_1)
                                  0.88   data arrival time

                          0.00    0.00   clock clk (rise edge)
                          0.00    0.00   clock source latency
                  0.09    0.06    0.06 ^ clk (in)
     1    0.02                           clk (net)
                  0.09    0.00    0.06 ^ clkbuf_0_clk/A (sky130_fd_sc_hd__clkbuf_16)
                  0.11    0.21    0.27 ^ clkbuf_0_clk/X (sky130_fd_sc_hd__clkbuf_16)
    16    0.09                           clknet_0_clk (net)
                  0.11    0.00    0.27 ^ clkbuf_4_12_0_clk/A (sky130_fd_sc_hd__clkbuf_8)
                  0.06    0.17    0.44 ^ clkbuf_4_12_0_clk/X (sky130_fd_sc_hd__clkbuf_8)
     7    0.02                           clknet_4_12_0_clk (net)
                  0.06    0.00    0.44 ^ _1267_/CLK (sky130_fd_sc_hd__dfxtp_1)
                          0.25    0.69   clock uncertainty
                         -0.04    0.65   clock reconvergence pessimism
                         -0.03    0.62   library hold time
                                  0.62   data required time
-----------------------------------------------------------------------------
                                  0.62   data required time
                                 -0.88   data arrival time
-----------------------------------------------------------------------------
                                  0.26   slack (MET)


Startpoint: _1238_ (rising edge-triggered flip-flop clocked by clk)
Endpoint: _1238_ (rising edge-triggered flip-flop clocked by clk)
Path Group: clk
Path Type: min

Fanout     Cap    Slew   Delay    Time   Description
-----------------------------------------------------------------------------
                          0.00    0.00   clock clk (rise edge)
                          0.00    0.00   clock source latency
                  0.09    0.06    0.06 ^ clk (in)
     1    0.02                           clk (net)
                  0.09    0.00    0.06 ^ clkbuf_0_clk/A (sky130_fd_sc_hd__clkbuf_16)
                  0.11    0.19    0.25 ^ clkbuf_0_clk/X (sky130_fd_sc_hd__clkbuf_16)
    16    0.09                           clknet_0_clk (net)
                  0.11    0.00    0.25 ^ clkbuf_4_13_0_clk/A (sky130_fd_sc_hd__clkbuf_8)
                  0.06    0.15    0.40 ^ clkbuf_4_13_0_clk/X (sky130_fd_sc_hd__clkbuf_8)
     9    0.02                           clknet_4_13_0_clk (net)
                  0.06    0.00    0.40 ^ _1238_/CLK (sky130_fd_sc_hd__dfxtp_1)
                  0.06    0.30    0.70 ^ _1238_/Q (sky130_fd_sc_hd__dfxtp_1)
     2    0.01                           u_sram.mem[34][0] (net)
                  0.06    0.00    0.70 ^ _1080_/A1 (sky130_fd_sc_hd__mux2_1)
                  0.04    0.12    0.82 ^ _1080_/X (sky130_fd_sc_hd__mux2_1)
     1    0.00                           _0459_ (net)
                  0.04    0.00    0.82 ^ _1081_/A (sky130_fd_sc_hd__clkbuf_1)
                  0.04    0.07    0.89 ^ _1081_/X (sky130_fd_sc_hd__clkbuf_1)
     1    0.00                           _0072_ (net)
                  0.04    0.00    0.89 ^ _1238_/D (sky130_fd_sc_hd__dfxtp_1)
                                  0.89   data arrival time

                          0.00    0.00   clock clk (rise edge)
                          0.00    0.00   clock source latency
                  0.09    0.06    0.06 ^ clk (in)
     1    0.02                           clk (net)
                  0.09    0.00    0.06 ^ clkbuf_0_clk/A (sky130_fd_sc_hd__clkbuf_16)
                  0.11    0.21    0.27 ^ clkbuf_0_clk/X (sky130_fd_sc_hd__clkbuf_16)
    16    0.09                           clknet_0_clk (net)
                  0.11    0.00    0.27 ^ clkbuf_4_13_0_clk/A (sky130_fd_sc_hd__clkbuf_8)
                  0.06    0.17    0.44 ^ clkbuf_4_13_0_clk/X (sky130_fd_sc_hd__clkbuf_8)
     9    0.02                           clknet_4_13_0_clk (net)
                  0.06    0.00    0.44 ^ _1238_/CLK (sky130_fd_sc_hd__dfxtp_1)
                          0.25    0.69   clock uncertainty
                         -0.04    0.65   clock reconvergence pessimism
                         -0.03    0.62   library hold time
                                  0.62   data required time
-----------------------------------------------------------------------------
                                  0.62   data required time
                                 -0.89   data arrival time
-----------------------------------------------------------------------------
                                  0.26   slack (MET)


Startpoint: _1245_ (rising edge-triggered flip-flop clocked by clk)
Endpoint: _1245_ (rising edge-triggered flip-flop clocked by clk)
Path Group: clk
Path Type: min

Fanout     Cap    Slew   Delay    Time   Description
-----------------------------------------------------------------------------
                          0.00    0.00   clock clk (rise edge)
                          0.00    0.00   clock source latency
                  0.09    0.06    0.06 ^ clk (in)
     1    0.02                           clk (net)
                  0.09    0.00    0.06 ^ clkbuf_0_clk/A (sky130_fd_sc_hd__clkbuf_16)
                  0.11    0.19    0.25 ^ clkbuf_0_clk/X (sky130_fd_sc_hd__clkbuf_16)
    16    0.09                           clknet_0_clk (net)
                  0.11    0.00    0.25 ^ clkbuf_4_12_0_clk/A (sky130_fd_sc_hd__clkbuf_8)
                  0.06    0.15    0.40 ^ clkbuf_4_12_0_clk/X (sky130_fd_sc_hd__clkbuf_8)
     7    0.02                           clknet_4_12_0_clk (net)
                  0.06    0.00    0.40 ^ _1245_/CLK (sky130_fd_sc_hd__dfxtp_1)
                  0.06    0.30    0.70 ^ _1245_/Q (sky130_fd_sc_hd__dfxtp_1)
     2    0.01                           u_sram.mem[30][1] (net)
                  0.06    0.00    0.70 ^ _1101_/A1 (sky130_fd_sc_hd__mux2_1)
                  0.04    0.12    0.82 ^ _1101_/X (sky130_fd_sc_hd__mux2_1)
     1    0.00                           _0473_ (net)
                  0.04    0.00    0.82 ^ _1102_/A (sky130_fd_sc_hd__clkbuf_1)
                  0.04    0.07    0.88 ^ _1102_/X (sky130_fd_sc_hd__clkbuf_1)
     1    0.00                           _0079_ (net)
                  0.04    0.00    0.88 ^ _1245_/D (sky130_fd_sc_hd__dfxtp_1)
                                  0.88   data arrival time

                          0.00    0.00   clock clk (rise edge)
                          0.00    0.00   clock source latency
                  0.09    0.06    0.06 ^ clk (in)
     1    0.02                           clk (net)
                  0.09    0.00    0.06 ^ clkbuf_0_clk/A (sky130_fd_sc_hd__clkbuf_16)
                  0.11    0.21    0.27 ^ clkbuf_0_clk/X (sky130_fd_sc_hd__clkbuf_16)
    16    0.09                           clknet_0_clk (net)
                  0.11    0.00    0.27 ^ clkbuf_4_12_0_clk/A (sky130_fd_sc_hd__clkbuf_8)
                  0.06    0.17    0.44 ^ clkbuf_4_12_0_clk/X (sky130_fd_sc_hd__clkbuf_8)
     7    0.02                           clknet_4_12_0_clk (net)
                  0.06    0.00    0.44 ^ _1245_/CLK (sky130_fd_sc_hd__dfxtp_1)
                          0.25    0.69   clock uncertainty
                         -0.04    0.65   clock reconvergence pessimism
                         -0.03    0.62   library hold time
                                  0.62   data required time
-----------------------------------------------------------------------------
                                  0.62   data required time
                                 -0.88   data arrival time
-----------------------------------------------------------------------------
                                  0.27   slack (MET)


Startpoint: _1243_ (rising edge-triggered flip-flop clocked by clk)
Endpoint: _1243_ (rising edge-triggered flip-flop clocked by clk)
Path Group: clk
Path Type: min

Fanout     Cap    Slew   Delay    Time   Description
-----------------------------------------------------------------------------
                          0.00    0.00   clock clk (rise edge)
                          0.00    0.00   clock source latency
                  0.09    0.06    0.06 ^ clk (in)
     1    0.02                           clk (net)
                  0.09    0.00    0.06 ^ clkbuf_0_clk/A (sky130_fd_sc_hd__clkbuf_16)
                  0.11    0.19    0.25 ^ clkbuf_0_clk/X (sky130_fd_sc_hd__clkbuf_16)
    16    0.09                           clknet_0_clk (net)
                  0.11    0.00    0.25 ^ clkbuf_4_5_0_clk/A (sky130_fd_sc_hd__clkbuf_8)
                  0.06    0.16    0.40 ^ clkbuf_4_5_0_clk/X (sky130_fd_sc_hd__clkbuf_8)
    11    0.03                           clknet_4_5_0_clk (net)
                  0.06    0.00    0.40 ^ _1243_/CLK (sky130_fd_sc_hd__dfxtp_1)
                  0.06    0.30    0.71 ^ _1243_/Q (sky130_fd_sc_hd__dfxtp_1)
     2    0.00                           u_sram.mem[31][1] (net)
                  0.06    0.00    0.71 ^ _1096_/A0 (sky130_fd_sc_hd__mux2_1)
                  0.04    0.11    0.82 ^ _1096_/X (sky130_fd_sc_hd__mux2_1)
     1    0.00                           _0470_ (net)
                  0.04    0.00    0.82 ^ _1097_/A (sky130_fd_sc_hd__clkbuf_1)
                  0.04    0.07    0.89 ^ _1097_/X (sky130_fd_sc_hd__clkbuf_1)
     1    0.00                           _0077_ (net)
                  0.04    0.00    0.89 ^ _1243_/D (sky130_fd_sc_hd__dfxtp_1)
                                  0.89   data arrival time

                          0.00    0.00   clock clk (rise edge)
                          0.00    0.00   clock source latency
                  0.09    0.06    0.06 ^ clk (in)
     1    0.02                           clk (net)
                  0.09    0.00    0.06 ^ clkbuf_0_clk/A (sky130_fd_sc_hd__clkbuf_16)
                  0.11    0.21    0.27 ^ clkbuf_0_clk/X (sky130_fd_sc_hd__clkbuf_16)
    16    0.09                           clknet_0_clk (net)
                  0.11    0.00    0.27 ^ clkbuf_4_5_0_clk/A (sky130_fd_sc_hd__clkbuf_8)
                  0.06    0.17    0.45 ^ clkbuf_4_5_0_clk/X (sky130_fd_sc_hd__clkbuf_8)
    11    0.03                           clknet_4_5_0_clk (net)
                  0.06    0.00    0.45 ^ _1243_/CLK (sky130_fd_sc_hd__dfxtp_1)
                          0.25    0.70   clock uncertainty
                         -0.04    0.65   clock reconvergence pessimism
                         -0.03    0.63   library hold time
                                  0.63   data required time
-----------------------------------------------------------------------------
                                  0.63   data required time
                                 -0.89   data arrival time
-----------------------------------------------------------------------------
                                  0.27   slack (MET)


Startpoint: _1271_ (rising edge-triggered flip-flop clocked by clk)
Endpoint: _1271_ (rising edge-triggered flip-flop clocked by clk)
Path Group: clk
Path Type: min

Fanout     Cap    Slew   Delay    Time   Description
-----------------------------------------------------------------------------
                          0.00    0.00   clock clk (rise edge)
                          0.00    0.00   clock source latency
                  0.09    0.06    0.06 ^ clk (in)
     1    0.02                           clk (net)
                  0.09    0.00    0.06 ^ clkbuf_0_clk/A (sky130_fd_sc_hd__clkbuf_16)
                  0.11    0.19    0.25 ^ clkbuf_0_clk/X (sky130_fd_sc_hd__clkbuf_16)
    16    0.09                           clknet_0_clk (net)
                  0.11    0.00    0.25 ^ clkbuf_4_12_0_clk/A (sky130_fd_sc_hd__clkbuf_8)
                  0.06    0.15    0.40 ^ clkbuf_4_12_0_clk/X (sky130_fd_sc_hd__clkbuf_8)
     7    0.02                           clknet_4_12_0_clk (net)
                  0.06    0.00    0.40 ^ _1271_/CLK (sky130_fd_sc_hd__dfxtp_1)
                  0.06    0.30    0.70 ^ _1271_/Q (sky130_fd_sc_hd__dfxtp_1)
     2    0.01                           u_sram.mem[17][1] (net)
                  0.06    0.00    0.70 ^ _1168_/A1 (sky130_fd_sc_hd__mux2_1)
                  0.04    0.12    0.82 ^ _1168_/X (sky130_fd_sc_hd__mux2_1)
     1    0.00                           _0514_ (net)
                  0.04    0.00    0.82 ^ _0582_/A (sky130_fd_sc_hd__clkbuf_1)
                  0.04    0.07    0.88 ^ _0582_/X (sky130_fd_sc_hd__clkbuf_1)
     1    0.00                           _0105_ (net)
                  0.04    0.00    0.88 ^ _1271_/D (sky130_fd_sc_hd__dfxtp_1)
                                  0.88   data arrival time

                          0.00    0.00   clock clk (rise edge)
                          0.00    0.00   clock source latency
                  0.09    0.06    0.06 ^ clk (in)
     1    0.02                           clk (net)
                  0.09    0.00    0.06 ^ clkbuf_0_clk/A (sky130_fd_sc_hd__clkbuf_16)
                  0.11    0.21    0.27 ^ clkbuf_0_clk/X (sky130_fd_sc_hd__clkbuf_16)
    16    0.09                           clknet_0_clk (net)
                  0.11    0.00    0.27 ^ clkbuf_4_12_0_clk/A (sky130_fd_sc_hd__clkbuf_8)
                  0.06    0.17    0.44 ^ clkbuf_4_12_0_clk/X (sky130_fd_sc_hd__clkbuf_8)
     7    0.02                           clknet_4_12_0_clk (net)
                  0.06    0.00    0.44 ^ _1271_/CLK (sky130_fd_sc_hd__dfxtp_1)
                          0.25    0.69   clock uncertainty
                         -0.04    0.65   clock reconvergence pessimism
                         -0.03    0.62   library hold time
                                  0.62   data required time
-----------------------------------------------------------------------------
                                  0.62   data required time
                                 -0.88   data arrival time
-----------------------------------------------------------------------------
                                  0.27   slack (MET)


Startpoint: _1192_ (rising edge-triggered flip-flop clocked by clk)
Endpoint: _1192_ (rising edge-triggered flip-flop clocked by clk)
Path Group: clk
Path Type: min

Fanout     Cap    Slew   Delay    Time   Description
-----------------------------------------------------------------------------
                          0.00    0.00   clock clk (rise edge)
                          0.00    0.00   clock source latency
                  0.09    0.06    0.06 ^ clk (in)
     1    0.02                           clk (net)
                  0.09    0.00    0.06 ^ clkbuf_0_clk/A (sky130_fd_sc_hd__clkbuf_16)
                  0.11    0.19    0.25 ^ clkbuf_0_clk/X (sky130_fd_sc_hd__clkbuf_16)
    16    0.09                           clknet_0_clk (net)
                  0.11    0.00    0.25 ^ clkbuf_4_3_0_clk/A (sky130_fd_sc_hd__clkbuf_8)
                  0.06    0.15    0.40 ^ clkbuf_4_3_0_clk/X (sky130_fd_sc_hd__clkbuf_8)
     9    0.02                           clknet_4_3_0_clk (net)
                  0.06    0.00    0.40 ^ _1192_/CLK (sky130_fd_sc_hd__dfxtp_1)
                  0.06    0.30    0.70 ^ _1192_/Q (sky130_fd_sc_hd__dfxtp_1)
     2    0.01                           u_sram.mem[57][0] (net)
                  0.06    0.00    0.70 ^ _0950_/A0 (sky130_fd_sc_hd__mux2_1)
                  0.04    0.12    0.82 ^ _0950_/X (sky130_fd_sc_hd__mux2_1)
     1    0.00                           _0375_ (net)
                  0.04    0.00    0.82 ^ _0951_/A (sky130_fd_sc_hd__clkbuf_1)
                  0.04    0.07    0.89 ^ _0951_/X (sky130_fd_sc_hd__clkbuf_1)
     1    0.00                           _0026_ (net)
                  0.04    0.00    0.89 ^ _1192_/D (sky130_fd_sc_hd__dfxtp_1)
                                  0.89   data arrival time

                          0.00    0.00   clock clk (rise edge)
                          0.00    0.00   clock source latency
                  0.09    0.06    0.06 ^ clk (in)
     1    0.02                           clk (net)
                  0.09    0.00    0.06 ^ clkbuf_0_clk/A (sky130_fd_sc_hd__clkbuf_16)
                  0.11    0.21    0.27 ^ clkbuf_0_clk/X (sky130_fd_sc_hd__clkbuf_16)
    16    0.09                           clknet_0_clk (net)
                  0.11    0.00    0.27 ^ clkbuf_4_3_0_clk/A (sky130_fd_sc_hd__clkbuf_8)
                  0.06    0.17    0.44 ^ clkbuf_4_3_0_clk/X (sky130_fd_sc_hd__clkbuf_8)
     9    0.02                           clknet_4_3_0_clk (net)
                  0.06    0.00    0.44 ^ _1192_/CLK (sky130_fd_sc_hd__dfxtp_1)
                          0.25    0.69   clock uncertainty
                         -0.04    0.65   clock reconvergence pessimism
                         -0.03    0.62   library hold time
                                  0.62   data required time
-----------------------------------------------------------------------------
                                  0.62   data required time
                                 -0.89   data arrival time
-----------------------------------------------------------------------------
                                  0.27   slack (MET)


Startpoint: _1217_ (rising edge-triggered flip-flop clocked by clk)
Endpoint: _1217_ (rising edge-triggered flip-flop clocked by clk)
Path Group: clk
Path Type: min

Fanout     Cap    Slew   Delay    Time   Description
-----------------------------------------------------------------------------
                          0.00    0.00   clock clk (rise edge)
                          0.00    0.00   clock source latency
                  0.09    0.06    0.06 ^ clk (in)
     1    0.02                           clk (net)
                  0.09    0.00    0.06 ^ clkbuf_0_clk/A (sky130_fd_sc_hd__clkbuf_16)
                  0.11    0.19    0.25 ^ clkbuf_0_clk/X (sky130_fd_sc_hd__clkbuf_16)
    16    0.09                           clknet_0_clk (net)
                  0.11    0.00    0.25 ^ clkbuf_4_7_0_clk/A (sky130_fd_sc_hd__clkbuf_8)
                  0.07    0.16    0.41 ^ clkbuf_4_7_0_clk/X (sky130_fd_sc_hd__clkbuf_8)
    13    0.03                           clknet_4_7_0_clk (net)
                  0.07    0.00    0.41 ^ _1217_/CLK (sky130_fd_sc_hd__dfxtp_1)
                  0.06    0.31    0.72 ^ _1217_/Q (sky130_fd_sc_hd__dfxtp_1)
     2    0.00                           u_sram.mem[44][1] (net)
                  0.06    0.00    0.72 ^ _1026_/A1 (sky130_fd_sc_hd__mux2_1)
                  0.04    0.12    0.83 ^ _1026_/X (sky130_fd_sc_hd__mux2_1)
     1    0.00                           _0426_ (net)
                  0.04    0.00    0.83 ^ _1027_/A (sky130_fd_sc_hd__clkbuf_1)
                  0.03    0.07    0.90 ^ _1027_/X (sky130_fd_sc_hd__clkbuf_1)
     1    0.00                           _0051_ (net)
                  0.03    0.00    0.90 ^ _1217_/D (sky130_fd_sc_hd__dfxtp_1)
                                  0.90   data arrival time

                          0.00    0.00   clock clk (rise edge)
                          0.00    0.00   clock source latency
                  0.09    0.06    0.06 ^ clk (in)
     1    0.02                           clk (net)
                  0.09    0.00    0.06 ^ clkbuf_0_clk/A (sky130_fd_sc_hd__clkbuf_16)
                  0.11    0.21    0.27 ^ clkbuf_0_clk/X (sky130_fd_sc_hd__clkbuf_16)
    16    0.09                           clknet_0_clk (net)
                  0.11    0.00    0.27 ^ clkbuf_4_7_0_clk/A (sky130_fd_sc_hd__clkbuf_8)
                  0.07    0.18    0.45 ^ clkbuf_4_7_0_clk/X (sky130_fd_sc_hd__clkbuf_8)
    13    0.03                           clknet_4_7_0_clk (net)
                  0.07    0.00    0.45 ^ _1217_/CLK (sky130_fd_sc_hd__dfxtp_1)
                          0.25    0.70   clock uncertainty
                         -0.04    0.66   clock reconvergence pessimism
                         -0.03    0.63   library hold time
                                  0.63   data required time
-----------------------------------------------------------------------------
                                  0.63   data required time
                                 -0.90   data arrival time
-----------------------------------------------------------------------------
                                  0.27   slack (MET)


Startpoint: _1201_ (rising edge-triggered flip-flop clocked by clk)
Endpoint: _1201_ (rising edge-triggered flip-flop clocked by clk)
Path Group: clk
Path Type: min

Fanout     Cap    Slew   Delay    Time   Description
-----------------------------------------------------------------------------
                          0.00    0.00   clock clk (rise edge)
                          0.00    0.00   clock source latency
                  0.09    0.06    0.06 ^ clk (in)
     1    0.02                           clk (net)
                  0.09    0.00    0.06 ^ clkbuf_0_clk/A (sky130_fd_sc_hd__clkbuf_16)
                  0.11    0.19    0.25 ^ clkbuf_0_clk/X (sky130_fd_sc_hd__clkbuf_16)
    16    0.09                           clknet_0_clk (net)
                  0.11    0.00    0.25 ^ clkbuf_4_9_0_clk/A (sky130_fd_sc_hd__clkbuf_8)
                  0.06    0.15    0.40 ^ clkbuf_4_9_0_clk/X (sky130_fd_sc_hd__clkbuf_8)
     8    0.02                           clknet_4_9_0_clk (net)
                  0.06    0.00    0.40 ^ _1201_/CLK (sky130_fd_sc_hd__dfxtp_1)
                  0.06    0.30    0.70 ^ _1201_/Q (sky130_fd_sc_hd__dfxtp_1)
     2    0.01                           u_sram.mem[52][1] (net)
                  0.06    0.00    0.70 ^ _0977_/A1 (sky130_fd_sc_hd__mux2_1)
                  0.04    0.12    0.82 ^ _0977_/X (sky130_fd_sc_hd__mux2_1)
     1    0.00                           _0393_ (net)
                  0.04    0.00    0.82 ^ _0978_/A (sky130_fd_sc_hd__clkbuf_1)
                  0.04    0.07    0.89 ^ _0978_/X (sky130_fd_sc_hd__clkbuf_1)
     1    0.00                           _0035_ (net)
                  0.04    0.00    0.89 ^ _1201_/D (sky130_fd_sc_hd__dfxtp_1)
                                  0.89   data arrival time

                          0.00    0.00   clock clk (rise edge)
                          0.00    0.00   clock source latency
                  0.09    0.06    0.06 ^ clk (in)
     1    0.02                           clk (net)
                  0.09    0.00    0.06 ^ clkbuf_0_clk/A (sky130_fd_sc_hd__clkbuf_16)
                  0.11    0.21    0.27 ^ clkbuf_0_clk/X (sky130_fd_sc_hd__clkbuf_16)
    16    0.09                           clknet_0_clk (net)
                  0.11    0.00    0.27 ^ clkbuf_4_9_0_clk/A (sky130_fd_sc_hd__clkbuf_8)
                  0.06    0.17    0.44 ^ clkbuf_4_9_0_clk/X (sky130_fd_sc_hd__clkbuf_8)
     8    0.02                           clknet_4_9_0_clk (net)
                  0.06    0.00    0.44 ^ _1201_/CLK (sky130_fd_sc_hd__dfxtp_1)
                          0.25    0.69   clock uncertainty
                         -0.04    0.65   clock reconvergence pessimism
                         -0.03    0.62   library hold time
                                  0.62   data required time
-----------------------------------------------------------------------------
                                  0.62   data required time
                                 -0.89   data arrival time
-----------------------------------------------------------------------------
                                  0.27   slack (MET)


Startpoint: _1233_ (rising edge-triggered flip-flop clocked by clk)
Endpoint: _1233_ (rising edge-triggered flip-flop clocked by clk)
Path Group: clk
Path Type: min

Fanout     Cap    Slew   Delay    Time   Description
-----------------------------------------------------------------------------
                          0.00    0.00   clock clk (rise edge)
                          0.00    0.00   clock source latency
                  0.09    0.06    0.06 ^ clk (in)
     1    0.02                           clk (net)
                  0.09    0.00    0.06 ^ clkbuf_0_clk/A (sky130_fd_sc_hd__clkbuf_16)
                  0.11    0.19    0.25 ^ clkbuf_0_clk/X (sky130_fd_sc_hd__clkbuf_16)
    16    0.09                           clknet_0_clk (net)
                  0.11    0.00    0.25 ^ clkbuf_4_7_0_clk/A (sky130_fd_sc_hd__clkbuf_8)
                  0.07    0.16    0.41 ^ clkbuf_4_7_0_clk/X (sky130_fd_sc_hd__clkbuf_8)
    13    0.03                           clknet_4_7_0_clk (net)
                  0.07    0.00    0.41 ^ _1233_/CLK (sky130_fd_sc_hd__dfxtp_1)
                  0.06    0.31    0.72 ^ _1233_/Q (sky130_fd_sc_hd__dfxtp_1)
     2    0.01                           u_sram.mem[36][1] (net)
                  0.06    0.00    0.72 ^ _1068_/A1 (sky130_fd_sc_hd__mux2_1)
                  0.04    0.11    0.83 ^ _1068_/X (sky130_fd_sc_hd__mux2_1)
     1    0.00                           _0452_ (net)
                  0.04    0.00    0.83 ^ _1069_/A (sky130_fd_sc_hd__clkbuf_1)
                  0.04    0.07    0.90 ^ _1069_/X (sky130_fd_sc_hd__clkbuf_1)
     1    0.00                           _0067_ (net)
                  0.04    0.00    0.90 ^ _1233_/D (sky130_fd_sc_hd__dfxtp_1)
                                  0.90   data arrival time

                          0.00    0.00   clock clk (rise edge)
                          0.00    0.00   clock source latency
                  0.09    0.06    0.06 ^ clk (in)
     1    0.02                           clk (net)
                  0.09    0.00    0.06 ^ clkbuf_0_clk/A (sky130_fd_sc_hd__clkbuf_16)
                  0.11    0.21    0.27 ^ clkbuf_0_clk/X (sky130_fd_sc_hd__clkbuf_16)
    16    0.09                           clknet_0_clk (net)
                  0.11    0.00    0.27 ^ clkbuf_4_7_0_clk/A (sky130_fd_sc_hd__clkbuf_8)
                  0.07    0.18    0.45 ^ clkbuf_4_7_0_clk/X (sky130_fd_sc_hd__clkbuf_8)
    13    0.03                           clknet_4_7_0_clk (net)
                  0.07    0.00    0.45 ^ _1233_/CLK (sky130_fd_sc_hd__dfxtp_1)
                          0.25    0.70   clock uncertainty
                         -0.04    0.66   clock reconvergence pessimism
                         -0.03    0.63   library hold time
                                  0.63   data required time
-----------------------------------------------------------------------------
                                  0.63   data required time
                                 -0.90   data arrival time
-----------------------------------------------------------------------------
                                  0.27   slack (MET)


Startpoint: _1250_ (rising edge-triggered flip-flop clocked by clk)
Endpoint: _1250_ (rising edge-triggered flip-flop clocked by clk)
Path Group: clk
Path Type: min

Fanout     Cap    Slew   Delay    Time   Description
-----------------------------------------------------------------------------
                          0.00    0.00   clock clk (rise edge)
                          0.00    0.00   clock source latency
                  0.09    0.06    0.06 ^ clk (in)
     1    0.02                           clk (net)
                  0.09    0.00    0.06 ^ clkbuf_0_clk/A (sky130_fd_sc_hd__clkbuf_16)
                  0.11    0.19    0.25 ^ clkbuf_0_clk/X (sky130_fd_sc_hd__clkbuf_16)
    16    0.09                           clknet_0_clk (net)
                  0.11    0.00    0.25 ^ clkbuf_4_5_0_clk/A (sky130_fd_sc_hd__clkbuf_8)
                  0.06    0.16    0.40 ^ clkbuf_4_5_0_clk/X (sky130_fd_sc_hd__clkbuf_8)
    11    0.03                           clknet_4_5_0_clk (net)
                  0.06    0.00    0.40 ^ _1250_/CLK (sky130_fd_sc_hd__dfxtp_1)
                  0.06    0.31    0.71 ^ _1250_/Q (sky130_fd_sc_hd__dfxtp_1)
     2    0.01                           u_sram.mem[28][0] (net)
                  0.06    0.00    0.71 ^ _1113_/A1 (sky130_fd_sc_hd__mux2_1)
                  0.04    0.11    0.82 ^ _1113_/X (sky130_fd_sc_hd__mux2_1)
     1    0.00                           _0480_ (net)
                  0.04    0.00    0.82 ^ _1114_/A (sky130_fd_sc_hd__clkbuf_1)
                  0.04    0.07    0.89 ^ _1114_/X (sky130_fd_sc_hd__clkbuf_1)
     1    0.00                           _0084_ (net)
                  0.04    0.00    0.89 ^ _1250_/D (sky130_fd_sc_hd__dfxtp_1)
                                  0.89   data arrival time

                          0.00    0.00   clock clk (rise edge)
                          0.00    0.00   clock source latency
                  0.09    0.06    0.06 ^ clk (in)
     1    0.02                           clk (net)
                  0.09    0.00    0.06 ^ clkbuf_0_clk/A (sky130_fd_sc_hd__clkbuf_16)
                  0.11    0.21    0.27 ^ clkbuf_0_clk/X (sky130_fd_sc_hd__clkbuf_16)
    16    0.09                           clknet_0_clk (net)
                  0.11    0.00    0.27 ^ clkbuf_4_5_0_clk/A (sky130_fd_sc_hd__clkbuf_8)
                  0.06    0.17    0.45 ^ clkbuf_4_5_0_clk/X (sky130_fd_sc_hd__clkbuf_8)
    11    0.03                           clknet_4_5_0_clk (net)
                  0.06    0.00    0.45 ^ _1250_/CLK (sky130_fd_sc_hd__dfxtp_1)
                          0.25    0.70   clock uncertainty
                         -0.04    0.65   clock reconvergence pessimism
                         -0.03    0.63   library hold time
                                  0.63   data required time
-----------------------------------------------------------------------------
                                  0.63   data required time
                                 -0.89   data arrival time
-----------------------------------------------------------------------------
                                  0.27   slack (MET)


Startpoint: _1231_ (rising edge-triggered flip-flop clocked by clk)
Endpoint: _1231_ (rising edge-triggered flip-flop clocked by clk)
Path Group: clk
Path Type: min

Fanout     Cap    Slew   Delay    Time   Description
-----------------------------------------------------------------------------
                          0.00    0.00   clock clk (rise edge)
                          0.00    0.00   clock source latency
                  0.09    0.06    0.06 ^ clk (in)
     1    0.02                           clk (net)
                  0.09    0.00    0.06 ^ clkbuf_0_clk/A (sky130_fd_sc_hd__clkbuf_16)
                  0.11    0.19    0.25 ^ clkbuf_0_clk/X (sky130_fd_sc_hd__clkbuf_16)
    16    0.09                           clknet_0_clk (net)
                  0.11    0.00    0.25 ^ clkbuf_4_7_0_clk/A (sky130_fd_sc_hd__clkbuf_8)
                  0.07    0.16    0.41 ^ clkbuf_4_7_0_clk/X (sky130_fd_sc_hd__clkbuf_8)
    13    0.03                           clknet_4_7_0_clk (net)
                  0.07    0.00    0.41 ^ _1231_/CLK (sky130_fd_sc_hd__dfxtp_1)
                  0.06    0.31    0.72 ^ _1231_/Q (sky130_fd_sc_hd__dfxtp_1)
     2    0.01                           u_sram.mem[37][1] (net)
                  0.06    0.00    0.72 ^ _1063_/A0 (sky130_fd_sc_hd__mux2_1)
                  0.04    0.11    0.83 ^ _1063_/X (sky130_fd_sc_hd__mux2_1)
     1    0.00                           _0449_ (net)
                  0.04    0.00    0.83 ^ _1064_/A (sky130_fd_sc_hd__clkbuf_1)
                  0.03    0.07    0.90 ^ _1064_/X (sky130_fd_sc_hd__clkbuf_1)
     1    0.00                           _0065_ (net)
                  0.03    0.00    0.90 ^ _1231_/D (sky130_fd_sc_hd__dfxtp_1)
                                  0.90   data arrival time

                          0.00    0.00   clock clk (rise edge)
                          0.00    0.00   clock source latency
                  0.09    0.06    0.06 ^ clk (in)
     1    0.02                           clk (net)
                  0.09    0.00    0.06 ^ clkbuf_0_clk/A (sky130_fd_sc_hd__clkbuf_16)
                  0.11    0.21    0.27 ^ clkbuf_0_clk/X (sky130_fd_sc_hd__clkbuf_16)
    16    0.09                           clknet_0_clk (net)
                  0.11    0.00    0.27 ^ clkbuf_4_7_0_clk/A (sky130_fd_sc_hd__clkbuf_8)
                  0.07    0.18    0.45 ^ clkbuf_4_7_0_clk/X (sky130_fd_sc_hd__clkbuf_8)
    13    0.03                           clknet_4_7_0_clk (net)
                  0.07    0.00    0.45 ^ _1231_/CLK (sky130_fd_sc_hd__dfxtp_1)
                          0.25    0.70   clock uncertainty
                         -0.04    0.66   clock reconvergence pessimism
                         -0.03    0.63   library hold time
                                  0.63   data required time
-----------------------------------------------------------------------------
                                  0.63   data required time
                                 -0.90   data arrival time
-----------------------------------------------------------------------------
                                  0.27   slack (MET)


Startpoint: _1229_ (rising edge-triggered flip-flop clocked by clk)
Endpoint: _1229_ (rising edge-triggered flip-flop clocked by clk)
Path Group: clk
Path Type: min

Fanout     Cap    Slew   Delay    Time   Description
-----------------------------------------------------------------------------
                          0.00    0.00   clock clk (rise edge)
                          0.00    0.00   clock source latency
                  0.09    0.06    0.06 ^ clk (in)
     1    0.02                           clk (net)
                  0.09    0.00    0.06 ^ clkbuf_0_clk/A (sky130_fd_sc_hd__clkbuf_16)
                  0.11    0.19    0.25 ^ clkbuf_0_clk/X (sky130_fd_sc_hd__clkbuf_16)
    16    0.09                           clknet_0_clk (net)
                  0.11    0.00    0.25 ^ clkbuf_4_7_0_clk/A (sky130_fd_sc_hd__clkbuf_8)
                  0.07    0.16    0.41 ^ clkbuf_4_7_0_clk/X (sky130_fd_sc_hd__clkbuf_8)
    13    0.03                           clknet_4_7_0_clk (net)
                  0.07    0.00    0.41 ^ _1229_/CLK (sky130_fd_sc_hd__dfxtp_1)
                  0.06    0.31    0.71 ^ _1229_/Q (sky130_fd_sc_hd__dfxtp_1)
     2    0.00                           u_sram.mem[38][1] (net)
                  0.06    0.00    0.71 ^ _1058_/A0 (sky130_fd_sc_hd__mux2_1)
                  0.04    0.11    0.83 ^ _1058_/X (sky130_fd_sc_hd__mux2_1)
     1    0.00                           _0446_ (net)
                  0.04    0.00    0.83 ^ _1059_/A (sky130_fd_sc_hd__clkbuf_1)
                  0.04    0.07    0.90 ^ _1059_/X (sky130_fd_sc_hd__clkbuf_1)
     1    0.00                           _0063_ (net)
                  0.04    0.00    0.90 ^ _1229_/D (sky130_fd_sc_hd__dfxtp_1)
                                  0.90   data arrival time

                          0.00    0.00   clock clk (rise edge)
                          0.00    0.00   clock source latency
                  0.09    0.06    0.06 ^ clk (in)
     1    0.02                           clk (net)
                  0.09    0.00    0.06 ^ clkbuf_0_clk/A (sky130_fd_sc_hd__clkbuf_16)
                  0.11    0.21    0.27 ^ clkbuf_0_clk/X (sky130_fd_sc_hd__clkbuf_16)
    16    0.09                           clknet_0_clk (net)
                  0.11    0.00    0.27 ^ clkbuf_4_7_0_clk/A (sky130_fd_sc_hd__clkbuf_8)
                  0.07    0.18    0.45 ^ clkbuf_4_7_0_clk/X (sky130_fd_sc_hd__clkbuf_8)
    13    0.03                           clknet_4_7_0_clk (net)
                  0.07    0.00    0.45 ^ _1229_/CLK (sky130_fd_sc_hd__dfxtp_1)
                          0.25    0.70   clock uncertainty
                         -0.04    0.66   clock reconvergence pessimism
                         -0.03    0.63   library hold time
                                  0.63   data required time
-----------------------------------------------------------------------------
                                  0.63   data required time
                                 -0.90   data arrival time
-----------------------------------------------------------------------------
                                  0.27   slack (MET)


Startpoint: _1244_ (rising edge-triggered flip-flop clocked by clk)
Endpoint: _1244_ (rising edge-triggered flip-flop clocked by clk)
Path Group: clk
Path Type: min

Fanout     Cap    Slew   Delay    Time   Description
-----------------------------------------------------------------------------
                          0.00    0.00   clock clk (rise edge)
                          0.00    0.00   clock source latency
                  0.09    0.06    0.06 ^ clk (in)
     1    0.02                           clk (net)
                  0.09    0.00    0.06 ^ clkbuf_0_clk/A (sky130_fd_sc_hd__clkbuf_16)
                  0.11    0.19    0.25 ^ clkbuf_0_clk/X (sky130_fd_sc_hd__clkbuf_16)
    16    0.09                           clknet_0_clk (net)
                  0.11    0.00    0.25 ^ clkbuf_4_5_0_clk/A (sky130_fd_sc_hd__clkbuf_8)
                  0.06    0.16    0.40 ^ clkbuf_4_5_0_clk/X (sky130_fd_sc_hd__clkbuf_8)
    11    0.03                           clknet_4_5_0_clk (net)
                  0.06    0.00    0.40 ^ _1244_/CLK (sky130_fd_sc_hd__dfxtp_1)
                  0.06    0.31    0.71 ^ _1244_/Q (sky130_fd_sc_hd__dfxtp_1)
     2    0.01                           u_sram.mem[31][0] (net)
                  0.06    0.00    0.71 ^ _1098_/A0 (sky130_fd_sc_hd__mux2_1)
                  0.04    0.11    0.82 ^ _1098_/X (sky130_fd_sc_hd__mux2_1)
     1    0.00                           _0471_ (net)
                  0.04    0.00    0.82 ^ _1099_/A (sky130_fd_sc_hd__clkbuf_1)
                  0.04    0.07    0.89 ^ _1099_/X (sky130_fd_sc_hd__clkbuf_1)
     1    0.00                           _0078_ (net)
                  0.04    0.00    0.89 ^ _1244_/D (sky130_fd_sc_hd__dfxtp_1)
                                  0.89   data arrival time

                          0.00    0.00   clock clk (rise edge)
                          0.00    0.00   clock source latency
                  0.09    0.06    0.06 ^ clk (in)
     1    0.02                           clk (net)
                  0.09    0.00    0.06 ^ clkbuf_0_clk/A (sky130_fd_sc_hd__clkbuf_16)
                  0.11    0.21    0.27 ^ clkbuf_0_clk/X (sky130_fd_sc_hd__clkbuf_16)
    16    0.09                           clknet_0_clk (net)
                  0.11    0.00    0.27 ^ clkbuf_4_5_0_clk/A (sky130_fd_sc_hd__clkbuf_8)
                  0.06    0.17    0.45 ^ clkbuf_4_5_0_clk/X (sky130_fd_sc_hd__clkbuf_8)
    11    0.03                           clknet_4_5_0_clk (net)
                  0.06    0.00    0.45 ^ _1244_/CLK (sky130_fd_sc_hd__dfxtp_1)
                          0.25    0.70   clock uncertainty
                         -0.04    0.65   clock reconvergence pessimism
                         -0.03    0.63   library hold time
                                  0.63   data required time
-----------------------------------------------------------------------------
                                  0.63   data required time
                                 -0.89   data arrival time
-----------------------------------------------------------------------------
                                  0.27   slack (MET)


Startpoint: _1188_ (rising edge-triggered flip-flop clocked by clk)
Endpoint: _1188_ (rising edge-triggered flip-flop clocked by clk)
Path Group: clk
Path Type: min

Fanout     Cap    Slew   Delay    Time   Description
-----------------------------------------------------------------------------
                          0.00    0.00   clock clk (rise edge)
                          0.00    0.00   clock source latency
                  0.09    0.06    0.06 ^ clk (in)
     1    0.02                           clk (net)
                  0.09    0.00    0.06 ^ clkbuf_0_clk/A (sky130_fd_sc_hd__clkbuf_16)
                  0.11    0.19    0.25 ^ clkbuf_0_clk/X (sky130_fd_sc_hd__clkbuf_16)
    16    0.09                           clknet_0_clk (net)
                  0.11    0.00    0.25 ^ clkbuf_4_8_0_clk/A (sky130_fd_sc_hd__clkbuf_8)
                  0.06    0.16    0.40 ^ clkbuf_4_8_0_clk/X (sky130_fd_sc_hd__clkbuf_8)
    10    0.03                           clknet_4_8_0_clk (net)
                  0.06    0.00    0.40 ^ _1188_/CLK (sky130_fd_sc_hd__dfxtp_1)
                  0.06    0.31    0.71 ^ _1188_/Q (sky130_fd_sc_hd__dfxtp_1)
     2    0.01                           u_sram.mem[59][0] (net)
                  0.06    0.00    0.71 ^ _0938_/A0 (sky130_fd_sc_hd__mux2_1)
                  0.04    0.11    0.82 ^ _0938_/X (sky130_fd_sc_hd__mux2_1)
     1    0.00                           _0367_ (net)
                  0.04    0.00    0.82 ^ _0939_/A (sky130_fd_sc_hd__clkbuf_1)
                  0.04    0.07    0.89 ^ _0939_/X (sky130_fd_sc_hd__clkbuf_1)
     1    0.00                           _0022_ (net)
                  0.04    0.00    0.89 ^ _1188_/D (sky130_fd_sc_hd__dfxtp_1)
                                  0.89   data arrival time

                          0.00    0.00   clock clk (rise edge)
                          0.00    0.00   clock source latency
                  0.09    0.06    0.06 ^ clk (in)
     1    0.02                           clk (net)
                  0.09    0.00    0.06 ^ clkbuf_0_clk/A (sky130_fd_sc_hd__clkbuf_16)
                  0.11    0.21    0.27 ^ clkbuf_0_clk/X (sky130_fd_sc_hd__clkbuf_16)
    16    0.09                           clknet_0_clk (net)
                  0.11    0.00    0.27 ^ clkbuf_4_8_0_clk/A (sky130_fd_sc_hd__clkbuf_8)
                  0.06    0.17    0.44 ^ clkbuf_4_8_0_clk/X (sky130_fd_sc_hd__clkbuf_8)
    10    0.03                           clknet_4_8_0_clk (net)
                  0.06    0.00    0.44 ^ _1188_/CLK (sky130_fd_sc_hd__dfxtp_1)
                          0.25    0.69   clock uncertainty
                         -0.04    0.65   clock reconvergence pessimism
                         -0.03    0.62   library hold time
                                  0.62   data required time
-----------------------------------------------------------------------------
                                  0.62   data required time
                                 -0.89   data arrival time
-----------------------------------------------------------------------------
                                  0.27   slack (MET)


Startpoint: _1261_ (rising edge-triggered flip-flop clocked by clk)
Endpoint: _1261_ (rising edge-triggered flip-flop clocked by clk)
Path Group: clk
Path Type: min

Fanout     Cap    Slew   Delay    Time   Description
-----------------------------------------------------------------------------
                          0.00    0.00   clock clk (rise edge)
                          0.00    0.00   clock source latency
                  0.09    0.06    0.06 ^ clk (in)
     1    0.02                           clk (net)
                  0.09    0.00    0.06 ^ clkbuf_0_clk/A (sky130_fd_sc_hd__clkbuf_16)
                  0.11    0.19    0.25 ^ clkbuf_0_clk/X (sky130_fd_sc_hd__clkbuf_16)
    16    0.09                           clknet_0_clk (net)
                  0.11    0.00    0.25 ^ clkbuf_4_6_0_clk/A (sky130_fd_sc_hd__clkbuf_8)
                  0.06    0.16    0.40 ^ clkbuf_4_6_0_clk/X (sky130_fd_sc_hd__clkbuf_8)
    10    0.03                           clknet_4_6_0_clk (net)
                  0.06    0.00    0.40 ^ _1261_/CLK (sky130_fd_sc_hd__dfxtp_1)
                  0.06    0.31    0.71 ^ _1261_/Q (sky130_fd_sc_hd__dfxtp_1)
     2    0.01                           u_sram.mem[22][1] (net)
                  0.06    0.00    0.71 ^ _1142_/A0 (sky130_fd_sc_hd__mux2_1)
                  0.04    0.12    0.82 ^ _1142_/X (sky130_fd_sc_hd__mux2_1)
     1    0.00                           _0498_ (net)
                  0.04    0.00    0.82 ^ _1143_/A (sky130_fd_sc_hd__clkbuf_1)
                  0.03    0.07    0.89 ^ _1143_/X (sky130_fd_sc_hd__clkbuf_1)
     1    0.00                           _0095_ (net)
                  0.03    0.00    0.89 ^ _1261_/D (sky130_fd_sc_hd__dfxtp_1)
                                  0.89   data arrival time

                          0.00    0.00   clock clk (rise edge)
                          0.00    0.00   clock source latency
                  0.09    0.06    0.06 ^ clk (in)
     1    0.02                           clk (net)
                  0.09    0.00    0.06 ^ clkbuf_0_clk/A (sky130_fd_sc_hd__clkbuf_16)
                  0.11    0.21    0.27 ^ clkbuf_0_clk/X (sky130_fd_sc_hd__clkbuf_16)
    16    0.09                           clknet_0_clk (net)
                  0.11    0.00    0.27 ^ clkbuf_4_6_0_clk/A (sky130_fd_sc_hd__clkbuf_8)
                  0.06    0.17    0.44 ^ clkbuf_4_6_0_clk/X (sky130_fd_sc_hd__clkbuf_8)
    10    0.03                           clknet_4_6_0_clk (net)
                  0.06    0.00    0.44 ^ _1261_/CLK (sky130_fd_sc_hd__dfxtp_1)
                          0.25    0.69   clock uncertainty
                         -0.04    0.65   clock reconvergence pessimism
                         -0.03    0.62   library hold time
                                  0.62   data required time
-----------------------------------------------------------------------------
                                  0.62   data required time
                                 -0.89   data arrival time
-----------------------------------------------------------------------------
                                  0.27   slack (MET)


Startpoint: _1249_ (rising edge-triggered flip-flop clocked by clk)
Endpoint: _1249_ (rising edge-triggered flip-flop clocked by clk)
Path Group: clk
Path Type: min

Fanout     Cap    Slew   Delay    Time   Description
-----------------------------------------------------------------------------
                          0.00    0.00   clock clk (rise edge)
                          0.00    0.00   clock source latency
                  0.09    0.06    0.06 ^ clk (in)
     1    0.02                           clk (net)
                  0.09    0.00    0.06 ^ clkbuf_0_clk/A (sky130_fd_sc_hd__clkbuf_16)
                  0.11    0.19    0.25 ^ clkbuf_0_clk/X (sky130_fd_sc_hd__clkbuf_16)
    16    0.09                           clknet_0_clk (net)
                  0.11    0.00    0.25 ^ clkbuf_4_5_0_clk/A (sky130_fd_sc_hd__clkbuf_8)
                  0.06    0.16    0.40 ^ clkbuf_4_5_0_clk/X (sky130_fd_sc_hd__clkbuf_8)
    11    0.03                           clknet_4_5_0_clk (net)
                  0.06    0.00    0.40 ^ _1249_/CLK (sky130_fd_sc_hd__dfxtp_1)
                  0.06    0.31    0.71 ^ _1249_/Q (sky130_fd_sc_hd__dfxtp_1)
     2    0.01                           u_sram.mem[28][1] (net)
                  0.06    0.00    0.71 ^ _1111_/A1 (sky130_fd_sc_hd__mux2_1)
                  0.04    0.12    0.82 ^ _1111_/X (sky130_fd_sc_hd__mux2_1)
     1    0.00                           _0479_ (net)
                  0.04    0.00    0.82 ^ _1112_/A (sky130_fd_sc_hd__clkbuf_1)
                  0.04    0.07    0.89 ^ _1112_/X (sky130_fd_sc_hd__clkbuf_1)
     1    0.00                           _0083_ (net)
                  0.04    0.00    0.89 ^ _1249_/D (sky130_fd_sc_hd__dfxtp_1)
                                  0.89   data arrival time

                          0.00    0.00   clock clk (rise edge)
                          0.00    0.00   clock source latency
                  0.09    0.06    0.06 ^ clk (in)
     1    0.02                           clk (net)
                  0.09    0.00    0.06 ^ clkbuf_0_clk/A (sky130_fd_sc_hd__clkbuf_16)
                  0.11    0.21    0.27 ^ clkbuf_0_clk/X (sky130_fd_sc_hd__clkbuf_16)
    16    0.09                           clknet_0_clk (net)
                  0.11    0.00    0.27 ^ clkbuf_4_5_0_clk/A (sky130_fd_sc_hd__clkbuf_8)
                  0.06    0.17    0.45 ^ clkbuf_4_5_0_clk/X (sky130_fd_sc_hd__clkbuf_8)
    11    0.03                           clknet_4_5_0_clk (net)
                  0.06    0.00    0.45 ^ _1249_/CLK (sky130_fd_sc_hd__dfxtp_1)
                          0.25    0.70   clock uncertainty
                         -0.04    0.65   clock reconvergence pessimism
                         -0.03    0.63   library hold time
                                  0.63   data required time
-----------------------------------------------------------------------------
                                  0.63   data required time
                                 -0.89   data arrival time
-----------------------------------------------------------------------------
                                  0.27   slack (MET)


Startpoint: _1185_ (rising edge-triggered flip-flop clocked by clk)
Endpoint: _1185_ (rising edge-triggered flip-flop clocked by clk)
Path Group: clk
Path Type: min

Fanout     Cap    Slew   Delay    Time   Description
-----------------------------------------------------------------------------
                          0.00    0.00   clock clk (rise edge)
                          0.00    0.00   clock source latency
                  0.09    0.06    0.06 ^ clk (in)
     1    0.02                           clk (net)
                  0.09    0.00    0.06 ^ clkbuf_0_clk/A (sky130_fd_sc_hd__clkbuf_16)
                  0.11    0.19    0.25 ^ clkbuf_0_clk/X (sky130_fd_sc_hd__clkbuf_16)
    16    0.09                           clknet_0_clk (net)
                  0.11    0.00    0.25 ^ clkbuf_4_8_0_clk/A (sky130_fd_sc_hd__clkbuf_8)
                  0.06    0.16    0.40 ^ clkbuf_4_8_0_clk/X (sky130_fd_sc_hd__clkbuf_8)
    10    0.03                           clknet_4_8_0_clk (net)
                  0.06    0.00    0.40 ^ _1185_/CLK (sky130_fd_sc_hd__dfxtp_1)
                  0.06    0.31    0.71 ^ _1185_/Q (sky130_fd_sc_hd__dfxtp_1)
     2    0.01                           u_sram.mem[60][1] (net)
                  0.06    0.00    0.71 ^ _0927_/A1 (sky130_fd_sc_hd__mux2_1)
                  0.04    0.12    0.82 ^ _0927_/X (sky130_fd_sc_hd__mux2_1)
     1    0.00                           _0359_ (net)
                  0.04    0.00    0.82 ^ _0928_/A (sky130_fd_sc_hd__clkbuf_1)
                  0.03    0.07    0.89 ^ _0928_/X (sky130_fd_sc_hd__clkbuf_1)
     1    0.00                           _0019_ (net)
                  0.03    0.00    0.89 ^ _1185_/D (sky130_fd_sc_hd__dfxtp_1)
                                  0.89   data arrival time

                          0.00    0.00   clock clk (rise edge)
                          0.00    0.00   clock source latency
                  0.09    0.06    0.06 ^ clk (in)
     1    0.02                           clk (net)
                  0.09    0.00    0.06 ^ clkbuf_0_clk/A (sky130_fd_sc_hd__clkbuf_16)
                  0.11    0.21    0.27 ^ clkbuf_0_clk/X (sky130_fd_sc_hd__clkbuf_16)
    16    0.09                           clknet_0_clk (net)
                  0.11    0.00    0.27 ^ clkbuf_4_8_0_clk/A (sky130_fd_sc_hd__clkbuf_8)
                  0.06    0.17    0.44 ^ clkbuf_4_8_0_clk/X (sky130_fd_sc_hd__clkbuf_8)
    10    0.03                           clknet_4_8_0_clk (net)
                  0.06    0.00    0.44 ^ _1185_/CLK (sky130_fd_sc_hd__dfxtp_1)
                          0.25    0.69   clock uncertainty
                         -0.04    0.65   clock reconvergence pessimism
                         -0.03    0.62   library hold time
                                  0.62   data required time
-----------------------------------------------------------------------------
                                  0.62   data required time
                                 -0.89   data arrival time
-----------------------------------------------------------------------------
                                  0.27   slack (MET)


Startpoint: _1287_ (rising edge-triggered flip-flop clocked by clk)
Endpoint: _1287_ (rising edge-triggered flip-flop clocked by clk)
Path Group: clk
Path Type: min

Fanout     Cap    Slew   Delay    Time   Description
-----------------------------------------------------------------------------
                          0.00    0.00   clock clk (rise edge)
                          0.00    0.00   clock source latency
                  0.09    0.06    0.06 ^ clk (in)
     1    0.02                           clk (net)
                  0.09    0.00    0.06 ^ clkbuf_0_clk/A (sky130_fd_sc_hd__clkbuf_16)
                  0.11    0.19    0.25 ^ clkbuf_0_clk/X (sky130_fd_sc_hd__clkbuf_16)
    16    0.09                           clknet_0_clk (net)
                  0.11    0.00    0.25 ^ clkbuf_4_1_0_clk/A (sky130_fd_sc_hd__clkbuf_8)
                  0.06    0.16    0.40 ^ clkbuf_4_1_0_clk/X (sky130_fd_sc_hd__clkbuf_8)
    10    0.03                           clknet_4_1_0_clk (net)
                  0.06    0.00    0.40 ^ _1287_/CLK (sky130_fd_sc_hd__dfxtp_1)
                  0.06    0.31    0.71 ^ _1287_/Q (sky130_fd_sc_hd__dfxtp_1)
     2    0.01                           u_sram.mem[9][1] (net)
                  0.06    0.00    0.71 ^ _0623_/A1 (sky130_fd_sc_hd__mux2_1)
                  0.04    0.12    0.82 ^ _0623_/X (sky130_fd_sc_hd__mux2_1)
     1    0.00                           _0540_ (net)
                  0.04    0.00    0.82 ^ _0624_/A (sky130_fd_sc_hd__clkbuf_1)
                  0.04    0.07    0.89 ^ _0624_/X (sky130_fd_sc_hd__clkbuf_1)
     1    0.00                           _0121_ (net)
                  0.04    0.00    0.89 ^ _1287_/D (sky130_fd_sc_hd__dfxtp_1)
                                  0.89   data arrival time

                          0.00    0.00   clock clk (rise edge)
                          0.00    0.00   clock source latency
                  0.09    0.06    0.06 ^ clk (in)
     1    0.02                           clk (net)
                  0.09    0.00    0.06 ^ clkbuf_0_clk/A (sky130_fd_sc_hd__clkbuf_16)
                  0.11    0.21    0.27 ^ clkbuf_0_clk/X (sky130_fd_sc_hd__clkbuf_16)
    16    0.09                           clknet_0_clk (net)
                  0.11    0.00    0.27 ^ clkbuf_4_1_0_clk/A (sky130_fd_sc_hd__clkbuf_8)
                  0.06    0.17    0.44 ^ clkbuf_4_1_0_clk/X (sky130_fd_sc_hd__clkbuf_8)
    10    0.03                           clknet_4_1_0_clk (net)
                  0.06    0.00    0.44 ^ _1287_/CLK (sky130_fd_sc_hd__dfxtp_1)
                          0.25    0.69   clock uncertainty
                         -0.04    0.65   clock reconvergence pessimism
                         -0.03    0.62   library hold time
                                  0.62   data required time
-----------------------------------------------------------------------------
                                  0.62   data required time
                                 -0.89   data arrival time
-----------------------------------------------------------------------------
                                  0.27   slack (MET)


Startpoint: _1207_ (rising edge-triggered flip-flop clocked by clk)
Endpoint: _1207_ (rising edge-triggered flip-flop clocked by clk)
Path Group: clk
Path Type: min

Fanout     Cap    Slew   Delay    Time   Description
-----------------------------------------------------------------------------
                          0.00    0.00   clock clk (rise edge)
                          0.00    0.00   clock source latency
                  0.09    0.06    0.06 ^ clk (in)
     1    0.02                           clk (net)
                  0.09    0.00    0.06 ^ clkbuf_0_clk/A (sky130_fd_sc_hd__clkbuf_16)
                  0.11    0.19    0.25 ^ clkbuf_0_clk/X (sky130_fd_sc_hd__clkbuf_16)
    16    0.09                           clknet_0_clk (net)
                  0.11    0.00    0.25 ^ clkbuf_4_8_0_clk/A (sky130_fd_sc_hd__clkbuf_8)
                  0.06    0.16    0.40 ^ clkbuf_4_8_0_clk/X (sky130_fd_sc_hd__clkbuf_8)
    10    0.03                           clknet_4_8_0_clk (net)
                  0.06    0.00    0.40 ^ _1207_/CLK (sky130_fd_sc_hd__dfxtp_1)
                  0.06    0.31    0.71 ^ _1207_/Q (sky130_fd_sc_hd__dfxtp_1)
     2    0.01                           u_sram.mem[49][1] (net)
                  0.06    0.00    0.71 ^ _0995_/A1 (sky130_fd_sc_hd__mux2_1)
                  0.04    0.11    0.82 ^ _0995_/X (sky130_fd_sc_hd__mux2_1)
     1    0.00                           _0405_ (net)
                  0.04    0.00    0.82 ^ _0996_/A (sky130_fd_sc_hd__clkbuf_1)
                  0.04    0.07    0.89 ^ _0996_/X (sky130_fd_sc_hd__clkbuf_1)
     1    0.00                           _0041_ (net)
                  0.04    0.00    0.89 ^ _1207_/D (sky130_fd_sc_hd__dfxtp_1)
                                  0.89   data arrival time

                          0.00    0.00   clock clk (rise edge)
                          0.00    0.00   clock source latency
                  0.09    0.06    0.06 ^ clk (in)
     1    0.02                           clk (net)
                  0.09    0.00    0.06 ^ clkbuf_0_clk/A (sky130_fd_sc_hd__clkbuf_16)
                  0.11    0.21    0.27 ^ clkbuf_0_clk/X (sky130_fd_sc_hd__clkbuf_16)
    16    0.09                           clknet_0_clk (net)
                  0.11    0.00    0.27 ^ clkbuf_4_8_0_clk/A (sky130_fd_sc_hd__clkbuf_8)
                  0.06    0.17    0.44 ^ clkbuf_4_8_0_clk/X (sky130_fd_sc_hd__clkbuf_8)
    10    0.03                           clknet_4_8_0_clk (net)
                  0.06    0.00    0.44 ^ _1207_/CLK (sky130_fd_sc_hd__dfxtp_1)
                          0.25    0.69   clock uncertainty
                         -0.04    0.65   clock reconvergence pessimism
                         -0.03    0.62   library hold time
                                  0.62   data required time
-----------------------------------------------------------------------------
                                  0.62   data required time
                                 -0.89   data arrival time
-----------------------------------------------------------------------------
                                  0.27   slack (MET)


Startpoint: _1242_ (rising edge-triggered flip-flop clocked by clk)
Endpoint: _1242_ (rising edge-triggered flip-flop clocked by clk)
Path Group: clk
Path Type: min

Fanout     Cap    Slew   Delay    Time   Description
-----------------------------------------------------------------------------
                          0.00    0.00   clock clk (rise edge)
                          0.00    0.00   clock source latency
                  0.09    0.06    0.06 ^ clk (in)
     1    0.02                           clk (net)
                  0.09    0.00    0.06 ^ clkbuf_0_clk/A (sky130_fd_sc_hd__clkbuf_16)
                  0.11    0.19    0.25 ^ clkbuf_0_clk/X (sky130_fd_sc_hd__clkbuf_16)
    16    0.09                           clknet_0_clk (net)
                  0.11    0.00    0.25 ^ clkbuf_4_13_0_clk/A (sky130_fd_sc_hd__clkbuf_8)
                  0.06    0.15    0.40 ^ clkbuf_4_13_0_clk/X (sky130_fd_sc_hd__clkbuf_8)
     9    0.02                           clknet_4_13_0_clk (net)
                  0.06    0.00    0.40 ^ _1242_/CLK (sky130_fd_sc_hd__dfxtp_1)
                  0.06    0.31    0.70 ^ _1242_/Q (sky130_fd_sc_hd__dfxtp_1)
     2    0.01                           u_sram.mem[32][0] (net)
                  0.06    0.00    0.70 ^ _1090_/A1 (sky130_fd_sc_hd__mux2_1)
                  0.04    0.12    0.82 ^ _1090_/X (sky130_fd_sc_hd__mux2_1)
     1    0.00                           _0465_ (net)
                  0.04    0.00    0.82 ^ _1091_/A (sky130_fd_sc_hd__clkbuf_1)
                  0.04    0.07    0.89 ^ _1091_/X (sky130_fd_sc_hd__clkbuf_1)
     1    0.00                           _0076_ (net)
                  0.04    0.00    0.89 ^ _1242_/D (sky130_fd_sc_hd__dfxtp_1)
                                  0.89   data arrival time

                          0.00    0.00   clock clk (rise edge)
                          0.00    0.00   clock source latency
                  0.09    0.06    0.06 ^ clk (in)
     1    0.02                           clk (net)
                  0.09    0.00    0.06 ^ clkbuf_0_clk/A (sky130_fd_sc_hd__clkbuf_16)
                  0.11    0.21    0.27 ^ clkbuf_0_clk/X (sky130_fd_sc_hd__clkbuf_16)
    16    0.09                           clknet_0_clk (net)
                  0.11    0.00    0.27 ^ clkbuf_4_13_0_clk/A (sky130_fd_sc_hd__clkbuf_8)
                  0.06    0.17    0.44 ^ clkbuf_4_13_0_clk/X (sky130_fd_sc_hd__clkbuf_8)
     9    0.02                           clknet_4_13_0_clk (net)
                  0.06    0.00    0.44 ^ _1242_/CLK (sky130_fd_sc_hd__dfxtp_1)
                          0.25    0.69   clock uncertainty
                         -0.04    0.65   clock reconvergence pessimism
                         -0.03    0.62   library hold time
                                  0.62   data required time
-----------------------------------------------------------------------------
                                  0.62   data required time
                                 -0.89   data arrival time
-----------------------------------------------------------------------------
                                  0.27   slack (MET)


Startpoint: _1282_ (rising edge-triggered flip-flop clocked by clk)
Endpoint: _1282_ (rising edge-triggered flip-flop clocked by clk)
Path Group: clk
Path Type: min

Fanout     Cap    Slew   Delay    Time   Description
-----------------------------------------------------------------------------
                          0.00    0.00   clock clk (rise edge)
                          0.00    0.00   clock source latency
                  0.09    0.06    0.06 ^ clk (in)
     1    0.02                           clk (net)
                  0.09    0.00    0.06 ^ clkbuf_0_clk/A (sky130_fd_sc_hd__clkbuf_16)
                  0.11    0.19    0.25 ^ clkbuf_0_clk/X (sky130_fd_sc_hd__clkbuf_16)
    16    0.09                           clknet_0_clk (net)
                  0.11    0.00    0.25 ^ clkbuf_4_0_0_clk/A (sky130_fd_sc_hd__clkbuf_8)
                  0.06    0.16    0.40 ^ clkbuf_4_0_0_clk/X (sky130_fd_sc_hd__clkbuf_8)
    10    0.03                           clknet_4_0_0_clk (net)
                  0.06    0.00    0.40 ^ _1282_/CLK (sky130_fd_sc_hd__dfxtp_1)
                  0.06    0.31    0.71 ^ _1282_/Q (sky130_fd_sc_hd__dfxtp_1)
     2    0.01                           u_sram.mem[12][0] (net)
                  0.06    0.00    0.71 ^ _0610_/A1 (sky130_fd_sc_hd__mux2_1)
                  0.04    0.12    0.82 ^ _0610_/X (sky130_fd_sc_hd__mux2_1)
     1    0.00                           _0532_ (net)
                  0.04    0.00    0.82 ^ _0611_/A (sky130_fd_sc_hd__clkbuf_1)
                  0.04    0.07    0.89 ^ _0611_/X (sky130_fd_sc_hd__clkbuf_1)
     1    0.00                           _0116_ (net)
                  0.04    0.00    0.89 ^ _1282_/D (sky130_fd_sc_hd__dfxtp_1)
                                  0.89   data arrival time

                          0.00    0.00   clock clk (rise edge)
                          0.00    0.00   clock source latency
                  0.09    0.06    0.06 ^ clk (in)
     1    0.02                           clk (net)
                  0.09    0.00    0.06 ^ clkbuf_0_clk/A (sky130_fd_sc_hd__clkbuf_16)
                  0.11    0.21    0.27 ^ clkbuf_0_clk/X (sky130_fd_sc_hd__clkbuf_16)
    16    0.09                           clknet_0_clk (net)
                  0.11    0.00    0.27 ^ clkbuf_4_0_0_clk/A (sky130_fd_sc_hd__clkbuf_8)
                  0.06    0.17    0.44 ^ clkbuf_4_0_0_clk/X (sky130_fd_sc_hd__clkbuf_8)
    10    0.03                           clknet_4_0_0_clk (net)
                  0.06    0.00    0.44 ^ _1282_/CLK (sky130_fd_sc_hd__dfxtp_1)
                          0.25    0.69   clock uncertainty
                         -0.04    0.65   clock reconvergence pessimism
                         -0.03    0.62   library hold time
                                  0.62   data required time
-----------------------------------------------------------------------------
                                  0.62   data required time
                                 -0.89   data arrival time
-----------------------------------------------------------------------------
                                  0.27   slack (MET)


Startpoint: _1280_ (rising edge-triggered flip-flop clocked by clk)
Endpoint: _1280_ (rising edge-triggered flip-flop clocked by clk)
Path Group: clk
Path Type: min

Fanout     Cap    Slew   Delay    Time   Description
-----------------------------------------------------------------------------
                          0.00    0.00   clock clk (rise edge)
                          0.00    0.00   clock source latency
                  0.09    0.06    0.06 ^ clk (in)
     1    0.02                           clk (net)
                  0.09    0.00    0.06 ^ clkbuf_0_clk/A (sky130_fd_sc_hd__clkbuf_16)
                  0.11    0.19    0.25 ^ clkbuf_0_clk/X (sky130_fd_sc_hd__clkbuf_16)
    16    0.09                           clknet_0_clk (net)
                  0.11    0.00    0.25 ^ clkbuf_4_0_0_clk/A (sky130_fd_sc_hd__clkbuf_8)
                  0.06    0.16    0.40 ^ clkbuf_4_0_0_clk/X (sky130_fd_sc_hd__clkbuf_8)
    10    0.03                           clknet_4_0_0_clk (net)
                  0.06    0.00    0.40 ^ _1280_/CLK (sky130_fd_sc_hd__dfxtp_1)
                  0.06    0.31    0.71 ^ _1280_/Q (sky130_fd_sc_hd__dfxtp_1)
     2    0.01                           u_sram.mem[13][0] (net)
                  0.06    0.00    0.71 ^ _0605_/A1 (sky130_fd_sc_hd__mux2_1)
                  0.04    0.12    0.82 ^ _0605_/X (sky130_fd_sc_hd__mux2_1)
     1    0.00                           _0529_ (net)
                  0.04    0.00    0.82 ^ _0606_/A (sky130_fd_sc_hd__clkbuf_1)
                  0.04    0.07    0.89 ^ _0606_/X (sky130_fd_sc_hd__clkbuf_1)
     1    0.00                           _0114_ (net)
                  0.04    0.00    0.89 ^ _1280_/D (sky130_fd_sc_hd__dfxtp_1)
                                  0.89   data arrival time

                          0.00    0.00   clock clk (rise edge)
                          0.00    0.00   clock source latency
                  0.09    0.06    0.06 ^ clk (in)
     1    0.02                           clk (net)
                  0.09    0.00    0.06 ^ clkbuf_0_clk/A (sky130_fd_sc_hd__clkbuf_16)
                  0.11    0.21    0.27 ^ clkbuf_0_clk/X (sky130_fd_sc_hd__clkbuf_16)
    16    0.09                           clknet_0_clk (net)
                  0.11    0.00    0.27 ^ clkbuf_4_0_0_clk/A (sky130_fd_sc_hd__clkbuf_8)
                  0.06    0.17    0.44 ^ clkbuf_4_0_0_clk/X (sky130_fd_sc_hd__clkbuf_8)
    10    0.03                           clknet_4_0_0_clk (net)
                  0.06    0.00    0.44 ^ _1280_/CLK (sky130_fd_sc_hd__dfxtp_1)
                          0.25    0.69   clock uncertainty
                         -0.04    0.65   clock reconvergence pessimism
                         -0.03    0.62   library hold time
                                  0.62   data required time
-----------------------------------------------------------------------------
                                  0.62   data required time
                                 -0.89   data arrival time
-----------------------------------------------------------------------------
                                  0.27   slack (MET)


Startpoint: _1191_ (rising edge-triggered flip-flop clocked by clk)
Endpoint: _1191_ (rising edge-triggered flip-flop clocked by clk)
Path Group: clk
Path Type: min

Fanout     Cap    Slew   Delay    Time   Description
-----------------------------------------------------------------------------
                          0.00    0.00   clock clk (rise edge)
                          0.00    0.00   clock source latency
                  0.09    0.06    0.06 ^ clk (in)
     1    0.02                           clk (net)
                  0.09    0.00    0.06 ^ clkbuf_0_clk/A (sky130_fd_sc_hd__clkbuf_16)
                  0.11    0.19    0.25 ^ clkbuf_0_clk/X (sky130_fd_sc_hd__clkbuf_16)
    16    0.09                           clknet_0_clk (net)
                  0.11    0.00    0.25 ^ clkbuf_4_3_0_clk/A (sky130_fd_sc_hd__clkbuf_8)
                  0.06    0.15    0.40 ^ clkbuf_4_3_0_clk/X (sky130_fd_sc_hd__clkbuf_8)
     9    0.02                           clknet_4_3_0_clk (net)
                  0.06    0.00    0.40 ^ _1191_/CLK (sky130_fd_sc_hd__dfxtp_1)
                  0.06    0.30    0.70 ^ _1191_/Q (sky130_fd_sc_hd__dfxtp_1)
     2    0.00                           u_sram.mem[57][1] (net)
                  0.06    0.00    0.70 ^ _0948_/A0 (sky130_fd_sc_hd__mux2_1)
                  0.04    0.12    0.82 ^ _0948_/X (sky130_fd_sc_hd__mux2_1)
     1    0.00                           _0374_ (net)
                  0.04    0.00    0.82 ^ _0949_/A (sky130_fd_sc_hd__clkbuf_1)
                  0.04    0.07    0.89 ^ _0949_/X (sky130_fd_sc_hd__clkbuf_1)
     1    0.00                           _0025_ (net)
                  0.04    0.00    0.89 ^ _1191_/D (sky130_fd_sc_hd__dfxtp_1)
                                  0.89   data arrival time

                          0.00    0.00   clock clk (rise edge)
                          0.00    0.00   clock source latency
                  0.09    0.06    0.06 ^ clk (in)
     1    0.02                           clk (net)
                  0.09    0.00    0.06 ^ clkbuf_0_clk/A (sky130_fd_sc_hd__clkbuf_16)
                  0.11    0.21    0.27 ^ clkbuf_0_clk/X (sky130_fd_sc_hd__clkbuf_16)
    16    0.09                           clknet_0_clk (net)
                  0.11    0.00    0.27 ^ clkbuf_4_3_0_clk/A (sky130_fd_sc_hd__clkbuf_8)
                  0.06    0.17    0.44 ^ clkbuf_4_3_0_clk/X (sky130_fd_sc_hd__clkbuf_8)
     9    0.02                           clknet_4_3_0_clk (net)
                  0.06    0.00    0.44 ^ _1191_/CLK (sky130_fd_sc_hd__dfxtp_1)
                          0.25    0.69   clock uncertainty
                         -0.04    0.65   clock reconvergence pessimism
                         -0.03    0.62   library hold time
                                  0.62   data required time
-----------------------------------------------------------------------------
                                  0.62   data required time
                                 -0.89   data arrival time
-----------------------------------------------------------------------------
                                  0.27   slack (MET)


Startpoint: _1275_ (rising edge-triggered flip-flop clocked by clk)
Endpoint: _1275_ (rising edge-triggered flip-flop clocked by clk)
Path Group: clk
Path Type: min

Fanout     Cap    Slew   Delay    Time   Description
-----------------------------------------------------------------------------
                          0.00    0.00   clock clk (rise edge)
                          0.00    0.00   clock source latency
                  0.09    0.06    0.06 ^ clk (in)
     1    0.02                           clk (net)
                  0.09    0.00    0.06 ^ clkbuf_0_clk/A (sky130_fd_sc_hd__clkbuf_16)
                  0.11    0.19    0.25 ^ clkbuf_0_clk/X (sky130_fd_sc_hd__clkbuf_16)
    16    0.09                           clknet_0_clk (net)
                  0.11    0.00    0.25 ^ clkbuf_4_0_0_clk/A (sky130_fd_sc_hd__clkbuf_8)
                  0.06    0.16    0.40 ^ clkbuf_4_0_0_clk/X (sky130_fd_sc_hd__clkbuf_8)
    10    0.03                           clknet_4_0_0_clk (net)
                  0.06    0.00    0.40 ^ _1275_/CLK (sky130_fd_sc_hd__dfxtp_1)
                  0.06    0.31    0.71 ^ _1275_/Q (sky130_fd_sc_hd__dfxtp_1)
     2    0.01                           u_sram.mem[15][1] (net)
                  0.06    0.00    0.71 ^ _0593_/A1 (sky130_fd_sc_hd__mux2_1)
                  0.04    0.12    0.82 ^ _0593_/X (sky130_fd_sc_hd__mux2_1)
     1    0.00                           _0522_ (net)
                  0.04    0.00    0.82 ^ _0594_/A (sky130_fd_sc_hd__clkbuf_1)
                  0.04    0.07    0.89 ^ _0594_/X (sky130_fd_sc_hd__clkbuf_1)
     1    0.00                           _0109_ (net)
                  0.04    0.00    0.89 ^ _1275_/D (sky130_fd_sc_hd__dfxtp_1)
                                  0.89   data arrival time

                          0.00    0.00   clock clk (rise edge)
                          0.00    0.00   clock source latency
                  0.09    0.06    0.06 ^ clk (in)
     1    0.02                           clk (net)
                  0.09    0.00    0.06 ^ clkbuf_0_clk/A (sky130_fd_sc_hd__clkbuf_16)
                  0.11    0.21    0.27 ^ clkbuf_0_clk/X (sky130_fd_sc_hd__clkbuf_16)
    16    0.09                           clknet_0_clk (net)
                  0.11    0.00    0.27 ^ clkbuf_4_0_0_clk/A (sky130_fd_sc_hd__clkbuf_8)
                  0.06    0.17    0.44 ^ clkbuf_4_0_0_clk/X (sky130_fd_sc_hd__clkbuf_8)
    10    0.03                           clknet_4_0_0_clk (net)
                  0.06    0.00    0.44 ^ _1275_/CLK (sky130_fd_sc_hd__dfxtp_1)
                          0.25    0.69   clock uncertainty
                         -0.04    0.65   clock reconvergence pessimism
                         -0.03    0.62   library hold time
                                  0.62   data required time
-----------------------------------------------------------------------------
                                  0.62   data required time
                                 -0.89   data arrival time
-----------------------------------------------------------------------------
                                  0.27   slack (MET)


Startpoint: _1218_ (rising edge-triggered flip-flop clocked by clk)
Endpoint: _1218_ (rising edge-triggered flip-flop clocked by clk)
Path Group: clk
Path Type: min

Fanout     Cap    Slew   Delay    Time   Description
-----------------------------------------------------------------------------
                          0.00    0.00   clock clk (rise edge)
                          0.00    0.00   clock source latency
                  0.09    0.06    0.06 ^ clk (in)
     1    0.02                           clk (net)
                  0.09    0.00    0.06 ^ clkbuf_0_clk/A (sky130_fd_sc_hd__clkbuf_16)
                  0.11    0.19    0.25 ^ clkbuf_0_clk/X (sky130_fd_sc_hd__clkbuf_16)
    16    0.09                           clknet_0_clk (net)
                  0.11    0.00    0.25 ^ clkbuf_4_7_0_clk/A (sky130_fd_sc_hd__clkbuf_8)
                  0.07    0.16    0.41 ^ clkbuf_4_7_0_clk/X (sky130_fd_sc_hd__clkbuf_8)
    13    0.03                           clknet_4_7_0_clk (net)
                  0.07    0.00    0.41 ^ _1218_/CLK (sky130_fd_sc_hd__dfxtp_1)
                  0.06    0.31    0.72 ^ _1218_/Q (sky130_fd_sc_hd__dfxtp_1)
     2    0.00                           u_sram.mem[44][0] (net)
                  0.06    0.00    0.72 ^ _1028_/A1 (sky130_fd_sc_hd__mux2_1)
                  0.04    0.12    0.83 ^ _1028_/X (sky130_fd_sc_hd__mux2_1)
     1    0.00                           _0427_ (net)
                  0.04    0.00    0.83 ^ _1029_/A (sky130_fd_sc_hd__clkbuf_1)
                  0.04    0.07    0.90 ^ _1029_/X (sky130_fd_sc_hd__clkbuf_1)
     1    0.00                           _0052_ (net)
                  0.04    0.00    0.90 ^ _1218_/D (sky130_fd_sc_hd__dfxtp_1)
                                  0.90   data arrival time

                          0.00    0.00   clock clk (rise edge)
                          0.00    0.00   clock source latency
                  0.09    0.06    0.06 ^ clk (in)
     1    0.02                           clk (net)
                  0.09    0.00    0.06 ^ clkbuf_0_clk/A (sky130_fd_sc_hd__clkbuf_16)
                  0.11    0.21    0.27 ^ clkbuf_0_clk/X (sky130_fd_sc_hd__clkbuf_16)
    16    0.09                           clknet_0_clk (net)
                  0.11    0.00    0.27 ^ clkbuf_4_7_0_clk/A (sky130_fd_sc_hd__clkbuf_8)
                  0.07    0.18    0.45 ^ clkbuf_4_7_0_clk/X (sky130_fd_sc_hd__clkbuf_8)
    13    0.03                           clknet_4_7_0_clk (net)
                  0.07    0.00    0.45 ^ _1218_/CLK (sky130_fd_sc_hd__dfxtp_1)
                          0.25    0.70   clock uncertainty
                         -0.04    0.66   clock reconvergence pessimism
                         -0.03    0.63   library hold time
                                  0.63   data required time
-----------------------------------------------------------------------------
                                  0.63   data required time
                                 -0.90   data arrival time
-----------------------------------------------------------------------------
                                  0.27   slack (MET)


Startpoint: _1298_ (rising edge-triggered flip-flop clocked by clk)
Endpoint: _1298_ (rising edge-triggered flip-flop clocked by clk)
Path Group: clk
Path Type: min

Fanout     Cap    Slew   Delay    Time   Description
-----------------------------------------------------------------------------
                          0.00    0.00   clock clk (rise edge)
                          0.00    0.00   clock source latency
                  0.09    0.06    0.06 ^ clk (in)
     1    0.02                           clk (net)
                  0.09    0.00    0.06 ^ clkbuf_0_clk/A (sky130_fd_sc_hd__clkbuf_16)
                  0.11    0.19    0.25 ^ clkbuf_0_clk/X (sky130_fd_sc_hd__clkbuf_16)
    16    0.09                           clknet_0_clk (net)
                  0.11    0.00    0.25 ^ clkbuf_4_2_0_clk/A (sky130_fd_sc_hd__clkbuf_8)
                  0.08    0.17    0.41 ^ clkbuf_4_2_0_clk/X (sky130_fd_sc_hd__clkbuf_8)
    14    0.04                           clknet_4_2_0_clk (net)
                  0.08    0.00    0.41 ^ _1298_/CLK (sky130_fd_sc_hd__dfxtp_1)
                  0.06    0.31    0.72 ^ _1298_/Q (sky130_fd_sc_hd__dfxtp_1)
     2    0.01                           u_sram.mem[4][0] (net)
                  0.06    0.00    0.72 ^ _0650_/A1 (sky130_fd_sc_hd__mux2_1)
                  0.04    0.11    0.84 ^ _0650_/X (sky130_fd_sc_hd__mux2_1)
     1    0.00                           _0556_ (net)
                  0.04    0.00    0.84 ^ _0651_/A (sky130_fd_sc_hd__clkbuf_1)
                  0.04    0.07    0.91 ^ _0651_/X (sky130_fd_sc_hd__clkbuf_1)
     1    0.00                           _0132_ (net)
                  0.04    0.00    0.91 ^ _1298_/D (sky130_fd_sc_hd__dfxtp_1)
                                  0.91   data arrival time

                          0.00    0.00   clock clk (rise edge)
                          0.00    0.00   clock source latency
                  0.09    0.06    0.06 ^ clk (in)
     1    0.02                           clk (net)
                  0.09    0.00    0.06 ^ clkbuf_0_clk/A (sky130_fd_sc_hd__clkbuf_16)
                  0.11    0.21    0.27 ^ clkbuf_0_clk/X (sky130_fd_sc_hd__clkbuf_16)
    16    0.09                           clknet_0_clk (net)
                  0.11    0.00    0.27 ^ clkbuf_4_2_0_clk/A (sky130_fd_sc_hd__clkbuf_8)
                  0.08    0.18    0.46 ^ clkbuf_4_2_0_clk/X (sky130_fd_sc_hd__clkbuf_8)
    14    0.04                           clknet_4_2_0_clk (net)
                  0.08    0.00    0.46 ^ _1298_/CLK (sky130_fd_sc_hd__dfxtp_1)
                          0.25    0.71   clock uncertainty
                         -0.04    0.66   clock reconvergence pessimism
                         -0.03    0.64   library hold time
                                  0.64   data required time
-----------------------------------------------------------------------------
                                  0.64   data required time
                                 -0.91   data arrival time
-----------------------------------------------------------------------------
                                  0.27   slack (MET)


Startpoint: _1202_ (rising edge-triggered flip-flop clocked by clk)
Endpoint: _1202_ (rising edge-triggered flip-flop clocked by clk)
Path Group: clk
Path Type: min

Fanout     Cap    Slew   Delay    Time   Description
-----------------------------------------------------------------------------
                          0.00    0.00   clock clk (rise edge)
                          0.00    0.00   clock source latency
                  0.09    0.06    0.06 ^ clk (in)
     1    0.02                           clk (net)
                  0.09    0.00    0.06 ^ clkbuf_0_clk/A (sky130_fd_sc_hd__clkbuf_16)
                  0.11    0.19    0.25 ^ clkbuf_0_clk/X (sky130_fd_sc_hd__clkbuf_16)
    16    0.09                           clknet_0_clk (net)
                  0.11    0.00    0.25 ^ clkbuf_4_9_0_clk/A (sky130_fd_sc_hd__clkbuf_8)
                  0.06    0.15    0.40 ^ clkbuf_4_9_0_clk/X (sky130_fd_sc_hd__clkbuf_8)
     8    0.02                           clknet_4_9_0_clk (net)
                  0.06    0.00    0.40 ^ _1202_/CLK (sky130_fd_sc_hd__dfxtp_1)
                  0.06    0.31    0.70 ^ _1202_/Q (sky130_fd_sc_hd__dfxtp_1)
     2    0.01                           u_sram.mem[52][0] (net)
                  0.06    0.00    0.70 ^ _0979_/A1 (sky130_fd_sc_hd__mux2_1)
                  0.04    0.12    0.82 ^ _0979_/X (sky130_fd_sc_hd__mux2_1)
     1    0.00                           _0394_ (net)
                  0.04    0.00    0.82 ^ _0980_/A (sky130_fd_sc_hd__clkbuf_1)
                  0.03    0.07    0.89 ^ _0980_/X (sky130_fd_sc_hd__clkbuf_1)
     1    0.00                           _0036_ (net)
                  0.03    0.00    0.89 ^ _1202_/D (sky130_fd_sc_hd__dfxtp_1)
                                  0.89   data arrival time

                          0.00    0.00   clock clk (rise edge)
                          0.00    0.00   clock source latency
                  0.09    0.06    0.06 ^ clk (in)
     1    0.02                           clk (net)
                  0.09    0.00    0.06 ^ clkbuf_0_clk/A (sky130_fd_sc_hd__clkbuf_16)
                  0.11    0.21    0.27 ^ clkbuf_0_clk/X (sky130_fd_sc_hd__clkbuf_16)
    16    0.09                           clknet_0_clk (net)
                  0.11    0.00    0.27 ^ clkbuf_4_9_0_clk/A (sky130_fd_sc_hd__clkbuf_8)
                  0.06    0.17    0.44 ^ clkbuf_4_9_0_clk/X (sky130_fd_sc_hd__clkbuf_8)
     8    0.02                           clknet_4_9_0_clk (net)
                  0.06    0.00    0.44 ^ _1202_/CLK (sky130_fd_sc_hd__dfxtp_1)
                          0.25    0.69   clock uncertainty
                         -0.04    0.65   clock reconvergence pessimism
                         -0.03    0.62   library hold time
                                  0.62   data required time
-----------------------------------------------------------------------------
                                  0.62   data required time
                                 -0.89   data arrival time
-----------------------------------------------------------------------------
                                  0.27   slack (MET)


Startpoint: _1276_ (rising edge-triggered flip-flop clocked by clk)
Endpoint: _1276_ (rising edge-triggered flip-flop clocked by clk)
Path Group: clk
Path Type: min

Fanout     Cap    Slew   Delay    Time   Description
-----------------------------------------------------------------------------
                          0.00    0.00   clock clk (rise edge)
                          0.00    0.00   clock source latency
                  0.09    0.06    0.06 ^ clk (in)
     1    0.02                           clk (net)
                  0.09    0.00    0.06 ^ clkbuf_0_clk/A (sky130_fd_sc_hd__clkbuf_16)
                  0.11    0.19    0.25 ^ clkbuf_0_clk/X (sky130_fd_sc_hd__clkbuf_16)
    16    0.09                           clknet_0_clk (net)
                  0.11    0.00    0.25 ^ clkbuf_4_0_0_clk/A (sky130_fd_sc_hd__clkbuf_8)
                  0.06    0.16    0.40 ^ clkbuf_4_0_0_clk/X (sky130_fd_sc_hd__clkbuf_8)
    10    0.03                           clknet_4_0_0_clk (net)
                  0.06    0.00    0.40 ^ _1276_/CLK (sky130_fd_sc_hd__dfxtp_1)
                  0.06    0.31    0.71 ^ _1276_/Q (sky130_fd_sc_hd__dfxtp_1)
     2    0.01                           u_sram.mem[15][0] (net)
                  0.06    0.00    0.71 ^ _0595_/A1 (sky130_fd_sc_hd__mux2_1)
                  0.04    0.12    0.82 ^ _0595_/X (sky130_fd_sc_hd__mux2_1)
     1    0.00                           _0523_ (net)
                  0.04    0.00    0.82 ^ _0596_/A (sky130_fd_sc_hd__clkbuf_1)
                  0.04    0.07    0.89 ^ _0596_/X (sky130_fd_sc_hd__clkbuf_1)
     1    0.00                           _0110_ (net)
                  0.04    0.00    0.89 ^ _1276_/D (sky130_fd_sc_hd__dfxtp_1)
                                  0.89   data arrival time

                          0.00    0.00   clock clk (rise edge)
                          0.00    0.00   clock source latency
                  0.09    0.06    0.06 ^ clk (in)
     1    0.02                           clk (net)
                  0.09    0.00    0.06 ^ clkbuf_0_clk/A (sky130_fd_sc_hd__clkbuf_16)
                  0.11    0.21    0.27 ^ clkbuf_0_clk/X (sky130_fd_sc_hd__clkbuf_16)
    16    0.09                           clknet_0_clk (net)
                  0.11    0.00    0.27 ^ clkbuf_4_0_0_clk/A (sky130_fd_sc_hd__clkbuf_8)
                  0.06    0.17    0.44 ^ clkbuf_4_0_0_clk/X (sky130_fd_sc_hd__clkbuf_8)
    10    0.03                           clknet_4_0_0_clk (net)
                  0.06    0.00    0.44 ^ _1276_/CLK (sky130_fd_sc_hd__dfxtp_1)
                          0.25    0.69   clock uncertainty
                         -0.04    0.65   clock reconvergence pessimism
                         -0.03    0.62   library hold time
                                  0.62   data required time
-----------------------------------------------------------------------------
                                  0.62   data required time
                                 -0.89   data arrival time
-----------------------------------------------------------------------------
                                  0.27   slack (MET)


Startpoint: _1209_ (rising edge-triggered flip-flop clocked by clk)
Endpoint: _1209_ (rising edge-triggered flip-flop clocked by clk)
Path Group: clk
Path Type: min

Fanout     Cap    Slew   Delay    Time   Description
-----------------------------------------------------------------------------
                          0.00    0.00   clock clk (rise edge)
                          0.00    0.00   clock source latency
                  0.09    0.06    0.06 ^ clk (in)
     1    0.02                           clk (net)
                  0.09    0.00    0.06 ^ clkbuf_0_clk/A (sky130_fd_sc_hd__clkbuf_16)
                  0.11    0.19    0.25 ^ clkbuf_0_clk/X (sky130_fd_sc_hd__clkbuf_16)
    16    0.09                           clknet_0_clk (net)
                  0.11    0.00    0.25 ^ clkbuf_4_8_0_clk/A (sky130_fd_sc_hd__clkbuf_8)
                  0.06    0.16    0.40 ^ clkbuf_4_8_0_clk/X (sky130_fd_sc_hd__clkbuf_8)
    10    0.03                           clknet_4_8_0_clk (net)
                  0.06    0.00    0.40 ^ _1209_/CLK (sky130_fd_sc_hd__dfxtp_1)
                  0.06    0.31    0.71 ^ _1209_/Q (sky130_fd_sc_hd__dfxtp_1)
     2    0.01                           u_sram.mem[48][1] (net)
                  0.06    0.00    0.71 ^ _1001_/A1 (sky130_fd_sc_hd__mux2_1)
                  0.04    0.12    0.83 ^ _1001_/X (sky130_fd_sc_hd__mux2_1)
     1    0.00                           _0409_ (net)
                  0.04    0.00    0.83 ^ _1002_/A (sky130_fd_sc_hd__clkbuf_1)
                  0.04    0.07    0.89 ^ _1002_/X (sky130_fd_sc_hd__clkbuf_1)
     1    0.00                           _0043_ (net)
                  0.04    0.00    0.89 ^ _1209_/D (sky130_fd_sc_hd__dfxtp_1)
                                  0.89   data arrival time

                          0.00    0.00   clock clk (rise edge)
                          0.00    0.00   clock source latency
                  0.09    0.06    0.06 ^ clk (in)
     1    0.02                           clk (net)
                  0.09    0.00    0.06 ^ clkbuf_0_clk/A (sky130_fd_sc_hd__clkbuf_16)
                  0.11    0.21    0.27 ^ clkbuf_0_clk/X (sky130_fd_sc_hd__clkbuf_16)
    16    0.09                           clknet_0_clk (net)
                  0.11    0.00    0.27 ^ clkbuf_4_8_0_clk/A (sky130_fd_sc_hd__clkbuf_8)
                  0.06    0.17    0.44 ^ clkbuf_4_8_0_clk/X (sky130_fd_sc_hd__clkbuf_8)
    10    0.03                           clknet_4_8_0_clk (net)
                  0.06    0.00    0.44 ^ _1209_/CLK (sky130_fd_sc_hd__dfxtp_1)
                          0.25    0.69   clock uncertainty
                         -0.04    0.65   clock reconvergence pessimism
                         -0.03    0.62   library hold time
                                  0.62   data required time
-----------------------------------------------------------------------------
                                  0.62   data required time
                                 -0.89   data arrival time
-----------------------------------------------------------------------------
                                  0.27   slack (MET)


Startpoint: _1230_ (rising edge-triggered flip-flop clocked by clk)
Endpoint: _1230_ (rising edge-triggered flip-flop clocked by clk)
Path Group: clk
Path Type: min

Fanout     Cap    Slew   Delay    Time   Description
-----------------------------------------------------------------------------
                          0.00    0.00   clock clk (rise edge)
                          0.00    0.00   clock source latency
                  0.09    0.06    0.06 ^ clk (in)
     1    0.02                           clk (net)
                  0.09    0.00    0.06 ^ clkbuf_0_clk/A (sky130_fd_sc_hd__clkbuf_16)
                  0.11    0.19    0.25 ^ clkbuf_0_clk/X (sky130_fd_sc_hd__clkbuf_16)
    16    0.09                           clknet_0_clk (net)
                  0.11    0.00    0.25 ^ clkbuf_4_7_0_clk/A (sky130_fd_sc_hd__clkbuf_8)
                  0.07    0.16    0.41 ^ clkbuf_4_7_0_clk/X (sky130_fd_sc_hd__clkbuf_8)
    13    0.03                           clknet_4_7_0_clk (net)
                  0.07    0.00    0.41 ^ _1230_/CLK (sky130_fd_sc_hd__dfxtp_1)
                  0.06    0.31    0.72 ^ _1230_/Q (sky130_fd_sc_hd__dfxtp_1)
     2    0.01                           u_sram.mem[38][0] (net)
                  0.06    0.00    0.72 ^ _1060_/A0 (sky130_fd_sc_hd__mux2_1)
                  0.04    0.11    0.83 ^ _1060_/X (sky130_fd_sc_hd__mux2_1)
     1    0.00                           _0447_ (net)
                  0.04    0.00    0.83 ^ _1061_/A (sky130_fd_sc_hd__clkbuf_1)
                  0.04    0.07    0.90 ^ _1061_/X (sky130_fd_sc_hd__clkbuf_1)
     1    0.00                           _0064_ (net)
                  0.04    0.00    0.90 ^ _1230_/D (sky130_fd_sc_hd__dfxtp_1)
                                  0.90   data arrival time

                          0.00    0.00   clock clk (rise edge)
                          0.00    0.00   clock source latency
                  0.09    0.06    0.06 ^ clk (in)
     1    0.02                           clk (net)
                  0.09    0.00    0.06 ^ clkbuf_0_clk/A (sky130_fd_sc_hd__clkbuf_16)
                  0.11    0.21    0.27 ^ clkbuf_0_clk/X (sky130_fd_sc_hd__clkbuf_16)
    16    0.09                           clknet_0_clk (net)
                  0.11    0.00    0.27 ^ clkbuf_4_7_0_clk/A (sky130_fd_sc_hd__clkbuf_8)
                  0.07    0.18    0.45 ^ clkbuf_4_7_0_clk/X (sky130_fd_sc_hd__clkbuf_8)
    13    0.03                           clknet_4_7_0_clk (net)
                  0.07    0.00    0.45 ^ _1230_/CLK (sky130_fd_sc_hd__dfxtp_1)
                          0.25    0.70   clock uncertainty
                         -0.04    0.66   clock reconvergence pessimism
                         -0.03    0.63   library hold time
                                  0.63   data required time
-----------------------------------------------------------------------------
                                  0.63   data required time
                                 -0.90   data arrival time
-----------------------------------------------------------------------------
                                  0.27   slack (MET)


Startpoint: _1228_ (rising edge-triggered flip-flop clocked by clk)
Endpoint: _1228_ (rising edge-triggered flip-flop clocked by clk)
Path Group: clk
Path Type: min

Fanout     Cap    Slew   Delay    Time   Description
-----------------------------------------------------------------------------
                          0.00    0.00   clock clk (rise edge)
                          0.00    0.00   clock source latency
                  0.09    0.06    0.06 ^ clk (in)
     1    0.02                           clk (net)
                  0.09    0.00    0.06 ^ clkbuf_0_clk/A (sky130_fd_sc_hd__clkbuf_16)
                  0.11    0.19    0.25 ^ clkbuf_0_clk/X (sky130_fd_sc_hd__clkbuf_16)
    16    0.09                           clknet_0_clk (net)
                  0.11    0.00    0.25 ^ clkbuf_4_6_0_clk/A (sky130_fd_sc_hd__clkbuf_8)
                  0.06    0.16    0.40 ^ clkbuf_4_6_0_clk/X (sky130_fd_sc_hd__clkbuf_8)
    10    0.03                           clknet_4_6_0_clk (net)
                  0.06    0.00    0.40 ^ _1228_/CLK (sky130_fd_sc_hd__dfxtp_1)
                  0.06    0.31    0.71 ^ _1228_/Q (sky130_fd_sc_hd__dfxtp_1)
     2    0.01                           u_sram.mem[39][0] (net)
                  0.06    0.00    0.71 ^ _1055_/A0 (sky130_fd_sc_hd__mux2_1)
                  0.04    0.11    0.82 ^ _1055_/X (sky130_fd_sc_hd__mux2_1)
     1    0.00                           _0444_ (net)
                  0.04    0.00    0.82 ^ _1056_/A (sky130_fd_sc_hd__clkbuf_1)
                  0.04    0.07    0.89 ^ _1056_/X (sky130_fd_sc_hd__clkbuf_1)
     1    0.00                           _0062_ (net)
                  0.04    0.00    0.89 ^ _1228_/D (sky130_fd_sc_hd__dfxtp_1)
                                  0.89   data arrival time

                          0.00    0.00   clock clk (rise edge)
                          0.00    0.00   clock source latency
                  0.09    0.06    0.06 ^ clk (in)
     1    0.02                           clk (net)
                  0.09    0.00    0.06 ^ clkbuf_0_clk/A (sky130_fd_sc_hd__clkbuf_16)
                  0.11    0.21    0.27 ^ clkbuf_0_clk/X (sky130_fd_sc_hd__clkbuf_16)
    16    0.09                           clknet_0_clk (net)
                  0.11    0.00    0.27 ^ clkbuf_4_6_0_clk/A (sky130_fd_sc_hd__clkbuf_8)
                  0.06    0.17    0.44 ^ clkbuf_4_6_0_clk/X (sky130_fd_sc_hd__clkbuf_8)
    10    0.03                           clknet_4_6_0_clk (net)
                  0.06    0.00    0.44 ^ _1228_/CLK (sky130_fd_sc_hd__dfxtp_1)
                          0.25    0.69   clock uncertainty
                         -0.04    0.65   clock reconvergence pessimism
                         -0.03    0.62   library hold time
                                  0.62   data required time
-----------------------------------------------------------------------------
                                  0.62   data required time
                                 -0.89   data arrival time
-----------------------------------------------------------------------------
                                  0.27   slack (MET)


Startpoint: _1288_ (rising edge-triggered flip-flop clocked by clk)
Endpoint: _1288_ (rising edge-triggered flip-flop clocked by clk)
Path Group: clk
Path Type: min

Fanout     Cap    Slew   Delay    Time   Description
-----------------------------------------------------------------------------
                          0.00    0.00   clock clk (rise edge)
                          0.00    0.00   clock source latency
                  0.09    0.06    0.06 ^ clk (in)
     1    0.02                           clk (net)
                  0.09    0.00    0.06 ^ clkbuf_0_clk/A (sky130_fd_sc_hd__clkbuf_16)
                  0.11    0.19    0.25 ^ clkbuf_0_clk/X (sky130_fd_sc_hd__clkbuf_16)
    16    0.09                           clknet_0_clk (net)
                  0.11    0.00    0.25 ^ clkbuf_4_1_0_clk/A (sky130_fd_sc_hd__clkbuf_8)
                  0.06    0.16    0.40 ^ clkbuf_4_1_0_clk/X (sky130_fd_sc_hd__clkbuf_8)
    10    0.03                           clknet_4_1_0_clk (net)
                  0.06    0.00    0.40 ^ _1288_/CLK (sky130_fd_sc_hd__dfxtp_1)
                  0.06    0.31    0.71 ^ _1288_/Q (sky130_fd_sc_hd__dfxtp_1)
     2    0.01                           u_sram.mem[9][0] (net)
                  0.06    0.00    0.71 ^ _0625_/A1 (sky130_fd_sc_hd__mux2_1)
                  0.04    0.12    0.83 ^ _0625_/X (sky130_fd_sc_hd__mux2_1)
     1    0.00                           _0541_ (net)
                  0.04    0.00    0.83 ^ _0626_/A (sky130_fd_sc_hd__clkbuf_1)
                  0.03    0.07    0.89 ^ _0626_/X (sky130_fd_sc_hd__clkbuf_1)
     1    0.00                           _0122_ (net)
                  0.03    0.00    0.89 ^ _1288_/D (sky130_fd_sc_hd__dfxtp_1)
                                  0.89   data arrival time

                          0.00    0.00   clock clk (rise edge)
                          0.00    0.00   clock source latency
                  0.09    0.06    0.06 ^ clk (in)
     1    0.02                           clk (net)
                  0.09    0.00    0.06 ^ clkbuf_0_clk/A (sky130_fd_sc_hd__clkbuf_16)
                  0.11    0.21    0.27 ^ clkbuf_0_clk/X (sky130_fd_sc_hd__clkbuf_16)
    16    0.09                           clknet_0_clk (net)
                  0.11    0.00    0.27 ^ clkbuf_4_1_0_clk/A (sky130_fd_sc_hd__clkbuf_8)
                  0.06    0.17    0.44 ^ clkbuf_4_1_0_clk/X (sky130_fd_sc_hd__clkbuf_8)
    10    0.03                           clknet_4_1_0_clk (net)
                  0.06    0.00    0.44 ^ _1288_/CLK (sky130_fd_sc_hd__dfxtp_1)
                          0.25    0.69   clock uncertainty
                         -0.04    0.65   clock reconvergence pessimism
                         -0.03    0.62   library hold time
                                  0.62   data required time
-----------------------------------------------------------------------------
                                  0.62   data required time
                                 -0.89   data arrival time
-----------------------------------------------------------------------------
                                  0.27   slack (MET)


Startpoint: _1237_ (rising edge-triggered flip-flop clocked by clk)
Endpoint: _1237_ (rising edge-triggered flip-flop clocked by clk)
Path Group: clk
Path Type: min

Fanout     Cap    Slew   Delay    Time   Description
-----------------------------------------------------------------------------
                          0.00    0.00   clock clk (rise edge)
                          0.00    0.00   clock source latency
                  0.09    0.06    0.06 ^ clk (in)
     1    0.02                           clk (net)
                  0.09    0.00    0.06 ^ clkbuf_0_clk/A (sky130_fd_sc_hd__clkbuf_16)
                  0.11    0.19    0.25 ^ clkbuf_0_clk/X (sky130_fd_sc_hd__clkbuf_16)
    16    0.09                           clknet_0_clk (net)
                  0.11    0.00    0.25 ^ clkbuf_4_13_0_clk/A (sky130_fd_sc_hd__clkbuf_8)
                  0.06    0.15    0.40 ^ clkbuf_4_13_0_clk/X (sky130_fd_sc_hd__clkbuf_8)
     9    0.02                           clknet_4_13_0_clk (net)
                  0.06    0.00    0.40 ^ _1237_/CLK (sky130_fd_sc_hd__dfxtp_1)
                  0.07    0.31    0.71 ^ _1237_/Q (sky130_fd_sc_hd__dfxtp_1)
     2    0.01                           u_sram.mem[34][1] (net)
                  0.07    0.00    0.71 ^ _1078_/A1 (sky130_fd_sc_hd__mux2_1)
                  0.04    0.12    0.82 ^ _1078_/X (sky130_fd_sc_hd__mux2_1)
     1    0.00                           _0458_ (net)
                  0.04    0.00    0.82 ^ _1079_/A (sky130_fd_sc_hd__clkbuf_1)
                  0.04    0.07    0.89 ^ _1079_/X (sky130_fd_sc_hd__clkbuf_1)
     1    0.00                           _0071_ (net)
                  0.04    0.00    0.89 ^ _1237_/D (sky130_fd_sc_hd__dfxtp_1)
                                  0.89   data arrival time

                          0.00    0.00   clock clk (rise edge)
                          0.00    0.00   clock source latency
                  0.09    0.06    0.06 ^ clk (in)
     1    0.02                           clk (net)
                  0.09    0.00    0.06 ^ clkbuf_0_clk/A (sky130_fd_sc_hd__clkbuf_16)
                  0.11    0.21    0.27 ^ clkbuf_0_clk/X (sky130_fd_sc_hd__clkbuf_16)
    16    0.09                           clknet_0_clk (net)
                  0.11    0.00    0.27 ^ clkbuf_4_13_0_clk/A (sky130_fd_sc_hd__clkbuf_8)
                  0.06    0.17    0.44 ^ clkbuf_4_13_0_clk/X (sky130_fd_sc_hd__clkbuf_8)
     9    0.02                           clknet_4_13_0_clk (net)
                  0.06    0.00    0.44 ^ _1237_/CLK (sky130_fd_sc_hd__dfxtp_1)
                          0.25    0.69   clock uncertainty
                         -0.04    0.65   clock reconvergence pessimism
                         -0.03    0.62   library hold time
                                  0.62   data required time
-----------------------------------------------------------------------------
                                  0.62   data required time
                                 -0.89   data arrival time
-----------------------------------------------------------------------------
                                  0.27   slack (MET)


Startpoint: _1184_ (rising edge-triggered flip-flop clocked by clk)
Endpoint: _1184_ (rising edge-triggered flip-flop clocked by clk)
Path Group: clk
Path Type: min

Fanout     Cap    Slew   Delay    Time   Description
-----------------------------------------------------------------------------
                          0.00    0.00   clock clk (rise edge)
                          0.00    0.00   clock source latency
                  0.09    0.06    0.06 ^ clk (in)
     1    0.02                           clk (net)
                  0.09    0.00    0.06 ^ clkbuf_0_clk/A (sky130_fd_sc_hd__clkbuf_16)
                  0.11    0.19    0.25 ^ clkbuf_0_clk/X (sky130_fd_sc_hd__clkbuf_16)
    16    0.09                           clknet_0_clk (net)
                  0.11    0.00    0.25 ^ clkbuf_4_3_0_clk/A (sky130_fd_sc_hd__clkbuf_8)
                  0.06    0.15    0.40 ^ clkbuf_4_3_0_clk/X (sky130_fd_sc_hd__clkbuf_8)
     9    0.02                           clknet_4_3_0_clk (net)
                  0.06    0.00    0.40 ^ _1184_/CLK (sky130_fd_sc_hd__dfxtp_1)
                  0.07    0.31    0.70 ^ _1184_/Q (sky130_fd_sc_hd__dfxtp_1)
     2    0.01                           u_sram.mem[61][0] (net)
                  0.07    0.00    0.70 ^ _0923_/A1 (sky130_fd_sc_hd__mux2_1)
                  0.04    0.12    0.82 ^ _0923_/X (sky130_fd_sc_hd__mux2_1)
     1    0.00                           _0356_ (net)
                  0.04    0.00    0.82 ^ _0924_/A (sky130_fd_sc_hd__clkbuf_1)
                  0.04    0.07    0.89 ^ _0924_/X (sky130_fd_sc_hd__clkbuf_1)
     1    0.00                           _0018_ (net)
                  0.04    0.00    0.89 ^ _1184_/D (sky130_fd_sc_hd__dfxtp_1)
                                  0.89   data arrival time

                          0.00    0.00   clock clk (rise edge)
                          0.00    0.00   clock source latency
                  0.09    0.06    0.06 ^ clk (in)
     1    0.02                           clk (net)
                  0.09    0.00    0.06 ^ clkbuf_0_clk/A (sky130_fd_sc_hd__clkbuf_16)
                  0.11    0.21    0.27 ^ clkbuf_0_clk/X (sky130_fd_sc_hd__clkbuf_16)
    16    0.09                           clknet_0_clk (net)
                  0.11    0.00    0.27 ^ clkbuf_4_3_0_clk/A (sky130_fd_sc_hd__clkbuf_8)
                  0.06    0.17    0.44 ^ clkbuf_4_3_0_clk/X (sky130_fd_sc_hd__clkbuf_8)
     9    0.02                           clknet_4_3_0_clk (net)
                  0.06    0.00    0.44 ^ _1184_/CLK (sky130_fd_sc_hd__dfxtp_1)
                          0.25    0.69   clock uncertainty
                         -0.04    0.65   clock reconvergence pessimism
                         -0.03    0.62   library hold time
                                  0.62   data required time
-----------------------------------------------------------------------------
                                  0.62   data required time
                                 -0.89   data arrival time
-----------------------------------------------------------------------------
                                  0.27   slack (MET)


Startpoint: _1236_ (rising edge-triggered flip-flop clocked by clk)
Endpoint: _1236_ (rising edge-triggered flip-flop clocked by clk)
Path Group: clk
Path Type: min

Fanout     Cap    Slew   Delay    Time   Description
-----------------------------------------------------------------------------
                          0.00    0.00   clock clk (rise edge)
                          0.00    0.00   clock source latency
                  0.09    0.06    0.06 ^ clk (in)
     1    0.02                           clk (net)
                  0.09    0.00    0.06 ^ clkbuf_0_clk/A (sky130_fd_sc_hd__clkbuf_16)
                  0.11    0.19    0.25 ^ clkbuf_0_clk/X (sky130_fd_sc_hd__clkbuf_16)
    16    0.09                           clknet_0_clk (net)
                  0.11    0.00    0.25 ^ clkbuf_4_7_0_clk/A (sky130_fd_sc_hd__clkbuf_8)
                  0.07    0.16    0.41 ^ clkbuf_4_7_0_clk/X (sky130_fd_sc_hd__clkbuf_8)
    13    0.03                           clknet_4_7_0_clk (net)
                  0.07    0.00    0.41 ^ _1236_/CLK (sky130_fd_sc_hd__dfxtp_1)
                  0.06    0.31    0.72 ^ _1236_/Q (sky130_fd_sc_hd__dfxtp_1)
     2    0.01                           u_sram.mem[35][0] (net)
                  0.06    0.00    0.72 ^ _1075_/A0 (sky130_fd_sc_hd__mux2_1)
                  0.04    0.11    0.83 ^ _1075_/X (sky130_fd_sc_hd__mux2_1)
     1    0.00                           _0456_ (net)
                  0.04    0.00    0.83 ^ _1076_/A (sky130_fd_sc_hd__clkbuf_1)
                  0.04    0.07    0.90 ^ _1076_/X (sky130_fd_sc_hd__clkbuf_1)
     1    0.00                           _0070_ (net)
                  0.04    0.00    0.90 ^ _1236_/D (sky130_fd_sc_hd__dfxtp_1)
                                  0.90   data arrival time

                          0.00    0.00   clock clk (rise edge)
                          0.00    0.00   clock source latency
                  0.09    0.06    0.06 ^ clk (in)
     1    0.02                           clk (net)
                  0.09    0.00    0.06 ^ clkbuf_0_clk/A (sky130_fd_sc_hd__clkbuf_16)
                  0.11    0.21    0.27 ^ clkbuf_0_clk/X (sky130_fd_sc_hd__clkbuf_16)
    16    0.09                           clknet_0_clk (net)
                  0.11    0.00    0.27 ^ clkbuf_4_7_0_clk/A (sky130_fd_sc_hd__clkbuf_8)
                  0.07    0.18    0.45 ^ clkbuf_4_7_0_clk/X (sky130_fd_sc_hd__clkbuf_8)
    13    0.03                           clknet_4_7_0_clk (net)
                  0.07    0.00    0.45 ^ _1236_/CLK (sky130_fd_sc_hd__dfxtp_1)
                          0.25    0.70   clock uncertainty
                         -0.04    0.66   clock reconvergence pessimism
                         -0.03    0.63   library hold time
                                  0.63   data required time
-----------------------------------------------------------------------------
                                  0.63   data required time
                                 -0.90   data arrival time
-----------------------------------------------------------------------------
                                  0.27   slack (MET)


Startpoint: _1302_ (rising edge-triggered flip-flop clocked by clk)
Endpoint: _1302_ (rising edge-triggered flip-flop clocked by clk)
Path Group: clk
Path Type: min

Fanout     Cap    Slew   Delay    Time   Description
-----------------------------------------------------------------------------
                          0.00    0.00   clock clk (rise edge)
                          0.00    0.00   clock source latency
                  0.09    0.06    0.06 ^ clk (in)
     1    0.02                           clk (net)
                  0.09    0.00    0.06 ^ clkbuf_0_clk/A (sky130_fd_sc_hd__clkbuf_16)
                  0.11    0.19    0.25 ^ clkbuf_0_clk/X (sky130_fd_sc_hd__clkbuf_16)
    16    0.09                           clknet_0_clk (net)
                  0.11    0.00    0.25 ^ clkbuf_4_1_0_clk/A (sky130_fd_sc_hd__clkbuf_8)
                  0.06    0.16    0.40 ^ clkbuf_4_1_0_clk/X (sky130_fd_sc_hd__clkbuf_8)
    10    0.03                           clknet_4_1_0_clk (net)
                  0.06    0.00    0.40 ^ _1302_/CLK (sky130_fd_sc_hd__dfxtp_1)
                  0.06    0.31    0.71 ^ _1302_/Q (sky130_fd_sc_hd__dfxtp_1)
     2    0.01                           u_sram.mem[2][0] (net)
                  0.06    0.00    0.71 ^ _0660_/A1 (sky130_fd_sc_hd__mux2_1)
                  0.04    0.12    0.82 ^ _0660_/X (sky130_fd_sc_hd__mux2_1)
     1    0.00                           _0562_ (net)
                  0.04    0.00    0.82 ^ _0661_/A (sky130_fd_sc_hd__clkbuf_1)
                  0.04    0.07    0.89 ^ _0661_/X (sky130_fd_sc_hd__clkbuf_1)
     1    0.00                           _0136_ (net)
                  0.04    0.00    0.89 ^ _1302_/D (sky130_fd_sc_hd__dfxtp_1)
                                  0.89   data arrival time

                          0.00    0.00   clock clk (rise edge)
                          0.00    0.00   clock source latency
                  0.09    0.06    0.06 ^ clk (in)
     1    0.02                           clk (net)
                  0.09    0.00    0.06 ^ clkbuf_0_clk/A (sky130_fd_sc_hd__clkbuf_16)
                  0.11    0.21    0.27 ^ clkbuf_0_clk/X (sky130_fd_sc_hd__clkbuf_16)
    16    0.09                           clknet_0_clk (net)
                  0.11    0.00    0.27 ^ clkbuf_4_1_0_clk/A (sky130_fd_sc_hd__clkbuf_8)
                  0.06    0.17    0.44 ^ clkbuf_4_1_0_clk/X (sky130_fd_sc_hd__clkbuf_8)
    10    0.03                           clknet_4_1_0_clk (net)
                  0.06    0.00    0.44 ^ _1302_/CLK (sky130_fd_sc_hd__dfxtp_1)
                          0.25    0.69   clock uncertainty
                         -0.04    0.65   clock reconvergence pessimism
                         -0.03    0.62   library hold time
                                  0.62   data required time
-----------------------------------------------------------------------------
                                  0.62   data required time
                                 -0.89   data arrival time
-----------------------------------------------------------------------------
                                  0.27   slack (MET)


Startpoint: _1241_ (rising edge-triggered flip-flop clocked by clk)
Endpoint: _1241_ (rising edge-triggered flip-flop clocked by clk)
Path Group: clk
Path Type: min

Fanout     Cap    Slew   Delay    Time   Description
-----------------------------------------------------------------------------
                          0.00    0.00   clock clk (rise edge)
                          0.00    0.00   clock source latency
                  0.09    0.06    0.06 ^ clk (in)
     1    0.02                           clk (net)
                  0.09    0.00    0.06 ^ clkbuf_0_clk/A (sky130_fd_sc_hd__clkbuf_16)
                  0.11    0.19    0.25 ^ clkbuf_0_clk/X (sky130_fd_sc_hd__clkbuf_16)
    16    0.09                           clknet_0_clk (net)
                  0.11    0.00    0.25 ^ clkbuf_4_13_0_clk/A (sky130_fd_sc_hd__clkbuf_8)
                  0.06    0.15    0.40 ^ clkbuf_4_13_0_clk/X (sky130_fd_sc_hd__clkbuf_8)
     9    0.02                           clknet_4_13_0_clk (net)
                  0.06    0.00    0.40 ^ _1241_/CLK (sky130_fd_sc_hd__dfxtp_1)
                  0.07    0.31    0.71 ^ _1241_/Q (sky130_fd_sc_hd__dfxtp_1)
     2    0.01                           u_sram.mem[32][1] (net)
                  0.07    0.00    0.71 ^ _1088_/A1 (sky130_fd_sc_hd__mux2_1)
                  0.04    0.12    0.82 ^ _1088_/X (sky130_fd_sc_hd__mux2_1)
     1    0.00                           _0464_ (net)
                  0.04    0.00    0.82 ^ _1089_/A (sky130_fd_sc_hd__clkbuf_1)
                  0.04    0.07    0.89 ^ _1089_/X (sky130_fd_sc_hd__clkbuf_1)
     1    0.00                           _0075_ (net)
                  0.04    0.00    0.89 ^ _1241_/D (sky130_fd_sc_hd__dfxtp_1)
                                  0.89   data arrival time

                          0.00    0.00   clock clk (rise edge)
                          0.00    0.00   clock source latency
                  0.09    0.06    0.06 ^ clk (in)
     1    0.02                           clk (net)
                  0.09    0.00    0.06 ^ clkbuf_0_clk/A (sky130_fd_sc_hd__clkbuf_16)
                  0.11    0.21    0.27 ^ clkbuf_0_clk/X (sky130_fd_sc_hd__clkbuf_16)
    16    0.09                           clknet_0_clk (net)
                  0.11    0.00    0.27 ^ clkbuf_4_13_0_clk/A (sky130_fd_sc_hd__clkbuf_8)
                  0.06    0.17    0.44 ^ clkbuf_4_13_0_clk/X (sky130_fd_sc_hd__clkbuf_8)
     9    0.02                           clknet_4_13_0_clk (net)
                  0.06    0.00    0.44 ^ _1241_/CLK (sky130_fd_sc_hd__dfxtp_1)
                          0.25    0.69   clock uncertainty
                         -0.04    0.65   clock reconvergence pessimism
                         -0.03    0.62   library hold time
                                  0.62   data required time
-----------------------------------------------------------------------------
                                  0.62   data required time
                                 -0.89   data arrival time
-----------------------------------------------------------------------------
                                  0.27   slack (MET)


Startpoint: _1301_ (rising edge-triggered flip-flop clocked by clk)
Endpoint: _1301_ (rising edge-triggered flip-flop clocked by clk)
Path Group: clk
Path Type: min

Fanout     Cap    Slew   Delay    Time   Description
-----------------------------------------------------------------------------
                          0.00    0.00   clock clk (rise edge)
                          0.00    0.00   clock source latency
                  0.09    0.06    0.06 ^ clk (in)
     1    0.02                           clk (net)
                  0.09    0.00    0.06 ^ clkbuf_0_clk/A (sky130_fd_sc_hd__clkbuf_16)
                  0.11    0.19    0.25 ^ clkbuf_0_clk/X (sky130_fd_sc_hd__clkbuf_16)
    16    0.09                           clknet_0_clk (net)
                  0.11    0.00    0.25 ^ clkbuf_4_1_0_clk/A (sky130_fd_sc_hd__clkbuf_8)
                  0.06    0.16    0.40 ^ clkbuf_4_1_0_clk/X (sky130_fd_sc_hd__clkbuf_8)
    10    0.03                           clknet_4_1_0_clk (net)
                  0.06    0.00    0.40 ^ _1301_/CLK (sky130_fd_sc_hd__dfxtp_1)
                  0.06    0.31    0.71 ^ _1301_/Q (sky130_fd_sc_hd__dfxtp_1)
     2    0.01                           u_sram.mem[2][1] (net)
                  0.06    0.00    0.71 ^ _0658_/A1 (sky130_fd_sc_hd__mux2_1)
                  0.04    0.12    0.83 ^ _0658_/X (sky130_fd_sc_hd__mux2_1)
     1    0.00                           _0561_ (net)
                  0.04    0.00    0.83 ^ _0659_/A (sky130_fd_sc_hd__clkbuf_1)
                  0.03    0.07    0.89 ^ _0659_/X (sky130_fd_sc_hd__clkbuf_1)
     1    0.00                           _0135_ (net)
                  0.03    0.00    0.89 ^ _1301_/D (sky130_fd_sc_hd__dfxtp_1)
                                  0.89   data arrival time

                          0.00    0.00   clock clk (rise edge)
                          0.00    0.00   clock source latency
                  0.09    0.06    0.06 ^ clk (in)
     1    0.02                           clk (net)
                  0.09    0.00    0.06 ^ clkbuf_0_clk/A (sky130_fd_sc_hd__clkbuf_16)
                  0.11    0.21    0.27 ^ clkbuf_0_clk/X (sky130_fd_sc_hd__clkbuf_16)
    16    0.09                           clknet_0_clk (net)
                  0.11    0.00    0.27 ^ clkbuf_4_1_0_clk/A (sky130_fd_sc_hd__clkbuf_8)
                  0.06    0.17    0.44 ^ clkbuf_4_1_0_clk/X (sky130_fd_sc_hd__clkbuf_8)
    10    0.03                           clknet_4_1_0_clk (net)
                  0.06    0.00    0.44 ^ _1301_/CLK (sky130_fd_sc_hd__dfxtp_1)
                          0.25    0.69   clock uncertainty
                         -0.04    0.65   clock reconvergence pessimism
                         -0.03    0.62   library hold time
                                  0.62   data required time
-----------------------------------------------------------------------------
                                  0.62   data required time
                                 -0.89   data arrival time
-----------------------------------------------------------------------------
                                  0.27   slack (MET)


Startpoint: _1285_ (rising edge-triggered flip-flop clocked by clk)
Endpoint: _1285_ (rising edge-triggered flip-flop clocked by clk)
Path Group: clk
Path Type: min

Fanout     Cap    Slew   Delay    Time   Description
-----------------------------------------------------------------------------
                          0.00    0.00   clock clk (rise edge)
                          0.00    0.00   clock source latency
                  0.09    0.06    0.06 ^ clk (in)
     1    0.02                           clk (net)
                  0.09    0.00    0.06 ^ clkbuf_0_clk/A (sky130_fd_sc_hd__clkbuf_16)
                  0.11    0.19    0.25 ^ clkbuf_0_clk/X (sky130_fd_sc_hd__clkbuf_16)
    16    0.09                           clknet_0_clk (net)
                  0.11    0.00    0.25 ^ clkbuf_4_1_0_clk/A (sky130_fd_sc_hd__clkbuf_8)
                  0.06    0.16    0.40 ^ clkbuf_4_1_0_clk/X (sky130_fd_sc_hd__clkbuf_8)
    10    0.03                           clknet_4_1_0_clk (net)
                  0.06    0.00    0.40 ^ _1285_/CLK (sky130_fd_sc_hd__dfxtp_1)
                  0.06    0.31    0.71 ^ _1285_/Q (sky130_fd_sc_hd__dfxtp_1)
     2    0.01                           u_sram.mem[10][1] (net)
                  0.06    0.00    0.71 ^ _0618_/A1 (sky130_fd_sc_hd__mux2_1)
                  0.04    0.12    0.83 ^ _0618_/X (sky130_fd_sc_hd__mux2_1)
     1    0.00                           _0537_ (net)
                  0.04    0.00    0.83 ^ _0619_/A (sky130_fd_sc_hd__clkbuf_1)
                  0.04    0.07    0.89 ^ _0619_/X (sky130_fd_sc_hd__clkbuf_1)
     1    0.00                           _0119_ (net)
                  0.04    0.00    0.89 ^ _1285_/D (sky130_fd_sc_hd__dfxtp_1)
                                  0.89   data arrival time

                          0.00    0.00   clock clk (rise edge)
                          0.00    0.00   clock source latency
                  0.09    0.06    0.06 ^ clk (in)
     1    0.02                           clk (net)
                  0.09    0.00    0.06 ^ clkbuf_0_clk/A (sky130_fd_sc_hd__clkbuf_16)
                  0.11    0.21    0.27 ^ clkbuf_0_clk/X (sky130_fd_sc_hd__clkbuf_16)
    16    0.09                           clknet_0_clk (net)
                  0.11    0.00    0.27 ^ clkbuf_4_1_0_clk/A (sky130_fd_sc_hd__clkbuf_8)
                  0.06    0.17    0.44 ^ clkbuf_4_1_0_clk/X (sky130_fd_sc_hd__clkbuf_8)
    10    0.03                           clknet_4_1_0_clk (net)
                  0.06    0.00    0.44 ^ _1285_/CLK (sky130_fd_sc_hd__dfxtp_1)
                          0.25    0.69   clock uncertainty
                         -0.04    0.65   clock reconvergence pessimism
                         -0.03    0.62   library hold time
                                  0.62   data required time
-----------------------------------------------------------------------------
                                  0.62   data required time
                                 -0.89   data arrival time
-----------------------------------------------------------------------------
                                  0.27   slack (MET)


Startpoint: _1222_ (rising edge-triggered flip-flop clocked by clk)
Endpoint: _1222_ (rising edge-triggered flip-flop clocked by clk)
Path Group: clk
Path Type: min

Fanout     Cap    Slew   Delay    Time   Description
-----------------------------------------------------------------------------
                          0.00    0.00   clock clk (rise edge)
                          0.00    0.00   clock source latency
                  0.09    0.06    0.06 ^ clk (in)
     1    0.02                           clk (net)
                  0.09    0.00    0.06 ^ clkbuf_0_clk/A (sky130_fd_sc_hd__clkbuf_16)
                  0.11    0.19    0.25 ^ clkbuf_0_clk/X (sky130_fd_sc_hd__clkbuf_16)
    16    0.09                           clknet_0_clk (net)
                  0.11    0.00    0.25 ^ clkbuf_4_7_0_clk/A (sky130_fd_sc_hd__clkbuf_8)
                  0.07    0.16    0.41 ^ clkbuf_4_7_0_clk/X (sky130_fd_sc_hd__clkbuf_8)
    13    0.03                           clknet_4_7_0_clk (net)
                  0.07    0.00    0.41 ^ _1222_/CLK (sky130_fd_sc_hd__dfxtp_1)
                  0.06    0.31    0.72 ^ _1222_/Q (sky130_fd_sc_hd__dfxtp_1)
     2    0.00                           u_sram.mem[42][0] (net)
                  0.06    0.00    0.72 ^ _1038_/A0 (sky130_fd_sc_hd__mux2_1)
                  0.04    0.12    0.83 ^ _1038_/X (sky130_fd_sc_hd__mux2_1)
     1    0.00                           _0433_ (net)
                  0.04    0.00    0.83 ^ _1039_/A (sky130_fd_sc_hd__clkbuf_1)
                  0.04    0.07    0.90 ^ _1039_/X (sky130_fd_sc_hd__clkbuf_1)
     1    0.00                           _0056_ (net)
                  0.04    0.00    0.90 ^ _1222_/D (sky130_fd_sc_hd__dfxtp_1)
                                  0.90   data arrival time

                          0.00    0.00   clock clk (rise edge)
                          0.00    0.00   clock source latency
                  0.09    0.06    0.06 ^ clk (in)
     1    0.02                           clk (net)
                  0.09    0.00    0.06 ^ clkbuf_0_clk/A (sky130_fd_sc_hd__clkbuf_16)
                  0.11    0.21    0.27 ^ clkbuf_0_clk/X (sky130_fd_sc_hd__clkbuf_16)
    16    0.09                           clknet_0_clk (net)
                  0.11    0.00    0.27 ^ clkbuf_4_7_0_clk/A (sky130_fd_sc_hd__clkbuf_8)
                  0.07    0.18    0.45 ^ clkbuf_4_7_0_clk/X (sky130_fd_sc_hd__clkbuf_8)
    13    0.03                           clknet_4_7_0_clk (net)
                  0.07    0.00    0.45 ^ _1222_/CLK (sky130_fd_sc_hd__dfxtp_1)
                          0.25    0.70   clock uncertainty
                         -0.04    0.66   clock reconvergence pessimism
                         -0.03    0.63   library hold time
                                  0.63   data required time
-----------------------------------------------------------------------------
                                  0.63   data required time
                                 -0.90   data arrival time
-----------------------------------------------------------------------------
                                  0.27   slack (MET)


Startpoint: _1266_ (rising edge-triggered flip-flop clocked by clk)
Endpoint: _1266_ (rising edge-triggered flip-flop clocked by clk)
Path Group: clk
Path Type: min

Fanout     Cap    Slew   Delay    Time   Description
-----------------------------------------------------------------------------
                          0.00    0.00   clock clk (rise edge)
                          0.00    0.00   clock source latency
                  0.09    0.06    0.06 ^ clk (in)
     1    0.02                           clk (net)
                  0.09    0.00    0.06 ^ clkbuf_0_clk/A (sky130_fd_sc_hd__clkbuf_16)
                  0.11    0.19    0.25 ^ clkbuf_0_clk/X (sky130_fd_sc_hd__clkbuf_16)
    16    0.09                           clknet_0_clk (net)
                  0.11    0.00    0.25 ^ clkbuf_4_4_0_clk/A (sky130_fd_sc_hd__clkbuf_8)
                  0.06    0.15    0.40 ^ clkbuf_4_4_0_clk/X (sky130_fd_sc_hd__clkbuf_8)
     9    0.02                           clknet_4_4_0_clk (net)
                  0.06    0.00    0.40 ^ _1266_/CLK (sky130_fd_sc_hd__dfxtp_1)
                  0.06    0.31    0.70 ^ _1266_/Q (sky130_fd_sc_hd__dfxtp_1)
     2    0.01                           u_sram.mem[20][0] (net)
                  0.06    0.00    0.70 ^ _1155_/A1 (sky130_fd_sc_hd__mux2_1)
                  0.04    0.12    0.82 ^ _1155_/X (sky130_fd_sc_hd__mux2_1)
     1    0.00                           _0506_ (net)
                  0.04    0.00    0.82 ^ _1156_/A (sky130_fd_sc_hd__clkbuf_1)
                  0.04    0.07    0.89 ^ _1156_/X (sky130_fd_sc_hd__clkbuf_1)
     1    0.00                           _0100_ (net)
                  0.04    0.00    0.89 ^ _1266_/D (sky130_fd_sc_hd__dfxtp_1)
                                  0.89   data arrival time

                          0.00    0.00   clock clk (rise edge)
                          0.00    0.00   clock source latency
                  0.09    0.06    0.06 ^ clk (in)
     1    0.02                           clk (net)
                  0.09    0.00    0.06 ^ clkbuf_0_clk/A (sky130_fd_sc_hd__clkbuf_16)
                  0.11    0.21    0.27 ^ clkbuf_0_clk/X (sky130_fd_sc_hd__clkbuf_16)
    16    0.09                           clknet_0_clk (net)
                  0.11    0.00    0.27 ^ clkbuf_4_4_0_clk/A (sky130_fd_sc_hd__clkbuf_8)
                  0.06    0.17    0.44 ^ clkbuf_4_4_0_clk/X (sky130_fd_sc_hd__clkbuf_8)
     9    0.02                           clknet_4_4_0_clk (net)
                  0.06    0.00    0.44 ^ _1266_/CLK (sky130_fd_sc_hd__dfxtp_1)
                          0.25    0.69   clock uncertainty
                         -0.04    0.65   clock reconvergence pessimism
                         -0.03    0.62   library hold time
                                  0.62   data required time
-----------------------------------------------------------------------------
                                  0.62   data required time
                                 -0.89   data arrival time
-----------------------------------------------------------------------------
                                  0.27   slack (MET)


Startpoint: _1199_ (rising edge-triggered flip-flop clocked by clk)
Endpoint: _1199_ (rising edge-triggered flip-flop clocked by clk)
Path Group: clk
Path Type: min

Fanout     Cap    Slew   Delay    Time   Description
-----------------------------------------------------------------------------
                          0.00    0.00   clock clk (rise edge)
                          0.00    0.00   clock source latency
                  0.09    0.06    0.06 ^ clk (in)
     1    0.02                           clk (net)
                  0.09    0.00    0.06 ^ clkbuf_0_clk/A (sky130_fd_sc_hd__clkbuf_16)
                  0.11    0.19    0.25 ^ clkbuf_0_clk/X (sky130_fd_sc_hd__clkbuf_16)
    16    0.09                           clknet_0_clk (net)
                  0.11    0.00    0.25 ^ clkbuf_4_2_0_clk/A (sky130_fd_sc_hd__clkbuf_8)
                  0.08    0.17    0.41 ^ clkbuf_4_2_0_clk/X (sky130_fd_sc_hd__clkbuf_8)
    14    0.04                           clknet_4_2_0_clk (net)
                  0.08    0.00    0.41 ^ _1199_/CLK (sky130_fd_sc_hd__dfxtp_1)
                  0.06    0.31    0.72 ^ _1199_/Q (sky130_fd_sc_hd__dfxtp_1)
     2    0.00                           u_sram.mem[53][1] (net)
                  0.06    0.00    0.72 ^ _0971_/A0 (sky130_fd_sc_hd__mux2_1)
                  0.05    0.12    0.84 ^ _0971_/X (sky130_fd_sc_hd__mux2_1)
     1    0.00                           _0389_ (net)
                  0.05    0.00    0.84 ^ _0972_/A (sky130_fd_sc_hd__clkbuf_1)
                  0.03    0.07    0.91 ^ _0972_/X (sky130_fd_sc_hd__clkbuf_1)
     1    0.00                           _0033_ (net)
                  0.03    0.00    0.91 ^ _1199_/D (sky130_fd_sc_hd__dfxtp_1)
                                  0.91   data arrival time

                          0.00    0.00   clock clk (rise edge)
                          0.00    0.00   clock source latency
                  0.09    0.06    0.06 ^ clk (in)
     1    0.02                           clk (net)
                  0.09    0.00    0.06 ^ clkbuf_0_clk/A (sky130_fd_sc_hd__clkbuf_16)
                  0.11    0.21    0.27 ^ clkbuf_0_clk/X (sky130_fd_sc_hd__clkbuf_16)
    16    0.09                           clknet_0_clk (net)
                  0.11    0.00    0.27 ^ clkbuf_4_2_0_clk/A (sky130_fd_sc_hd__clkbuf_8)
                  0.08    0.18    0.46 ^ clkbuf_4_2_0_clk/X (sky130_fd_sc_hd__clkbuf_8)
    14    0.04                           clknet_4_2_0_clk (net)
                  0.08    0.00    0.46 ^ _1199_/CLK (sky130_fd_sc_hd__dfxtp_1)
                          0.25    0.71   clock uncertainty
                         -0.04    0.66   clock reconvergence pessimism
                         -0.02    0.64   library hold time
                                  0.64   data required time
-----------------------------------------------------------------------------
                                  0.64   data required time
                                 -0.91   data arrival time
-----------------------------------------------------------------------------
                                  0.27   slack (MET)


Startpoint: _1232_ (rising edge-triggered flip-flop clocked by clk)
Endpoint: _1232_ (rising edge-triggered flip-flop clocked by clk)
Path Group: clk
Path Type: min

Fanout     Cap    Slew   Delay    Time   Description
-----------------------------------------------------------------------------
                          0.00    0.00   clock clk (rise edge)
                          0.00    0.00   clock source latency
                  0.09    0.06    0.06 ^ clk (in)
     1    0.02                           clk (net)
                  0.09    0.00    0.06 ^ clkbuf_0_clk/A (sky130_fd_sc_hd__clkbuf_16)
                  0.11    0.19    0.25 ^ clkbuf_0_clk/X (sky130_fd_sc_hd__clkbuf_16)
    16    0.09                           clknet_0_clk (net)
                  0.11    0.00    0.25 ^ clkbuf_4_7_0_clk/A (sky130_fd_sc_hd__clkbuf_8)
                  0.07    0.16    0.41 ^ clkbuf_4_7_0_clk/X (sky130_fd_sc_hd__clkbuf_8)
    13    0.03                           clknet_4_7_0_clk (net)
                  0.07    0.00    0.41 ^ _1232_/CLK (sky130_fd_sc_hd__dfxtp_1)
                  0.06    0.31    0.72 ^ _1232_/Q (sky130_fd_sc_hd__dfxtp_1)
     2    0.01                           u_sram.mem[37][0] (net)
                  0.06    0.00    0.72 ^ _1065_/A0 (sky130_fd_sc_hd__mux2_1)
                  0.04    0.12    0.83 ^ _1065_/X (sky130_fd_sc_hd__mux2_1)
     1    0.00                           _0450_ (net)
                  0.04    0.00    0.83 ^ _1066_/A (sky130_fd_sc_hd__clkbuf_1)
                  0.04    0.07    0.90 ^ _1066_/X (sky130_fd_sc_hd__clkbuf_1)
     1    0.00                           _0066_ (net)
                  0.04    0.00    0.90 ^ _1232_/D (sky130_fd_sc_hd__dfxtp_1)
                                  0.90   data arrival time

                          0.00    0.00   clock clk (rise edge)
                          0.00    0.00   clock source latency
                  0.09    0.06    0.06 ^ clk (in)
     1    0.02                           clk (net)
                  0.09    0.00    0.06 ^ clkbuf_0_clk/A (sky130_fd_sc_hd__clkbuf_16)
                  0.11    0.21    0.27 ^ clkbuf_0_clk/X (sky130_fd_sc_hd__clkbuf_16)
    16    0.09                           clknet_0_clk (net)
                  0.11    0.00    0.27 ^ clkbuf_4_7_0_clk/A (sky130_fd_sc_hd__clkbuf_8)
                  0.07    0.18    0.45 ^ clkbuf_4_7_0_clk/X (sky130_fd_sc_hd__clkbuf_8)
    13    0.03                           clknet_4_7_0_clk (net)
                  0.07    0.00    0.45 ^ _1232_/CLK (sky130_fd_sc_hd__dfxtp_1)
                          0.25    0.70   clock uncertainty
                         -0.04    0.66   clock reconvergence pessimism
                         -0.03    0.63   library hold time
                                  0.63   data required time
-----------------------------------------------------------------------------
                                  0.63   data required time
                                 -0.90   data arrival time
-----------------------------------------------------------------------------
                                  0.27   slack (MET)


Startpoint: _1258_ (rising edge-triggered flip-flop clocked by clk)
Endpoint: _1258_ (rising edge-triggered flip-flop clocked by clk)
Path Group: clk
Path Type: min

Fanout     Cap    Slew   Delay    Time   Description
-----------------------------------------------------------------------------
                          0.00    0.00   clock clk (rise edge)
                          0.00    0.00   clock source latency
                  0.09    0.06    0.06 ^ clk (in)
     1    0.02                           clk (net)
                  0.09    0.00    0.06 ^ clkbuf_0_clk/A (sky130_fd_sc_hd__clkbuf_16)
                  0.11    0.19    0.25 ^ clkbuf_0_clk/X (sky130_fd_sc_hd__clkbuf_16)
    16    0.09                           clknet_0_clk (net)
                  0.11    0.00    0.25 ^ clkbuf_4_6_0_clk/A (sky130_fd_sc_hd__clkbuf_8)
                  0.06    0.16    0.40 ^ clkbuf_4_6_0_clk/X (sky130_fd_sc_hd__clkbuf_8)
    10    0.03                           clknet_4_6_0_clk (net)
                  0.06    0.00    0.40 ^ _1258_/CLK (sky130_fd_sc_hd__dfxtp_1)
                  0.06    0.31    0.71 ^ _1258_/Q (sky130_fd_sc_hd__dfxtp_1)
     2    0.01                           u_sram.mem[24][0] (net)
                  0.06    0.00    0.71 ^ _1134_/A1 (sky130_fd_sc_hd__mux2_1)
                  0.04    0.12    0.82 ^ _1134_/X (sky130_fd_sc_hd__mux2_1)
     1    0.00                           _0493_ (net)
                  0.04    0.00    0.82 ^ _1135_/A (sky130_fd_sc_hd__clkbuf_1)
                  0.04    0.07    0.89 ^ _1135_/X (sky130_fd_sc_hd__clkbuf_1)
     1    0.00                           _0092_ (net)
                  0.04    0.00    0.89 ^ _1258_/D (sky130_fd_sc_hd__dfxtp_1)
                                  0.89   data arrival time

                          0.00    0.00   clock clk (rise edge)
                          0.00    0.00   clock source latency
                  0.09    0.06    0.06 ^ clk (in)
     1    0.02                           clk (net)
                  0.09    0.00    0.06 ^ clkbuf_0_clk/A (sky130_fd_sc_hd__clkbuf_16)
                  0.11    0.21    0.27 ^ clkbuf_0_clk/X (sky130_fd_sc_hd__clkbuf_16)
    16    0.09                           clknet_0_clk (net)
                  0.11    0.00    0.27 ^ clkbuf_4_6_0_clk/A (sky130_fd_sc_hd__clkbuf_8)
                  0.06    0.17    0.44 ^ clkbuf_4_6_0_clk/X (sky130_fd_sc_hd__clkbuf_8)
    10    0.03                           clknet_4_6_0_clk (net)
                  0.06    0.00    0.44 ^ _1258_/CLK (sky130_fd_sc_hd__dfxtp_1)
                          0.25    0.69   clock uncertainty
                         -0.04    0.65   clock reconvergence pessimism
                         -0.03    0.62   library hold time
                                  0.62   data required time
-----------------------------------------------------------------------------
                                  0.62   data required time
                                 -0.89   data arrival time
-----------------------------------------------------------------------------
                                  0.27   slack (MET)


Startpoint: _1193_ (rising edge-triggered flip-flop clocked by clk)
Endpoint: _1193_ (rising edge-triggered flip-flop clocked by clk)
Path Group: clk
Path Type: min

Fanout     Cap    Slew   Delay    Time   Description
-----------------------------------------------------------------------------
                          0.00    0.00   clock clk (rise edge)
                          0.00    0.00   clock source latency
                  0.09    0.06    0.06 ^ clk (in)
     1    0.02                           clk (net)
                  0.09    0.00    0.06 ^ clkbuf_0_clk/A (sky130_fd_sc_hd__clkbuf_16)
                  0.11    0.19    0.25 ^ clkbuf_0_clk/X (sky130_fd_sc_hd__clkbuf_16)
    16    0.09                           clknet_0_clk (net)
                  0.11    0.00    0.25 ^ clkbuf_4_2_0_clk/A (sky130_fd_sc_hd__clkbuf_8)
                  0.08    0.17    0.41 ^ clkbuf_4_2_0_clk/X (sky130_fd_sc_hd__clkbuf_8)
    14    0.04                           clknet_4_2_0_clk (net)
                  0.08    0.00    0.41 ^ _1193_/CLK (sky130_fd_sc_hd__dfxtp_1)
                  0.06    0.31    0.72 ^ _1193_/Q (sky130_fd_sc_hd__dfxtp_1)
     2    0.01                           u_sram.mem[56][1] (net)
                  0.06    0.00    0.72 ^ _0954_/A1 (sky130_fd_sc_hd__mux2_1)
                  0.04    0.11    0.84 ^ _0954_/X (sky130_fd_sc_hd__mux2_1)
     1    0.00                           _0378_ (net)
                  0.04    0.00    0.84 ^ _0955_/A (sky130_fd_sc_hd__clkbuf_1)
                  0.04    0.07    0.91 ^ _0955_/X (sky130_fd_sc_hd__clkbuf_1)
     1    0.00                           _0027_ (net)
                  0.04    0.00    0.91 ^ _1193_/D (sky130_fd_sc_hd__dfxtp_1)
                                  0.91   data arrival time

                          0.00    0.00   clock clk (rise edge)
                          0.00    0.00   clock source latency
                  0.09    0.06    0.06 ^ clk (in)
     1    0.02                           clk (net)
                  0.09    0.00    0.06 ^ clkbuf_0_clk/A (sky130_fd_sc_hd__clkbuf_16)
                  0.11    0.21    0.27 ^ clkbuf_0_clk/X (sky130_fd_sc_hd__clkbuf_16)
    16    0.09                           clknet_0_clk (net)
                  0.11    0.00    0.27 ^ clkbuf_4_2_0_clk/A (sky130_fd_sc_hd__clkbuf_8)
                  0.08    0.18    0.46 ^ clkbuf_4_2_0_clk/X (sky130_fd_sc_hd__clkbuf_8)
    14    0.04                           clknet_4_2_0_clk (net)
                  0.08    0.00    0.46 ^ _1193_/CLK (sky130_fd_sc_hd__dfxtp_1)
                          0.25    0.71   clock uncertainty
                         -0.04    0.66   clock reconvergence pessimism
                         -0.03    0.64   library hold time
                                  0.64   data required time
-----------------------------------------------------------------------------
                                  0.64   data required time
                                 -0.91   data arrival time
-----------------------------------------------------------------------------
                                  0.27   slack (MET)


Startpoint: _1211_ (rising edge-triggered flip-flop clocked by clk)
Endpoint: _1211_ (rising edge-triggered flip-flop clocked by clk)
Path Group: clk
Path Type: min

Fanout     Cap    Slew   Delay    Time   Description
-----------------------------------------------------------------------------
                          0.00    0.00   clock clk (rise edge)
                          0.00    0.00   clock source latency
                  0.09    0.06    0.06 ^ clk (in)
     1    0.02                           clk (net)
                  0.09    0.00    0.06 ^ clkbuf_0_clk/A (sky130_fd_sc_hd__clkbuf_16)
                  0.11    0.19    0.25 ^ clkbuf_0_clk/X (sky130_fd_sc_hd__clkbuf_16)
    16    0.09                           clknet_0_clk (net)
                  0.11    0.00    0.25 ^ clkbuf_4_6_0_clk/A (sky130_fd_sc_hd__clkbuf_8)
                  0.06    0.16    0.40 ^ clkbuf_4_6_0_clk/X (sky130_fd_sc_hd__clkbuf_8)
    10    0.03                           clknet_4_6_0_clk (net)
                  0.06    0.00    0.40 ^ _1211_/CLK (sky130_fd_sc_hd__dfxtp_1)
                  0.06    0.31    0.71 ^ _1211_/Q (sky130_fd_sc_hd__dfxtp_1)
     2    0.01                           u_sram.mem[47][1] (net)
                  0.06    0.00    0.71 ^ _1009_/A0 (sky130_fd_sc_hd__mux2_1)
                  0.04    0.11    0.82 ^ _1009_/X (sky130_fd_sc_hd__mux2_1)
     1    0.00                           _0415_ (net)
                  0.04    0.00    0.82 ^ _1010_/A (sky130_fd_sc_hd__clkbuf_1)
                  0.04    0.07    0.89 ^ _1010_/X (sky130_fd_sc_hd__clkbuf_1)
     1    0.00                           _0045_ (net)
                  0.04    0.00    0.89 ^ _1211_/D (sky130_fd_sc_hd__dfxtp_1)
                                  0.89   data arrival time

                          0.00    0.00   clock clk (rise edge)
                          0.00    0.00   clock source latency
                  0.09    0.06    0.06 ^ clk (in)
     1    0.02                           clk (net)
                  0.09    0.00    0.06 ^ clkbuf_0_clk/A (sky130_fd_sc_hd__clkbuf_16)
                  0.11    0.21    0.27 ^ clkbuf_0_clk/X (sky130_fd_sc_hd__clkbuf_16)
    16    0.09                           clknet_0_clk (net)
                  0.11    0.00    0.27 ^ clkbuf_4_6_0_clk/A (sky130_fd_sc_hd__clkbuf_8)
                  0.06    0.17    0.44 ^ clkbuf_4_6_0_clk/X (sky130_fd_sc_hd__clkbuf_8)
    10    0.03                           clknet_4_6_0_clk (net)
                  0.06    0.00    0.44 ^ _1211_/CLK (sky130_fd_sc_hd__dfxtp_1)
                          0.25    0.69   clock uncertainty
                         -0.04    0.65   clock reconvergence pessimism
                         -0.03    0.62   library hold time
                                  0.62   data required time
-----------------------------------------------------------------------------
                                  0.62   data required time
                                 -0.89   data arrival time
-----------------------------------------------------------------------------
                                  0.27   slack (MET)


Startpoint: _1186_ (rising edge-triggered flip-flop clocked by clk)
Endpoint: _1186_ (rising edge-triggered flip-flop clocked by clk)
Path Group: clk
Path Type: min

Fanout     Cap    Slew   Delay    Time   Description
-----------------------------------------------------------------------------
                          0.00    0.00   clock clk (rise edge)
                          0.00    0.00   clock source latency
                  0.09    0.06    0.06 ^ clk (in)
     1    0.02                           clk (net)
                  0.09    0.00    0.06 ^ clkbuf_0_clk/A (sky130_fd_sc_hd__clkbuf_16)
                  0.11    0.19    0.25 ^ clkbuf_0_clk/X (sky130_fd_sc_hd__clkbuf_16)
    16    0.09                           clknet_0_clk (net)
                  0.11    0.00    0.25 ^ clkbuf_4_2_0_clk/A (sky130_fd_sc_hd__clkbuf_8)
                  0.08    0.17    0.41 ^ clkbuf_4_2_0_clk/X (sky130_fd_sc_hd__clkbuf_8)
    14    0.04                           clknet_4_2_0_clk (net)
                  0.08    0.00    0.41 ^ _1186_/CLK (sky130_fd_sc_hd__dfxtp_1)
                  0.06    0.31    0.72 ^ _1186_/Q (sky130_fd_sc_hd__dfxtp_1)
     2    0.00                           u_sram.mem[60][0] (net)
                  0.06    0.00    0.72 ^ _0929_/A1 (sky130_fd_sc_hd__mux2_1)
                  0.04    0.12    0.84 ^ _0929_/X (sky130_fd_sc_hd__mux2_1)
     1    0.00                           _0360_ (net)
                  0.04    0.00    0.84 ^ _0930_/A (sky130_fd_sc_hd__clkbuf_1)
                  0.04    0.07    0.91 ^ _0930_/X (sky130_fd_sc_hd__clkbuf_1)
     1    0.00                           _0020_ (net)
                  0.04    0.00    0.91 ^ _1186_/D (sky130_fd_sc_hd__dfxtp_1)
                                  0.91   data arrival time

                          0.00    0.00   clock clk (rise edge)
                          0.00    0.00   clock source latency
                  0.09    0.06    0.06 ^ clk (in)
     1    0.02                           clk (net)
                  0.09    0.00    0.06 ^ clkbuf_0_clk/A (sky130_fd_sc_hd__clkbuf_16)
                  0.11    0.21    0.27 ^ clkbuf_0_clk/X (sky130_fd_sc_hd__clkbuf_16)
    16    0.09                           clknet_0_clk (net)
                  0.11    0.00    0.27 ^ clkbuf_4_2_0_clk/A (sky130_fd_sc_hd__clkbuf_8)
                  0.08    0.18    0.46 ^ clkbuf_4_2_0_clk/X (sky130_fd_sc_hd__clkbuf_8)
    14    0.04                           clknet_4_2_0_clk (net)
                  0.08    0.00    0.46 ^ _1186_/CLK (sky130_fd_sc_hd__dfxtp_1)
                          0.25    0.71   clock uncertainty
                         -0.04    0.66   clock reconvergence pessimism
                         -0.03    0.64   library hold time
                                  0.64   data required time
-----------------------------------------------------------------------------
                                  0.64   data required time
                                 -0.91   data arrival time
-----------------------------------------------------------------------------
                                  0.27   slack (MET)


Startpoint: _1255_ (rising edge-triggered flip-flop clocked by clk)
Endpoint: _1255_ (rising edge-triggered flip-flop clocked by clk)
Path Group: clk
Path Type: min

Fanout     Cap    Slew   Delay    Time   Description
-----------------------------------------------------------------------------
                          0.00    0.00   clock clk (rise edge)
                          0.00    0.00   clock source latency
                  0.09    0.06    0.06 ^ clk (in)
     1    0.02                           clk (net)
                  0.09    0.00    0.06 ^ clkbuf_0_clk/A (sky130_fd_sc_hd__clkbuf_16)
                  0.11    0.19    0.25 ^ clkbuf_0_clk/X (sky130_fd_sc_hd__clkbuf_16)
    16    0.09                           clknet_0_clk (net)
                  0.11    0.00    0.25 ^ clkbuf_4_3_0_clk/A (sky130_fd_sc_hd__clkbuf_8)
                  0.06    0.15    0.40 ^ clkbuf_4_3_0_clk/X (sky130_fd_sc_hd__clkbuf_8)
     9    0.02                           clknet_4_3_0_clk (net)
                  0.06    0.00    0.40 ^ _1255_/CLK (sky130_fd_sc_hd__dfxtp_1)
                  0.07    0.31    0.71 ^ _1255_/Q (sky130_fd_sc_hd__dfxtp_1)
     2    0.01                           u_sram.mem[25][1] (net)
                  0.07    0.00    0.71 ^ _1126_/A0 (sky130_fd_sc_hd__mux2_1)
                  0.04    0.11    0.82 ^ _1126_/X (sky130_fd_sc_hd__mux2_1)
     1    0.00                           _0488_ (net)
                  0.04    0.00    0.82 ^ _1127_/A (sky130_fd_sc_hd__clkbuf_1)
                  0.04    0.07    0.89 ^ _1127_/X (sky130_fd_sc_hd__clkbuf_1)
     1    0.00                           _0089_ (net)
                  0.04    0.00    0.89 ^ _1255_/D (sky130_fd_sc_hd__dfxtp_1)
                                  0.89   data arrival time

                          0.00    0.00   clock clk (rise edge)
                          0.00    0.00   clock source latency
                  0.09    0.06    0.06 ^ clk (in)
     1    0.02                           clk (net)
                  0.09    0.00    0.06 ^ clkbuf_0_clk/A (sky130_fd_sc_hd__clkbuf_16)
                  0.11    0.21    0.27 ^ clkbuf_0_clk/X (sky130_fd_sc_hd__clkbuf_16)
    16    0.09                           clknet_0_clk (net)
                  0.11    0.00    0.27 ^ clkbuf_4_3_0_clk/A (sky130_fd_sc_hd__clkbuf_8)
                  0.06    0.17    0.44 ^ clkbuf_4_3_0_clk/X (sky130_fd_sc_hd__clkbuf_8)
     9    0.02                           clknet_4_3_0_clk (net)
                  0.06    0.00    0.44 ^ _1255_/CLK (sky130_fd_sc_hd__dfxtp_1)
                          0.25    0.69   clock uncertainty
                         -0.04    0.65   clock reconvergence pessimism
                         -0.03    0.62   library hold time
                                  0.62   data required time
-----------------------------------------------------------------------------
                                  0.62   data required time
                                 -0.89   data arrival time
-----------------------------------------------------------------------------
                                  0.27   slack (MET)


Startpoint: _1247_ (rising edge-triggered flip-flop clocked by clk)
Endpoint: _1247_ (rising edge-triggered flip-flop clocked by clk)
Path Group: clk
Path Type: min

Fanout     Cap    Slew   Delay    Time   Description
-----------------------------------------------------------------------------
                          0.00    0.00   clock clk (rise edge)
                          0.00    0.00   clock source latency
                  0.09    0.06    0.06 ^ clk (in)
     1    0.02                           clk (net)
                  0.09    0.00    0.06 ^ clkbuf_0_clk/A (sky130_fd_sc_hd__clkbuf_16)
                  0.11    0.19    0.25 ^ clkbuf_0_clk/X (sky130_fd_sc_hd__clkbuf_16)
    16    0.09                           clknet_0_clk (net)
                  0.11    0.00    0.25 ^ clkbuf_4_5_0_clk/A (sky130_fd_sc_hd__clkbuf_8)
                  0.06    0.16    0.40 ^ clkbuf_4_5_0_clk/X (sky130_fd_sc_hd__clkbuf_8)
    11    0.03                           clknet_4_5_0_clk (net)
                  0.06    0.00    0.40 ^ _1247_/CLK (sky130_fd_sc_hd__dfxtp_1)
                  0.06    0.31    0.71 ^ _1247_/Q (sky130_fd_sc_hd__dfxtp_1)
     2    0.01                           u_sram.mem[29][1] (net)
                  0.06    0.00    0.71 ^ _1106_/A1 (sky130_fd_sc_hd__mux2_1)
                  0.04    0.12    0.83 ^ _1106_/X (sky130_fd_sc_hd__mux2_1)
     1    0.00                           _0476_ (net)
                  0.04    0.00    0.83 ^ _1107_/A (sky130_fd_sc_hd__clkbuf_1)
                  0.04    0.07    0.90 ^ _1107_/X (sky130_fd_sc_hd__clkbuf_1)
     1    0.00                           _0081_ (net)
                  0.04    0.00    0.90 ^ _1247_/D (sky130_fd_sc_hd__dfxtp_1)
                                  0.90   data arrival time

                          0.00    0.00   clock clk (rise edge)
                          0.00    0.00   clock source latency
                  0.09    0.06    0.06 ^ clk (in)
     1    0.02                           clk (net)
                  0.09    0.00    0.06 ^ clkbuf_0_clk/A (sky130_fd_sc_hd__clkbuf_16)
                  0.11    0.21    0.27 ^ clkbuf_0_clk/X (sky130_fd_sc_hd__clkbuf_16)
    16    0.09                           clknet_0_clk (net)
                  0.11    0.00    0.27 ^ clkbuf_4_5_0_clk/A (sky130_fd_sc_hd__clkbuf_8)
                  0.06    0.17    0.45 ^ clkbuf_4_5_0_clk/X (sky130_fd_sc_hd__clkbuf_8)
    11    0.03                           clknet_4_5_0_clk (net)
                  0.06    0.00    0.45 ^ _1247_/CLK (sky130_fd_sc_hd__dfxtp_1)
                          0.25    0.70   clock uncertainty
                         -0.04    0.65   clock reconvergence pessimism
                         -0.03    0.63   library hold time
                                  0.63   data required time
-----------------------------------------------------------------------------
                                  0.63   data required time
                                 -0.90   data arrival time
-----------------------------------------------------------------------------
                                  0.27   slack (MET)


Startpoint: _1213_ (rising edge-triggered flip-flop clocked by clk)
Endpoint: _1213_ (rising edge-triggered flip-flop clocked by clk)
Path Group: clk
Path Type: min

Fanout     Cap    Slew   Delay    Time   Description
-----------------------------------------------------------------------------
                          0.00    0.00   clock clk (rise edge)
                          0.00    0.00   clock source latency
                  0.09    0.06    0.06 ^ clk (in)
     1    0.02                           clk (net)
                  0.09    0.00    0.06 ^ clkbuf_0_clk/A (sky130_fd_sc_hd__clkbuf_16)
                  0.11    0.19    0.25 ^ clkbuf_0_clk/X (sky130_fd_sc_hd__clkbuf_16)
    16    0.09                           clknet_0_clk (net)
                  0.11    0.00    0.25 ^ clkbuf_4_11_0_clk/A (sky130_fd_sc_hd__clkbuf_8)
                  0.07    0.16    0.41 ^ clkbuf_4_11_0_clk/X (sky130_fd_sc_hd__clkbuf_8)
    12    0.03                           clknet_4_11_0_clk (net)
                  0.07    0.00    0.41 ^ _1213_/CLK (sky130_fd_sc_hd__dfxtp_1)
                  0.06    0.31    0.72 ^ _1213_/Q (sky130_fd_sc_hd__dfxtp_1)
     2    0.01                           u_sram.mem[46][1] (net)
                  0.06    0.00    0.72 ^ _1014_/A1 (sky130_fd_sc_hd__mux2_1)
                  0.04    0.11    0.83 ^ _1014_/X (sky130_fd_sc_hd__mux2_1)
     1    0.00                           _0418_ (net)
                  0.04    0.00    0.83 ^ _1015_/A (sky130_fd_sc_hd__clkbuf_1)
                  0.04    0.07    0.90 ^ _1015_/X (sky130_fd_sc_hd__clkbuf_1)
     1    0.00                           _0047_ (net)
                  0.04    0.00    0.90 ^ _1213_/D (sky130_fd_sc_hd__dfxtp_1)
                                  0.90   data arrival time

                          0.00    0.00   clock clk (rise edge)
                          0.00    0.00   clock source latency
                  0.09    0.06    0.06 ^ clk (in)
     1    0.02                           clk (net)
                  0.09    0.00    0.06 ^ clkbuf_0_clk/A (sky130_fd_sc_hd__clkbuf_16)
                  0.11    0.21    0.27 ^ clkbuf_0_clk/X (sky130_fd_sc_hd__clkbuf_16)
    16    0.09                           clknet_0_clk (net)
                  0.11    0.00    0.27 ^ clkbuf_4_11_0_clk/A (sky130_fd_sc_hd__clkbuf_8)
                  0.07    0.18    0.45 ^ clkbuf_4_11_0_clk/X (sky130_fd_sc_hd__clkbuf_8)
    12    0.03                           clknet_4_11_0_clk (net)
                  0.07    0.00    0.45 ^ _1213_/CLK (sky130_fd_sc_hd__dfxtp_1)
                          0.25    0.70   clock uncertainty
                         -0.04    0.66   clock reconvergence pessimism
                         -0.03    0.63   library hold time
                                  0.63   data required time
-----------------------------------------------------------------------------
                                  0.63   data required time
                                 -0.90   data arrival time
-----------------------------------------------------------------------------
                                  0.27   slack (MET)


Startpoint: _1296_ (rising edge-triggered flip-flop clocked by clk)
Endpoint: _1296_ (rising edge-triggered flip-flop clocked by clk)
Path Group: clk
Path Type: min

Fanout     Cap    Slew   Delay    Time   Description
-----------------------------------------------------------------------------
                          0.00    0.00   clock clk (rise edge)
                          0.00    0.00   clock source latency
                  0.09    0.06    0.06 ^ clk (in)
     1    0.02                           clk (net)
                  0.09    0.00    0.06 ^ clkbuf_0_clk/A (sky130_fd_sc_hd__clkbuf_16)
                  0.11    0.19    0.25 ^ clkbuf_0_clk/X (sky130_fd_sc_hd__clkbuf_16)
    16    0.09                           clknet_0_clk (net)
                  0.11    0.00    0.25 ^ clkbuf_4_2_0_clk/A (sky130_fd_sc_hd__clkbuf_8)
                  0.08    0.17    0.41 ^ clkbuf_4_2_0_clk/X (sky130_fd_sc_hd__clkbuf_8)
    14    0.04                           clknet_4_2_0_clk (net)
                  0.08    0.00    0.41 ^ _1296_/CLK (sky130_fd_sc_hd__dfxtp_1)
                  0.06    0.31    0.72 ^ _1296_/Q (sky130_fd_sc_hd__dfxtp_1)
     2    0.01                           u_sram.mem[5][0] (net)
                  0.06    0.00    0.72 ^ _0645_/A1 (sky130_fd_sc_hd__mux2_1)
                  0.04    0.12    0.84 ^ _0645_/X (sky130_fd_sc_hd__mux2_1)
     1    0.00                           _0553_ (net)
                  0.04    0.00    0.84 ^ _0646_/A (sky130_fd_sc_hd__clkbuf_1)
                  0.04    0.07    0.91 ^ _0646_/X (sky130_fd_sc_hd__clkbuf_1)
     1    0.00                           _0130_ (net)
                  0.04    0.00    0.91 ^ _1296_/D (sky130_fd_sc_hd__dfxtp_1)
                                  0.91   data arrival time

                          0.00    0.00   clock clk (rise edge)
                          0.00    0.00   clock source latency
                  0.09    0.06    0.06 ^ clk (in)
     1    0.02                           clk (net)
                  0.09    0.00    0.06 ^ clkbuf_0_clk/A (sky130_fd_sc_hd__clkbuf_16)
                  0.11    0.21    0.27 ^ clkbuf_0_clk/X (sky130_fd_sc_hd__clkbuf_16)
    16    0.09                           clknet_0_clk (net)
                  0.11    0.00    0.27 ^ clkbuf_4_2_0_clk/A (sky130_fd_sc_hd__clkbuf_8)
                  0.08    0.18    0.46 ^ clkbuf_4_2_0_clk/X (sky130_fd_sc_hd__clkbuf_8)
    14    0.04                           clknet_4_2_0_clk (net)
                  0.08    0.00    0.46 ^ _1296_/CLK (sky130_fd_sc_hd__dfxtp_1)
                          0.25    0.71   clock uncertainty
                         -0.04    0.66   clock reconvergence pessimism
                         -0.03    0.64   library hold time
                                  0.64   data required time
-----------------------------------------------------------------------------
                                  0.64   data required time
                                 -0.91   data arrival time
-----------------------------------------------------------------------------
                                  0.27   slack (MET)


Startpoint: _1251_ (rising edge-triggered flip-flop clocked by clk)
Endpoint: _1251_ (rising edge-triggered flip-flop clocked by clk)
Path Group: clk
Path Type: min

Fanout     Cap    Slew   Delay    Time   Description
-----------------------------------------------------------------------------
                          0.00    0.00   clock clk (rise edge)
                          0.00    0.00   clock source latency
                  0.09    0.06    0.06 ^ clk (in)
     1    0.02                           clk (net)
                  0.09    0.00    0.06 ^ clkbuf_0_clk/A (sky130_fd_sc_hd__clkbuf_16)
                  0.11    0.19    0.25 ^ clkbuf_0_clk/X (sky130_fd_sc_hd__clkbuf_16)
    16    0.09                           clknet_0_clk (net)
                  0.11    0.00    0.25 ^ clkbuf_4_5_0_clk/A (sky130_fd_sc_hd__clkbuf_8)
                  0.06    0.16    0.40 ^ clkbuf_4_5_0_clk/X (sky130_fd_sc_hd__clkbuf_8)
    11    0.03                           clknet_4_5_0_clk (net)
                  0.06    0.00    0.40 ^ _1251_/CLK (sky130_fd_sc_hd__dfxtp_1)
                  0.06    0.31    0.71 ^ _1251_/Q (sky130_fd_sc_hd__dfxtp_1)
     2    0.01                           u_sram.mem[27][1] (net)
                  0.06    0.00    0.71 ^ _1116_/A0 (sky130_fd_sc_hd__mux2_1)
                  0.05    0.12    0.83 ^ _1116_/X (sky130_fd_sc_hd__mux2_1)
     1    0.00                           _0482_ (net)
                  0.05    0.00    0.83 ^ _1117_/A (sky130_fd_sc_hd__clkbuf_1)
                  0.04    0.07    0.90 ^ _1117_/X (sky130_fd_sc_hd__clkbuf_1)
     1    0.00                           _0085_ (net)
                  0.04    0.00    0.90 ^ _1251_/D (sky130_fd_sc_hd__dfxtp_1)
                                  0.90   data arrival time

                          0.00    0.00   clock clk (rise edge)
                          0.00    0.00   clock source latency
                  0.09    0.06    0.06 ^ clk (in)
     1    0.02                           clk (net)
                  0.09    0.00    0.06 ^ clkbuf_0_clk/A (sky130_fd_sc_hd__clkbuf_16)
                  0.11    0.21    0.27 ^ clkbuf_0_clk/X (sky130_fd_sc_hd__clkbuf_16)
    16    0.09                           clknet_0_clk (net)
                  0.11    0.00    0.27 ^ clkbuf_4_5_0_clk/A (sky130_fd_sc_hd__clkbuf_8)
                  0.06    0.17    0.45 ^ clkbuf_4_5_0_clk/X (sky130_fd_sc_hd__clkbuf_8)
    11    0.03                           clknet_4_5_0_clk (net)
                  0.06    0.00    0.45 ^ _1251_/CLK (sky130_fd_sc_hd__dfxtp_1)
                          0.25    0.70   clock uncertainty
                         -0.04    0.65   clock reconvergence pessimism
                         -0.03    0.63   library hold time
                                  0.63   data required time
-----------------------------------------------------------------------------
                                  0.63   data required time
                                 -0.90   data arrival time
-----------------------------------------------------------------------------
                                  0.27   slack (MET)


Startpoint: _1270_ (rising edge-triggered flip-flop clocked by clk)
Endpoint: _1270_ (rising edge-triggered flip-flop clocked by clk)
Path Group: clk
Path Type: min

Fanout     Cap    Slew   Delay    Time   Description
-----------------------------------------------------------------------------
                          0.00    0.00   clock clk (rise edge)
                          0.00    0.00   clock source latency
                  0.09    0.06    0.06 ^ clk (in)
     1    0.02                           clk (net)
                  0.09    0.00    0.06 ^ clkbuf_0_clk/A (sky130_fd_sc_hd__clkbuf_16)
                  0.11    0.19    0.25 ^ clkbuf_0_clk/X (sky130_fd_sc_hd__clkbuf_16)
    16    0.09                           clknet_0_clk (net)
                  0.11    0.00    0.25 ^ clkbuf_4_4_0_clk/A (sky130_fd_sc_hd__clkbuf_8)
                  0.06    0.15    0.40 ^ clkbuf_4_4_0_clk/X (sky130_fd_sc_hd__clkbuf_8)
     9    0.02                           clknet_4_4_0_clk (net)
                  0.06    0.00    0.40 ^ _1270_/CLK (sky130_fd_sc_hd__dfxtp_1)
                  0.06    0.31    0.70 ^ _1270_/Q (sky130_fd_sc_hd__dfxtp_1)
     2    0.01                           u_sram.mem[18][0] (net)
                  0.06    0.00    0.70 ^ _1165_/A1 (sky130_fd_sc_hd__mux2_1)
                  0.04    0.12    0.82 ^ _1165_/X (sky130_fd_sc_hd__mux2_1)
     1    0.00                           _0512_ (net)
                  0.04    0.00    0.82 ^ _1166_/A (sky130_fd_sc_hd__clkbuf_1)
                  0.04    0.07    0.89 ^ _1166_/X (sky130_fd_sc_hd__clkbuf_1)
     1    0.00                           _0104_ (net)
                  0.04    0.00    0.89 ^ _1270_/D (sky130_fd_sc_hd__dfxtp_1)
                                  0.89   data arrival time

                          0.00    0.00   clock clk (rise edge)
                          0.00    0.00   clock source latency
                  0.09    0.06    0.06 ^ clk (in)
     1    0.02                           clk (net)
                  0.09    0.00    0.06 ^ clkbuf_0_clk/A (sky130_fd_sc_hd__clkbuf_16)
                  0.11    0.21    0.27 ^ clkbuf_0_clk/X (sky130_fd_sc_hd__clkbuf_16)
    16    0.09                           clknet_0_clk (net)
                  0.11    0.00    0.27 ^ clkbuf_4_4_0_clk/A (sky130_fd_sc_hd__clkbuf_8)
                  0.06    0.17    0.44 ^ clkbuf_4_4_0_clk/X (sky130_fd_sc_hd__clkbuf_8)
     9    0.02                           clknet_4_4_0_clk (net)
                  0.06    0.00    0.44 ^ _1270_/CLK (sky130_fd_sc_hd__dfxtp_1)
                          0.25    0.69   clock uncertainty
                         -0.04    0.65   clock reconvergence pessimism
                         -0.03    0.62   library hold time
                                  0.62   data required time
-----------------------------------------------------------------------------
                                  0.62   data required time
                                 -0.89   data arrival time
-----------------------------------------------------------------------------
                                  0.27   slack (MET)


Startpoint: _1208_ (rising edge-triggered flip-flop clocked by clk)
Endpoint: _1208_ (rising edge-triggered flip-flop clocked by clk)
Path Group: clk
Path Type: min

Fanout     Cap    Slew   Delay    Time   Description
-----------------------------------------------------------------------------
                          0.00    0.00   clock clk (rise edge)
                          0.00    0.00   clock source latency
                  0.09    0.06    0.06 ^ clk (in)
     1    0.02                           clk (net)
                  0.09    0.00    0.06 ^ clkbuf_0_clk/A (sky130_fd_sc_hd__clkbuf_16)
                  0.11    0.19    0.25 ^ clkbuf_0_clk/X (sky130_fd_sc_hd__clkbuf_16)
    16    0.09                           clknet_0_clk (net)
                  0.11    0.00    0.25 ^ clkbuf_4_10_0_clk/A (sky130_fd_sc_hd__clkbuf_8)
                  0.08    0.17    0.42 ^ clkbuf_4_10_0_clk/X (sky130_fd_sc_hd__clkbuf_8)
    15    0.04                           clknet_4_10_0_clk (net)
                  0.08    0.00    0.42 ^ _1208_/CLK (sky130_fd_sc_hd__dfxtp_1)
                  0.06    0.31    0.73 ^ _1208_/Q (sky130_fd_sc_hd__dfxtp_1)
     2    0.00                           u_sram.mem[49][0] (net)
                  0.06    0.00    0.73 ^ _0997_/A1 (sky130_fd_sc_hd__mux2_1)
                  0.04    0.12    0.84 ^ _0997_/X (sky130_fd_sc_hd__mux2_1)
     1    0.00                           _0406_ (net)
                  0.04    0.00    0.84 ^ _0998_/A (sky130_fd_sc_hd__clkbuf_1)
                  0.04    0.07    0.91 ^ _0998_/X (sky130_fd_sc_hd__clkbuf_1)
     1    0.00                           _0042_ (net)
                  0.04    0.00    0.91 ^ _1208_/D (sky130_fd_sc_hd__dfxtp_1)
                                  0.91   data arrival time

                          0.00    0.00   clock clk (rise edge)
                          0.00    0.00   clock source latency
                  0.09    0.06    0.06 ^ clk (in)
     1    0.02                           clk (net)
                  0.09    0.00    0.06 ^ clkbuf_0_clk/A (sky130_fd_sc_hd__clkbuf_16)
                  0.11    0.21    0.27 ^ clkbuf_0_clk/X (sky130_fd_sc_hd__clkbuf_16)
    16    0.09                           clknet_0_clk (net)
                  0.11    0.00    0.27 ^ clkbuf_4_10_0_clk/A (sky130_fd_sc_hd__clkbuf_8)
                  0.08    0.19    0.46 ^ clkbuf_4_10_0_clk/X (sky130_fd_sc_hd__clkbuf_8)
    15    0.04                           clknet_4_10_0_clk (net)
                  0.08    0.00    0.46 ^ _1208_/CLK (sky130_fd_sc_hd__dfxtp_1)
                          0.25    0.71   clock uncertainty
                         -0.04    0.67   clock reconvergence pessimism
                         -0.02    0.64   library hold time
                                  0.64   data required time
-----------------------------------------------------------------------------
                                  0.64   data required time
                                 -0.91   data arrival time
-----------------------------------------------------------------------------
                                  0.27   slack (MET)


Startpoint: _1234_ (rising edge-triggered flip-flop clocked by clk)
Endpoint: _1234_ (rising edge-triggered flip-flop clocked by clk)
Path Group: clk
Path Type: min

Fanout     Cap    Slew   Delay    Time   Description
-----------------------------------------------------------------------------
                          0.00    0.00   clock clk (rise edge)
                          0.00    0.00   clock source latency
                  0.09    0.06    0.06 ^ clk (in)
     1    0.02                           clk (net)
                  0.09    0.00    0.06 ^ clkbuf_0_clk/A (sky130_fd_sc_hd__clkbuf_16)
                  0.11    0.19    0.25 ^ clkbuf_0_clk/X (sky130_fd_sc_hd__clkbuf_16)
    16    0.09                           clknet_0_clk (net)
                  0.11    0.00    0.25 ^ clkbuf_4_7_0_clk/A (sky130_fd_sc_hd__clkbuf_8)
                  0.07    0.16    0.41 ^ clkbuf_4_7_0_clk/X (sky130_fd_sc_hd__clkbuf_8)
    13    0.03                           clknet_4_7_0_clk (net)
                  0.07    0.00    0.41 ^ _1234_/CLK (sky130_fd_sc_hd__dfxtp_1)
                  0.06    0.31    0.72 ^ _1234_/Q (sky130_fd_sc_hd__dfxtp_1)
     2    0.01                           u_sram.mem[36][0] (net)
                  0.06    0.00    0.72 ^ _1070_/A1 (sky130_fd_sc_hd__mux2_1)
                  0.04    0.11    0.83 ^ _1070_/X (sky130_fd_sc_hd__mux2_1)
     1    0.00                           _0453_ (net)
                  0.04    0.00    0.83 ^ _1071_/A (sky130_fd_sc_hd__clkbuf_1)
                  0.04    0.07    0.90 ^ _1071_/X (sky130_fd_sc_hd__clkbuf_1)
     1    0.00                           _0068_ (net)
                  0.04    0.00    0.90 ^ _1234_/D (sky130_fd_sc_hd__dfxtp_1)
                                  0.90   data arrival time

                          0.00    0.00   clock clk (rise edge)
                          0.00    0.00   clock source latency
                  0.09    0.06    0.06 ^ clk (in)
     1    0.02                           clk (net)
                  0.09    0.00    0.06 ^ clkbuf_0_clk/A (sky130_fd_sc_hd__clkbuf_16)
                  0.11    0.21    0.27 ^ clkbuf_0_clk/X (sky130_fd_sc_hd__clkbuf_16)
    16    0.09                           clknet_0_clk (net)
                  0.11    0.00    0.27 ^ clkbuf_4_7_0_clk/A (sky130_fd_sc_hd__clkbuf_8)
                  0.07    0.18    0.45 ^ clkbuf_4_7_0_clk/X (sky130_fd_sc_hd__clkbuf_8)
    13    0.03                           clknet_4_7_0_clk (net)
                  0.07    0.00    0.45 ^ _1234_/CLK (sky130_fd_sc_hd__dfxtp_1)
                          0.25    0.70   clock uncertainty
                         -0.04    0.66   clock reconvergence pessimism
                         -0.03    0.63   library hold time
                                  0.63   data required time
-----------------------------------------------------------------------------
                                  0.63   data required time
                                 -0.90   data arrival time
-----------------------------------------------------------------------------
                                  0.27   slack (MET)


Startpoint: _1281_ (rising edge-triggered flip-flop clocked by clk)
Endpoint: _1281_ (rising edge-triggered flip-flop clocked by clk)
Path Group: clk
Path Type: min

Fanout     Cap    Slew   Delay    Time   Description
-----------------------------------------------------------------------------
                          0.00    0.00   clock clk (rise edge)
                          0.00    0.00   clock source latency
                  0.09    0.06    0.06 ^ clk (in)
     1    0.02                           clk (net)
                  0.09    0.00    0.06 ^ clkbuf_0_clk/A (sky130_fd_sc_hd__clkbuf_16)
                  0.11    0.19    0.25 ^ clkbuf_0_clk/X (sky130_fd_sc_hd__clkbuf_16)
    16    0.09                           clknet_0_clk (net)
                  0.11    0.00    0.25 ^ clkbuf_4_0_0_clk/A (sky130_fd_sc_hd__clkbuf_8)
                  0.06    0.16    0.40 ^ clkbuf_4_0_0_clk/X (sky130_fd_sc_hd__clkbuf_8)
    10    0.03                           clknet_4_0_0_clk (net)
                  0.06    0.00    0.40 ^ _1281_/CLK (sky130_fd_sc_hd__dfxtp_1)
                  0.06    0.31    0.71 ^ _1281_/Q (sky130_fd_sc_hd__dfxtp_1)
     2    0.01                           u_sram.mem[12][1] (net)
                  0.06    0.00    0.71 ^ _0608_/A1 (sky130_fd_sc_hd__mux2_1)
                  0.04    0.12    0.83 ^ _0608_/X (sky130_fd_sc_hd__mux2_1)
     1    0.00                           _0531_ (net)
                  0.04    0.00    0.83 ^ _0609_/A (sky130_fd_sc_hd__clkbuf_1)
                  0.04    0.07    0.90 ^ _0609_/X (sky130_fd_sc_hd__clkbuf_1)
     1    0.00                           _0115_ (net)
                  0.04    0.00    0.90 ^ _1281_/D (sky130_fd_sc_hd__dfxtp_1)
                                  0.90   data arrival time

                          0.00    0.00   clock clk (rise edge)
                          0.00    0.00   clock source latency
                  0.09    0.06    0.06 ^ clk (in)
     1    0.02                           clk (net)
                  0.09    0.00    0.06 ^ clkbuf_0_clk/A (sky130_fd_sc_hd__clkbuf_16)
                  0.11    0.21    0.27 ^ clkbuf_0_clk/X (sky130_fd_sc_hd__clkbuf_16)
    16    0.09                           clknet_0_clk (net)
                  0.11    0.00    0.27 ^ clkbuf_4_0_0_clk/A (sky130_fd_sc_hd__clkbuf_8)
                  0.06    0.17    0.44 ^ clkbuf_4_0_0_clk/X (sky130_fd_sc_hd__clkbuf_8)
    10    0.03                           clknet_4_0_0_clk (net)
                  0.06    0.00    0.44 ^ _1281_/CLK (sky130_fd_sc_hd__dfxtp_1)
                          0.25    0.69   clock uncertainty
                         -0.04    0.65   clock reconvergence pessimism
                         -0.03    0.62   library hold time
                                  0.62   data required time
-----------------------------------------------------------------------------
                                  0.62   data required time
                                 -0.90   data arrival time
-----------------------------------------------------------------------------
                                  0.27   slack (MET)


Startpoint: _1303_ (rising edge-triggered flip-flop clocked by clk)
Endpoint: _1303_ (rising edge-triggered flip-flop clocked by clk)
Path Group: clk
Path Type: min

Fanout     Cap    Slew   Delay    Time   Description
-----------------------------------------------------------------------------
                          0.00    0.00   clock clk (rise edge)
                          0.00    0.00   clock source latency
                  0.09    0.06    0.06 ^ clk (in)
     1    0.02                           clk (net)
                  0.09    0.00    0.06 ^ clkbuf_0_clk/A (sky130_fd_sc_hd__clkbuf_16)
                  0.11    0.19    0.25 ^ clkbuf_0_clk/X (sky130_fd_sc_hd__clkbuf_16)
    16    0.09                           clknet_0_clk (net)
                  0.11    0.00    0.25 ^ clkbuf_4_11_0_clk/A (sky130_fd_sc_hd__clkbuf_8)
                  0.07    0.16    0.41 ^ clkbuf_4_11_0_clk/X (sky130_fd_sc_hd__clkbuf_8)
    12    0.03                           clknet_4_11_0_clk (net)
                  0.07    0.00    0.41 ^ _1303_/CLK (sky130_fd_sc_hd__dfxtp_1)
                  0.06    0.31    0.72 ^ _1303_/Q (sky130_fd_sc_hd__dfxtp_1)
     2    0.01                           u_sram.mem[1][1] (net)
                  0.06    0.00    0.72 ^ _0663_/A1 (sky130_fd_sc_hd__mux2_1)
                  0.04    0.12    0.83 ^ _0663_/X (sky130_fd_sc_hd__mux2_1)
     1    0.00                           _0564_ (net)
                  0.04    0.00    0.83 ^ _0664_/A (sky130_fd_sc_hd__clkbuf_1)
                  0.04    0.07    0.90 ^ _0664_/X (sky130_fd_sc_hd__clkbuf_1)
     1    0.00                           _0137_ (net)
                  0.04    0.00    0.90 ^ _1303_/D (sky130_fd_sc_hd__dfxtp_1)
                                  0.90   data arrival time

                          0.00    0.00   clock clk (rise edge)
                          0.00    0.00   clock source latency
                  0.09    0.06    0.06 ^ clk (in)
     1    0.02                           clk (net)
                  0.09    0.00    0.06 ^ clkbuf_0_clk/A (sky130_fd_sc_hd__clkbuf_16)
                  0.11    0.21    0.27 ^ clkbuf_0_clk/X (sky130_fd_sc_hd__clkbuf_16)
    16    0.09                           clknet_0_clk (net)
                  0.11    0.00    0.27 ^ clkbuf_4_11_0_clk/A (sky130_fd_sc_hd__clkbuf_8)
                  0.07    0.18    0.45 ^ clkbuf_4_11_0_clk/X (sky130_fd_sc_hd__clkbuf_8)
    12    0.03                           clknet_4_11_0_clk (net)
                  0.07    0.00    0.45 ^ _1303_/CLK (sky130_fd_sc_hd__dfxtp_1)
                          0.25    0.70   clock uncertainty
                         -0.04    0.66   clock reconvergence pessimism
                         -0.03    0.63   library hold time
                                  0.63   data required time
-----------------------------------------------------------------------------
                                  0.63   data required time
                                 -0.90   data arrival time
-----------------------------------------------------------------------------
                                  0.27   slack (MET)


Startpoint: _1240_ (rising edge-triggered flip-flop clocked by clk)
Endpoint: _1240_ (rising edge-triggered flip-flop clocked by clk)
Path Group: clk
Path Type: min

Fanout     Cap    Slew   Delay    Time   Description
-----------------------------------------------------------------------------
                          0.00    0.00   clock clk (rise edge)
                          0.00    0.00   clock source latency
                  0.09    0.06    0.06 ^ clk (in)
     1    0.02                           clk (net)
                  0.09    0.00    0.06 ^ clkbuf_0_clk/A (sky130_fd_sc_hd__clkbuf_16)
                  0.11    0.19    0.25 ^ clkbuf_0_clk/X (sky130_fd_sc_hd__clkbuf_16)
    16    0.09                           clknet_0_clk (net)
                  0.11    0.00    0.25 ^ clkbuf_4_7_0_clk/A (sky130_fd_sc_hd__clkbuf_8)
                  0.07    0.16    0.41 ^ clkbuf_4_7_0_clk/X (sky130_fd_sc_hd__clkbuf_8)
    13    0.03                           clknet_4_7_0_clk (net)
                  0.07    0.00    0.41 ^ _1240_/CLK (sky130_fd_sc_hd__dfxtp_1)
                  0.06    0.31    0.72 ^ _1240_/Q (sky130_fd_sc_hd__dfxtp_1)
     2    0.01                           u_sram.mem[33][0] (net)
                  0.06    0.00    0.72 ^ _1085_/A1 (sky130_fd_sc_hd__mux2_1)
                  0.04    0.12    0.83 ^ _1085_/X (sky130_fd_sc_hd__mux2_1)
     1    0.00                           _0462_ (net)
                  0.04    0.00    0.83 ^ _1086_/A (sky130_fd_sc_hd__clkbuf_1)
                  0.04    0.07    0.90 ^ _1086_/X (sky130_fd_sc_hd__clkbuf_1)
     1    0.00                           _0074_ (net)
                  0.04    0.00    0.90 ^ _1240_/D (sky130_fd_sc_hd__dfxtp_1)
                                  0.90   data arrival time

                          0.00    0.00   clock clk (rise edge)
                          0.00    0.00   clock source latency
                  0.09    0.06    0.06 ^ clk (in)
     1    0.02                           clk (net)
                  0.09    0.00    0.06 ^ clkbuf_0_clk/A (sky130_fd_sc_hd__clkbuf_16)
                  0.11    0.21    0.27 ^ clkbuf_0_clk/X (sky130_fd_sc_hd__clkbuf_16)
    16    0.09                           clknet_0_clk (net)
                  0.11    0.00    0.27 ^ clkbuf_4_7_0_clk/A (sky130_fd_sc_hd__clkbuf_8)
                  0.07    0.18    0.45 ^ clkbuf_4_7_0_clk/X (sky130_fd_sc_hd__clkbuf_8)
    13    0.03                           clknet_4_7_0_clk (net)
                  0.07    0.00    0.45 ^ _1240_/CLK (sky130_fd_sc_hd__dfxtp_1)
                          0.25    0.70   clock uncertainty
                         -0.04    0.66   clock reconvergence pessimism
                         -0.03    0.63   library hold time
                                  0.63   data required time
-----------------------------------------------------------------------------
                                  0.63   data required time
                                 -0.90   data arrival time
-----------------------------------------------------------------------------
                                  0.27   slack (MET)


Startpoint: _1169_ (rising edge-triggered flip-flop clocked by clk)
Endpoint: _1169_ (rising edge-triggered flip-flop clocked by clk)
Path Group: clk
Path Type: min

Fanout     Cap    Slew   Delay    Time   Description
-----------------------------------------------------------------------------
                          0.00    0.00   clock clk (rise edge)
                          0.00    0.00   clock source latency
                  0.09    0.06    0.06 ^ clk (in)
     1    0.02                           clk (net)
                  0.09    0.00    0.06 ^ clkbuf_0_clk/A (sky130_fd_sc_hd__clkbuf_16)
                  0.11    0.19    0.25 ^ clkbuf_0_clk/X (sky130_fd_sc_hd__clkbuf_16)
    16    0.09                           clknet_0_clk (net)
                  0.11    0.00    0.25 ^ clkbuf_4_2_0_clk/A (sky130_fd_sc_hd__clkbuf_8)
                  0.08    0.17    0.41 ^ clkbuf_4_2_0_clk/X (sky130_fd_sc_hd__clkbuf_8)
    14    0.04                           clknet_4_2_0_clk (net)
                  0.08    0.00    0.41 ^ _1169_/CLK (sky130_fd_sc_hd__dfxtp_1)
                  0.06    0.31    0.72 ^ _1169_/Q (sky130_fd_sc_hd__dfxtp_1)
     2    0.01                           u_sram.mem[63][1] (net)
                  0.06    0.00    0.73 ^ _0874_/A0 (sky130_fd_sc_hd__mux2_1)
                  0.04    0.12    0.84 ^ _0874_/X (sky130_fd_sc_hd__mux2_1)
     1    0.00                           _0319_ (net)
                  0.04    0.00    0.84 ^ _0875_/A (sky130_fd_sc_hd__clkbuf_1)
                  0.04    0.07    0.91 ^ _0875_/X (sky130_fd_sc_hd__clkbuf_1)
     1    0.00                           _0006_ (net)
                  0.04    0.00    0.91 ^ _1169_/D (sky130_fd_sc_hd__dfxtp_1)
                                  0.91   data arrival time

                          0.00    0.00   clock clk (rise edge)
                          0.00    0.00   clock source latency
                  0.09    0.06    0.06 ^ clk (in)
     1    0.02                           clk (net)
                  0.09    0.00    0.06 ^ clkbuf_0_clk/A (sky130_fd_sc_hd__clkbuf_16)
                  0.11    0.21    0.27 ^ clkbuf_0_clk/X (sky130_fd_sc_hd__clkbuf_16)
    16    0.09                           clknet_0_clk (net)
                  0.11    0.00    0.27 ^ clkbuf_4_2_0_clk/A (sky130_fd_sc_hd__clkbuf_8)
                  0.08    0.18    0.46 ^ clkbuf_4_2_0_clk/X (sky130_fd_sc_hd__clkbuf_8)
    14    0.04                           clknet_4_2_0_clk (net)
                  0.08    0.00    0.46 ^ _1169_/CLK (sky130_fd_sc_hd__dfxtp_1)
                          0.25    0.71   clock uncertainty
                         -0.04    0.66   clock reconvergence pessimism
                         -0.03    0.64   library hold time
                                  0.64   data required time
-----------------------------------------------------------------------------
                                  0.64   data required time
                                 -0.91   data arrival time
-----------------------------------------------------------------------------
                                  0.27   slack (MET)


Startpoint: _1205_ (rising edge-triggered flip-flop clocked by clk)
Endpoint: _1205_ (rising edge-triggered flip-flop clocked by clk)
Path Group: clk
Path Type: min

Fanout     Cap    Slew   Delay    Time   Description
-----------------------------------------------------------------------------
                          0.00    0.00   clock clk (rise edge)
                          0.00    0.00   clock source latency
                  0.09    0.06    0.06 ^ clk (in)
     1    0.02                           clk (net)
                  0.09    0.00    0.06 ^ clkbuf_0_clk/A (sky130_fd_sc_hd__clkbuf_16)
                  0.11    0.19    0.25 ^ clkbuf_0_clk/X (sky130_fd_sc_hd__clkbuf_16)
    16    0.09                           clknet_0_clk (net)
                  0.11    0.00    0.25 ^ clkbuf_4_10_0_clk/A (sky130_fd_sc_hd__clkbuf_8)
                  0.08    0.17    0.42 ^ clkbuf_4_10_0_clk/X (sky130_fd_sc_hd__clkbuf_8)
    15    0.04                           clknet_4_10_0_clk (net)
                  0.08    0.00    0.42 ^ _1205_/CLK (sky130_fd_sc_hd__dfxtp_1)
                  0.06    0.31    0.73 ^ _1205_/Q (sky130_fd_sc_hd__dfxtp_1)
     2    0.01                           u_sram.mem[50][1] (net)
                  0.06    0.00    0.73 ^ _0989_/A1 (sky130_fd_sc_hd__mux2_1)
                  0.04    0.11    0.84 ^ _0989_/X (sky130_fd_sc_hd__mux2_1)
     1    0.00                           _0401_ (net)
                  0.04    0.00    0.84 ^ _0990_/A (sky130_fd_sc_hd__clkbuf_1)
                  0.04    0.07    0.91 ^ _0990_/X (sky130_fd_sc_hd__clkbuf_1)
     1    0.00                           _0039_ (net)
                  0.04    0.00    0.91 ^ _1205_/D (sky130_fd_sc_hd__dfxtp_1)
                                  0.91   data arrival time

                          0.00    0.00   clock clk (rise edge)
                          0.00    0.00   clock source latency
                  0.09    0.06    0.06 ^ clk (in)
     1    0.02                           clk (net)
                  0.09    0.00    0.06 ^ clkbuf_0_clk/A (sky130_fd_sc_hd__clkbuf_16)
                  0.11    0.21    0.27 ^ clkbuf_0_clk/X (sky130_fd_sc_hd__clkbuf_16)
    16    0.09                           clknet_0_clk (net)
                  0.11    0.00    0.27 ^ clkbuf_4_10_0_clk/A (sky130_fd_sc_hd__clkbuf_8)
                  0.08    0.19    0.46 ^ clkbuf_4_10_0_clk/X (sky130_fd_sc_hd__clkbuf_8)
    15    0.04                           clknet_4_10_0_clk (net)
                  0.08    0.00    0.46 ^ _1205_/CLK (sky130_fd_sc_hd__dfxtp_1)
                          0.25    0.71   clock uncertainty
                         -0.04    0.67   clock reconvergence pessimism
                         -0.02    0.64   library hold time
                                  0.64   data required time
-----------------------------------------------------------------------------
                                  0.64   data required time
                                 -0.91   data arrival time
-----------------------------------------------------------------------------
                                  0.27   slack (MET)


Startpoint: _1295_ (rising edge-triggered flip-flop clocked by clk)
Endpoint: _1295_ (rising edge-triggered flip-flop clocked by clk)
Path Group: clk
Path Type: min

Fanout     Cap    Slew   Delay    Time   Description
-----------------------------------------------------------------------------
                          0.00    0.00   clock clk (rise edge)
                          0.00    0.00   clock source latency
                  0.09    0.06    0.06 ^ clk (in)
     1    0.02                           clk (net)
                  0.09    0.00    0.06 ^ clkbuf_0_clk/A (sky130_fd_sc_hd__clkbuf_16)
                  0.11    0.19    0.25 ^ clkbuf_0_clk/X (sky130_fd_sc_hd__clkbuf_16)
    16    0.09                           clknet_0_clk (net)
                  0.11    0.00    0.25 ^ clkbuf_4_3_0_clk/A (sky130_fd_sc_hd__clkbuf_8)
                  0.06    0.15    0.40 ^ clkbuf_4_3_0_clk/X (sky130_fd_sc_hd__clkbuf_8)
     9    0.02                           clknet_4_3_0_clk (net)
                  0.06    0.00    0.40 ^ _1295_/CLK (sky130_fd_sc_hd__dfxtp_1)
                  0.07    0.31    0.71 ^ _1295_/Q (sky130_fd_sc_hd__dfxtp_1)
     2    0.01                           u_sram.mem[5][1] (net)
                  0.07    0.00    0.71 ^ _0643_/A1 (sky130_fd_sc_hd__mux2_1)
                  0.04    0.12    0.82 ^ _0643_/X (sky130_fd_sc_hd__mux2_1)
     1    0.00                           _0552_ (net)
                  0.04    0.00    0.82 ^ _0644_/A (sky130_fd_sc_hd__clkbuf_1)
                  0.04    0.07    0.89 ^ _0644_/X (sky130_fd_sc_hd__clkbuf_1)
     1    0.00                           _0129_ (net)
                  0.04    0.00    0.89 ^ _1295_/D (sky130_fd_sc_hd__dfxtp_1)
                                  0.89   data arrival time

                          0.00    0.00   clock clk (rise edge)
                          0.00    0.00   clock source latency
                  0.09    0.06    0.06 ^ clk (in)
     1    0.02                           clk (net)
                  0.09    0.00    0.06 ^ clkbuf_0_clk/A (sky130_fd_sc_hd__clkbuf_16)
                  0.11    0.21    0.27 ^ clkbuf_0_clk/X (sky130_fd_sc_hd__clkbuf_16)
    16    0.09                           clknet_0_clk (net)
                  0.11    0.00    0.27 ^ clkbuf_4_3_0_clk/A (sky130_fd_sc_hd__clkbuf_8)
                  0.06    0.17    0.44 ^ clkbuf_4_3_0_clk/X (sky130_fd_sc_hd__clkbuf_8)
     9    0.02                           clknet_4_3_0_clk (net)
                  0.06    0.00    0.44 ^ _1295_/CLK (sky130_fd_sc_hd__dfxtp_1)
                          0.25    0.69   clock uncertainty
                         -0.04    0.65   clock reconvergence pessimism
                         -0.03    0.62   library hold time
                                  0.62   data required time
-----------------------------------------------------------------------------
                                  0.62   data required time
                                 -0.89   data arrival time
-----------------------------------------------------------------------------
                                  0.27   slack (MET)


Startpoint: _1277_ (rising edge-triggered flip-flop clocked by clk)
Endpoint: _1277_ (rising edge-triggered flip-flop clocked by clk)
Path Group: clk
Path Type: min

Fanout     Cap    Slew   Delay    Time   Description
-----------------------------------------------------------------------------
                          0.00    0.00   clock clk (rise edge)
                          0.00    0.00   clock source latency
                  0.09    0.06    0.06 ^ clk (in)
     1    0.02                           clk (net)
                  0.09    0.00    0.06 ^ clkbuf_0_clk/A (sky130_fd_sc_hd__clkbuf_16)
                  0.11    0.19    0.25 ^ clkbuf_0_clk/X (sky130_fd_sc_hd__clkbuf_16)
    16    0.09                           clknet_0_clk (net)
                  0.11    0.00    0.25 ^ clkbuf_4_1_0_clk/A (sky130_fd_sc_hd__clkbuf_8)
                  0.06    0.16    0.40 ^ clkbuf_4_1_0_clk/X (sky130_fd_sc_hd__clkbuf_8)
    10    0.03                           clknet_4_1_0_clk (net)
                  0.06    0.00    0.40 ^ _1277_/CLK (sky130_fd_sc_hd__dfxtp_1)
                  0.07    0.31    0.71 ^ _1277_/Q (sky130_fd_sc_hd__dfxtp_1)
     2    0.01                           u_sram.mem[14][1] (net)
                  0.07    0.00    0.71 ^ _0598_/A1 (sky130_fd_sc_hd__mux2_1)
                  0.04    0.12    0.83 ^ _0598_/X (sky130_fd_sc_hd__mux2_1)
     1    0.00                           _0525_ (net)
                  0.04    0.00    0.83 ^ _0599_/A (sky130_fd_sc_hd__clkbuf_1)
                  0.04    0.07    0.90 ^ _0599_/X (sky130_fd_sc_hd__clkbuf_1)
     1    0.00                           _0111_ (net)
                  0.04    0.00    0.90 ^ _1277_/D (sky130_fd_sc_hd__dfxtp_1)
                                  0.90   data arrival time

                          0.00    0.00   clock clk (rise edge)
                          0.00    0.00   clock source latency
                  0.09    0.06    0.06 ^ clk (in)
     1    0.02                           clk (net)
                  0.09    0.00    0.06 ^ clkbuf_0_clk/A (sky130_fd_sc_hd__clkbuf_16)
                  0.11    0.21    0.27 ^ clkbuf_0_clk/X (sky130_fd_sc_hd__clkbuf_16)
    16    0.09                           clknet_0_clk (net)
                  0.11    0.00    0.27 ^ clkbuf_4_1_0_clk/A (sky130_fd_sc_hd__clkbuf_8)
                  0.06    0.17    0.44 ^ clkbuf_4_1_0_clk/X (sky130_fd_sc_hd__clkbuf_8)
    10    0.03                           clknet_4_1_0_clk (net)
                  0.06    0.00    0.44 ^ _1277_/CLK (sky130_fd_sc_hd__dfxtp_1)
                          0.25    0.69   clock uncertainty
                         -0.04    0.65   clock reconvergence pessimism
                         -0.03    0.62   library hold time
                                  0.62   data required time
-----------------------------------------------------------------------------
                                  0.62   data required time
                                 -0.90   data arrival time
-----------------------------------------------------------------------------
                                  0.27   slack (MET)


Startpoint: _1254_ (rising edge-triggered flip-flop clocked by clk)
Endpoint: _1254_ (rising edge-triggered flip-flop clocked by clk)
Path Group: clk
Path Type: min

Fanout     Cap    Slew   Delay    Time   Description
-----------------------------------------------------------------------------
                          0.00    0.00   clock clk (rise edge)
                          0.00    0.00   clock source latency
                  0.09    0.06    0.06 ^ clk (in)
     1    0.02                           clk (net)
                  0.09    0.00    0.06 ^ clkbuf_0_clk/A (sky130_fd_sc_hd__clkbuf_16)
                  0.11    0.19    0.25 ^ clkbuf_0_clk/X (sky130_fd_sc_hd__clkbuf_16)
    16    0.09                           clknet_0_clk (net)
                  0.11    0.00    0.25 ^ clkbuf_4_5_0_clk/A (sky130_fd_sc_hd__clkbuf_8)
                  0.06    0.16    0.40 ^ clkbuf_4_5_0_clk/X (sky130_fd_sc_hd__clkbuf_8)
    11    0.03                           clknet_4_5_0_clk (net)
                  0.06    0.00    0.40 ^ _1254_/CLK (sky130_fd_sc_hd__dfxtp_1)
                  0.06    0.31    0.71 ^ _1254_/Q (sky130_fd_sc_hd__dfxtp_1)
     2    0.01                           u_sram.mem[26][0] (net)
                  0.06    0.00    0.71 ^ _1123_/A0 (sky130_fd_sc_hd__mux2_1)
                  0.04    0.12    0.83 ^ _1123_/X (sky130_fd_sc_hd__mux2_1)
     1    0.00                           _0486_ (net)
                  0.04    0.00    0.83 ^ _1124_/A (sky130_fd_sc_hd__clkbuf_1)
                  0.04    0.07    0.90 ^ _1124_/X (sky130_fd_sc_hd__clkbuf_1)
     1    0.00                           _0088_ (net)
                  0.04    0.00    0.90 ^ _1254_/D (sky130_fd_sc_hd__dfxtp_1)
                                  0.90   data arrival time

                          0.00    0.00   clock clk (rise edge)
                          0.00    0.00   clock source latency
                  0.09    0.06    0.06 ^ clk (in)
     1    0.02                           clk (net)
                  0.09    0.00    0.06 ^ clkbuf_0_clk/A (sky130_fd_sc_hd__clkbuf_16)
                  0.11    0.21    0.27 ^ clkbuf_0_clk/X (sky130_fd_sc_hd__clkbuf_16)
    16    0.09                           clknet_0_clk (net)
                  0.11    0.00    0.27 ^ clkbuf_4_5_0_clk/A (sky130_fd_sc_hd__clkbuf_8)
                  0.06    0.17    0.45 ^ clkbuf_4_5_0_clk/X (sky130_fd_sc_hd__clkbuf_8)
    11    0.03                           clknet_4_5_0_clk (net)
                  0.06    0.00    0.45 ^ _1254_/CLK (sky130_fd_sc_hd__dfxtp_1)
                          0.25    0.70   clock uncertainty
                         -0.04    0.65   clock reconvergence pessimism
                         -0.03    0.63   library hold time
                                  0.63   data required time
-----------------------------------------------------------------------------
                                  0.63   data required time
                                 -0.90   data arrival time
-----------------------------------------------------------------------------
                                  0.27   slack (MET)


Startpoint: _1252_ (rising edge-triggered flip-flop clocked by clk)
Endpoint: _1252_ (rising edge-triggered flip-flop clocked by clk)
Path Group: clk
Path Type: min

Fanout     Cap    Slew   Delay    Time   Description
-----------------------------------------------------------------------------
                          0.00    0.00   clock clk (rise edge)
                          0.00    0.00   clock source latency
                  0.09    0.06    0.06 ^ clk (in)
     1    0.02                           clk (net)
                  0.09    0.00    0.06 ^ clkbuf_0_clk/A (sky130_fd_sc_hd__clkbuf_16)
                  0.11    0.19    0.25 ^ clkbuf_0_clk/X (sky130_fd_sc_hd__clkbuf_16)
    16    0.09                           clknet_0_clk (net)
                  0.11    0.00    0.25 ^ clkbuf_4_5_0_clk/A (sky130_fd_sc_hd__clkbuf_8)
                  0.06    0.16    0.40 ^ clkbuf_4_5_0_clk/X (sky130_fd_sc_hd__clkbuf_8)
    11    0.03                           clknet_4_5_0_clk (net)
                  0.06    0.00    0.40 ^ _1252_/CLK (sky130_fd_sc_hd__dfxtp_1)
                  0.06    0.31    0.71 ^ _1252_/Q (sky130_fd_sc_hd__dfxtp_1)
     2    0.01                           u_sram.mem[27][0] (net)
                  0.06    0.00    0.71 ^ _1118_/A0 (sky130_fd_sc_hd__mux2_1)
                  0.04    0.12    0.83 ^ _1118_/X (sky130_fd_sc_hd__mux2_1)
     1    0.00                           _0483_ (net)
                  0.04    0.00    0.83 ^ _1119_/A (sky130_fd_sc_hd__clkbuf_1)
                  0.03    0.07    0.90 ^ _1119_/X (sky130_fd_sc_hd__clkbuf_1)
     1    0.00                           _0086_ (net)
                  0.03    0.00    0.90 ^ _1252_/D (sky130_fd_sc_hd__dfxtp_1)
                                  0.90   data arrival time

                          0.00    0.00   clock clk (rise edge)
                          0.00    0.00   clock source latency
                  0.09    0.06    0.06 ^ clk (in)
     1    0.02                           clk (net)
                  0.09    0.00    0.06 ^ clkbuf_0_clk/A (sky130_fd_sc_hd__clkbuf_16)
                  0.11    0.21    0.27 ^ clkbuf_0_clk/X (sky130_fd_sc_hd__clkbuf_16)
    16    0.09                           clknet_0_clk (net)
                  0.11    0.00    0.27 ^ clkbuf_4_5_0_clk/A (sky130_fd_sc_hd__clkbuf_8)
                  0.06    0.17    0.45 ^ clkbuf_4_5_0_clk/X (sky130_fd_sc_hd__clkbuf_8)
    11    0.03                           clknet_4_5_0_clk (net)
                  0.06    0.00    0.45 ^ _1252_/CLK (sky130_fd_sc_hd__dfxtp_1)
                          0.25    0.70   clock uncertainty
                         -0.04    0.65   clock reconvergence pessimism
                         -0.03    0.63   library hold time
                                  0.63   data required time
-----------------------------------------------------------------------------
                                  0.63   data required time
                                 -0.90   data arrival time
-----------------------------------------------------------------------------
                                  0.27   slack (MET)


Startpoint: _1235_ (rising edge-triggered flip-flop clocked by clk)
Endpoint: _1235_ (rising edge-triggered flip-flop clocked by clk)
Path Group: clk
Path Type: min

Fanout     Cap    Slew   Delay    Time   Description
-----------------------------------------------------------------------------
                          0.00    0.00   clock clk (rise edge)
                          0.00    0.00   clock source latency
                  0.09    0.06    0.06 ^ clk (in)
     1    0.02                           clk (net)
                  0.09    0.00    0.06 ^ clkbuf_0_clk/A (sky130_fd_sc_hd__clkbuf_16)
                  0.11    0.19    0.25 ^ clkbuf_0_clk/X (sky130_fd_sc_hd__clkbuf_16)
    16    0.09                           clknet_0_clk (net)
                  0.11    0.00    0.25 ^ clkbuf_4_7_0_clk/A (sky130_fd_sc_hd__clkbuf_8)
                  0.07    0.16    0.41 ^ clkbuf_4_7_0_clk/X (sky130_fd_sc_hd__clkbuf_8)
    13    0.03                           clknet_4_7_0_clk (net)
                  0.07    0.00    0.41 ^ _1235_/CLK (sky130_fd_sc_hd__dfxtp_1)
                  0.06    0.31    0.72 ^ _1235_/Q (sky130_fd_sc_hd__dfxtp_1)
     2    0.01                           u_sram.mem[35][1] (net)
                  0.06    0.00    0.72 ^ _1073_/A0 (sky130_fd_sc_hd__mux2_1)
                  0.04    0.12    0.84 ^ _1073_/X (sky130_fd_sc_hd__mux2_1)
     1    0.00                           _0455_ (net)
                  0.04    0.00    0.84 ^ _1074_/A (sky130_fd_sc_hd__clkbuf_1)
                  0.04    0.07    0.91 ^ _1074_/X (sky130_fd_sc_hd__clkbuf_1)
     1    0.00                           _0069_ (net)
                  0.04    0.00    0.91 ^ _1235_/D (sky130_fd_sc_hd__dfxtp_1)
                                  0.91   data arrival time

                          0.00    0.00   clock clk (rise edge)
                          0.00    0.00   clock source latency
                  0.09    0.06    0.06 ^ clk (in)
     1    0.02                           clk (net)
                  0.09    0.00    0.06 ^ clkbuf_0_clk/A (sky130_fd_sc_hd__clkbuf_16)
                  0.11    0.21    0.27 ^ clkbuf_0_clk/X (sky130_fd_sc_hd__clkbuf_16)
    16    0.09                           clknet_0_clk (net)
                  0.11    0.00    0.27 ^ clkbuf_4_7_0_clk/A (sky130_fd_sc_hd__clkbuf_8)
                  0.07    0.18    0.45 ^ clkbuf_4_7_0_clk/X (sky130_fd_sc_hd__clkbuf_8)
    13    0.03                           clknet_4_7_0_clk (net)
                  0.07    0.00    0.45 ^ _1235_/CLK (sky130_fd_sc_hd__dfxtp_1)
                          0.25    0.70   clock uncertainty
                         -0.04    0.66   clock reconvergence pessimism
                         -0.03    0.63   library hold time
                                  0.63   data required time
-----------------------------------------------------------------------------
                                  0.63   data required time
                                 -0.91   data arrival time
-----------------------------------------------------------------------------
                                  0.27   slack (MET)


Startpoint: _1278_ (rising edge-triggered flip-flop clocked by clk)
Endpoint: _1278_ (rising edge-triggered flip-flop clocked by clk)
Path Group: clk
Path Type: min

Fanout     Cap    Slew   Delay    Time   Description
-----------------------------------------------------------------------------
                          0.00    0.00   clock clk (rise edge)
                          0.00    0.00   clock source latency
                  0.09    0.06    0.06 ^ clk (in)
     1    0.02                           clk (net)
                  0.09    0.00    0.06 ^ clkbuf_0_clk/A (sky130_fd_sc_hd__clkbuf_16)
                  0.11    0.19    0.25 ^ clkbuf_0_clk/X (sky130_fd_sc_hd__clkbuf_16)
    16    0.09                           clknet_0_clk (net)
                  0.11    0.00    0.25 ^ clkbuf_4_1_0_clk/A (sky130_fd_sc_hd__clkbuf_8)
                  0.06    0.16    0.40 ^ clkbuf_4_1_0_clk/X (sky130_fd_sc_hd__clkbuf_8)
    10    0.03                           clknet_4_1_0_clk (net)
                  0.06    0.00    0.40 ^ _1278_/CLK (sky130_fd_sc_hd__dfxtp_1)
                  0.07    0.31    0.71 ^ _1278_/Q (sky130_fd_sc_hd__dfxtp_1)
     2    0.01                           u_sram.mem[14][0] (net)
                  0.07    0.00    0.71 ^ _0600_/A1 (sky130_fd_sc_hd__mux2_1)
                  0.04    0.12    0.83 ^ _0600_/X (sky130_fd_sc_hd__mux2_1)
     1    0.00                           _0526_ (net)
                  0.04    0.00    0.83 ^ _0601_/A (sky130_fd_sc_hd__clkbuf_1)
                  0.04    0.07    0.90 ^ _0601_/X (sky130_fd_sc_hd__clkbuf_1)
     1    0.00                           _0112_ (net)
                  0.04    0.00    0.90 ^ _1278_/D (sky130_fd_sc_hd__dfxtp_1)
                                  0.90   data arrival time

                          0.00    0.00   clock clk (rise edge)
                          0.00    0.00   clock source latency
                  0.09    0.06    0.06 ^ clk (in)
     1    0.02                           clk (net)
                  0.09    0.00    0.06 ^ clkbuf_0_clk/A (sky130_fd_sc_hd__clkbuf_16)
                  0.11    0.21    0.27 ^ clkbuf_0_clk/X (sky130_fd_sc_hd__clkbuf_16)
    16    0.09                           clknet_0_clk (net)
                  0.11    0.00    0.27 ^ clkbuf_4_1_0_clk/A (sky130_fd_sc_hd__clkbuf_8)
                  0.06    0.17    0.44 ^ clkbuf_4_1_0_clk/X (sky130_fd_sc_hd__clkbuf_8)
    10    0.03                           clknet_4_1_0_clk (net)
                  0.06    0.00    0.44 ^ _1278_/CLK (sky130_fd_sc_hd__dfxtp_1)
                          0.25    0.69   clock uncertainty
                         -0.04    0.65   clock reconvergence pessimism
                         -0.03    0.62   library hold time
                                  0.62   data required time
-----------------------------------------------------------------------------
                                  0.62   data required time
                                 -0.90   data arrival time
-----------------------------------------------------------------------------
                                  0.27   slack (MET)


Startpoint: _1279_ (rising edge-triggered flip-flop clocked by clk)
Endpoint: _1279_ (rising edge-triggered flip-flop clocked by clk)
Path Group: clk
Path Type: min

Fanout     Cap    Slew   Delay    Time   Description
-----------------------------------------------------------------------------
                          0.00    0.00   clock clk (rise edge)
                          0.00    0.00   clock source latency
                  0.09    0.06    0.06 ^ clk (in)
     1    0.02                           clk (net)
                  0.09    0.00    0.06 ^ clkbuf_0_clk/A (sky130_fd_sc_hd__clkbuf_16)
                  0.11    0.19    0.25 ^ clkbuf_0_clk/X (sky130_fd_sc_hd__clkbuf_16)
    16    0.09                           clknet_0_clk (net)
                  0.11    0.00    0.25 ^ clkbuf_4_0_0_clk/A (sky130_fd_sc_hd__clkbuf_8)
                  0.06    0.16    0.40 ^ clkbuf_4_0_0_clk/X (sky130_fd_sc_hd__clkbuf_8)
    10    0.03                           clknet_4_0_0_clk (net)
                  0.06    0.00    0.40 ^ _1279_/CLK (sky130_fd_sc_hd__dfxtp_1)
                  0.07    0.31    0.71 ^ _1279_/Q (sky130_fd_sc_hd__dfxtp_1)
     2    0.01                           u_sram.mem[13][1] (net)
                  0.07    0.00    0.71 ^ _0603_/A1 (sky130_fd_sc_hd__mux2_1)
                  0.04    0.12    0.83 ^ _0603_/X (sky130_fd_sc_hd__mux2_1)
     1    0.00                           _0528_ (net)
                  0.04    0.00    0.83 ^ _0604_/A (sky130_fd_sc_hd__clkbuf_1)
                  0.04    0.07    0.90 ^ _0604_/X (sky130_fd_sc_hd__clkbuf_1)
     1    0.00                           _0113_ (net)
                  0.04    0.00    0.90 ^ _1279_/D (sky130_fd_sc_hd__dfxtp_1)
                                  0.90   data arrival time

                          0.00    0.00   clock clk (rise edge)
                          0.00    0.00   clock source latency
                  0.09    0.06    0.06 ^ clk (in)
     1    0.02                           clk (net)
                  0.09    0.00    0.06 ^ clkbuf_0_clk/A (sky130_fd_sc_hd__clkbuf_16)
                  0.11    0.21    0.27 ^ clkbuf_0_clk/X (sky130_fd_sc_hd__clkbuf_16)
    16    0.09                           clknet_0_clk (net)
                  0.11    0.00    0.27 ^ clkbuf_4_0_0_clk/A (sky130_fd_sc_hd__clkbuf_8)
                  0.06    0.17    0.44 ^ clkbuf_4_0_0_clk/X (sky130_fd_sc_hd__clkbuf_8)
    10    0.03                           clknet_4_0_0_clk (net)
                  0.06    0.00    0.44 ^ _1279_/CLK (sky130_fd_sc_hd__dfxtp_1)
                          0.25    0.69   clock uncertainty
                         -0.04    0.65   clock reconvergence pessimism
                         -0.03    0.62   library hold time
                                  0.62   data required time
-----------------------------------------------------------------------------
                                  0.62   data required time
                                 -0.90   data arrival time
-----------------------------------------------------------------------------
                                  0.27   slack (MET)


Startpoint: _1206_ (rising edge-triggered flip-flop clocked by clk)
Endpoint: _1206_ (rising edge-triggered flip-flop clocked by clk)
Path Group: clk
Path Type: min

Fanout     Cap    Slew   Delay    Time   Description
-----------------------------------------------------------------------------
                          0.00    0.00   clock clk (rise edge)
                          0.00    0.00   clock source latency
                  0.09    0.06    0.06 ^ clk (in)
     1    0.02                           clk (net)
                  0.09    0.00    0.06 ^ clkbuf_0_clk/A (sky130_fd_sc_hd__clkbuf_16)
                  0.11    0.19    0.25 ^ clkbuf_0_clk/X (sky130_fd_sc_hd__clkbuf_16)
    16    0.09                           clknet_0_clk (net)
                  0.11    0.00    0.25 ^ clkbuf_4_10_0_clk/A (sky130_fd_sc_hd__clkbuf_8)
                  0.08    0.17    0.42 ^ clkbuf_4_10_0_clk/X (sky130_fd_sc_hd__clkbuf_8)
    15    0.04                           clknet_4_10_0_clk (net)
                  0.08    0.00    0.42 ^ _1206_/CLK (sky130_fd_sc_hd__dfxtp_1)
                  0.06    0.31    0.73 ^ _1206_/Q (sky130_fd_sc_hd__dfxtp_1)
     2    0.01                           u_sram.mem[50][0] (net)
                  0.06    0.00    0.73 ^ _0991_/A1 (sky130_fd_sc_hd__mux2_1)
                  0.04    0.11    0.85 ^ _0991_/X (sky130_fd_sc_hd__mux2_1)
     1    0.00                           _0402_ (net)
                  0.04    0.00    0.85 ^ _0992_/A (sky130_fd_sc_hd__clkbuf_1)
                  0.04    0.07    0.92 ^ _0992_/X (sky130_fd_sc_hd__clkbuf_1)
     1    0.00                           _0040_ (net)
                  0.04    0.00    0.92 ^ _1206_/D (sky130_fd_sc_hd__dfxtp_1)
                                  0.92   data arrival time

                          0.00    0.00   clock clk (rise edge)
                          0.00    0.00   clock source latency
                  0.09    0.06    0.06 ^ clk (in)
     1    0.02                           clk (net)
                  0.09    0.00    0.06 ^ clkbuf_0_clk/A (sky130_fd_sc_hd__clkbuf_16)
                  0.11    0.21    0.27 ^ clkbuf_0_clk/X (sky130_fd_sc_hd__clkbuf_16)
    16    0.09                           clknet_0_clk (net)
                  0.11    0.00    0.27 ^ clkbuf_4_10_0_clk/A (sky130_fd_sc_hd__clkbuf_8)
                  0.08    0.19    0.46 ^ clkbuf_4_10_0_clk/X (sky130_fd_sc_hd__clkbuf_8)
    15    0.04                           clknet_4_10_0_clk (net)
                  0.08    0.00    0.46 ^ _1206_/CLK (sky130_fd_sc_hd__dfxtp_1)
                          0.25    0.71   clock uncertainty
                         -0.04    0.67   clock reconvergence pessimism
                         -0.02    0.64   library hold time
                                  0.64   data required time
-----------------------------------------------------------------------------
                                  0.64   data required time
                                 -0.92   data arrival time
-----------------------------------------------------------------------------
                                  0.27   slack (MET)


Startpoint: _1248_ (rising edge-triggered flip-flop clocked by clk)
Endpoint: _1248_ (rising edge-triggered flip-flop clocked by clk)
Path Group: clk
Path Type: min

Fanout     Cap    Slew   Delay    Time   Description
-----------------------------------------------------------------------------
                          0.00    0.00   clock clk (rise edge)
                          0.00    0.00   clock source latency
                  0.09    0.06    0.06 ^ clk (in)
     1    0.02                           clk (net)
                  0.09    0.00    0.06 ^ clkbuf_0_clk/A (sky130_fd_sc_hd__clkbuf_16)
                  0.11    0.19    0.25 ^ clkbuf_0_clk/X (sky130_fd_sc_hd__clkbuf_16)
    16    0.09                           clknet_0_clk (net)
                  0.11    0.00    0.25 ^ clkbuf_4_5_0_clk/A (sky130_fd_sc_hd__clkbuf_8)
                  0.06    0.16    0.40 ^ clkbuf_4_5_0_clk/X (sky130_fd_sc_hd__clkbuf_8)
    11    0.03                           clknet_4_5_0_clk (net)
                  0.06    0.00    0.40 ^ _1248_/CLK (sky130_fd_sc_hd__dfxtp_1)
                  0.06    0.31    0.71 ^ _1248_/Q (sky130_fd_sc_hd__dfxtp_1)
     2    0.01                           u_sram.mem[29][0] (net)
                  0.06    0.00    0.71 ^ _1108_/A1 (sky130_fd_sc_hd__mux2_1)
                  0.04    0.12    0.83 ^ _1108_/X (sky130_fd_sc_hd__mux2_1)
     1    0.00                           _0477_ (net)
                  0.04    0.00    0.83 ^ _1109_/A (sky130_fd_sc_hd__clkbuf_1)
                  0.03    0.07    0.90 ^ _1109_/X (sky130_fd_sc_hd__clkbuf_1)
     1    0.00                           _0082_ (net)
                  0.03    0.00    0.90 ^ _1248_/D (sky130_fd_sc_hd__dfxtp_1)
                                  0.90   data arrival time

                          0.00    0.00   clock clk (rise edge)
                          0.00    0.00   clock source latency
                  0.09    0.06    0.06 ^ clk (in)
     1    0.02                           clk (net)
                  0.09    0.00    0.06 ^ clkbuf_0_clk/A (sky130_fd_sc_hd__clkbuf_16)
                  0.11    0.21    0.27 ^ clkbuf_0_clk/X (sky130_fd_sc_hd__clkbuf_16)
    16    0.09                           clknet_0_clk (net)
                  0.11    0.00    0.27 ^ clkbuf_4_5_0_clk/A (sky130_fd_sc_hd__clkbuf_8)
                  0.06    0.17    0.45 ^ clkbuf_4_5_0_clk/X (sky130_fd_sc_hd__clkbuf_8)
    11    0.03                           clknet_4_5_0_clk (net)
                  0.06    0.00    0.45 ^ _1248_/CLK (sky130_fd_sc_hd__dfxtp_1)
                          0.25    0.70   clock uncertainty
                         -0.04    0.65   clock reconvergence pessimism
                         -0.03    0.63   library hold time
                                  0.63   data required time
-----------------------------------------------------------------------------
                                  0.63   data required time
                                 -0.90   data arrival time
-----------------------------------------------------------------------------
                                  0.28   slack (MET)


Startpoint: _1182_ (rising edge-triggered flip-flop clocked by clk)
Endpoint: _1182_ (rising edge-triggered flip-flop clocked by clk)
Path Group: clk
Path Type: min

Fanout     Cap    Slew   Delay    Time   Description
-----------------------------------------------------------------------------
                          0.00    0.00   clock clk (rise edge)
                          0.00    0.00   clock source latency
                  0.09    0.06    0.06 ^ clk (in)
     1    0.02                           clk (net)
                  0.09    0.00    0.06 ^ clkbuf_0_clk/A (sky130_fd_sc_hd__clkbuf_16)
                  0.11    0.19    0.25 ^ clkbuf_0_clk/X (sky130_fd_sc_hd__clkbuf_16)
    16    0.09                           clknet_0_clk (net)
                  0.11    0.00    0.25 ^ clkbuf_4_10_0_clk/A (sky130_fd_sc_hd__clkbuf_8)
                  0.08    0.17    0.42 ^ clkbuf_4_10_0_clk/X (sky130_fd_sc_hd__clkbuf_8)
    15    0.04                           clknet_4_10_0_clk (net)
                  0.08    0.00    0.42 ^ _1182_/CLK (sky130_fd_sc_hd__dfxtp_1)
                  0.06    0.32    0.73 ^ _1182_/Q (sky130_fd_sc_hd__dfxtp_1)
     2    0.01                           u_sram.mem[62][0] (net)
                  0.06    0.00    0.73 ^ _0917_/A1 (sky130_fd_sc_hd__mux2_1)
                  0.04    0.12    0.85 ^ _0917_/X (sky130_fd_sc_hd__mux2_1)
     1    0.00                           _0352_ (net)
                  0.04    0.00    0.85 ^ _0918_/A (sky130_fd_sc_hd__clkbuf_1)
                  0.04    0.07    0.92 ^ _0918_/X (sky130_fd_sc_hd__clkbuf_1)
     1    0.00                           _0016_ (net)
                  0.04    0.00    0.92 ^ _1182_/D (sky130_fd_sc_hd__dfxtp_1)
                                  0.92   data arrival time

                          0.00    0.00   clock clk (rise edge)
                          0.00    0.00   clock source latency
                  0.09    0.06    0.06 ^ clk (in)
     1    0.02                           clk (net)
                  0.09    0.00    0.06 ^ clkbuf_0_clk/A (sky130_fd_sc_hd__clkbuf_16)
                  0.11    0.21    0.27 ^ clkbuf_0_clk/X (sky130_fd_sc_hd__clkbuf_16)
    16    0.09                           clknet_0_clk (net)
                  0.11    0.00    0.27 ^ clkbuf_4_10_0_clk/A (sky130_fd_sc_hd__clkbuf_8)
                  0.08    0.19    0.46 ^ clkbuf_4_10_0_clk/X (sky130_fd_sc_hd__clkbuf_8)
    15    0.04                           clknet_4_10_0_clk (net)
                  0.08    0.00    0.46 ^ _1182_/CLK (sky130_fd_sc_hd__dfxtp_1)
                          0.25    0.71   clock uncertainty
                         -0.04    0.67   clock reconvergence pessimism
                         -0.02    0.64   library hold time
                                  0.64   data required time
-----------------------------------------------------------------------------
                                  0.64   data required time
                                 -0.92   data arrival time
-----------------------------------------------------------------------------
                                  0.28   slack (MET)


Startpoint: _1305_ (rising edge-triggered flip-flop clocked by clk)
Endpoint: _1305_ (rising edge-triggered flip-flop clocked by clk)
Path Group: clk
Path Type: min

Fanout     Cap    Slew   Delay    Time   Description
-----------------------------------------------------------------------------
                          0.00    0.00   clock clk (rise edge)
                          0.00    0.00   clock source latency
                  0.09    0.06    0.06 ^ clk (in)
     1    0.02                           clk (net)
                  0.09    0.00    0.06 ^ clkbuf_0_clk/A (sky130_fd_sc_hd__clkbuf_16)
                  0.11    0.19    0.25 ^ clkbuf_0_clk/X (sky130_fd_sc_hd__clkbuf_16)
    16    0.09                           clknet_0_clk (net)
                  0.11    0.00    0.25 ^ clkbuf_4_10_0_clk/A (sky130_fd_sc_hd__clkbuf_8)
                  0.08    0.17    0.42 ^ clkbuf_4_10_0_clk/X (sky130_fd_sc_hd__clkbuf_8)
    15    0.04                           clknet_4_10_0_clk (net)
                  0.08    0.00    0.42 ^ _1305_/CLK (sky130_fd_sc_hd__dfxtp_1)
                  0.06    0.31    0.73 ^ _1305_/Q (sky130_fd_sc_hd__dfxtp_1)
     2    0.01                           u_sram.mem[0][1] (net)
                  0.06    0.00    0.73 ^ _0668_/A1 (sky130_fd_sc_hd__mux2_1)
                  0.04    0.12    0.85 ^ _0668_/X (sky130_fd_sc_hd__mux2_1)
     1    0.00                           _0567_ (net)
                  0.04    0.00    0.85 ^ _0669_/A (sky130_fd_sc_hd__clkbuf_1)
                  0.04    0.07    0.92 ^ _0669_/X (sky130_fd_sc_hd__clkbuf_1)
     1    0.00                           _0139_ (net)
                  0.04    0.00    0.92 ^ _1305_/D (sky130_fd_sc_hd__dfxtp_1)
                                  0.92   data arrival time

                          0.00    0.00   clock clk (rise edge)
                          0.00    0.00   clock source latency
                  0.09    0.06    0.06 ^ clk (in)
     1    0.02                           clk (net)
                  0.09    0.00    0.06 ^ clkbuf_0_clk/A (sky130_fd_sc_hd__clkbuf_16)
                  0.11    0.21    0.27 ^ clkbuf_0_clk/X (sky130_fd_sc_hd__clkbuf_16)
    16    0.09                           clknet_0_clk (net)
                  0.11    0.00    0.27 ^ clkbuf_4_10_0_clk/A (sky130_fd_sc_hd__clkbuf_8)
                  0.08    0.19    0.46 ^ clkbuf_4_10_0_clk/X (sky130_fd_sc_hd__clkbuf_8)
    15    0.04                           clknet_4_10_0_clk (net)
                  0.08    0.00    0.46 ^ _1305_/CLK (sky130_fd_sc_hd__dfxtp_1)
                          0.25    0.71   clock uncertainty
                         -0.04    0.67   clock reconvergence pessimism
                         -0.02    0.64   library hold time
                                  0.64   data required time
-----------------------------------------------------------------------------
                                  0.64   data required time
                                 -0.92   data arrival time
-----------------------------------------------------------------------------
                                  0.28   slack (MET)


Startpoint: _1194_ (rising edge-triggered flip-flop clocked by clk)
Endpoint: _1194_ (rising edge-triggered flip-flop clocked by clk)
Path Group: clk
Path Type: min

Fanout     Cap    Slew   Delay    Time   Description
-----------------------------------------------------------------------------
                          0.00    0.00   clock clk (rise edge)
                          0.00    0.00   clock source latency
                  0.09    0.06    0.06 ^ clk (in)
     1    0.02                           clk (net)
                  0.09    0.00    0.06 ^ clkbuf_0_clk/A (sky130_fd_sc_hd__clkbuf_16)
                  0.11    0.19    0.25 ^ clkbuf_0_clk/X (sky130_fd_sc_hd__clkbuf_16)
    16    0.09                           clknet_0_clk (net)
                  0.11    0.00    0.25 ^ clkbuf_4_2_0_clk/A (sky130_fd_sc_hd__clkbuf_8)
                  0.08    0.17    0.41 ^ clkbuf_4_2_0_clk/X (sky130_fd_sc_hd__clkbuf_8)
    14    0.04                           clknet_4_2_0_clk (net)
                  0.08    0.00    0.41 ^ _1194_/CLK (sky130_fd_sc_hd__dfxtp_1)
                  0.06    0.31    0.72 ^ _1194_/Q (sky130_fd_sc_hd__dfxtp_1)
     2    0.01                           u_sram.mem[56][0] (net)
                  0.06    0.00    0.72 ^ _0956_/A1 (sky130_fd_sc_hd__mux2_1)
                  0.04    0.12    0.84 ^ _0956_/X (sky130_fd_sc_hd__mux2_1)
     1    0.00                           _0379_ (net)
                  0.04    0.00    0.84 ^ _0957_/A (sky130_fd_sc_hd__clkbuf_1)
                  0.04    0.07    0.91 ^ _0957_/X (sky130_fd_sc_hd__clkbuf_1)
     1    0.00                           _0028_ (net)
                  0.04    0.00    0.91 ^ _1194_/D (sky130_fd_sc_hd__dfxtp_1)
                                  0.91   data arrival time

                          0.00    0.00   clock clk (rise edge)
                          0.00    0.00   clock source latency
                  0.09    0.06    0.06 ^ clk (in)
     1    0.02                           clk (net)
                  0.09    0.00    0.06 ^ clkbuf_0_clk/A (sky130_fd_sc_hd__clkbuf_16)
                  0.11    0.21    0.27 ^ clkbuf_0_clk/X (sky130_fd_sc_hd__clkbuf_16)
    16    0.09                           clknet_0_clk (net)
                  0.11    0.00    0.27 ^ clkbuf_4_2_0_clk/A (sky130_fd_sc_hd__clkbuf_8)
                  0.08    0.18    0.46 ^ clkbuf_4_2_0_clk/X (sky130_fd_sc_hd__clkbuf_8)
    14    0.04                           clknet_4_2_0_clk (net)
                  0.08    0.00    0.46 ^ _1194_/CLK (sky130_fd_sc_hd__dfxtp_1)
                          0.25    0.71   clock uncertainty
                         -0.04    0.66   clock reconvergence pessimism
                         -0.03    0.64   library hold time
                                  0.64   data required time
-----------------------------------------------------------------------------
                                  0.64   data required time
                                 -0.91   data arrival time
-----------------------------------------------------------------------------
                                  0.28   slack (MET)


Startpoint: _1210_ (rising edge-triggered flip-flop clocked by clk)
Endpoint: _1210_ (rising edge-triggered flip-flop clocked by clk)
Path Group: clk
Path Type: min

Fanout     Cap    Slew   Delay    Time   Description
-----------------------------------------------------------------------------
                          0.00    0.00   clock clk (rise edge)
                          0.00    0.00   clock source latency
                  0.09    0.06    0.06 ^ clk (in)
     1    0.02                           clk (net)
                  0.09    0.00    0.06 ^ clkbuf_0_clk/A (sky130_fd_sc_hd__clkbuf_16)
                  0.11    0.19    0.25 ^ clkbuf_0_clk/X (sky130_fd_sc_hd__clkbuf_16)
    16    0.09                           clknet_0_clk (net)
                  0.11    0.00    0.25 ^ clkbuf_4_10_0_clk/A (sky130_fd_sc_hd__clkbuf_8)
                  0.08    0.17    0.42 ^ clkbuf_4_10_0_clk/X (sky130_fd_sc_hd__clkbuf_8)
    15    0.04                           clknet_4_10_0_clk (net)
                  0.08    0.00    0.42 ^ _1210_/CLK (sky130_fd_sc_hd__dfxtp_1)
                  0.06    0.31    0.73 ^ _1210_/Q (sky130_fd_sc_hd__dfxtp_1)
     2    0.01                           u_sram.mem[48][0] (net)
                  0.06    0.00    0.73 ^ _1003_/A1 (sky130_fd_sc_hd__mux2_1)
                  0.04    0.12    0.85 ^ _1003_/X (sky130_fd_sc_hd__mux2_1)
     1    0.00                           _0410_ (net)
                  0.04    0.00    0.85 ^ _1004_/A (sky130_fd_sc_hd__clkbuf_1)
                  0.04    0.07    0.92 ^ _1004_/X (sky130_fd_sc_hd__clkbuf_1)
     1    0.00                           _0044_ (net)
                  0.04    0.00    0.92 ^ _1210_/D (sky130_fd_sc_hd__dfxtp_1)
                                  0.92   data arrival time

                          0.00    0.00   clock clk (rise edge)
                          0.00    0.00   clock source latency
                  0.09    0.06    0.06 ^ clk (in)
     1    0.02                           clk (net)
                  0.09    0.00    0.06 ^ clkbuf_0_clk/A (sky130_fd_sc_hd__clkbuf_16)
                  0.11    0.21    0.27 ^ clkbuf_0_clk/X (sky130_fd_sc_hd__clkbuf_16)
    16    0.09                           clknet_0_clk (net)
                  0.11    0.00    0.27 ^ clkbuf_4_10_0_clk/A (sky130_fd_sc_hd__clkbuf_8)
                  0.08    0.19    0.46 ^ clkbuf_4_10_0_clk/X (sky130_fd_sc_hd__clkbuf_8)
    15    0.04                           clknet_4_10_0_clk (net)
                  0.08    0.00    0.46 ^ _1210_/CLK (sky130_fd_sc_hd__dfxtp_1)
                          0.25    0.71   clock uncertainty
                         -0.04    0.67   clock reconvergence pessimism
                         -0.02    0.64   library hold time
                                  0.64   data required time
-----------------------------------------------------------------------------
                                  0.64   data required time
                                 -0.92   data arrival time
-----------------------------------------------------------------------------
                                  0.28   slack (MET)


Startpoint: _1181_ (rising edge-triggered flip-flop clocked by clk)
Endpoint: _1181_ (rising edge-triggered flip-flop clocked by clk)
Path Group: clk
Path Type: min

Fanout     Cap    Slew   Delay    Time   Description
-----------------------------------------------------------------------------
                          0.00    0.00   clock clk (rise edge)
                          0.00    0.00   clock source latency
                  0.09    0.06    0.06 ^ clk (in)
     1    0.02                           clk (net)
                  0.09    0.00    0.06 ^ clkbuf_0_clk/A (sky130_fd_sc_hd__clkbuf_16)
                  0.11    0.19    0.25 ^ clkbuf_0_clk/X (sky130_fd_sc_hd__clkbuf_16)
    16    0.09                           clknet_0_clk (net)
                  0.11    0.00    0.25 ^ clkbuf_4_8_0_clk/A (sky130_fd_sc_hd__clkbuf_8)
                  0.06    0.16    0.40 ^ clkbuf_4_8_0_clk/X (sky130_fd_sc_hd__clkbuf_8)
    10    0.03                           clknet_4_8_0_clk (net)
                  0.06    0.00    0.40 ^ _1181_/CLK (sky130_fd_sc_hd__dfxtp_1)
                  0.07    0.31    0.71 ^ _1181_/Q (sky130_fd_sc_hd__dfxtp_1)
     2    0.01                           u_sram.mem[62][1] (net)
                  0.07    0.00    0.71 ^ _0913_/A1 (sky130_fd_sc_hd__mux2_1)
                  0.04    0.12    0.83 ^ _0913_/X (sky130_fd_sc_hd__mux2_1)
     1    0.00                           _0349_ (net)
                  0.04    0.00    0.83 ^ _0914_/A (sky130_fd_sc_hd__clkbuf_1)
                  0.04    0.07    0.90 ^ _0914_/X (sky130_fd_sc_hd__clkbuf_1)
     1    0.00                           _0015_ (net)
                  0.04    0.00    0.90 ^ _1181_/D (sky130_fd_sc_hd__dfxtp_1)
                                  0.90   data arrival time

                          0.00    0.00   clock clk (rise edge)
                          0.00    0.00   clock source latency
                  0.09    0.06    0.06 ^ clk (in)
     1    0.02                           clk (net)
                  0.09    0.00    0.06 ^ clkbuf_0_clk/A (sky130_fd_sc_hd__clkbuf_16)
                  0.11    0.21    0.27 ^ clkbuf_0_clk/X (sky130_fd_sc_hd__clkbuf_16)
    16    0.09                           clknet_0_clk (net)
                  0.11    0.00    0.27 ^ clkbuf_4_8_0_clk/A (sky130_fd_sc_hd__clkbuf_8)
                  0.06    0.17    0.44 ^ clkbuf_4_8_0_clk/X (sky130_fd_sc_hd__clkbuf_8)
    10    0.03                           clknet_4_8_0_clk (net)
                  0.06    0.00    0.44 ^ _1181_/CLK (sky130_fd_sc_hd__dfxtp_1)
                          0.25    0.69   clock uncertainty
                         -0.04    0.65   clock reconvergence pessimism
                         -0.03    0.62   library hold time
                                  0.62   data required time
-----------------------------------------------------------------------------
                                  0.62   data required time
                                 -0.90   data arrival time
-----------------------------------------------------------------------------
                                  0.28   slack (MET)


Startpoint: _1294_ (rising edge-triggered flip-flop clocked by clk)
Endpoint: _1294_ (rising edge-triggered flip-flop clocked by clk)
Path Group: clk
Path Type: min

Fanout     Cap    Slew   Delay    Time   Description
-----------------------------------------------------------------------------
                          0.00    0.00   clock clk (rise edge)
                          0.00    0.00   clock source latency
                  0.09    0.06    0.06 ^ clk (in)
     1    0.02                           clk (net)
                  0.09    0.00    0.06 ^ clkbuf_0_clk/A (sky130_fd_sc_hd__clkbuf_16)
                  0.11    0.19    0.25 ^ clkbuf_0_clk/X (sky130_fd_sc_hd__clkbuf_16)
    16    0.09                           clknet_0_clk (net)
                  0.11    0.00    0.25 ^ clkbuf_4_2_0_clk/A (sky130_fd_sc_hd__clkbuf_8)
                  0.08    0.17    0.41 ^ clkbuf_4_2_0_clk/X (sky130_fd_sc_hd__clkbuf_8)
    14    0.04                           clknet_4_2_0_clk (net)
                  0.08    0.00    0.41 ^ _1294_/CLK (sky130_fd_sc_hd__dfxtp_1)
                  0.07    0.32    0.73 ^ _1294_/Q (sky130_fd_sc_hd__dfxtp_1)
     2    0.01                           u_sram.mem[6][0] (net)
                  0.07    0.00    0.73 ^ _0640_/A1 (sky130_fd_sc_hd__mux2_1)
                  0.04    0.12    0.84 ^ _0640_/X (sky130_fd_sc_hd__mux2_1)
     1    0.00                           _0550_ (net)
                  0.04    0.00    0.84 ^ _0641_/A (sky130_fd_sc_hd__clkbuf_1)
                  0.04    0.07    0.91 ^ _0641_/X (sky130_fd_sc_hd__clkbuf_1)
     1    0.00                           _0128_ (net)
                  0.04    0.00    0.91 ^ _1294_/D (sky130_fd_sc_hd__dfxtp_1)
                                  0.91   data arrival time

                          0.00    0.00   clock clk (rise edge)
                          0.00    0.00   clock source latency
                  0.09    0.06    0.06 ^ clk (in)
     1    0.02                           clk (net)
                  0.09    0.00    0.06 ^ clkbuf_0_clk/A (sky130_fd_sc_hd__clkbuf_16)
                  0.11    0.21    0.27 ^ clkbuf_0_clk/X (sky130_fd_sc_hd__clkbuf_16)
    16    0.09                           clknet_0_clk (net)
                  0.11    0.00    0.27 ^ clkbuf_4_2_0_clk/A (sky130_fd_sc_hd__clkbuf_8)
                  0.08    0.18    0.46 ^ clkbuf_4_2_0_clk/X (sky130_fd_sc_hd__clkbuf_8)
    14    0.04                           clknet_4_2_0_clk (net)
                  0.08    0.00    0.46 ^ _1294_/CLK (sky130_fd_sc_hd__dfxtp_1)
                          0.25    0.71   clock uncertainty
                         -0.04    0.66   clock reconvergence pessimism
                         -0.03    0.64   library hold time
                                  0.64   data required time
-----------------------------------------------------------------------------
                                  0.64   data required time
                                 -0.91   data arrival time
-----------------------------------------------------------------------------
                                  0.28   slack (MET)


Startpoint: _1293_ (rising edge-triggered flip-flop clocked by clk)
Endpoint: _1293_ (rising edge-triggered flip-flop clocked by clk)
Path Group: clk
Path Type: min

Fanout     Cap    Slew   Delay    Time   Description
-----------------------------------------------------------------------------
                          0.00    0.00   clock clk (rise edge)
                          0.00    0.00   clock source latency
                  0.09    0.06    0.06 ^ clk (in)
     1    0.02                           clk (net)
                  0.09    0.00    0.06 ^ clkbuf_0_clk/A (sky130_fd_sc_hd__clkbuf_16)
                  0.11    0.19    0.25 ^ clkbuf_0_clk/X (sky130_fd_sc_hd__clkbuf_16)
    16    0.09                           clknet_0_clk (net)
                  0.11    0.00    0.25 ^ clkbuf_4_2_0_clk/A (sky130_fd_sc_hd__clkbuf_8)
                  0.08    0.17    0.41 ^ clkbuf_4_2_0_clk/X (sky130_fd_sc_hd__clkbuf_8)
    14    0.04                           clknet_4_2_0_clk (net)
                  0.08    0.00    0.41 ^ _1293_/CLK (sky130_fd_sc_hd__dfxtp_1)
                  0.06    0.31    0.73 ^ _1293_/Q (sky130_fd_sc_hd__dfxtp_1)
     2    0.01                           u_sram.mem[6][1] (net)
                  0.06    0.00    0.73 ^ _0638_/A1 (sky130_fd_sc_hd__mux2_1)
                  0.04    0.12    0.84 ^ _0638_/X (sky130_fd_sc_hd__mux2_1)
     1    0.00                           _0549_ (net)
                  0.04    0.00    0.84 ^ _0639_/A (sky130_fd_sc_hd__clkbuf_1)
                  0.04    0.07    0.91 ^ _0639_/X (sky130_fd_sc_hd__clkbuf_1)
     1    0.00                           _0127_ (net)
                  0.04    0.00    0.91 ^ _1293_/D (sky130_fd_sc_hd__dfxtp_1)
                                  0.91   data arrival time

                          0.00    0.00   clock clk (rise edge)
                          0.00    0.00   clock source latency
                  0.09    0.06    0.06 ^ clk (in)
     1    0.02                           clk (net)
                  0.09    0.00    0.06 ^ clkbuf_0_clk/A (sky130_fd_sc_hd__clkbuf_16)
                  0.11    0.21    0.27 ^ clkbuf_0_clk/X (sky130_fd_sc_hd__clkbuf_16)
    16    0.09                           clknet_0_clk (net)
                  0.11    0.00    0.27 ^ clkbuf_4_2_0_clk/A (sky130_fd_sc_hd__clkbuf_8)
                  0.08    0.18    0.46 ^ clkbuf_4_2_0_clk/X (sky130_fd_sc_hd__clkbuf_8)
    14    0.04                           clknet_4_2_0_clk (net)
                  0.08    0.00    0.46 ^ _1293_/CLK (sky130_fd_sc_hd__dfxtp_1)
                          0.25    0.71   clock uncertainty
                         -0.04    0.66   clock reconvergence pessimism
                         -0.03    0.64   library hold time
                                  0.64   data required time
-----------------------------------------------------------------------------
                                  0.64   data required time
                                 -0.91   data arrival time
-----------------------------------------------------------------------------
                                  0.28   slack (MET)


Startpoint: _1196_ (rising edge-triggered flip-flop clocked by clk)
Endpoint: _1196_ (rising edge-triggered flip-flop clocked by clk)
Path Group: clk
Path Type: min

Fanout     Cap    Slew   Delay    Time   Description
-----------------------------------------------------------------------------
                          0.00    0.00   clock clk (rise edge)
                          0.00    0.00   clock source latency
                  0.09    0.06    0.06 ^ clk (in)
     1    0.02                           clk (net)
                  0.09    0.00    0.06 ^ clkbuf_0_clk/A (sky130_fd_sc_hd__clkbuf_16)
                  0.11    0.19    0.25 ^ clkbuf_0_clk/X (sky130_fd_sc_hd__clkbuf_16)
    16    0.09                           clknet_0_clk (net)
                  0.11    0.00    0.25 ^ clkbuf_4_8_0_clk/A (sky130_fd_sc_hd__clkbuf_8)
                  0.06    0.16    0.40 ^ clkbuf_4_8_0_clk/X (sky130_fd_sc_hd__clkbuf_8)
    10    0.03                           clknet_4_8_0_clk (net)
                  0.06    0.00    0.40 ^ _1196_/CLK (sky130_fd_sc_hd__dfxtp_1)
                  0.07    0.31    0.72 ^ _1196_/Q (sky130_fd_sc_hd__dfxtp_1)
     2    0.01                           u_sram.mem[55][0] (net)
                  0.07    0.00    0.72 ^ _0961_/A0 (sky130_fd_sc_hd__mux2_1)
                  0.04    0.12    0.83 ^ _0961_/X (sky130_fd_sc_hd__mux2_1)
     1    0.00                           _0382_ (net)
                  0.04    0.00    0.83 ^ _0962_/A (sky130_fd_sc_hd__clkbuf_1)
                  0.03    0.07    0.90 ^ _0962_/X (sky130_fd_sc_hd__clkbuf_1)
     1    0.00                           _0030_ (net)
                  0.03    0.00    0.90 ^ _1196_/D (sky130_fd_sc_hd__dfxtp_1)
                                  0.90   data arrival time

                          0.00    0.00   clock clk (rise edge)
                          0.00    0.00   clock source latency
                  0.09    0.06    0.06 ^ clk (in)
     1    0.02                           clk (net)
                  0.09    0.00    0.06 ^ clkbuf_0_clk/A (sky130_fd_sc_hd__clkbuf_16)
                  0.11    0.21    0.27 ^ clkbuf_0_clk/X (sky130_fd_sc_hd__clkbuf_16)
    16    0.09                           clknet_0_clk (net)
                  0.11    0.00    0.27 ^ clkbuf_4_8_0_clk/A (sky130_fd_sc_hd__clkbuf_8)
                  0.06    0.17    0.44 ^ clkbuf_4_8_0_clk/X (sky130_fd_sc_hd__clkbuf_8)
    10    0.03                           clknet_4_8_0_clk (net)
                  0.06    0.00    0.44 ^ _1196_/CLK (sky130_fd_sc_hd__dfxtp_1)
                          0.25    0.69   clock uncertainty
                         -0.04    0.65   clock reconvergence pessimism
                         -0.03    0.62   library hold time
                                  0.62   data required time
-----------------------------------------------------------------------------
                                  0.62   data required time
                                 -0.90   data arrival time
-----------------------------------------------------------------------------
                                  0.28   slack (MET)


Startpoint: _1320_ (rising edge-triggered flip-flop clocked by clk)
Endpoint: _1314_ (rising edge-triggered flip-flop clocked by clk)
Path Group: clk
Path Type: min

Fanout     Cap    Slew   Delay    Time   Description
-----------------------------------------------------------------------------
                          0.00    0.00   clock clk (rise edge)
                          0.00    0.00   clock source latency
                  0.09    0.06    0.06 ^ clk (in)
     1    0.02                           clk (net)
                  0.09    0.00    0.06 ^ clkbuf_0_clk/A (sky130_fd_sc_hd__clkbuf_16)
                  0.11    0.19    0.25 ^ clkbuf_0_clk/X (sky130_fd_sc_hd__clkbuf_16)
    16    0.09                           clknet_0_clk (net)
                  0.11    0.00    0.25 ^ clkbuf_4_14_0_clk/A (sky130_fd_sc_hd__clkbuf_8)
                  0.06    0.15    0.40 ^ clkbuf_4_14_0_clk/X (sky130_fd_sc_hd__clkbuf_8)
     8    0.02                           clknet_4_14_0_clk (net)
                  0.06    0.00    0.40 ^ _1320_/CLK (sky130_fd_sc_hd__dfrtp_1)
                  0.09    0.34    0.73 ^ _1320_/Q (sky130_fd_sc_hd__dfrtp_1)
     3    0.01                           u_addr_gen.addr_valid (net)
                  0.09    0.00    0.73 ^ _0712_/A (sky130_fd_sc_hd__and2_1)
                  0.04    0.11    0.85 ^ _0712_/X (sky130_fd_sc_hd__and2_1)
     1    0.00                           _0162_ (net)
                  0.04    0.00    0.85 ^ _0713_/A (sky130_fd_sc_hd__clkbuf_1)
                  0.04    0.07    0.92 ^ _0713_/X (sky130_fd_sc_hd__clkbuf_1)
     1    0.00                           u_sram.read_req (net)
                  0.04    0.00    0.92 ^ _1314_/D (sky130_fd_sc_hd__dfrtp_1)
                                  0.92   data arrival time

                          0.00    0.00   clock clk (rise edge)
                          0.00    0.00   clock source latency
                  0.09    0.06    0.06 ^ clk (in)
     1    0.02                           clk (net)
                  0.09    0.00    0.06 ^ clkbuf_0_clk/A (sky130_fd_sc_hd__clkbuf_16)
                  0.11    0.21    0.27 ^ clkbuf_0_clk/X (sky130_fd_sc_hd__clkbuf_16)
    16    0.09                           clknet_0_clk (net)
                  0.11    0.00    0.27 ^ clkbuf_4_11_0_clk/A (sky130_fd_sc_hd__clkbuf_8)
                  0.07    0.18    0.45 ^ clkbuf_4_11_0_clk/X (sky130_fd_sc_hd__clkbuf_8)
    12    0.03                           clknet_4_11_0_clk (net)
                  0.07    0.00    0.45 ^ _1314_/CLK (sky130_fd_sc_hd__dfrtp_1)
                          0.25    0.70   clock uncertainty
                         -0.03    0.67   clock reconvergence pessimism
                         -0.03    0.64   library hold time
                                  0.64   data required time
-----------------------------------------------------------------------------
                                  0.64   data required time
                                 -0.92   data arrival time
-----------------------------------------------------------------------------
                                  0.28   slack (MET)


Startpoint: _1299_ (rising edge-triggered flip-flop clocked by clk)
Endpoint: _1299_ (rising edge-triggered flip-flop clocked by clk)
Path Group: clk
Path Type: min

Fanout     Cap    Slew   Delay    Time   Description
-----------------------------------------------------------------------------
                          0.00    0.00   clock clk (rise edge)
                          0.00    0.00   clock source latency
                  0.09    0.06    0.06 ^ clk (in)
     1    0.02                           clk (net)
                  0.09    0.00    0.06 ^ clkbuf_0_clk/A (sky130_fd_sc_hd__clkbuf_16)
                  0.11    0.19    0.25 ^ clkbuf_0_clk/X (sky130_fd_sc_hd__clkbuf_16)
    16    0.09                           clknet_0_clk (net)
                  0.11    0.00    0.25 ^ clkbuf_4_2_0_clk/A (sky130_fd_sc_hd__clkbuf_8)
                  0.08    0.17    0.41 ^ clkbuf_4_2_0_clk/X (sky130_fd_sc_hd__clkbuf_8)
    14    0.04                           clknet_4_2_0_clk (net)
                  0.08    0.00    0.41 ^ _1299_/CLK (sky130_fd_sc_hd__dfxtp_1)
                  0.06    0.31    0.72 ^ _1299_/Q (sky130_fd_sc_hd__dfxtp_1)
     2    0.01                           u_sram.mem[3][1] (net)
                  0.06    0.00    0.72 ^ _0653_/A1 (sky130_fd_sc_hd__mux2_1)
                  0.04    0.11    0.84 ^ _0653_/X (sky130_fd_sc_hd__mux2_1)
     1    0.00                           _0558_ (net)
                  0.04    0.00    0.84 ^ _0654_/A (sky130_fd_sc_hd__clkbuf_1)
                  0.04    0.07    0.91 ^ _0654_/X (sky130_fd_sc_hd__clkbuf_1)
     1    0.00                           _0133_ (net)
                  0.04    0.00    0.91 ^ _1299_/D (sky130_fd_sc_hd__dfxtp_1)
                                  0.91   data arrival time

                          0.00    0.00   clock clk (rise edge)
                          0.00    0.00   clock source latency
                  0.09    0.06    0.06 ^ clk (in)
     1    0.02                           clk (net)
                  0.09    0.00    0.06 ^ clkbuf_0_clk/A (sky130_fd_sc_hd__clkbuf_16)
                  0.11    0.21    0.27 ^ clkbuf_0_clk/X (sky130_fd_sc_hd__clkbuf_16)
    16    0.09                           clknet_0_clk (net)
                  0.11    0.00    0.27 ^ clkbuf_4_2_0_clk/A (sky130_fd_sc_hd__clkbuf_8)
                  0.08    0.18    0.46 ^ clkbuf_4_2_0_clk/X (sky130_fd_sc_hd__clkbuf_8)
    14    0.04                           clknet_4_2_0_clk (net)
                  0.08    0.00    0.46 ^ _1299_/CLK (sky130_fd_sc_hd__dfxtp_1)
                          0.25    0.71   clock uncertainty
                         -0.04    0.66   clock reconvergence pessimism
                         -0.03    0.64   library hold time
                                  0.64   data required time
-----------------------------------------------------------------------------
                                  0.64   data required time
                                 -0.91   data arrival time
-----------------------------------------------------------------------------
                                  0.28   slack (MET)


Startpoint: _1269_ (rising edge-triggered flip-flop clocked by clk)
Endpoint: _1269_ (rising edge-triggered flip-flop clocked by clk)
Path Group: clk
Path Type: min

Fanout     Cap    Slew   Delay    Time   Description
-----------------------------------------------------------------------------
                          0.00    0.00   clock clk (rise edge)
                          0.00    0.00   clock source latency
                  0.09    0.06    0.06 ^ clk (in)
     1    0.02                           clk (net)
                  0.09    0.00    0.06 ^ clkbuf_0_clk/A (sky130_fd_sc_hd__clkbuf_16)
                  0.11    0.19    0.25 ^ clkbuf_0_clk/X (sky130_fd_sc_hd__clkbuf_16)
    16    0.09                           clknet_0_clk (net)
                  0.11    0.00    0.25 ^ clkbuf_4_4_0_clk/A (sky130_fd_sc_hd__clkbuf_8)
                  0.06    0.15    0.40 ^ clkbuf_4_4_0_clk/X (sky130_fd_sc_hd__clkbuf_8)
     9    0.02                           clknet_4_4_0_clk (net)
                  0.06    0.00    0.40 ^ _1269_/CLK (sky130_fd_sc_hd__dfxtp_1)
                  0.07    0.31    0.71 ^ _1269_/Q (sky130_fd_sc_hd__dfxtp_1)
     2    0.01                           u_sram.mem[18][1] (net)
                  0.07    0.00    0.71 ^ _1163_/A1 (sky130_fd_sc_hd__mux2_1)
                  0.04    0.12    0.83 ^ _1163_/X (sky130_fd_sc_hd__mux2_1)
     1    0.00                           _0511_ (net)
                  0.04    0.00    0.83 ^ _1164_/A (sky130_fd_sc_hd__clkbuf_1)
                  0.03    0.07    0.90 ^ _1164_/X (sky130_fd_sc_hd__clkbuf_1)
     1    0.00                           _0103_ (net)
                  0.03    0.00    0.90 ^ _1269_/D (sky130_fd_sc_hd__dfxtp_1)
                                  0.90   data arrival time

                          0.00    0.00   clock clk (rise edge)
                          0.00    0.00   clock source latency
                  0.09    0.06    0.06 ^ clk (in)
     1    0.02                           clk (net)
                  0.09    0.00    0.06 ^ clkbuf_0_clk/A (sky130_fd_sc_hd__clkbuf_16)
                  0.11    0.21    0.27 ^ clkbuf_0_clk/X (sky130_fd_sc_hd__clkbuf_16)
    16    0.09                           clknet_0_clk (net)
                  0.11    0.00    0.27 ^ clkbuf_4_4_0_clk/A (sky130_fd_sc_hd__clkbuf_8)
                  0.06    0.17    0.44 ^ clkbuf_4_4_0_clk/X (sky130_fd_sc_hd__clkbuf_8)
     9    0.02                           clknet_4_4_0_clk (net)
                  0.06    0.00    0.44 ^ _1269_/CLK (sky130_fd_sc_hd__dfxtp_1)
                          0.25    0.69   clock uncertainty
                         -0.04    0.65   clock reconvergence pessimism
                         -0.03    0.62   library hold time
                                  0.62   data required time
-----------------------------------------------------------------------------
                                  0.62   data required time
                                 -0.90   data arrival time
-----------------------------------------------------------------------------
                                  0.28   slack (MET)


Startpoint: _1212_ (rising edge-triggered flip-flop clocked by clk)
Endpoint: _1212_ (rising edge-triggered flip-flop clocked by clk)
Path Group: clk
Path Type: min

Fanout     Cap    Slew   Delay    Time   Description
-----------------------------------------------------------------------------
                          0.00    0.00   clock clk (rise edge)
                          0.00    0.00   clock source latency
                  0.09    0.06    0.06 ^ clk (in)
     1    0.02                           clk (net)
                  0.09    0.00    0.06 ^ clkbuf_0_clk/A (sky130_fd_sc_hd__clkbuf_16)
                  0.11    0.19    0.25 ^ clkbuf_0_clk/X (sky130_fd_sc_hd__clkbuf_16)
    16    0.09                           clknet_0_clk (net)
                  0.11    0.00    0.25 ^ clkbuf_4_6_0_clk/A (sky130_fd_sc_hd__clkbuf_8)
                  0.06    0.16    0.40 ^ clkbuf_4_6_0_clk/X (sky130_fd_sc_hd__clkbuf_8)
    10    0.03                           clknet_4_6_0_clk (net)
                  0.06    0.00    0.40 ^ _1212_/CLK (sky130_fd_sc_hd__dfxtp_1)
                  0.07    0.31    0.71 ^ _1212_/Q (sky130_fd_sc_hd__dfxtp_1)
     2    0.01                           u_sram.mem[47][0] (net)
                  0.07    0.00    0.71 ^ _1011_/A0 (sky130_fd_sc_hd__mux2_1)
                  0.04    0.12    0.83 ^ _1011_/X (sky130_fd_sc_hd__mux2_1)
     1    0.00                           _0416_ (net)
                  0.04    0.00    0.83 ^ _1012_/A (sky130_fd_sc_hd__clkbuf_1)
                  0.04    0.07    0.90 ^ _1012_/X (sky130_fd_sc_hd__clkbuf_1)
     1    0.00                           _0046_ (net)
                  0.04    0.00    0.90 ^ _1212_/D (sky130_fd_sc_hd__dfxtp_1)
                                  0.90   data arrival time

                          0.00    0.00   clock clk (rise edge)
                          0.00    0.00   clock source latency
                  0.09    0.06    0.06 ^ clk (in)
     1    0.02                           clk (net)
                  0.09    0.00    0.06 ^ clkbuf_0_clk/A (sky130_fd_sc_hd__clkbuf_16)
                  0.11    0.21    0.27 ^ clkbuf_0_clk/X (sky130_fd_sc_hd__clkbuf_16)
    16    0.09                           clknet_0_clk (net)
                  0.11    0.00    0.27 ^ clkbuf_4_6_0_clk/A (sky130_fd_sc_hd__clkbuf_8)
                  0.06    0.17    0.44 ^ clkbuf_4_6_0_clk/X (sky130_fd_sc_hd__clkbuf_8)
    10    0.03                           clknet_4_6_0_clk (net)
                  0.06    0.00    0.44 ^ _1212_/CLK (sky130_fd_sc_hd__dfxtp_1)
                          0.25    0.69   clock uncertainty
                         -0.04    0.65   clock reconvergence pessimism
                         -0.03    0.62   library hold time
                                  0.62   data required time
-----------------------------------------------------------------------------
                                  0.62   data required time
                                 -0.90   data arrival time
-----------------------------------------------------------------------------
                                  0.28   slack (MET)


Startpoint: _1327_ (rising edge-triggered flip-flop clocked by clk)
Endpoint: _1172_ (rising edge-triggered flip-flop clocked by clk)
Path Group: clk
Path Type: min

Fanout     Cap    Slew   Delay    Time   Description
-----------------------------------------------------------------------------
                          0.00    0.00   clock clk (rise edge)
                          0.00    0.00   clock source latency
                  0.09    0.06    0.06 ^ clk (in)
     1    0.02                           clk (net)
                  0.09    0.00    0.06 ^ clkbuf_0_clk/A (sky130_fd_sc_hd__clkbuf_16)
                  0.11    0.19    0.25 ^ clkbuf_0_clk/X (sky130_fd_sc_hd__clkbuf_16)
    16    0.09                           clknet_0_clk (net)
                  0.11    0.00    0.25 ^ clkbuf_4_14_0_clk/A (sky130_fd_sc_hd__clkbuf_8)
                  0.06    0.15    0.40 ^ clkbuf_4_14_0_clk/X (sky130_fd_sc_hd__clkbuf_8)
     8    0.02                           clknet_4_14_0_clk (net)
                  0.06    0.00    0.40 ^ _1327_/CLK (sky130_fd_sc_hd__dfrtp_1)
                  0.08    0.33    0.73 ^ _1327_/Q (sky130_fd_sc_hd__dfrtp_1)
     2    0.01                           u_addr_gen.start (net)
                  0.08    0.00    0.73 ^ _0703_/B (sky130_fd_sc_hd__or2_1)
                  0.04    0.09    0.82 ^ _0703_/X (sky130_fd_sc_hd__or2_1)
     1    0.00                           _0157_ (net)
                  0.04    0.00    0.82 ^ _0704_/A (sky130_fd_sc_hd__clkbuf_1)
                  0.04    0.07    0.89 ^ _0704_/X (sky130_fd_sc_hd__clkbuf_1)
     1    0.00                           _0001_ (net)
                  0.04    0.00    0.89 ^ _1172_/D (sky130_fd_sc_hd__dfrtp_1)
                                  0.89   data arrival time

                          0.00    0.00   clock clk (rise edge)
                          0.00    0.00   clock source latency
                  0.09    0.06    0.06 ^ clk (in)
     1    0.02                           clk (net)
                  0.09    0.00    0.06 ^ clkbuf_0_clk/A (sky130_fd_sc_hd__clkbuf_16)
                  0.11    0.21    0.27 ^ clkbuf_0_clk/X (sky130_fd_sc_hd__clkbuf_16)
    16    0.09                           clknet_0_clk (net)
                  0.11    0.00    0.27 ^ clkbuf_4_14_0_clk/A (sky130_fd_sc_hd__clkbuf_8)
                  0.06    0.17    0.44 ^ clkbuf_4_14_0_clk/X (sky130_fd_sc_hd__clkbuf_8)
     8    0.02                           clknet_4_14_0_clk (net)
                  0.06    0.00    0.44 ^ _1172_/CLK (sky130_fd_sc_hd__dfrtp_1)
                          0.25    0.69   clock uncertainty
                         -0.04    0.65   clock reconvergence pessimism
                         -0.03    0.61   library hold time
                                  0.61   data required time
-----------------------------------------------------------------------------
                                  0.61   data required time
                                 -0.89   data arrival time
-----------------------------------------------------------------------------
                                  0.28   slack (MET)


Startpoint: _1221_ (rising edge-triggered flip-flop clocked by clk)
Endpoint: _1221_ (rising edge-triggered flip-flop clocked by clk)
Path Group: clk
Path Type: min

Fanout     Cap    Slew   Delay    Time   Description
-----------------------------------------------------------------------------
                          0.00    0.00   clock clk (rise edge)
                          0.00    0.00   clock source latency
                  0.09    0.06    0.06 ^ clk (in)
     1    0.02                           clk (net)
                  0.09    0.00    0.06 ^ clkbuf_0_clk/A (sky130_fd_sc_hd__clkbuf_16)
                  0.11    0.19    0.25 ^ clkbuf_0_clk/X (sky130_fd_sc_hd__clkbuf_16)
    16    0.09                           clknet_0_clk (net)
                  0.11    0.00    0.25 ^ clkbuf_4_6_0_clk/A (sky130_fd_sc_hd__clkbuf_8)
                  0.06    0.16    0.40 ^ clkbuf_4_6_0_clk/X (sky130_fd_sc_hd__clkbuf_8)
    10    0.03                           clknet_4_6_0_clk (net)
                  0.06    0.00    0.40 ^ _1221_/CLK (sky130_fd_sc_hd__dfxtp_1)
                  0.06    0.31    0.71 ^ _1221_/Q (sky130_fd_sc_hd__dfxtp_1)
     2    0.01                           u_sram.mem[42][1] (net)
                  0.06    0.00    0.71 ^ _1036_/A0 (sky130_fd_sc_hd__mux2_1)
                  0.05    0.12    0.83 ^ _1036_/X (sky130_fd_sc_hd__mux2_1)
     1    0.00                           _0432_ (net)
                  0.05    0.00    0.83 ^ _1037_/A (sky130_fd_sc_hd__clkbuf_1)
                  0.04    0.07    0.90 ^ _1037_/X (sky130_fd_sc_hd__clkbuf_1)
     1    0.00                           _0055_ (net)
                  0.04    0.00    0.90 ^ _1221_/D (sky130_fd_sc_hd__dfxtp_1)
                                  0.90   data arrival time

                          0.00    0.00   clock clk (rise edge)
                          0.00    0.00   clock source latency
                  0.09    0.06    0.06 ^ clk (in)
     1    0.02                           clk (net)
                  0.09    0.00    0.06 ^ clkbuf_0_clk/A (sky130_fd_sc_hd__clkbuf_16)
                  0.11    0.21    0.27 ^ clkbuf_0_clk/X (sky130_fd_sc_hd__clkbuf_16)
    16    0.09                           clknet_0_clk (net)
                  0.11    0.00    0.27 ^ clkbuf_4_6_0_clk/A (sky130_fd_sc_hd__clkbuf_8)
                  0.06    0.17    0.44 ^ clkbuf_4_6_0_clk/X (sky130_fd_sc_hd__clkbuf_8)
    10    0.03                           clknet_4_6_0_clk (net)
                  0.06    0.00    0.44 ^ _1221_/CLK (sky130_fd_sc_hd__dfxtp_1)
                          0.25    0.69   clock uncertainty
                         -0.04    0.65   clock reconvergence pessimism
                         -0.03    0.62   library hold time
                                  0.62   data required time
-----------------------------------------------------------------------------
                                  0.62   data required time
                                 -0.90   data arrival time
-----------------------------------------------------------------------------
                                  0.28   slack (MET)


Startpoint: _1214_ (rising edge-triggered flip-flop clocked by clk)
Endpoint: _1214_ (rising edge-triggered flip-flop clocked by clk)
Path Group: clk
Path Type: min

Fanout     Cap    Slew   Delay    Time   Description
-----------------------------------------------------------------------------
                          0.00    0.00   clock clk (rise edge)
                          0.00    0.00   clock source latency
                  0.09    0.06    0.06 ^ clk (in)
     1    0.02                           clk (net)
                  0.09    0.00    0.06 ^ clkbuf_0_clk/A (sky130_fd_sc_hd__clkbuf_16)
                  0.11    0.19    0.25 ^ clkbuf_0_clk/X (sky130_fd_sc_hd__clkbuf_16)
    16    0.09                           clknet_0_clk (net)
                  0.11    0.00    0.25 ^ clkbuf_4_11_0_clk/A (sky130_fd_sc_hd__clkbuf_8)
                  0.07    0.16    0.41 ^ clkbuf_4_11_0_clk/X (sky130_fd_sc_hd__clkbuf_8)
    12    0.03                           clknet_4_11_0_clk (net)
                  0.07    0.00    0.41 ^ _1214_/CLK (sky130_fd_sc_hd__dfxtp_1)
                  0.07    0.32    0.72 ^ _1214_/Q (sky130_fd_sc_hd__dfxtp_1)
     2    0.01                           u_sram.mem[46][0] (net)
                  0.07    0.00    0.72 ^ _1016_/A1 (sky130_fd_sc_hd__mux2_1)
                  0.04    0.12    0.84 ^ _1016_/X (sky130_fd_sc_hd__mux2_1)
     1    0.00                           _0419_ (net)
                  0.04    0.00    0.84 ^ _1017_/A (sky130_fd_sc_hd__clkbuf_1)
                  0.04    0.07    0.91 ^ _1017_/X (sky130_fd_sc_hd__clkbuf_1)
     1    0.00                           _0048_ (net)
                  0.04    0.00    0.91 ^ _1214_/D (sky130_fd_sc_hd__dfxtp_1)
                                  0.91   data arrival time

                          0.00    0.00   clock clk (rise edge)
                          0.00    0.00   clock source latency
                  0.09    0.06    0.06 ^ clk (in)
     1    0.02                           clk (net)
                  0.09    0.00    0.06 ^ clkbuf_0_clk/A (sky130_fd_sc_hd__clkbuf_16)
                  0.11    0.21    0.27 ^ clkbuf_0_clk/X (sky130_fd_sc_hd__clkbuf_16)
    16    0.09                           clknet_0_clk (net)
                  0.11    0.00    0.27 ^ clkbuf_4_11_0_clk/A (sky130_fd_sc_hd__clkbuf_8)
                  0.07    0.18    0.45 ^ clkbuf_4_11_0_clk/X (sky130_fd_sc_hd__clkbuf_8)
    12    0.03                           clknet_4_11_0_clk (net)
                  0.07    0.00    0.45 ^ _1214_/CLK (sky130_fd_sc_hd__dfxtp_1)
                          0.25    0.70   clock uncertainty
                         -0.04    0.66   clock reconvergence pessimism
                         -0.03    0.63   library hold time
                                  0.63   data required time
-----------------------------------------------------------------------------
                                  0.63   data required time
                                 -0.91   data arrival time
-----------------------------------------------------------------------------
                                  0.28   slack (MET)


Startpoint: _1306_ (rising edge-triggered flip-flop clocked by clk)
Endpoint: _1306_ (rising edge-triggered flip-flop clocked by clk)
Path Group: clk
Path Type: min

Fanout     Cap    Slew   Delay    Time   Description
-----------------------------------------------------------------------------
                          0.00    0.00   clock clk (rise edge)
                          0.00    0.00   clock source latency
                  0.09    0.06    0.06 ^ clk (in)
     1    0.02                           clk (net)
                  0.09    0.00    0.06 ^ clkbuf_0_clk/A (sky130_fd_sc_hd__clkbuf_16)
                  0.11    0.19    0.25 ^ clkbuf_0_clk/X (sky130_fd_sc_hd__clkbuf_16)
    16    0.09                           clknet_0_clk (net)
                  0.11    0.00    0.25 ^ clkbuf_4_10_0_clk/A (sky130_fd_sc_hd__clkbuf_8)
                  0.08    0.17    0.42 ^ clkbuf_4_10_0_clk/X (sky130_fd_sc_hd__clkbuf_8)
    15    0.04                           clknet_4_10_0_clk (net)
                  0.08    0.00    0.42 ^ _1306_/CLK (sky130_fd_sc_hd__dfxtp_1)
                  0.07    0.31    0.73 ^ _1306_/Q (sky130_fd_sc_hd__dfxtp_1)
     2    0.01                           u_sram.mem[0][0] (net)
                  0.07    0.00    0.73 ^ _0670_/A1 (sky130_fd_sc_hd__mux2_1)
                  0.04    0.12    0.85 ^ _0670_/X (sky130_fd_sc_hd__mux2_1)
     1    0.00                           _0568_ (net)
                  0.04    0.00    0.85 ^ _0671_/A (sky130_fd_sc_hd__clkbuf_1)
                  0.04    0.07    0.92 ^ _0671_/X (sky130_fd_sc_hd__clkbuf_1)
     1    0.00                           _0140_ (net)
                  0.04    0.00    0.92 ^ _1306_/D (sky130_fd_sc_hd__dfxtp_1)
                                  0.92   data arrival time

                          0.00    0.00   clock clk (rise edge)
                          0.00    0.00   clock source latency
                  0.09    0.06    0.06 ^ clk (in)
     1    0.02                           clk (net)
                  0.09    0.00    0.06 ^ clkbuf_0_clk/A (sky130_fd_sc_hd__clkbuf_16)
                  0.11    0.21    0.27 ^ clkbuf_0_clk/X (sky130_fd_sc_hd__clkbuf_16)
    16    0.09                           clknet_0_clk (net)
                  0.11    0.00    0.27 ^ clkbuf_4_10_0_clk/A (sky130_fd_sc_hd__clkbuf_8)
                  0.08    0.19    0.46 ^ clkbuf_4_10_0_clk/X (sky130_fd_sc_hd__clkbuf_8)
    15    0.04                           clknet_4_10_0_clk (net)
                  0.08    0.00    0.46 ^ _1306_/CLK (sky130_fd_sc_hd__dfxtp_1)
                          0.25    0.71   clock uncertainty
                         -0.04    0.67   clock reconvergence pessimism
                         -0.02    0.64   library hold time
                                  0.64   data required time
-----------------------------------------------------------------------------
                                  0.64   data required time
                                 -0.92   data arrival time
-----------------------------------------------------------------------------
                                  0.28   slack (MET)


Startpoint: _1286_ (rising edge-triggered flip-flop clocked by clk)
Endpoint: _1286_ (rising edge-triggered flip-flop clocked by clk)
Path Group: clk
Path Type: min

Fanout     Cap    Slew   Delay    Time   Description
-----------------------------------------------------------------------------
                          0.00    0.00   clock clk (rise edge)
                          0.00    0.00   clock source latency
                  0.09    0.06    0.06 ^ clk (in)
     1    0.02                           clk (net)
                  0.09    0.00    0.06 ^ clkbuf_0_clk/A (sky130_fd_sc_hd__clkbuf_16)
                  0.11    0.19    0.25 ^ clkbuf_0_clk/X (sky130_fd_sc_hd__clkbuf_16)
    16    0.09                           clknet_0_clk (net)
                  0.11    0.00    0.25 ^ clkbuf_4_1_0_clk/A (sky130_fd_sc_hd__clkbuf_8)
                  0.06    0.16    0.40 ^ clkbuf_4_1_0_clk/X (sky130_fd_sc_hd__clkbuf_8)
    10    0.03                           clknet_4_1_0_clk (net)
                  0.06    0.00    0.40 ^ _1286_/CLK (sky130_fd_sc_hd__dfxtp_1)
                  0.07    0.32    0.72 ^ _1286_/Q (sky130_fd_sc_hd__dfxtp_1)
     2    0.01                           u_sram.mem[10][0] (net)
                  0.07    0.00    0.72 ^ _0620_/A1 (sky130_fd_sc_hd__mux2_1)
                  0.04    0.12    0.83 ^ _0620_/X (sky130_fd_sc_hd__mux2_1)
     1    0.00                           _0538_ (net)
                  0.04    0.00    0.83 ^ _0621_/A (sky130_fd_sc_hd__clkbuf_1)
                  0.04    0.07    0.91 ^ _0621_/X (sky130_fd_sc_hd__clkbuf_1)
     1    0.00                           _0120_ (net)
                  0.04    0.00    0.91 ^ _1286_/D (sky130_fd_sc_hd__dfxtp_1)
                                  0.91   data arrival time

                          0.00    0.00   clock clk (rise edge)
                          0.00    0.00   clock source latency
                  0.09    0.06    0.06 ^ clk (in)
     1    0.02                           clk (net)
                  0.09    0.00    0.06 ^ clkbuf_0_clk/A (sky130_fd_sc_hd__clkbuf_16)
                  0.11    0.21    0.27 ^ clkbuf_0_clk/X (sky130_fd_sc_hd__clkbuf_16)
    16    0.09                           clknet_0_clk (net)
                  0.11    0.00    0.27 ^ clkbuf_4_1_0_clk/A (sky130_fd_sc_hd__clkbuf_8)
                  0.06    0.17    0.44 ^ clkbuf_4_1_0_clk/X (sky130_fd_sc_hd__clkbuf_8)
    10    0.03                           clknet_4_1_0_clk (net)
                  0.06    0.00    0.44 ^ _1286_/CLK (sky130_fd_sc_hd__dfxtp_1)
                          0.25    0.69   clock uncertainty
                         -0.04    0.65   clock reconvergence pessimism
                         -0.03    0.62   library hold time
                                  0.62   data required time
-----------------------------------------------------------------------------
                                  0.62   data required time
                                 -0.91   data arrival time
-----------------------------------------------------------------------------
                                  0.28   slack (MET)


Startpoint: _1300_ (rising edge-triggered flip-flop clocked by clk)
Endpoint: _1300_ (rising edge-triggered flip-flop clocked by clk)
Path Group: clk
Path Type: min

Fanout     Cap    Slew   Delay    Time   Description
-----------------------------------------------------------------------------
                          0.00    0.00   clock clk (rise edge)
                          0.00    0.00   clock source latency
                  0.09    0.06    0.06 ^ clk (in)
     1    0.02                           clk (net)
                  0.09    0.00    0.06 ^ clkbuf_0_clk/A (sky130_fd_sc_hd__clkbuf_16)
                  0.11    0.19    0.25 ^ clkbuf_0_clk/X (sky130_fd_sc_hd__clkbuf_16)
    16    0.09                           clknet_0_clk (net)
                  0.11    0.00    0.25 ^ clkbuf_4_2_0_clk/A (sky130_fd_sc_hd__clkbuf_8)
                  0.08    0.17    0.41 ^ clkbuf_4_2_0_clk/X (sky130_fd_sc_hd__clkbuf_8)
    14    0.04                           clknet_4_2_0_clk (net)
                  0.08    0.00    0.41 ^ _1300_/CLK (sky130_fd_sc_hd__dfxtp_1)
                  0.08    0.33    0.74 ^ _1300_/Q (sky130_fd_sc_hd__dfxtp_1)
     2    0.01                           u_sram.mem[3][0] (net)
                  0.08    0.00    0.74 ^ _0655_/A1 (sky130_fd_sc_hd__mux2_1)
                  0.04    0.12    0.86 ^ _0655_/X (sky130_fd_sc_hd__mux2_1)
     1    0.00                           _0559_ (net)
                  0.04    0.00    0.86 ^ _0656_/A (sky130_fd_sc_hd__clkbuf_1)
                  0.03    0.07    0.93 ^ _0656_/X (sky130_fd_sc_hd__clkbuf_1)
     1    0.00                           _0134_ (net)
                  0.03    0.00    0.93 ^ _1300_/D (sky130_fd_sc_hd__dfxtp_1)
                                  0.93   data arrival time

                          0.00    0.00   clock clk (rise edge)
                          0.00    0.00   clock source latency
                  0.09    0.06    0.06 ^ clk (in)
     1    0.02                           clk (net)
                  0.09    0.00    0.06 ^ clkbuf_0_clk/A (sky130_fd_sc_hd__clkbuf_16)
                  0.11    0.21    0.27 ^ clkbuf_0_clk/X (sky130_fd_sc_hd__clkbuf_16)
    16    0.09                           clknet_0_clk (net)
                  0.11    0.00    0.27 ^ clkbuf_4_2_0_clk/A (sky130_fd_sc_hd__clkbuf_8)
                  0.08    0.18    0.46 ^ clkbuf_4_2_0_clk/X (sky130_fd_sc_hd__clkbuf_8)
    14    0.04                           clknet_4_2_0_clk (net)
                  0.08    0.00    0.46 ^ _1300_/CLK (sky130_fd_sc_hd__dfxtp_1)
                          0.25    0.71   clock uncertainty
                         -0.04    0.66   clock reconvergence pessimism
                         -0.02    0.64   library hold time
                                  0.64   data required time
-----------------------------------------------------------------------------
                                  0.64   data required time
                                 -0.93   data arrival time
-----------------------------------------------------------------------------
                                  0.29   slack (MET)


Startpoint: _1297_ (rising edge-triggered flip-flop clocked by clk)
Endpoint: _1297_ (rising edge-triggered flip-flop clocked by clk)
Path Group: clk
Path Type: min

Fanout     Cap    Slew   Delay    Time   Description
-----------------------------------------------------------------------------
                          0.00    0.00   clock clk (rise edge)
                          0.00    0.00   clock source latency
                  0.09    0.06    0.06 ^ clk (in)
     1    0.02                           clk (net)
                  0.09    0.00    0.06 ^ clkbuf_0_clk/A (sky130_fd_sc_hd__clkbuf_16)
                  0.11    0.19    0.25 ^ clkbuf_0_clk/X (sky130_fd_sc_hd__clkbuf_16)
    16    0.09                           clknet_0_clk (net)
                  0.11    0.00    0.25 ^ clkbuf_4_0_0_clk/A (sky130_fd_sc_hd__clkbuf_8)
                  0.06    0.16    0.40 ^ clkbuf_4_0_0_clk/X (sky130_fd_sc_hd__clkbuf_8)
    10    0.03                           clknet_4_0_0_clk (net)
                  0.06    0.00    0.40 ^ _1297_/CLK (sky130_fd_sc_hd__dfxtp_1)
                  0.09    0.32    0.73 ^ _1297_/Q (sky130_fd_sc_hd__dfxtp_1)
     2    0.01                           u_sram.mem[4][1] (net)
                  0.09    0.00    0.73 ^ _0648_/A1 (sky130_fd_sc_hd__mux2_1)
                  0.04    0.12    0.85 ^ _0648_/X (sky130_fd_sc_hd__mux2_1)
     1    0.00                           _0555_ (net)
                  0.04    0.00    0.85 ^ _0649_/A (sky130_fd_sc_hd__clkbuf_1)
                  0.04    0.07    0.92 ^ _0649_/X (sky130_fd_sc_hd__clkbuf_1)
     1    0.00                           _0131_ (net)
                  0.04    0.00    0.92 ^ _1297_/D (sky130_fd_sc_hd__dfxtp_1)
                                  0.92   data arrival time

                          0.00    0.00   clock clk (rise edge)
                          0.00    0.00   clock source latency
                  0.09    0.06    0.06 ^ clk (in)
     1    0.02                           clk (net)
                  0.09    0.00    0.06 ^ clkbuf_0_clk/A (sky130_fd_sc_hd__clkbuf_16)
                  0.11    0.21    0.27 ^ clkbuf_0_clk/X (sky130_fd_sc_hd__clkbuf_16)
    16    0.09                           clknet_0_clk (net)
                  0.11    0.00    0.27 ^ clkbuf_4_0_0_clk/A (sky130_fd_sc_hd__clkbuf_8)
                  0.06    0.17    0.44 ^ clkbuf_4_0_0_clk/X (sky130_fd_sc_hd__clkbuf_8)
    10    0.03                           clknet_4_0_0_clk (net)
                  0.06    0.00    0.44 ^ _1297_/CLK (sky130_fd_sc_hd__dfxtp_1)
                          0.25    0.69   clock uncertainty
                         -0.04    0.65   clock reconvergence pessimism
                         -0.03    0.62   library hold time
                                  0.62   data required time
-----------------------------------------------------------------------------
                                  0.62   data required time
                                 -0.92   data arrival time
-----------------------------------------------------------------------------
                                  0.29   slack (MET)


Startpoint: _1323_ (rising edge-triggered flip-flop clocked by clk)
Endpoint: _1323_ (rising edge-triggered flip-flop clocked by clk)
Path Group: clk
Path Type: min

Fanout     Cap    Slew   Delay    Time   Description
-----------------------------------------------------------------------------
                          0.00    0.00   clock clk (rise edge)
                          0.00    0.00   clock source latency
                  0.09    0.06    0.06 ^ clk (in)
     1    0.02                           clk (net)
                  0.09    0.00    0.06 ^ clkbuf_0_clk/A (sky130_fd_sc_hd__clkbuf_16)
                  0.11    0.19    0.25 ^ clkbuf_0_clk/X (sky130_fd_sc_hd__clkbuf_16)
    16    0.09                           clknet_0_clk (net)
                  0.11    0.00    0.25 ^ clkbuf_4_11_0_clk/A (sky130_fd_sc_hd__clkbuf_8)
                  0.07    0.16    0.41 ^ clkbuf_4_11_0_clk/X (sky130_fd_sc_hd__clkbuf_8)
    12    0.03                           clknet_4_11_0_clk (net)
                  0.07    0.00    0.41 ^ _1323_/CLK (sky130_fd_sc_hd__dfrtp_1)
                  0.07    0.33    0.74 ^ _1323_/Q (sky130_fd_sc_hd__dfrtp_1)
     2    0.01                           net4 (net)
                  0.07    0.00    0.74 ^ _0683_/A0 (sky130_fd_sc_hd__mux2_1)
                  0.04    0.11    0.85 ^ _0683_/X (sky130_fd_sc_hd__mux2_1)
     1    0.00                           _0575_ (net)
                  0.04    0.00    0.85 ^ _0684_/A (sky130_fd_sc_hd__clkbuf_1)
                  0.04    0.07    0.92 ^ _0684_/X (sky130_fd_sc_hd__clkbuf_1)
     1    0.00                           _0146_ (net)
                  0.04    0.00    0.92 ^ _1323_/D (sky130_fd_sc_hd__dfrtp_1)
                                  0.92   data arrival time

                          0.00    0.00   clock clk (rise edge)
                          0.00    0.00   clock source latency
                  0.09    0.06    0.06 ^ clk (in)
     1    0.02                           clk (net)
                  0.09    0.00    0.06 ^ clkbuf_0_clk/A (sky130_fd_sc_hd__clkbuf_16)
                  0.11    0.21    0.27 ^ clkbuf_0_clk/X (sky130_fd_sc_hd__clkbuf_16)
    16    0.09                           clknet_0_clk (net)
                  0.11    0.00    0.27 ^ clkbuf_4_11_0_clk/A (sky130_fd_sc_hd__clkbuf_8)
                  0.07    0.18    0.45 ^ clkbuf_4_11_0_clk/X (sky130_fd_sc_hd__clkbuf_8)
    12    0.03                           clknet_4_11_0_clk (net)
                  0.07    0.00    0.45 ^ _1323_/CLK (sky130_fd_sc_hd__dfrtp_1)
                          0.25    0.70   clock uncertainty
                         -0.04    0.66   clock reconvergence pessimism
                         -0.03    0.63   library hold time
                                  0.63   data required time
-----------------------------------------------------------------------------
                                  0.63   data required time
                                 -0.92   data arrival time
-----------------------------------------------------------------------------
                                  0.30   slack (MET)


Startpoint: _1318_ (rising edge-triggered flip-flop clocked by clk)
Endpoint: _1318_ (rising edge-triggered flip-flop clocked by clk)
Path Group: clk
Path Type: min

Fanout     Cap    Slew   Delay    Time   Description
-----------------------------------------------------------------------------
                          0.00    0.00   clock clk (rise edge)
                          0.00    0.00   clock source latency
                  0.09    0.06    0.06 ^ clk (in)
     1    0.02                           clk (net)
                  0.09    0.00    0.06 ^ clkbuf_0_clk/A (sky130_fd_sc_hd__clkbuf_16)
                  0.11    0.19    0.25 ^ clkbuf_0_clk/X (sky130_fd_sc_hd__clkbuf_16)
    16    0.09                           clknet_0_clk (net)
                  0.11    0.00    0.25 ^ clkbuf_4_10_0_clk/A (sky130_fd_sc_hd__clkbuf_8)
                  0.08    0.17    0.42 ^ clkbuf_4_10_0_clk/X (sky130_fd_sc_hd__clkbuf_8)
    15    0.04                           clknet_4_10_0_clk (net)
                  0.08    0.00    0.42 ^ _1318_/CLK (sky130_fd_sc_hd__dfrtp_1)
                  0.08    0.34    0.76 ^ _1318_/Q (sky130_fd_sc_hd__dfrtp_1)
     2    0.01                           u_pattern_gen.state_r[1] (net)
                  0.08    0.00    0.76 ^ _0675_/A1 (sky130_fd_sc_hd__mux2_1)
                  0.04    0.12    0.88 ^ _0675_/X (sky130_fd_sc_hd__mux2_1)
     1    0.00                           _0570_ (net)
                  0.04    0.00    0.88 ^ _0676_/A (sky130_fd_sc_hd__clkbuf_1)
                  0.04    0.07    0.96 ^ _0676_/X (sky130_fd_sc_hd__clkbuf_1)
     1    0.00                           _0143_ (net)
                  0.04    0.00    0.96 ^ _1318_/D (sky130_fd_sc_hd__dfrtp_1)
                                  0.96   data arrival time

                          0.00    0.00   clock clk (rise edge)
                          0.00    0.00   clock source latency
                  0.09    0.06    0.06 ^ clk (in)
     1    0.02                           clk (net)
                  0.09    0.00    0.06 ^ clkbuf_0_clk/A (sky130_fd_sc_hd__clkbuf_16)
                  0.11    0.21    0.27 ^ clkbuf_0_clk/X (sky130_fd_sc_hd__clkbuf_16)
    16    0.09                           clknet_0_clk (net)
                  0.11    0.00    0.27 ^ clkbuf_4_10_0_clk/A (sky130_fd_sc_hd__clkbuf_8)
                  0.08    0.19    0.46 ^ clkbuf_4_10_0_clk/X (sky130_fd_sc_hd__clkbuf_8)
    15    0.04                           clknet_4_10_0_clk (net)
                  0.08    0.00    0.46 ^ _1318_/CLK (sky130_fd_sc_hd__dfrtp_1)
                          0.25    0.71   clock uncertainty
                         -0.04    0.67   clock reconvergence pessimism
                         -0.03    0.64   library hold time
                                  0.64   data required time
-----------------------------------------------------------------------------
                                  0.64   data required time
                                 -0.96   data arrival time
-----------------------------------------------------------------------------
                                  0.32   slack (MET)


Startpoint: _1314_ (rising edge-triggered flip-flop clocked by clk)
Endpoint: _1316_ (rising edge-triggered flip-flop clocked by clk)
Path Group: clk
Path Type: min

Fanout     Cap    Slew   Delay    Time   Description
-----------------------------------------------------------------------------
                          0.00    0.00   clock clk (rise edge)
                          0.00    0.00   clock source latency
                  0.09    0.06    0.06 ^ clk (in)
     1    0.02                           clk (net)
                  0.09    0.00    0.06 ^ clkbuf_0_clk/A (sky130_fd_sc_hd__clkbuf_16)
                  0.11    0.19    0.25 ^ clkbuf_0_clk/X (sky130_fd_sc_hd__clkbuf_16)
    16    0.09                           clknet_0_clk (net)
                  0.11    0.00    0.25 ^ clkbuf_4_11_0_clk/A (sky130_fd_sc_hd__clkbuf_8)
                  0.07    0.16    0.41 ^ clkbuf_4_11_0_clk/X (sky130_fd_sc_hd__clkbuf_8)
    12    0.03                           clknet_4_11_0_clk (net)
                  0.07    0.00    0.41 ^ _1314_/CLK (sky130_fd_sc_hd__dfrtp_1)
                  0.07    0.37    0.78 v _1314_/Q (sky130_fd_sc_hd__dfrtp_1)
     3    0.01                           u_sram.re_r (net)
                  0.07    0.00    0.78 v _0853_/B1 (sky130_fd_sc_hd__o21a_1)
                  0.03    0.10    0.88 v _0853_/X (sky130_fd_sc_hd__o21a_1)
     1    0.00                           _0301_ (net)
                  0.03    0.00    0.88 v _0854_/B1 (sky130_fd_sc_hd__o31a_1)
                  0.03    0.09    0.98 v _0854_/X (sky130_fd_sc_hd__o31a_1)
     1    0.00                           _0004_ (net)
                  0.03    0.00    0.98 v _1316_/D (sky130_fd_sc_hd__dfrtp_1)
                                  0.98   data arrival time

                          0.00    0.00   clock clk (rise edge)
                          0.00    0.00   clock source latency
                  0.09    0.06    0.06 ^ clk (in)
     1    0.02                           clk (net)
                  0.09    0.00    0.06 ^ clkbuf_0_clk/A (sky130_fd_sc_hd__clkbuf_16)
                  0.11    0.21    0.27 ^ clkbuf_0_clk/X (sky130_fd_sc_hd__clkbuf_16)
    16    0.09                           clknet_0_clk (net)
                  0.11    0.00    0.27 ^ clkbuf_4_10_0_clk/A (sky130_fd_sc_hd__clkbuf_8)
                  0.08    0.19    0.46 ^ clkbuf_4_10_0_clk/X (sky130_fd_sc_hd__clkbuf_8)
    15    0.04                           clknet_4_10_0_clk (net)
                  0.08    0.00    0.46 ^ _1316_/CLK (sky130_fd_sc_hd__dfrtp_1)
                          0.25    0.71   clock uncertainty
                         -0.03    0.68   clock reconvergence pessimism
                         -0.03    0.65   library hold time
                                  0.65   data required time
-----------------------------------------------------------------------------
                                  0.65   data required time
                                 -0.98   data arrival time
-----------------------------------------------------------------------------
                                  0.32   slack (MET)


Startpoint: _1171_ (rising edge-triggered flip-flop clocked by clk)
Endpoint: _1171_ (rising edge-triggered flip-flop clocked by clk)
Path Group: clk
Path Type: min

Fanout     Cap    Slew   Delay    Time   Description
-----------------------------------------------------------------------------
                          0.00    0.00   clock clk (rise edge)
                          0.00    0.00   clock source latency
                  0.09    0.06    0.06 ^ clk (in)
     1    0.02                           clk (net)
                  0.09    0.00    0.06 ^ clkbuf_0_clk/A (sky130_fd_sc_hd__clkbuf_16)
                  0.11    0.19    0.25 ^ clkbuf_0_clk/X (sky130_fd_sc_hd__clkbuf_16)
    16    0.09                           clknet_0_clk (net)
                  0.11    0.00    0.25 ^ clkbuf_4_14_0_clk/A (sky130_fd_sc_hd__clkbuf_8)
                  0.06    0.15    0.40 ^ clkbuf_4_14_0_clk/X (sky130_fd_sc_hd__clkbuf_8)
     8    0.02                           clknet_4_14_0_clk (net)
                  0.06    0.00    0.40 ^ _1171_/CLK (sky130_fd_sc_hd__dfstp_1)
                  0.04    0.35    0.74 v _1171_/Q (sky130_fd_sc_hd__dfstp_1)
     3    0.01                           u_addr_gen.state[0] (net)
                  0.04    0.00    0.74 v _0860_/B (sky130_fd_sc_hd__and2_1)
                  0.03    0.14    0.88 v _0860_/X (sky130_fd_sc_hd__and2_1)
     1    0.00                           _0306_ (net)
                  0.03    0.00    0.88 v _0861_/A (sky130_fd_sc_hd__buf_1)
                  0.05    0.10    0.98 v _0861_/X (sky130_fd_sc_hd__buf_1)
     3    0.01                           _0000_ (net)
                  0.05    0.00    0.98 v _1171_/D (sky130_fd_sc_hd__dfstp_1)
                                  0.98   data arrival time

                          0.00    0.00   clock clk (rise edge)
                          0.00    0.00   clock source latency
                  0.09    0.06    0.06 ^ clk (in)
     1    0.02                           clk (net)
                  0.09    0.00    0.06 ^ clkbuf_0_clk/A (sky130_fd_sc_hd__clkbuf_16)
                  0.11    0.21    0.27 ^ clkbuf_0_clk/X (sky130_fd_sc_hd__clkbuf_16)
    16    0.09                           clknet_0_clk (net)
                  0.11    0.00    0.27 ^ clkbuf_4_14_0_clk/A (sky130_fd_sc_hd__clkbuf_8)
                  0.06    0.17    0.44 ^ clkbuf_4_14_0_clk/X (sky130_fd_sc_hd__clkbuf_8)
     8    0.02                           clknet_4_14_0_clk (net)
                  0.06    0.00    0.44 ^ _1171_/CLK (sky130_fd_sc_hd__dfstp_1)
                          0.25    0.69   clock uncertainty
                         -0.04    0.65   clock reconvergence pessimism
                         -0.01    0.63   library hold time
                                  0.63   data required time
-----------------------------------------------------------------------------
                                  0.63   data required time
                                 -0.98   data arrival time
-----------------------------------------------------------------------------
                                  0.34   slack (MET)


Startpoint: _1325_ (rising edge-triggered flip-flop clocked by clk)
Endpoint: _1317_ (rising edge-triggered flip-flop clocked by clk)
Path Group: clk
Path Type: min

Fanout     Cap    Slew   Delay    Time   Description
-----------------------------------------------------------------------------
                          0.00    0.00   clock clk (rise edge)
                          0.00    0.00   clock source latency
                  0.09    0.06    0.06 ^ clk (in)
     1    0.02                           clk (net)
                  0.09    0.00    0.06 ^ clkbuf_0_clk/A (sky130_fd_sc_hd__clkbuf_16)
                  0.11    0.19    0.25 ^ clkbuf_0_clk/X (sky130_fd_sc_hd__clkbuf_16)
    16    0.09                           clknet_0_clk (net)
                  0.11    0.00    0.25 ^ clkbuf_4_11_0_clk/A (sky130_fd_sc_hd__clkbuf_8)
                  0.07    0.16    0.41 ^ clkbuf_4_11_0_clk/X (sky130_fd_sc_hd__clkbuf_8)
    12    0.03                           clknet_4_11_0_clk (net)
                  0.07    0.00    0.41 ^ _1325_/CLK (sky130_fd_sc_hd__dfrtp_1)
                  0.13    0.38    0.78 ^ _1325_/Q (sky130_fd_sc_hd__dfrtp_1)
     5    0.01                           u_fsm.state[1] (net)
                  0.13    0.00    0.78 ^ _0700_/B (sky130_fd_sc_hd__or3b_2)
                  0.08    0.16    0.95 ^ _0700_/X (sky130_fd_sc_hd__or3b_2)
     3    0.01                           _0155_ (net)
                  0.08    0.00    0.95 ^ _0674_/B (sky130_fd_sc_hd__xnor2_1)
                  0.03    0.06    1.01 v _0674_/Y (sky130_fd_sc_hd__xnor2_1)
     1    0.00                           _0142_ (net)
                  0.03    0.00    1.01 v _1317_/D (sky130_fd_sc_hd__dfrtp_1)
                                  1.01   data arrival time

                          0.00    0.00   clock clk (rise edge)
                          0.00    0.00   clock source latency
                  0.09    0.06    0.06 ^ clk (in)
     1    0.02                           clk (net)
                  0.09    0.00    0.06 ^ clkbuf_0_clk/A (sky130_fd_sc_hd__clkbuf_16)
                  0.11    0.21    0.27 ^ clkbuf_0_clk/X (sky130_fd_sc_hd__clkbuf_16)
    16    0.09                           clknet_0_clk (net)
                  0.11    0.00    0.27 ^ clkbuf_4_10_0_clk/A (sky130_fd_sc_hd__clkbuf_8)
                  0.08    0.19    0.46 ^ clkbuf_4_10_0_clk/X (sky130_fd_sc_hd__clkbuf_8)
    15    0.04                           clknet_4_10_0_clk (net)
                  0.08    0.00    0.46 ^ _1317_/CLK (sky130_fd_sc_hd__dfrtp_1)
                          0.25    0.71   clock uncertainty
                         -0.03    0.68   clock reconvergence pessimism
                         -0.03    0.65   library hold time
                                  0.65   data required time
-----------------------------------------------------------------------------
                                  0.65   data required time
                                 -1.01   data arrival time
-----------------------------------------------------------------------------
                                  0.36   slack (MET)


Startpoint: _1319_ (rising edge-triggered flip-flop clocked by clk)
Endpoint: _1321_ (rising edge-triggered flip-flop clocked by clk)
Path Group: clk
Path Type: min

Fanout     Cap    Slew   Delay    Time   Description
-----------------------------------------------------------------------------
                          0.00    0.00   clock clk (rise edge)
                          0.00    0.00   clock source latency
                  0.09    0.06    0.06 ^ clk (in)
     1    0.02                           clk (net)
                  0.09    0.00    0.06 ^ clkbuf_0_clk/A (sky130_fd_sc_hd__clkbuf_16)
                  0.11    0.19    0.25 ^ clkbuf_0_clk/X (sky130_fd_sc_hd__clkbuf_16)
    16    0.09                           clknet_0_clk (net)
                  0.11    0.00    0.25 ^ clkbuf_4_11_0_clk/A (sky130_fd_sc_hd__clkbuf_8)
                  0.07    0.16    0.41 ^ clkbuf_4_11_0_clk/X (sky130_fd_sc_hd__clkbuf_8)
    12    0.03                           clknet_4_11_0_clk (net)
                  0.07    0.00    0.41 ^ _1319_/CLK (sky130_fd_sc_hd__dfrtp_1)
                  0.09    0.34    0.75 ^ _1319_/Q (sky130_fd_sc_hd__dfrtp_1)
     3    0.01                           u_fsm.rvalid (net)
                  0.09    0.00    0.75 ^ _0710_/B (sky130_fd_sc_hd__and3_1)
                  0.05    0.15    0.90 ^ _0710_/X (sky130_fd_sc_hd__and3_1)
     1    0.00                           _0161_ (net)
                  0.05    0.00    0.90 ^ _0711_/A (sky130_fd_sc_hd__clkbuf_1)
                  0.08    0.10    1.00 ^ _0711_/X (sky130_fd_sc_hd__clkbuf_1)
     2    0.01                           u_comparator.enable (net)
                  0.08    0.00    1.00 ^ _1321_/D (sky130_fd_sc_hd__dfrtp_1)
                                  1.00   data arrival time

                          0.00    0.00   clock clk (rise edge)
                          0.00    0.00   clock source latency
                  0.09    0.06    0.06 ^ clk (in)
     1    0.02                           clk (net)
                  0.09    0.00    0.06 ^ clkbuf_0_clk/A (sky130_fd_sc_hd__clkbuf_16)
                  0.11    0.21    0.27 ^ clkbuf_0_clk/X (sky130_fd_sc_hd__clkbuf_16)
    16    0.09                           clknet_0_clk (net)
                  0.11    0.00    0.27 ^ clkbuf_4_10_0_clk/A (sky130_fd_sc_hd__clkbuf_8)
                  0.08    0.19    0.46 ^ clkbuf_4_10_0_clk/X (sky130_fd_sc_hd__clkbuf_8)
    15    0.04                           clknet_4_10_0_clk (net)
                  0.08    0.00    0.46 ^ _1321_/CLK (sky130_fd_sc_hd__dfrtp_1)
                          0.25    0.71   clock uncertainty
                         -0.03    0.68   clock reconvergence pessimism
                         -0.04    0.65   library hold time
                                  0.65   data required time
-----------------------------------------------------------------------------
                                  0.65   data required time
                                 -1.00   data arrival time
-----------------------------------------------------------------------------
                                  0.36   slack (MET)


Startpoint: _1178_ (rising edge-triggered flip-flop clocked by clk)
Endpoint: _1178_ (rising edge-triggered flip-flop clocked by clk)
Path Group: clk
Path Type: min

Fanout     Cap    Slew   Delay    Time   Description
-----------------------------------------------------------------------------
                          0.00    0.00   clock clk (rise edge)
                          0.00    0.00   clock source latency
                  0.09    0.06    0.06 ^ clk (in)
     1    0.02                           clk (net)
                  0.09    0.00    0.06 ^ clkbuf_0_clk/A (sky130_fd_sc_hd__clkbuf_16)
                  0.11    0.19    0.25 ^ clkbuf_0_clk/X (sky130_fd_sc_hd__clkbuf_16)
    16    0.09                           clknet_0_clk (net)
                  0.11    0.00    0.25 ^ clkbuf_4_15_0_clk/A (sky130_fd_sc_hd__clkbuf_8)
                  0.05    0.14    0.39 ^ clkbuf_4_15_0_clk/X (sky130_fd_sc_hd__clkbuf_8)
     6    0.02                           clknet_4_15_0_clk (net)
                  0.05    0.00    0.39 ^ _1178_/CLK (sky130_fd_sc_hd__dfrtp_4)
                  0.13    0.45    0.84 ^ _1178_/Q (sky130_fd_sc_hd__dfrtp_4)
     9    0.04                           u_addr_gen.addr[5] (net)
                  0.13    0.00    0.84 ^ _0904_/B2 (sky130_fd_sc_hd__a2bb2o_1)
                  0.04    0.13    0.97 ^ _0904_/X (sky130_fd_sc_hd__a2bb2o_1)
     1    0.00                           _0013_ (net)
                  0.04    0.00    0.97 ^ _1178_/D (sky130_fd_sc_hd__dfrtp_4)
                                  0.97   data arrival time

                          0.00    0.00   clock clk (rise edge)
                          0.00    0.00   clock source latency
                  0.09    0.06    0.06 ^ clk (in)
     1    0.02                           clk (net)
                  0.09    0.00    0.06 ^ clkbuf_0_clk/A (sky130_fd_sc_hd__clkbuf_16)
                  0.11    0.21    0.27 ^ clkbuf_0_clk/X (sky130_fd_sc_hd__clkbuf_16)
    16    0.09                           clknet_0_clk (net)
                  0.11    0.00    0.27 ^ clkbuf_4_15_0_clk/A (sky130_fd_sc_hd__clkbuf_8)
                  0.05    0.16    0.43 ^ clkbuf_4_15_0_clk/X (sky130_fd_sc_hd__clkbuf_8)
     6    0.02                           clknet_4_15_0_clk (net)
                  0.05    0.00    0.43 ^ _1178_/CLK (sky130_fd_sc_hd__dfrtp_4)
                          0.25    0.68   clock uncertainty
                         -0.04    0.64   clock reconvergence pessimism
                         -0.03    0.61   library hold time
                                  0.61   data required time
-----------------------------------------------------------------------------
                                  0.61   data required time
                                 -0.97   data arrival time
-----------------------------------------------------------------------------
                                  0.36   slack (MET)


Startpoint: _1180_ (rising edge-triggered flip-flop clocked by clk)
Endpoint: _1329_ (rising edge-triggered flip-flop clocked by clk)
Path Group: clk
Path Type: min

Fanout     Cap    Slew   Delay    Time   Description
-----------------------------------------------------------------------------
                          0.00    0.00   clock clk (rise edge)
                          0.00    0.00   clock source latency
                  0.09    0.06    0.06 ^ clk (in)
     1    0.02                           clk (net)
                  0.09    0.00    0.06 ^ clkbuf_0_clk/A (sky130_fd_sc_hd__clkbuf_16)
                  0.11    0.19    0.25 ^ clkbuf_0_clk/X (sky130_fd_sc_hd__clkbuf_16)
    16    0.09                           clknet_0_clk (net)
                  0.11    0.00    0.25 ^ clkbuf_4_11_0_clk/A (sky130_fd_sc_hd__clkbuf_8)
                  0.07    0.16    0.41 ^ clkbuf_4_11_0_clk/X (sky130_fd_sc_hd__clkbuf_8)
    12    0.03                           clknet_4_11_0_clk (net)
                  0.07    0.00    0.41 ^ _1180_/CLK (sky130_fd_sc_hd__dfrtp_1)
                  0.08    0.34    0.75 ^ _1180_/Q (sky130_fd_sc_hd__dfrtp_1)
     2    0.01                           u_fsm.addr_done_seen (net)
                  0.08    0.00    0.75 ^ _0696_/A1 (sky130_fd_sc_hd__a21o_1)
                  0.03    0.10    0.85 ^ _0696_/X (sky130_fd_sc_hd__a21o_1)
     1    0.00                           _0153_ (net)
                  0.03    0.00    0.85 ^ _0697_/A (sky130_fd_sc_hd__dlymetal6s2s_1)
                  0.18    0.17    1.02 ^ _0697_/X (sky130_fd_sc_hd__dlymetal6s2s_1)
     5    0.02                           _0003_ (net)
                  0.18    0.00    1.02 ^ _1329_/D (sky130_fd_sc_hd__dfrtp_1)
                                  1.02   data arrival time

                          0.00    0.00   clock clk (rise edge)
                          0.00    0.00   clock source latency
                  0.09    0.06    0.06 ^ clk (in)
     1    0.02                           clk (net)
                  0.09    0.00    0.06 ^ clkbuf_0_clk/A (sky130_fd_sc_hd__clkbuf_16)
                  0.11    0.21    0.27 ^ clkbuf_0_clk/X (sky130_fd_sc_hd__clkbuf_16)
    16    0.09                           clknet_0_clk (net)
                  0.11    0.00    0.27 ^ clkbuf_4_10_0_clk/A (sky130_fd_sc_hd__clkbuf_8)
                  0.08    0.19    0.46 ^ clkbuf_4_10_0_clk/X (sky130_fd_sc_hd__clkbuf_8)
    15    0.04                           clknet_4_10_0_clk (net)
                  0.08    0.00    0.46 ^ _1329_/CLK (sky130_fd_sc_hd__dfrtp_1)
                          0.25    0.71   clock uncertainty
                         -0.03    0.68   clock reconvergence pessimism
                         -0.06    0.63   library hold time
                                  0.63   data required time
-----------------------------------------------------------------------------
                                  0.63   data required time
                                 -1.02   data arrival time
-----------------------------------------------------------------------------
                                  0.39   slack (MET)


Startpoint: _1315_ (rising edge-triggered flip-flop clocked by clk)
Endpoint: _1328_ (rising edge-triggered flip-flop clocked by clk)
Path Group: clk
Path Type: min

Fanout     Cap    Slew   Delay    Time   Description
-----------------------------------------------------------------------------
                          0.00    0.00   clock clk (rise edge)
                          0.00    0.00   clock source latency
                  0.09    0.06    0.06 ^ clk (in)
     1    0.02                           clk (net)
                  0.09    0.00    0.06 ^ clkbuf_0_clk/A (sky130_fd_sc_hd__clkbuf_16)
                  0.11    0.19    0.25 ^ clkbuf_0_clk/X (sky130_fd_sc_hd__clkbuf_16)
    16    0.09                           clknet_0_clk (net)
                  0.11    0.00    0.25 ^ clkbuf_4_11_0_clk/A (sky130_fd_sc_hd__clkbuf_8)
                  0.07    0.16    0.41 ^ clkbuf_4_11_0_clk/X (sky130_fd_sc_hd__clkbuf_8)
    12    0.03                           clknet_4_11_0_clk (net)
                  0.07    0.00    0.41 ^ _1315_/CLK (sky130_fd_sc_hd__dfrtp_1)
                  0.06    0.32    0.73 ^ _1315_/Q (sky130_fd_sc_hd__dfrtp_1)
     1    0.01                           u_comparator.read_data[1] (net)
                  0.06    0.00    0.73 ^ _0685_/A (sky130_fd_sc_hd__inv_2)
                  0.02    0.03    0.76 v _0685_/Y (sky130_fd_sc_hd__inv_2)
     2    0.01                           _0576_ (net)
                  0.02    0.00    0.76 v _0688_/A1 (sky130_fd_sc_hd__a21oi_1)
                  0.09    0.10    0.87 ^ _0688_/Y (sky130_fd_sc_hd__a21oi_1)
     1    0.00                           _0579_ (net)
                  0.09    0.00    0.87 ^ _0689_/A1 (sky130_fd_sc_hd__mux2_1)
                  0.04    0.12    0.99 ^ _0689_/X (sky130_fd_sc_hd__mux2_1)
     1    0.00                           _0580_ (net)
                  0.04    0.00    0.99 ^ _0690_/A (sky130_fd_sc_hd__clkbuf_1)
                  0.04    0.07    1.06 ^ _0690_/X (sky130_fd_sc_hd__clkbuf_1)
     1    0.00                           _0147_ (net)
                  0.04    0.00    1.06 ^ _1328_/D (sky130_fd_sc_hd__dfstp_1)
                                  1.06   data arrival time

                          0.00    0.00   clock clk (rise edge)
                          0.00    0.00   clock source latency
                  0.09    0.06    0.06 ^ clk (in)
     1    0.02                           clk (net)
                  0.09    0.00    0.06 ^ clkbuf_0_clk/A (sky130_fd_sc_hd__clkbuf_16)
                  0.11    0.21    0.27 ^ clkbuf_0_clk/X (sky130_fd_sc_hd__clkbuf_16)
    16    0.09                           clknet_0_clk (net)
                  0.11    0.00    0.27 ^ clkbuf_4_10_0_clk/A (sky130_fd_sc_hd__clkbuf_8)
                  0.08    0.19    0.46 ^ clkbuf_4_10_0_clk/X (sky130_fd_sc_hd__clkbuf_8)
    15    0.04                           clknet_4_10_0_clk (net)
                  0.08    0.00    0.46 ^ _1328_/CLK (sky130_fd_sc_hd__dfstp_1)
                          0.25    0.71   clock uncertainty
                         -0.03    0.68   clock reconvergence pessimism
                         -0.03    0.65   library hold time
                                  0.65   data required time
-----------------------------------------------------------------------------
                                  0.65   data required time
                                 -1.06   data arrival time
-----------------------------------------------------------------------------
                                  0.41   slack (MET)


Startpoint: _1172_ (rising edge-triggered flip-flop clocked by clk)
Endpoint: _1173_ (rising edge-triggered flip-flop clocked by clk)
Path Group: clk
Path Type: min

Fanout     Cap    Slew   Delay    Time   Description
-----------------------------------------------------------------------------
                          0.00    0.00   clock clk (rise edge)
                          0.00    0.00   clock source latency
                  0.09    0.06    0.06 ^ clk (in)
     1    0.02                           clk (net)
                  0.09    0.00    0.06 ^ clkbuf_0_clk/A (sky130_fd_sc_hd__clkbuf_16)
                  0.11    0.19    0.25 ^ clkbuf_0_clk/X (sky130_fd_sc_hd__clkbuf_16)
    16    0.09                           clknet_0_clk (net)
                  0.11    0.00    0.25 ^ clkbuf_4_14_0_clk/A (sky130_fd_sc_hd__clkbuf_8)
                  0.06    0.15    0.40 ^ clkbuf_4_14_0_clk/X (sky130_fd_sc_hd__clkbuf_8)
     8    0.02                           clknet_4_14_0_clk (net)
                  0.06    0.00    0.40 ^ _1172_/CLK (sky130_fd_sc_hd__dfrtp_1)
                  0.07    0.38    0.77 v _1172_/Q (sky130_fd_sc_hd__dfrtp_1)
     5    0.01                           u_addr_gen.state[1] (net)
                  0.07    0.00    0.77 v _0879_/A (sky130_fd_sc_hd__nand2_1)
                  0.11    0.11    0.88 ^ _0879_/Y (sky130_fd_sc_hd__nand2_1)
     3    0.01                           _0322_ (net)
                  0.11    0.00    0.88 ^ _0884_/A2 (sky130_fd_sc_hd__o21ai_1)
                  0.05    0.07    0.96 v _0884_/Y (sky130_fd_sc_hd__o21ai_1)
     2    0.00                           _0327_ (net)
                  0.05    0.00    0.96 v _0885_/B1 (sky130_fd_sc_hd__o21a_1)
                  0.03    0.09    1.05 v _0885_/X (sky130_fd_sc_hd__o21a_1)
     1    0.00                           _0008_ (net)
                  0.03    0.00    1.05 v _1173_/D (sky130_fd_sc_hd__dfrtp_1)
                                  1.05   data arrival time

                          0.00    0.00   clock clk (rise edge)
                          0.00    0.00   clock source latency
                  0.09    0.06    0.06 ^ clk (in)
     1    0.02                           clk (net)
                  0.09    0.00    0.06 ^ clkbuf_0_clk/A (sky130_fd_sc_hd__clkbuf_16)
                  0.11    0.21    0.27 ^ clkbuf_0_clk/X (sky130_fd_sc_hd__clkbuf_16)
    16    0.09                           clknet_0_clk (net)
                  0.11    0.00    0.27 ^ clkbuf_4_13_0_clk/A (sky130_fd_sc_hd__clkbuf_8)
                  0.06    0.17    0.44 ^ clkbuf_4_13_0_clk/X (sky130_fd_sc_hd__clkbuf_8)
     9    0.02                           clknet_4_13_0_clk (net)
                  0.06    0.00    0.44 ^ _1173_/CLK (sky130_fd_sc_hd__dfrtp_1)
                          0.25    0.69   clock uncertainty
                         -0.03    0.66   clock reconvergence pessimism
                         -0.04    0.63   library hold time
                                  0.63   data required time
-----------------------------------------------------------------------------
                                  0.63   data required time
                                 -1.05   data arrival time
-----------------------------------------------------------------------------
                                  0.42   slack (MET)


Startpoint: _1174_ (rising edge-triggered flip-flop clocked by clk)
Endpoint: _1174_ (rising edge-triggered flip-flop clocked by clk)
Path Group: clk
Path Type: min

Fanout     Cap    Slew   Delay    Time   Description
-----------------------------------------------------------------------------
                          0.00    0.00   clock clk (rise edge)
                          0.00    0.00   clock source latency
                  0.09    0.06    0.06 ^ clk (in)
     1    0.02                           clk (net)
                  0.09    0.00    0.06 ^ clkbuf_0_clk/A (sky130_fd_sc_hd__clkbuf_16)
                  0.11    0.19    0.25 ^ clkbuf_0_clk/X (sky130_fd_sc_hd__clkbuf_16)
    16    0.09                           clknet_0_clk (net)
                  0.11    0.00    0.25 ^ clkbuf_4_13_0_clk/A (sky130_fd_sc_hd__clkbuf_8)
                  0.06    0.15    0.40 ^ clkbuf_4_13_0_clk/X (sky130_fd_sc_hd__clkbuf_8)
     9    0.02                           clknet_4_13_0_clk (net)
                  0.06    0.00    0.40 ^ _1174_/CLK (sky130_fd_sc_hd__dfrtp_1)
                  0.08    0.33    0.73 ^ _1174_/Q (sky130_fd_sc_hd__dfrtp_1)
     3    0.01                           u_addr_gen.addr[1] (net)
                  0.08    0.00    0.73 ^ _0866_/A (sky130_fd_sc_hd__clkbuf_2)
                  0.13    0.17    0.90 ^ _0866_/X (sky130_fd_sc_hd__clkbuf_2)
    10    0.02                           _0311_ (net)
                  0.13    0.00    0.90 ^ _0889_/B1 (sky130_fd_sc_hd__a2bb2o_1)
                  0.04    0.14    1.04 ^ _0889_/X (sky130_fd_sc_hd__a2bb2o_1)
     1    0.00                           _0009_ (net)
                  0.04    0.00    1.04 ^ _1174_/D (sky130_fd_sc_hd__dfrtp_1)
                                  1.04   data arrival time

                          0.00    0.00   clock clk (rise edge)
                          0.00    0.00   clock source latency
                  0.09    0.06    0.06 ^ clk (in)
     1    0.02                           clk (net)
                  0.09    0.00    0.06 ^ clkbuf_0_clk/A (sky130_fd_sc_hd__clkbuf_16)
                  0.11    0.21    0.27 ^ clkbuf_0_clk/X (sky130_fd_sc_hd__clkbuf_16)
    16    0.09                           clknet_0_clk (net)
                  0.11    0.00    0.27 ^ clkbuf_4_13_0_clk/A (sky130_fd_sc_hd__clkbuf_8)
                  0.06    0.17    0.44 ^ clkbuf_4_13_0_clk/X (sky130_fd_sc_hd__clkbuf_8)
     9    0.02                           clknet_4_13_0_clk (net)
                  0.06    0.00    0.44 ^ _1174_/CLK (sky130_fd_sc_hd__dfrtp_1)
                          0.25    0.69   clock uncertainty
                         -0.04    0.65   clock reconvergence pessimism
                         -0.03    0.62   library hold time
                                  0.62   data required time
-----------------------------------------------------------------------------
                                  0.62   data required time
                                 -1.04   data arrival time
-----------------------------------------------------------------------------
                                  0.42   slack (MET)


Startpoint: _1326_ (rising edge-triggered flip-flop clocked by clk)
Endpoint: _1327_ (rising edge-triggered flip-flop clocked by clk)
Path Group: clk
Path Type: min

Fanout     Cap    Slew   Delay    Time   Description
-----------------------------------------------------------------------------
                          0.00    0.00   clock clk (rise edge)
                          0.00    0.00   clock source latency
                  0.09    0.06    0.06 ^ clk (in)
     1    0.02                           clk (net)
                  0.09    0.00    0.06 ^ clkbuf_0_clk/A (sky130_fd_sc_hd__clkbuf_16)
                  0.11    0.19    0.25 ^ clkbuf_0_clk/X (sky130_fd_sc_hd__clkbuf_16)
    16    0.09                           clknet_0_clk (net)
                  0.11    0.00    0.25 ^ clkbuf_4_11_0_clk/A (sky130_fd_sc_hd__clkbuf_8)
                  0.07    0.16    0.41 ^ clkbuf_4_11_0_clk/X (sky130_fd_sc_hd__clkbuf_8)
    12    0.03                           clknet_4_11_0_clk (net)
                  0.07    0.00    0.41 ^ _1326_/CLK (sky130_fd_sc_hd__dfrtp_2)
                  0.12    0.40    0.80 ^ _1326_/Q (sky130_fd_sc_hd__dfrtp_2)
    10    0.02                           u_fsm.state[2] (net)
                  0.12    0.00    0.80 ^ _0705_/A_N (sky130_fd_sc_hd__and3b_1)
                  0.03    0.18    0.98 v _0705_/X (sky130_fd_sc_hd__and3b_1)
     1    0.00                           _0158_ (net)
                  0.03    0.00    0.98 v _0706_/A (sky130_fd_sc_hd__buf_1)
                  0.07    0.11    1.09 v _0706_/X (sky130_fd_sc_hd__buf_1)
     3    0.01                           _0002_ (net)
                  0.07    0.00    1.09 v _1327_/D (sky130_fd_sc_hd__dfrtp_1)
                                  1.09   data arrival time

                          0.00    0.00   clock clk (rise edge)
                          0.00    0.00   clock source latency
                  0.09    0.06    0.06 ^ clk (in)
     1    0.02                           clk (net)
                  0.09    0.00    0.06 ^ clkbuf_0_clk/A (sky130_fd_sc_hd__clkbuf_16)
                  0.11    0.21    0.27 ^ clkbuf_0_clk/X (sky130_fd_sc_hd__clkbuf_16)
    16    0.09                           clknet_0_clk (net)
                  0.11    0.00    0.27 ^ clkbuf_4_14_0_clk/A (sky130_fd_sc_hd__clkbuf_8)
                  0.06    0.17    0.44 ^ clkbuf_4_14_0_clk/X (sky130_fd_sc_hd__clkbuf_8)
     8    0.02                           clknet_4_14_0_clk (net)
                  0.06    0.00    0.44 ^ _1327_/CLK (sky130_fd_sc_hd__dfrtp_1)
                          0.25    0.69   clock uncertainty
                         -0.03    0.66   clock reconvergence pessimism
                         -0.05    0.61   library hold time
                                  0.61   data required time
-----------------------------------------------------------------------------
                                  0.61   data required time
                                 -1.09   data arrival time
-----------------------------------------------------------------------------
                                  0.48   slack (MET)


Startpoint: _1176_ (rising edge-triggered flip-flop clocked by clk)
Endpoint: _1176_ (rising edge-triggered flip-flop clocked by clk)
Path Group: clk
Path Type: min

Fanout     Cap    Slew   Delay    Time   Description
-----------------------------------------------------------------------------
                          0.00    0.00   clock clk (rise edge)
                          0.00    0.00   clock source latency
                  0.09    0.06    0.06 ^ clk (in)
     1    0.02                           clk (net)
                  0.09    0.00    0.06 ^ clkbuf_0_clk/A (sky130_fd_sc_hd__clkbuf_16)
                  0.11    0.19    0.25 ^ clkbuf_0_clk/X (sky130_fd_sc_hd__clkbuf_16)
    16    0.09                           clknet_0_clk (net)
                  0.11    0.00    0.25 ^ clkbuf_4_12_0_clk/A (sky130_fd_sc_hd__clkbuf_8)
                  0.06    0.15    0.40 ^ clkbuf_4_12_0_clk/X (sky130_fd_sc_hd__clkbuf_8)
     7    0.02                           clknet_4_12_0_clk (net)
                  0.06    0.00    0.40 ^ _1176_/CLK (sky130_fd_sc_hd__dfrtp_2)
                  0.11    0.38    0.78 ^ _1176_/Q (sky130_fd_sc_hd__dfrtp_2)
     8    0.02                           u_addr_gen.addr[3] (net)
                  0.11    0.00    0.78 ^ _0864_/A (sky130_fd_sc_hd__clkbuf_2)
                  0.13    0.18    0.96 ^ _0864_/X (sky130_fd_sc_hd__clkbuf_2)
    10    0.02                           _0309_ (net)
                  0.13    0.00    0.96 ^ _0898_/B2 (sky130_fd_sc_hd__a2bb2o_1)
                  0.04    0.14    1.10 ^ _0898_/X (sky130_fd_sc_hd__a2bb2o_1)
     1    0.00                           _0011_ (net)
                  0.04    0.00    1.10 ^ _1176_/D (sky130_fd_sc_hd__dfrtp_2)
                                  1.10   data arrival time

                          0.00    0.00   clock clk (rise edge)
                          0.00    0.00   clock source latency
                  0.09    0.06    0.06 ^ clk (in)
     1    0.02                           clk (net)
                  0.09    0.00    0.06 ^ clkbuf_0_clk/A (sky130_fd_sc_hd__clkbuf_16)
                  0.11    0.21    0.27 ^ clkbuf_0_clk/X (sky130_fd_sc_hd__clkbuf_16)
    16    0.09                           clknet_0_clk (net)
                  0.11    0.00    0.27 ^ clkbuf_4_12_0_clk/A (sky130_fd_sc_hd__clkbuf_8)
                  0.06    0.17    0.44 ^ clkbuf_4_12_0_clk/X (sky130_fd_sc_hd__clkbuf_8)
     7    0.02                           clknet_4_12_0_clk (net)
                  0.06    0.00    0.44 ^ _1176_/CLK (sky130_fd_sc_hd__dfrtp_2)
                          0.25    0.69   clock uncertainty
                         -0.04    0.65   clock reconvergence pessimism
                         -0.03    0.61   library hold time
                                  0.61   data required time
-----------------------------------------------------------------------------
                                  0.61   data required time
                                 -1.10   data arrival time
-----------------------------------------------------------------------------
                                  0.48   slack (MET)


Startpoint: _1177_ (rising edge-triggered flip-flop clocked by clk)
Endpoint: _1177_ (rising edge-triggered flip-flop clocked by clk)
Path Group: clk
Path Type: min

Fanout     Cap    Slew   Delay    Time   Description
-----------------------------------------------------------------------------
                          0.00    0.00   clock clk (rise edge)
                          0.00    0.00   clock source latency
                  0.09    0.06    0.06 ^ clk (in)
     1    0.02                           clk (net)
                  0.09    0.00    0.06 ^ clkbuf_0_clk/A (sky130_fd_sc_hd__clkbuf_16)
                  0.11    0.19    0.25 ^ clkbuf_0_clk/X (sky130_fd_sc_hd__clkbuf_16)
    16    0.09                           clknet_0_clk (net)
                  0.11    0.00    0.25 ^ clkbuf_4_15_0_clk/A (sky130_fd_sc_hd__clkbuf_8)
                  0.05    0.14    0.39 ^ clkbuf_4_15_0_clk/X (sky130_fd_sc_hd__clkbuf_8)
     6    0.02                           clknet_4_15_0_clk (net)
                  0.05    0.00    0.39 ^ _1177_/CLK (sky130_fd_sc_hd__dfrtp_4)
                  0.12    0.44    0.83 ^ _1177_/Q (sky130_fd_sc_hd__dfrtp_4)
     8    0.03                           u_addr_gen.addr[4] (net)
                  0.12    0.00    0.83 ^ _0900_/B1 (sky130_fd_sc_hd__a21o_1)
                  0.03    0.09    0.92 ^ _0900_/X (sky130_fd_sc_hd__a21o_1)
     1    0.00                           _0339_ (net)
                  0.03    0.00    0.92 ^ _0901_/B (sky130_fd_sc_hd__and2_1)
                  0.05    0.11    1.03 ^ _0901_/X (sky130_fd_sc_hd__and2_1)
     1    0.00                           _0340_ (net)
                  0.05    0.00    1.03 ^ _0902_/A (sky130_fd_sc_hd__clkbuf_1)
                  0.04    0.08    1.10 ^ _0902_/X (sky130_fd_sc_hd__clkbuf_1)
     1    0.00                           _0012_ (net)
                  0.04    0.00    1.10 ^ _1177_/D (sky130_fd_sc_hd__dfrtp_4)
                                  1.10   data arrival time

                          0.00    0.00   clock clk (rise edge)
                          0.00    0.00   clock source latency
                  0.09    0.06    0.06 ^ clk (in)
     1    0.02                           clk (net)
                  0.09    0.00    0.06 ^ clkbuf_0_clk/A (sky130_fd_sc_hd__clkbuf_16)
                  0.11    0.21    0.27 ^ clkbuf_0_clk/X (sky130_fd_sc_hd__clkbuf_16)
    16    0.09                           clknet_0_clk (net)
                  0.11    0.00    0.27 ^ clkbuf_4_15_0_clk/A (sky130_fd_sc_hd__clkbuf_8)
                  0.05    0.16    0.43 ^ clkbuf_4_15_0_clk/X (sky130_fd_sc_hd__clkbuf_8)
     6    0.02                           clknet_4_15_0_clk (net)
                  0.05    0.00    0.43 ^ _1177_/CLK (sky130_fd_sc_hd__dfrtp_4)
                          0.25    0.68   clock uncertainty
                         -0.04    0.64   clock reconvergence pessimism
                         -0.03    0.60   library hold time
                                  0.60   data required time
-----------------------------------------------------------------------------
                                  0.60   data required time
                                 -1.10   data arrival time
-----------------------------------------------------------------------------
                                  0.50   slack (MET)


Startpoint: _1172_ (rising edge-triggered flip-flop clocked by clk)
Endpoint: _1175_ (rising edge-triggered flip-flop clocked by clk)
Path Group: clk
Path Type: min

Fanout     Cap    Slew   Delay    Time   Description
-----------------------------------------------------------------------------
                          0.00    0.00   clock clk (rise edge)
                          0.00    0.00   clock source latency
                  0.09    0.06    0.06 ^ clk (in)
     1    0.02                           clk (net)
                  0.09    0.00    0.06 ^ clkbuf_0_clk/A (sky130_fd_sc_hd__clkbuf_16)
                  0.11    0.19    0.25 ^ clkbuf_0_clk/X (sky130_fd_sc_hd__clkbuf_16)
    16    0.09                           clknet_0_clk (net)
                  0.11    0.00    0.25 ^ clkbuf_4_14_0_clk/A (sky130_fd_sc_hd__clkbuf_8)
                  0.06    0.15    0.40 ^ clkbuf_4_14_0_clk/X (sky130_fd_sc_hd__clkbuf_8)
     8    0.02                           clknet_4_14_0_clk (net)
                  0.06    0.00    0.40 ^ _1172_/CLK (sky130_fd_sc_hd__dfrtp_1)
                  0.07    0.38    0.77 v _1172_/Q (sky130_fd_sc_hd__dfrtp_1)
     5    0.01                           u_addr_gen.state[1] (net)
                  0.07    0.00    0.77 v _0879_/A (sky130_fd_sc_hd__nand2_1)
                  0.11    0.11    0.88 ^ _0879_/Y (sky130_fd_sc_hd__nand2_1)
     3    0.01                           _0322_ (net)
                  0.11    0.00    0.88 ^ _0890_/A2 (sky130_fd_sc_hd__o21ai_1)
                  0.05    0.07    0.95 v _0890_/Y (sky130_fd_sc_hd__o21ai_1)
     2    0.00                           _0331_ (net)
                  0.05    0.00    0.95 v _0893_/A (sky130_fd_sc_hd__and2_1)
                  0.03    0.13    1.08 v _0893_/X (sky130_fd_sc_hd__and2_1)
     1    0.00                           _0334_ (net)
                  0.03    0.00    1.08 v _0894_/A (sky130_fd_sc_hd__clkbuf_1)
                  0.02    0.08    1.16 v _0894_/X (sky130_fd_sc_hd__clkbuf_1)
     1    0.00                           _0010_ (net)
                  0.02    0.00    1.16 v _1175_/D (sky130_fd_sc_hd__dfrtp_2)
                                  1.16   data arrival time

                          0.00    0.00   clock clk (rise edge)
                          0.00    0.00   clock source latency
                  0.09    0.06    0.06 ^ clk (in)
     1    0.02                           clk (net)
                  0.09    0.00    0.06 ^ clkbuf_0_clk/A (sky130_fd_sc_hd__clkbuf_16)
                  0.11    0.21    0.27 ^ clkbuf_0_clk/X (sky130_fd_sc_hd__clkbuf_16)
    16    0.09                           clknet_0_clk (net)
                  0.11    0.00    0.27 ^ clkbuf_4_13_0_clk/A (sky130_fd_sc_hd__clkbuf_8)
                  0.06    0.17    0.44 ^ clkbuf_4_13_0_clk/X (sky130_fd_sc_hd__clkbuf_8)
     9    0.02                           clknet_4_13_0_clk (net)
                  0.06    0.00    0.44 ^ _1175_/CLK (sky130_fd_sc_hd__dfrtp_2)
                          0.25    0.69   clock uncertainty
                         -0.03    0.66   clock reconvergence pessimism
                         -0.03    0.63   library hold time
                                  0.63   data required time
-----------------------------------------------------------------------------
                                  0.63   data required time
                                 -1.16   data arrival time
-----------------------------------------------------------------------------
                                  0.52   slack (MET)


Startpoint: _1180_ (rising edge-triggered flip-flop clocked by clk)
Endpoint: _1325_ (rising edge-triggered flip-flop clocked by clk)
Path Group: clk
Path Type: min

Fanout     Cap    Slew   Delay    Time   Description
-----------------------------------------------------------------------------
                          0.00    0.00   clock clk (rise edge)
                          0.00    0.00   clock source latency
                  0.09    0.06    0.06 ^ clk (in)
     1    0.02                           clk (net)
                  0.09    0.00    0.06 ^ clkbuf_0_clk/A (sky130_fd_sc_hd__clkbuf_16)
                  0.11    0.19    0.25 ^ clkbuf_0_clk/X (sky130_fd_sc_hd__clkbuf_16)
    16    0.09                           clknet_0_clk (net)
                  0.11    0.00    0.25 ^ clkbuf_4_11_0_clk/A (sky130_fd_sc_hd__clkbuf_8)
                  0.07    0.16    0.41 ^ clkbuf_4_11_0_clk/X (sky130_fd_sc_hd__clkbuf_8)
    12    0.03                           clknet_4_11_0_clk (net)
                  0.07    0.00    0.41 ^ _1180_/CLK (sky130_fd_sc_hd__dfrtp_1)
                  0.08    0.34    0.75 ^ _1180_/Q (sky130_fd_sc_hd__dfrtp_1)
     2    0.01                           u_fsm.addr_done_seen (net)
                  0.08    0.00    0.75 ^ _0696_/A1 (sky130_fd_sc_hd__a21o_1)
                  0.03    0.10    0.85 ^ _0696_/X (sky130_fd_sc_hd__a21o_1)
     1    0.00                           _0153_ (net)
                  0.03    0.00    0.85 ^ _0697_/A (sky130_fd_sc_hd__dlymetal6s2s_1)
                  0.18    0.17    1.02 ^ _0697_/X (sky130_fd_sc_hd__dlymetal6s2s_1)
     5    0.02                           _0003_ (net)
                  0.18    0.00    1.02 ^ _0701_/A (sky130_fd_sc_hd__or3b_1)
                  0.04    0.13    1.15 ^ _0701_/X (sky130_fd_sc_hd__or3b_1)
     1    0.00                           _0156_ (net)
                  0.04    0.00    1.15 ^ _0702_/A (sky130_fd_sc_hd__clkbuf_1)
                  0.04    0.07    1.22 ^ _0702_/X (sky130_fd_sc_hd__clkbuf_1)
     1    0.00                           u_fsm.next_state[1] (net)
                  0.04    0.00    1.22 ^ _1325_/D (sky130_fd_sc_hd__dfrtp_1)
                                  1.22   data arrival time

                          0.00    0.00   clock clk (rise edge)
                          0.00    0.00   clock source latency
                  0.09    0.06    0.06 ^ clk (in)
     1    0.02                           clk (net)
                  0.09    0.00    0.06 ^ clkbuf_0_clk/A (sky130_fd_sc_hd__clkbuf_16)
                  0.11    0.21    0.27 ^ clkbuf_0_clk/X (sky130_fd_sc_hd__clkbuf_16)
    16    0.09                           clknet_0_clk (net)
                  0.11    0.00    0.27 ^ clkbuf_4_11_0_clk/A (sky130_fd_sc_hd__clkbuf_8)
                  0.07    0.18    0.45 ^ clkbuf_4_11_0_clk/X (sky130_fd_sc_hd__clkbuf_8)
    12    0.03                           clknet_4_11_0_clk (net)
                  0.07    0.00    0.45 ^ _1325_/CLK (sky130_fd_sc_hd__dfrtp_1)
                          0.25    0.70   clock uncertainty
                         -0.04    0.66   clock reconvergence pessimism
                         -0.03    0.63   library hold time
                                  0.63   data required time
-----------------------------------------------------------------------------
                                  0.63   data required time
                                 -1.22   data arrival time
-----------------------------------------------------------------------------
                                  0.59   slack (MET)


Startpoint: rst_n (input port clocked by clk)
Endpoint: _1316_ (removal check against rising-edge clock clk)
Path Group: asynchronous
Path Type: min

Fanout     Cap    Slew   Delay    Time   Description
-----------------------------------------------------------------------------
                          0.00    0.00   clock clk (rise edge)
                          0.00    0.00   clock network delay (propagated)
                          2.00    2.00 ^ input external delay
                  0.02    0.01    2.01 ^ rst_n (in)
     1    0.00                           rst_n (net)
                  0.02    0.00    2.01 ^ input1/A (sky130_fd_sc_hd__dlymetal6s2s_1)
                  0.18    0.16    2.17 ^ input1/X (sky130_fd_sc_hd__dlymetal6s2s_1)
     3    0.02                           net1 (net)
                  0.18    0.00    2.17 ^ fanout14/A (sky130_fd_sc_hd__buf_2)
                  0.16    0.22    2.39 ^ fanout14/X (sky130_fd_sc_hd__buf_2)
     8    0.03                           net14 (net)
                  0.16    0.00    2.39 ^ _1316_/RESET_B (sky130_fd_sc_hd__dfrtp_1)
                                  2.39   data arrival time

                          0.00    0.00   clock clk (rise edge)
                          0.00    0.00   clock source latency
                  0.09    0.06    0.06 ^ clk (in)
     1    0.02                           clk (net)
                  0.09    0.00    0.06 ^ clkbuf_0_clk/A (sky130_fd_sc_hd__clkbuf_16)
                  0.11    0.21    0.27 ^ clkbuf_0_clk/X (sky130_fd_sc_hd__clkbuf_16)
    16    0.09                           clknet_0_clk (net)
                  0.11    0.00    0.27 ^ clkbuf_4_10_0_clk/A (sky130_fd_sc_hd__clkbuf_8)
                  0.08    0.19    0.46 ^ clkbuf_4_10_0_clk/X (sky130_fd_sc_hd__clkbuf_8)
    15    0.04                           clknet_4_10_0_clk (net)
                  0.08    0.00    0.46 ^ _1316_/CLK (sky130_fd_sc_hd__dfrtp_1)
                          0.25    0.71   clock uncertainty
                          0.00    0.71   clock reconvergence pessimism
                          0.36    1.07   library removal time
                                  1.07   data required time
-----------------------------------------------------------------------------
                                  1.07   data required time
                                 -2.39   data arrival time
-----------------------------------------------------------------------------
                                  1.32   slack (MET)


Startpoint: rst_n (input port clocked by clk)
Endpoint: _1320_ (removal check against rising-edge clock clk)
Path Group: asynchronous
Path Type: min

Fanout     Cap    Slew   Delay    Time   Description
-----------------------------------------------------------------------------
                          0.00    0.00   clock clk (rise edge)
                          0.00    0.00   clock network delay (propagated)
                          2.00    2.00 ^ input external delay
                  0.02    0.01    2.01 ^ rst_n (in)
     1    0.00                           rst_n (net)
                  0.02    0.00    2.01 ^ input1/A (sky130_fd_sc_hd__dlymetal6s2s_1)
                  0.18    0.16    2.17 ^ input1/X (sky130_fd_sc_hd__dlymetal6s2s_1)
     3    0.02                           net1 (net)
                  0.18    0.00    2.17 ^ fanout16/A (sky130_fd_sc_hd__clkbuf_2)
                  0.12    0.19    2.36 ^ fanout16/X (sky130_fd_sc_hd__clkbuf_2)
     5    0.02                           net16 (net)
                  0.12    0.00    2.36 ^ _1320_/RESET_B (sky130_fd_sc_hd__dfrtp_1)
                                  2.36   data arrival time

                          0.00    0.00   clock clk (rise edge)
                          0.00    0.00   clock source latency
                  0.09    0.06    0.06 ^ clk (in)
     1    0.02                           clk (net)
                  0.09    0.00    0.06 ^ clkbuf_0_clk/A (sky130_fd_sc_hd__clkbuf_16)
                  0.11    0.21    0.27 ^ clkbuf_0_clk/X (sky130_fd_sc_hd__clkbuf_16)
    16    0.09                           clknet_0_clk (net)
                  0.11    0.00    0.27 ^ clkbuf_4_14_0_clk/A (sky130_fd_sc_hd__clkbuf_8)
                  0.06    0.17    0.44 ^ clkbuf_4_14_0_clk/X (sky130_fd_sc_hd__clkbuf_8)
     8    0.02                           clknet_4_14_0_clk (net)
                  0.06    0.00    0.44 ^ _1320_/CLK (sky130_fd_sc_hd__dfrtp_1)
                          0.25    0.69   clock uncertainty
                          0.00    0.69   clock reconvergence pessimism
                          0.34    1.03   library removal time
                                  1.03   data required time
-----------------------------------------------------------------------------
                                  1.03   data required time
                                 -2.36   data arrival time
-----------------------------------------------------------------------------
                                  1.33   slack (MET)


Startpoint: rst_n (input port clocked by clk)
Endpoint: _1172_ (removal check against rising-edge clock clk)
Path Group: asynchronous
Path Type: min

Fanout     Cap    Slew   Delay    Time   Description
-----------------------------------------------------------------------------
                          0.00    0.00   clock clk (rise edge)
                          0.00    0.00   clock network delay (propagated)
                          2.00    2.00 ^ input external delay
                  0.02    0.01    2.01 ^ rst_n (in)
     1    0.00                           rst_n (net)
                  0.02    0.00    2.01 ^ input1/A (sky130_fd_sc_hd__dlymetal6s2s_1)
                  0.18    0.16    2.17 ^ input1/X (sky130_fd_sc_hd__dlymetal6s2s_1)
     3    0.02                           net1 (net)
                  0.18    0.00    2.17 ^ fanout16/A (sky130_fd_sc_hd__clkbuf_2)
                  0.12    0.19    2.36 ^ fanout16/X (sky130_fd_sc_hd__clkbuf_2)
     5    0.02                           net16 (net)
                  0.12    0.00    2.36 ^ _1172_/RESET_B (sky130_fd_sc_hd__dfrtp_1)
                                  2.36   data arrival time

                          0.00    0.00   clock clk (rise edge)
                          0.00    0.00   clock source latency
                  0.09    0.06    0.06 ^ clk (in)
     1    0.02                           clk (net)
                  0.09    0.00    0.06 ^ clkbuf_0_clk/A (sky130_fd_sc_hd__clkbuf_16)
                  0.11    0.21    0.27 ^ clkbuf_0_clk/X (sky130_fd_sc_hd__clkbuf_16)
    16    0.09                           clknet_0_clk (net)
                  0.11    0.00    0.27 ^ clkbuf_4_14_0_clk/A (sky130_fd_sc_hd__clkbuf_8)
                  0.06    0.17    0.44 ^ clkbuf_4_14_0_clk/X (sky130_fd_sc_hd__clkbuf_8)
     8    0.02                           clknet_4_14_0_clk (net)
                  0.06    0.00    0.44 ^ _1172_/CLK (sky130_fd_sc_hd__dfrtp_1)
                          0.25    0.69   clock uncertainty
                          0.00    0.69   clock reconvergence pessimism
                          0.34    1.03   library removal time
                                  1.03   data required time
-----------------------------------------------------------------------------
                                  1.03   data required time
                                 -2.36   data arrival time
-----------------------------------------------------------------------------
                                  1.33   slack (MET)


Startpoint: rst_n (input port clocked by clk)
Endpoint: _1315_ (removal check against rising-edge clock clk)
Path Group: asynchronous
Path Type: min

Fanout     Cap    Slew   Delay    Time   Description
-----------------------------------------------------------------------------
                          0.00    0.00   clock clk (rise edge)
                          0.00    0.00   clock network delay (propagated)
                          2.00    2.00 ^ input external delay
                  0.02    0.01    2.01 ^ rst_n (in)
     1    0.00                           rst_n (net)
                  0.02    0.00    2.01 ^ input1/A (sky130_fd_sc_hd__dlymetal6s2s_1)
                  0.18    0.16    2.17 ^ input1/X (sky130_fd_sc_hd__dlymetal6s2s_1)
     3    0.02                           net1 (net)
                  0.18    0.00    2.17 ^ fanout14/A (sky130_fd_sc_hd__buf_2)
                  0.16    0.22    2.39 ^ fanout14/X (sky130_fd_sc_hd__buf_2)
     8    0.03                           net14 (net)
                  0.16    0.00    2.39 ^ _1315_/RESET_B (sky130_fd_sc_hd__dfrtp_1)
                                  2.39   data arrival time

                          0.00    0.00   clock clk (rise edge)
                          0.00    0.00   clock source latency
                  0.09    0.06    0.06 ^ clk (in)
     1    0.02                           clk (net)
                  0.09    0.00    0.06 ^ clkbuf_0_clk/A (sky130_fd_sc_hd__clkbuf_16)
                  0.11    0.21    0.27 ^ clkbuf_0_clk/X (sky130_fd_sc_hd__clkbuf_16)
    16    0.09                           clknet_0_clk (net)
                  0.11    0.00    0.27 ^ clkbuf_4_11_0_clk/A (sky130_fd_sc_hd__clkbuf_8)
                  0.07    0.18    0.45 ^ clkbuf_4_11_0_clk/X (sky130_fd_sc_hd__clkbuf_8)
    12    0.03                           clknet_4_11_0_clk (net)
                  0.07    0.00    0.45 ^ _1315_/CLK (sky130_fd_sc_hd__dfrtp_1)
                          0.25    0.70   clock uncertainty
                          0.00    0.70   clock reconvergence pessimism
                          0.36    1.06   library removal time
                                  1.06   data required time
-----------------------------------------------------------------------------
                                  1.06   data required time
                                 -2.39   data arrival time
-----------------------------------------------------------------------------
                                  1.33   slack (MET)


Startpoint: rst_n (input port clocked by clk)
Endpoint: _1178_ (removal check against rising-edge clock clk)
Path Group: asynchronous
Path Type: min

Fanout     Cap    Slew   Delay    Time   Description
-----------------------------------------------------------------------------
                          0.00    0.00   clock clk (rise edge)
                          0.00    0.00   clock network delay (propagated)
                          2.00    2.00 ^ input external delay
                  0.02    0.01    2.01 ^ rst_n (in)
     1    0.00                           rst_n (net)
                  0.02    0.00    2.01 ^ input1/A (sky130_fd_sc_hd__dlymetal6s2s_1)
                  0.18    0.16    2.17 ^ input1/X (sky130_fd_sc_hd__dlymetal6s2s_1)
     3    0.02                           net1 (net)
                  0.18    0.00    2.17 ^ fanout16/A (sky130_fd_sc_hd__clkbuf_2)
                  0.12    0.19    2.36 ^ fanout16/X (sky130_fd_sc_hd__clkbuf_2)
     5    0.02                           net16 (net)
                  0.12    0.00    2.36 ^ _1178_/RESET_B (sky130_fd_sc_hd__dfrtp_4)
                                  2.36   data arrival time

                          0.00    0.00   clock clk (rise edge)
                          0.00    0.00   clock source latency
                  0.09    0.06    0.06 ^ clk (in)
     1    0.02                           clk (net)
                  0.09    0.00    0.06 ^ clkbuf_0_clk/A (sky130_fd_sc_hd__clkbuf_16)
                  0.11    0.21    0.27 ^ clkbuf_0_clk/X (sky130_fd_sc_hd__clkbuf_16)
    16    0.09                           clknet_0_clk (net)
                  0.11    0.00    0.27 ^ clkbuf_4_15_0_clk/A (sky130_fd_sc_hd__clkbuf_8)
                  0.05    0.16    0.43 ^ clkbuf_4_15_0_clk/X (sky130_fd_sc_hd__clkbuf_8)
     6    0.02                           clknet_4_15_0_clk (net)
                  0.05    0.00    0.43 ^ _1178_/CLK (sky130_fd_sc_hd__dfrtp_4)
                          0.25    0.68   clock uncertainty
                          0.00    0.68   clock reconvergence pessimism
                          0.34    1.02   library removal time
                                  1.02   data required time
-----------------------------------------------------------------------------
                                  1.02   data required time
                                 -2.36   data arrival time
-----------------------------------------------------------------------------
                                  1.34   slack (MET)


Startpoint: rst_n (input port clocked by clk)
Endpoint: _1177_ (removal check against rising-edge clock clk)
Path Group: asynchronous
Path Type: min

Fanout     Cap    Slew   Delay    Time   Description
-----------------------------------------------------------------------------
                          0.00    0.00   clock clk (rise edge)
                          0.00    0.00   clock network delay (propagated)
                          2.00    2.00 ^ input external delay
                  0.02    0.01    2.01 ^ rst_n (in)
     1    0.00                           rst_n (net)
                  0.02    0.00    2.01 ^ input1/A (sky130_fd_sc_hd__dlymetal6s2s_1)
                  0.18    0.16    2.17 ^ input1/X (sky130_fd_sc_hd__dlymetal6s2s_1)
     3    0.02                           net1 (net)
                  0.18    0.00    2.17 ^ fanout16/A (sky130_fd_sc_hd__clkbuf_2)
                  0.12    0.19    2.36 ^ fanout16/X (sky130_fd_sc_hd__clkbuf_2)
     5    0.02                           net16 (net)
                  0.12    0.00    2.36 ^ _1177_/RESET_B (sky130_fd_sc_hd__dfrtp_4)
                                  2.36   data arrival time

                          0.00    0.00   clock clk (rise edge)
                          0.00    0.00   clock source latency
                  0.09    0.06    0.06 ^ clk (in)
     1    0.02                           clk (net)
                  0.09    0.00    0.06 ^ clkbuf_0_clk/A (sky130_fd_sc_hd__clkbuf_16)
                  0.11    0.21    0.27 ^ clkbuf_0_clk/X (sky130_fd_sc_hd__clkbuf_16)
    16    0.09                           clknet_0_clk (net)
                  0.11    0.00    0.27 ^ clkbuf_4_15_0_clk/A (sky130_fd_sc_hd__clkbuf_8)
                  0.05    0.16    0.43 ^ clkbuf_4_15_0_clk/X (sky130_fd_sc_hd__clkbuf_8)
     6    0.02                           clknet_4_15_0_clk (net)
                  0.05    0.00    0.43 ^ _1177_/CLK (sky130_fd_sc_hd__dfrtp_4)
                          0.25    0.68   clock uncertainty
                          0.00    0.68   clock reconvergence pessimism
                          0.34    1.02   library removal time
                                  1.02   data required time
-----------------------------------------------------------------------------
                                  1.02   data required time
                                 -2.36   data arrival time
-----------------------------------------------------------------------------
                                  1.34   slack (MET)


Startpoint: rst_n (input port clocked by clk)
Endpoint: _1312_ (removal check against rising-edge clock clk)
Path Group: asynchronous
Path Type: min

Fanout     Cap    Slew   Delay    Time   Description
-----------------------------------------------------------------------------
                          0.00    0.00   clock clk (rise edge)
                          0.00    0.00   clock network delay (propagated)
                          2.00    2.00 ^ input external delay
                  0.02    0.01    2.01 ^ rst_n (in)
     1    0.00                           rst_n (net)
                  0.02    0.00    2.01 ^ input1/A (sky130_fd_sc_hd__dlymetal6s2s_1)
                  0.18    0.16    2.17 ^ input1/X (sky130_fd_sc_hd__dlymetal6s2s_1)
     3    0.02                           net1 (net)
                  0.18    0.00    2.17 ^ fanout14/A (sky130_fd_sc_hd__buf_2)
                  0.16    0.22    2.39 ^ fanout14/X (sky130_fd_sc_hd__buf_2)
     8    0.03                           net14 (net)
                  0.16    0.00    2.39 ^ _1312_/RESET_B (sky130_fd_sc_hd__dfrtp_1)
                                  2.39   data arrival time

                          0.00    0.00   clock clk (rise edge)
                          0.00    0.00   clock source latency
                  0.09    0.06    0.06 ^ clk (in)
     1    0.02                           clk (net)
                  0.09    0.00    0.06 ^ clkbuf_0_clk/A (sky130_fd_sc_hd__clkbuf_16)
                  0.11    0.21    0.27 ^ clkbuf_0_clk/X (sky130_fd_sc_hd__clkbuf_16)
    16    0.09                           clknet_0_clk (net)
                  0.11    0.00    0.27 ^ clkbuf_4_14_0_clk/A (sky130_fd_sc_hd__clkbuf_8)
                  0.06    0.17    0.44 ^ clkbuf_4_14_0_clk/X (sky130_fd_sc_hd__clkbuf_8)
     8    0.02                           clknet_4_14_0_clk (net)
                  0.06    0.00    0.44 ^ _1312_/CLK (sky130_fd_sc_hd__dfrtp_1)
                          0.25    0.69   clock uncertainty
                          0.00    0.69   clock reconvergence pessimism
                          0.35    1.04   library removal time
                                  1.04   data required time
-----------------------------------------------------------------------------
                                  1.04   data required time
                                 -2.39   data arrival time
-----------------------------------------------------------------------------
                                  1.35   slack (MET)


Startpoint: rst_n (input port clocked by clk)
Endpoint: _1313_ (removal check against rising-edge clock clk)
Path Group: asynchronous
Path Type: min

Fanout     Cap    Slew   Delay    Time   Description
-----------------------------------------------------------------------------
                          0.00    0.00   clock clk (rise edge)
                          0.00    0.00   clock network delay (propagated)
                          2.00    2.00 ^ input external delay
                  0.02    0.01    2.01 ^ rst_n (in)
     1    0.00                           rst_n (net)
                  0.02    0.00    2.01 ^ input1/A (sky130_fd_sc_hd__dlymetal6s2s_1)
                  0.18    0.16    2.17 ^ input1/X (sky130_fd_sc_hd__dlymetal6s2s_1)
     3    0.02                           net1 (net)
                  0.18    0.00    2.17 ^ fanout14/A (sky130_fd_sc_hd__buf_2)
                  0.16    0.22    2.39 ^ fanout14/X (sky130_fd_sc_hd__buf_2)
     8    0.03                           net14 (net)
                  0.16    0.00    2.39 ^ _1313_/RESET_B (sky130_fd_sc_hd__dfrtp_1)
                                  2.39   data arrival time

                          0.00    0.00   clock clk (rise edge)
                          0.00    0.00   clock source latency
                  0.09    0.06    0.06 ^ clk (in)
     1    0.02                           clk (net)
                  0.09    0.00    0.06 ^ clkbuf_0_clk/A (sky130_fd_sc_hd__clkbuf_16)
                  0.11    0.21    0.27 ^ clkbuf_0_clk/X (sky130_fd_sc_hd__clkbuf_16)
    16    0.09                           clknet_0_clk (net)
                  0.11    0.00    0.27 ^ clkbuf_4_14_0_clk/A (sky130_fd_sc_hd__clkbuf_8)
                  0.06    0.17    0.44 ^ clkbuf_4_14_0_clk/X (sky130_fd_sc_hd__clkbuf_8)
     8    0.02                           clknet_4_14_0_clk (net)
                  0.06    0.00    0.44 ^ _1313_/CLK (sky130_fd_sc_hd__dfrtp_1)
                          0.25    0.69   clock uncertainty
                          0.00    0.69   clock reconvergence pessimism
                          0.35    1.04   library removal time
                                  1.04   data required time
-----------------------------------------------------------------------------
                                  1.04   data required time
                                 -2.39   data arrival time
-----------------------------------------------------------------------------
                                  1.35   slack (MET)


Startpoint: rst_n (input port clocked by clk)
Endpoint: _1310_ (removal check against rising-edge clock clk)
Path Group: asynchronous
Path Type: min

Fanout     Cap    Slew   Delay    Time   Description
-----------------------------------------------------------------------------
                          0.00    0.00   clock clk (rise edge)
                          0.00    0.00   clock network delay (propagated)
                          2.00    2.00 ^ input external delay
                  0.02    0.01    2.01 ^ rst_n (in)
     1    0.00                           rst_n (net)
                  0.02    0.00    2.01 ^ input1/A (sky130_fd_sc_hd__dlymetal6s2s_1)
                  0.18    0.16    2.17 ^ input1/X (sky130_fd_sc_hd__dlymetal6s2s_1)
     3    0.02                           net1 (net)
                  0.18    0.00    2.17 ^ fanout15/A (sky130_fd_sc_hd__buf_4)
                  0.15    0.22    2.40 ^ fanout15/X (sky130_fd_sc_hd__buf_4)
    10    0.05                           net15 (net)
                  0.15    0.00    2.40 ^ _1310_/RESET_B (sky130_fd_sc_hd__dfrtp_2)
                                  2.40   data arrival time

                          0.00    0.00   clock clk (rise edge)
                          0.00    0.00   clock source latency
                  0.09    0.06    0.06 ^ clk (in)
     1    0.02                           clk (net)
                  0.09    0.00    0.06 ^ clkbuf_0_clk/A (sky130_fd_sc_hd__clkbuf_16)
                  0.11    0.21    0.27 ^ clkbuf_0_clk/X (sky130_fd_sc_hd__clkbuf_16)
    16    0.09                           clknet_0_clk (net)
                  0.11    0.00    0.27 ^ clkbuf_4_13_0_clk/A (sky130_fd_sc_hd__clkbuf_8)
                  0.06    0.17    0.44 ^ clkbuf_4_13_0_clk/X (sky130_fd_sc_hd__clkbuf_8)
     9    0.02                           clknet_4_13_0_clk (net)
                  0.06    0.00    0.44 ^ _1310_/CLK (sky130_fd_sc_hd__dfrtp_2)
                          0.25    0.69   clock uncertainty
                          0.00    0.69   clock reconvergence pessimism
                          0.35    1.04   library removal time
                                  1.04   data required time
-----------------------------------------------------------------------------
                                  1.04   data required time
                                 -2.40   data arrival time
-----------------------------------------------------------------------------
                                  1.35   slack (MET)


Startpoint: rst_n (input port clocked by clk)
Endpoint: _1174_ (removal check against rising-edge clock clk)
Path Group: asynchronous
Path Type: min

Fanout     Cap    Slew   Delay    Time   Description
-----------------------------------------------------------------------------
                          0.00    0.00   clock clk (rise edge)
                          0.00    0.00   clock network delay (propagated)
                          2.00    2.00 ^ input external delay
                  0.02    0.01    2.01 ^ rst_n (in)
     1    0.00                           rst_n (net)
                  0.02    0.00    2.01 ^ input1/A (sky130_fd_sc_hd__dlymetal6s2s_1)
                  0.18    0.16    2.17 ^ input1/X (sky130_fd_sc_hd__dlymetal6s2s_1)
     3    0.02                           net1 (net)
                  0.18    0.00    2.17 ^ fanout15/A (sky130_fd_sc_hd__buf_4)
                  0.15    0.22    2.40 ^ fanout15/X (sky130_fd_sc_hd__buf_4)
    10    0.05                           net15 (net)
                  0.15    0.00    2.40 ^ _1174_/RESET_B (sky130_fd_sc_hd__dfrtp_1)
                                  2.40   data arrival time

                          0.00    0.00   clock clk (rise edge)
                          0.00    0.00   clock source latency
                  0.09    0.06    0.06 ^ clk (in)
     1    0.02                           clk (net)
                  0.09    0.00    0.06 ^ clkbuf_0_clk/A (sky130_fd_sc_hd__clkbuf_16)
                  0.11    0.21    0.27 ^ clkbuf_0_clk/X (sky130_fd_sc_hd__clkbuf_16)
    16    0.09                           clknet_0_clk (net)
                  0.11    0.00    0.27 ^ clkbuf_4_13_0_clk/A (sky130_fd_sc_hd__clkbuf_8)
                  0.06    0.17    0.44 ^ clkbuf_4_13_0_clk/X (sky130_fd_sc_hd__clkbuf_8)
     9    0.02                           clknet_4_13_0_clk (net)
                  0.06    0.00    0.44 ^ _1174_/CLK (sky130_fd_sc_hd__dfrtp_1)
                          0.25    0.69   clock uncertainty
                          0.00    0.69   clock reconvergence pessimism
                          0.35    1.04   library removal time
                                  1.04   data required time
-----------------------------------------------------------------------------
                                  1.04   data required time
                                 -2.40   data arrival time
-----------------------------------------------------------------------------
                                  1.35   slack (MET)


Startpoint: rst_n (input port clocked by clk)
Endpoint: _1308_ (removal check against rising-edge clock clk)
Path Group: asynchronous
Path Type: min

Fanout     Cap    Slew   Delay    Time   Description
-----------------------------------------------------------------------------
                          0.00    0.00   clock clk (rise edge)
                          0.00    0.00   clock network delay (propagated)
                          2.00    2.00 ^ input external delay
                  0.02    0.01    2.01 ^ rst_n (in)
     1    0.00                           rst_n (net)
                  0.02    0.00    2.01 ^ input1/A (sky130_fd_sc_hd__dlymetal6s2s_1)
                  0.18    0.16    2.17 ^ input1/X (sky130_fd_sc_hd__dlymetal6s2s_1)
     3    0.02                           net1 (net)
                  0.18    0.00    2.17 ^ fanout15/A (sky130_fd_sc_hd__buf_4)
                  0.15    0.22    2.40 ^ fanout15/X (sky130_fd_sc_hd__buf_4)
    10    0.05                           net15 (net)
                  0.15    0.00    2.40 ^ _1308_/RESET_B (sky130_fd_sc_hd__dfrtp_2)
                                  2.40   data arrival time

                          0.00    0.00   clock clk (rise edge)
                          0.00    0.00   clock source latency
                  0.09    0.06    0.06 ^ clk (in)
     1    0.02                           clk (net)
                  0.09    0.00    0.06 ^ clkbuf_0_clk/A (sky130_fd_sc_hd__clkbuf_16)
                  0.11    0.21    0.27 ^ clkbuf_0_clk/X (sky130_fd_sc_hd__clkbuf_16)
    16    0.09                           clknet_0_clk (net)
                  0.11    0.00    0.27 ^ clkbuf_4_13_0_clk/A (sky130_fd_sc_hd__clkbuf_8)
                  0.06    0.17    0.44 ^ clkbuf_4_13_0_clk/X (sky130_fd_sc_hd__clkbuf_8)
     9    0.02                           clknet_4_13_0_clk (net)
                  0.06    0.00    0.44 ^ _1308_/CLK (sky130_fd_sc_hd__dfrtp_2)
                          0.25    0.69   clock uncertainty
                          0.00    0.69   clock reconvergence pessimism
                          0.35    1.04   library removal time
                                  1.04   data required time
-----------------------------------------------------------------------------
                                  1.04   data required time
                                 -2.40   data arrival time
-----------------------------------------------------------------------------
                                  1.35   slack (MET)


Startpoint: rst_n (input port clocked by clk)
Endpoint: _1173_ (removal check against rising-edge clock clk)
Path Group: asynchronous
Path Type: min

Fanout     Cap    Slew   Delay    Time   Description
-----------------------------------------------------------------------------
                          0.00    0.00   clock clk (rise edge)
                          0.00    0.00   clock network delay (propagated)
                          2.00    2.00 ^ input external delay
                  0.02    0.01    2.01 ^ rst_n (in)
     1    0.00                           rst_n (net)
                  0.02    0.00    2.01 ^ input1/A (sky130_fd_sc_hd__dlymetal6s2s_1)
                  0.18    0.16    2.17 ^ input1/X (sky130_fd_sc_hd__dlymetal6s2s_1)
     3    0.02                           net1 (net)
                  0.18    0.00    2.17 ^ fanout15/A (sky130_fd_sc_hd__buf_4)
                  0.15    0.22    2.40 ^ fanout15/X (sky130_fd_sc_hd__buf_4)
    10    0.05                           net15 (net)
                  0.15    0.00    2.40 ^ _1173_/RESET_B (sky130_fd_sc_hd__dfrtp_1)
                                  2.40   data arrival time

                          0.00    0.00   clock clk (rise edge)
                          0.00    0.00   clock source latency
                  0.09    0.06    0.06 ^ clk (in)
     1    0.02                           clk (net)
                  0.09    0.00    0.06 ^ clkbuf_0_clk/A (sky130_fd_sc_hd__clkbuf_16)
                  0.11    0.21    0.27 ^ clkbuf_0_clk/X (sky130_fd_sc_hd__clkbuf_16)
    16    0.09                           clknet_0_clk (net)
                  0.11    0.00    0.27 ^ clkbuf_4_13_0_clk/A (sky130_fd_sc_hd__clkbuf_8)
                  0.06    0.17    0.44 ^ clkbuf_4_13_0_clk/X (sky130_fd_sc_hd__clkbuf_8)
     9    0.02                           clknet_4_13_0_clk (net)
                  0.06    0.00    0.44 ^ _1173_/CLK (sky130_fd_sc_hd__dfrtp_1)
                          0.25    0.69   clock uncertainty
                          0.00    0.69   clock reconvergence pessimism
                          0.35    1.04   library removal time
                                  1.04   data required time
-----------------------------------------------------------------------------
                                  1.04   data required time
                                 -2.40   data arrival time
-----------------------------------------------------------------------------
                                  1.35   slack (MET)


Startpoint: rst_n (input port clocked by clk)
Endpoint: _1175_ (removal check against rising-edge clock clk)
Path Group: asynchronous
Path Type: min

Fanout     Cap    Slew   Delay    Time   Description
-----------------------------------------------------------------------------
                          0.00    0.00   clock clk (rise edge)
                          0.00    0.00   clock network delay (propagated)
                          2.00    2.00 ^ input external delay
                  0.02    0.01    2.01 ^ rst_n (in)
     1    0.00                           rst_n (net)
                  0.02    0.00    2.01 ^ input1/A (sky130_fd_sc_hd__dlymetal6s2s_1)
                  0.18    0.16    2.17 ^ input1/X (sky130_fd_sc_hd__dlymetal6s2s_1)
     3    0.02                           net1 (net)
                  0.18    0.00    2.17 ^ fanout15/A (sky130_fd_sc_hd__buf_4)
                  0.15    0.22    2.40 ^ fanout15/X (sky130_fd_sc_hd__buf_4)
    10    0.05                           net15 (net)
                  0.15    0.00    2.40 ^ _1175_/RESET_B (sky130_fd_sc_hd__dfrtp_2)
                                  2.40   data arrival time

                          0.00    0.00   clock clk (rise edge)
                          0.00    0.00   clock source latency
                  0.09    0.06    0.06 ^ clk (in)
     1    0.02                           clk (net)
                  0.09    0.00    0.06 ^ clkbuf_0_clk/A (sky130_fd_sc_hd__clkbuf_16)
                  0.11    0.21    0.27 ^ clkbuf_0_clk/X (sky130_fd_sc_hd__clkbuf_16)
    16    0.09                           clknet_0_clk (net)
                  0.11    0.00    0.27 ^ clkbuf_4_13_0_clk/A (sky130_fd_sc_hd__clkbuf_8)
                  0.06    0.17    0.44 ^ clkbuf_4_13_0_clk/X (sky130_fd_sc_hd__clkbuf_8)
     9    0.02                           clknet_4_13_0_clk (net)
                  0.06    0.00    0.44 ^ _1175_/CLK (sky130_fd_sc_hd__dfrtp_2)
                          0.25    0.69   clock uncertainty
                          0.00    0.69   clock reconvergence pessimism
                          0.35    1.04   library removal time
                                  1.04   data required time
-----------------------------------------------------------------------------
                                  1.04   data required time
                                 -2.40   data arrival time
-----------------------------------------------------------------------------
                                  1.35   slack (MET)


Startpoint: rst_n (input port clocked by clk)
Endpoint: _1311_ (removal check against rising-edge clock clk)
Path Group: asynchronous
Path Type: min

Fanout     Cap    Slew   Delay    Time   Description
-----------------------------------------------------------------------------
                          0.00    0.00   clock clk (rise edge)
                          0.00    0.00   clock network delay (propagated)
                          2.00    2.00 ^ input external delay
                  0.02    0.01    2.01 ^ rst_n (in)
     1    0.00                           rst_n (net)
                  0.02    0.00    2.01 ^ input1/A (sky130_fd_sc_hd__dlymetal6s2s_1)
                  0.18    0.16    2.17 ^ input1/X (sky130_fd_sc_hd__dlymetal6s2s_1)
     3    0.02                           net1 (net)
                  0.18    0.00    2.17 ^ fanout15/A (sky130_fd_sc_hd__buf_4)
                  0.15    0.22    2.40 ^ fanout15/X (sky130_fd_sc_hd__buf_4)
    10    0.05                           net15 (net)
                  0.15    0.00    2.40 ^ _1311_/RESET_B (sky130_fd_sc_hd__dfrtp_2)
                                  2.40   data arrival time

                          0.00    0.00   clock clk (rise edge)
                          0.00    0.00   clock source latency
                  0.09    0.06    0.06 ^ clk (in)
     1    0.02                           clk (net)
                  0.09    0.00    0.06 ^ clkbuf_0_clk/A (sky130_fd_sc_hd__clkbuf_16)
                  0.11    0.21    0.27 ^ clkbuf_0_clk/X (sky130_fd_sc_hd__clkbuf_16)
    16    0.09                           clknet_0_clk (net)
                  0.11    0.00    0.27 ^ clkbuf_4_12_0_clk/A (sky130_fd_sc_hd__clkbuf_8)
                  0.06    0.17    0.44 ^ clkbuf_4_12_0_clk/X (sky130_fd_sc_hd__clkbuf_8)
     7    0.02                           clknet_4_12_0_clk (net)
                  0.06    0.00    0.44 ^ _1311_/CLK (sky130_fd_sc_hd__dfrtp_2)
                          0.25    0.69   clock uncertainty
                          0.00    0.69   clock reconvergence pessimism
                          0.35    1.04   library removal time
                                  1.04   data required time
-----------------------------------------------------------------------------
                                  1.04   data required time
                                 -2.40   data arrival time
-----------------------------------------------------------------------------
                                  1.36   slack (MET)


Startpoint: rst_n (input port clocked by clk)
Endpoint: _1176_ (removal check against rising-edge clock clk)
Path Group: asynchronous
Path Type: min

Fanout     Cap    Slew   Delay    Time   Description
-----------------------------------------------------------------------------
                          0.00    0.00   clock clk (rise edge)
                          0.00    0.00   clock network delay (propagated)
                          2.00    2.00 ^ input external delay
                  0.02    0.01    2.01 ^ rst_n (in)
     1    0.00                           rst_n (net)
                  0.02    0.00    2.01 ^ input1/A (sky130_fd_sc_hd__dlymetal6s2s_1)
                  0.18    0.16    2.17 ^ input1/X (sky130_fd_sc_hd__dlymetal6s2s_1)
     3    0.02                           net1 (net)
                  0.18    0.00    2.17 ^ fanout15/A (sky130_fd_sc_hd__buf_4)
                  0.15    0.22    2.40 ^ fanout15/X (sky130_fd_sc_hd__buf_4)
    10    0.05                           net15 (net)
                  0.15    0.00    2.40 ^ _1176_/RESET_B (sky130_fd_sc_hd__dfrtp_2)
                                  2.40   data arrival time

                          0.00    0.00   clock clk (rise edge)
                          0.00    0.00   clock source latency
                  0.09    0.06    0.06 ^ clk (in)
     1    0.02                           clk (net)
                  0.09    0.00    0.06 ^ clkbuf_0_clk/A (sky130_fd_sc_hd__clkbuf_16)
                  0.11    0.21    0.27 ^ clkbuf_0_clk/X (sky130_fd_sc_hd__clkbuf_16)
    16    0.09                           clknet_0_clk (net)
                  0.11    0.00    0.27 ^ clkbuf_4_12_0_clk/A (sky130_fd_sc_hd__clkbuf_8)
                  0.06    0.17    0.44 ^ clkbuf_4_12_0_clk/X (sky130_fd_sc_hd__clkbuf_8)
     7    0.02                           clknet_4_12_0_clk (net)
                  0.06    0.00    0.44 ^ _1176_/CLK (sky130_fd_sc_hd__dfrtp_2)
                          0.25    0.69   clock uncertainty
                          0.00    0.69   clock reconvergence pessimism
                          0.35    1.04   library removal time
                                  1.04   data required time
-----------------------------------------------------------------------------
                                  1.04   data required time
                                 -2.40   data arrival time
-----------------------------------------------------------------------------
                                  1.36   slack (MET)


Startpoint: rst_n (input port clocked by clk)
Endpoint: _1309_ (removal check against rising-edge clock clk)
Path Group: asynchronous
Path Type: min

Fanout     Cap    Slew   Delay    Time   Description
-----------------------------------------------------------------------------
                          0.00    0.00   clock clk (rise edge)
                          0.00    0.00   clock network delay (propagated)
                          2.00    2.00 ^ input external delay
                  0.02    0.01    2.01 ^ rst_n (in)
     1    0.00                           rst_n (net)
                  0.02    0.00    2.01 ^ input1/A (sky130_fd_sc_hd__dlymetal6s2s_1)
                  0.18    0.16    2.17 ^ input1/X (sky130_fd_sc_hd__dlymetal6s2s_1)
     3    0.02                           net1 (net)
                  0.18    0.00    2.17 ^ fanout15/A (sky130_fd_sc_hd__buf_4)
                  0.15    0.22    2.40 ^ fanout15/X (sky130_fd_sc_hd__buf_4)
    10    0.05                           net15 (net)
                  0.15    0.00    2.40 ^ _1309_/RESET_B (sky130_fd_sc_hd__dfrtp_4)
                                  2.40   data arrival time

                          0.00    0.00   clock clk (rise edge)
                          0.00    0.00   clock source latency
                  0.09    0.06    0.06 ^ clk (in)
     1    0.02                           clk (net)
                  0.09    0.00    0.06 ^ clkbuf_0_clk/A (sky130_fd_sc_hd__clkbuf_16)
                  0.11    0.21    0.27 ^ clkbuf_0_clk/X (sky130_fd_sc_hd__clkbuf_16)
    16    0.09                           clknet_0_clk (net)
                  0.11    0.00    0.27 ^ clkbuf_4_15_0_clk/A (sky130_fd_sc_hd__clkbuf_8)
                  0.05    0.16    0.43 ^ clkbuf_4_15_0_clk/X (sky130_fd_sc_hd__clkbuf_8)
     6    0.02                           clknet_4_15_0_clk (net)
                  0.05    0.00    0.43 ^ _1309_/CLK (sky130_fd_sc_hd__dfrtp_4)
                          0.25    0.68   clock uncertainty
                          0.00    0.68   clock reconvergence pessimism
                          0.35    1.03   library removal time
                                  1.03   data required time
-----------------------------------------------------------------------------
                                  1.03   data required time
                                 -2.40   data arrival time
-----------------------------------------------------------------------------
                                  1.37   slack (MET)


Startpoint: rst_n (input port clocked by clk)
Endpoint: _1171_ (removal check against rising-edge clock clk)
Path Group: asynchronous
Path Type: min

Fanout     Cap    Slew   Delay    Time   Description
-----------------------------------------------------------------------------
                          0.00    0.00   clock clk (rise edge)
                          0.00    0.00   clock network delay (propagated)
                          2.00    2.00 ^ input external delay
                  0.02    0.01    2.01 ^ rst_n (in)
     1    0.00                           rst_n (net)
                  0.02    0.00    2.01 ^ input1/A (sky130_fd_sc_hd__dlymetal6s2s_1)
                  0.18    0.16    2.17 ^ input1/X (sky130_fd_sc_hd__dlymetal6s2s_1)
     3    0.02                           net1 (net)
                  0.18    0.00    2.17 ^ fanout16/A (sky130_fd_sc_hd__clkbuf_2)
                  0.12    0.19    2.36 ^ fanout16/X (sky130_fd_sc_hd__clkbuf_2)
     5    0.02                           net16 (net)
                  0.12    0.00    2.36 ^ _1171_/SET_B (sky130_fd_sc_hd__dfstp_1)
                                  2.36   data arrival time

                          0.00    0.00   clock clk (rise edge)
                          0.00    0.00   clock source latency
                  0.09    0.06    0.06 ^ clk (in)
     1    0.02                           clk (net)
                  0.09    0.00    0.06 ^ clkbuf_0_clk/A (sky130_fd_sc_hd__clkbuf_16)
                  0.11    0.21    0.27 ^ clkbuf_0_clk/X (sky130_fd_sc_hd__clkbuf_16)
    16    0.09                           clknet_0_clk (net)
                  0.11    0.00    0.27 ^ clkbuf_4_14_0_clk/A (sky130_fd_sc_hd__clkbuf_8)
                  0.06    0.17    0.44 ^ clkbuf_4_14_0_clk/X (sky130_fd_sc_hd__clkbuf_8)
     8    0.02                           clknet_4_14_0_clk (net)
                  0.06    0.00    0.44 ^ _1171_/CLK (sky130_fd_sc_hd__dfstp_1)
                          0.25    0.69   clock uncertainty
                          0.00    0.69   clock reconvergence pessimism
                          0.15    0.84   library removal time
                                  0.84   data required time
-----------------------------------------------------------------------------
                                  0.84   data required time
                                 -2.36   data arrival time
-----------------------------------------------------------------------------
                                  1.53   slack (MET)


Startpoint: rst_n (input port clocked by clk)
Endpoint: _1180_ (removal check against rising-edge clock clk)
Path Group: asynchronous
Path Type: min

Fanout     Cap    Slew   Delay    Time   Description
-----------------------------------------------------------------------------
                          0.00    0.00   clock clk (rise edge)
                          0.00    0.00   clock network delay (propagated)
                          2.00    2.00 ^ input external delay
                  0.02    0.01    2.01 ^ rst_n (in)
     1    0.00                           rst_n (net)
                  0.02    0.00    2.01 ^ input1/A (sky130_fd_sc_hd__dlymetal6s2s_1)
                  0.18    0.16    2.17 ^ input1/X (sky130_fd_sc_hd__dlymetal6s2s_1)
     3    0.02                           net1 (net)
                  0.18    0.00    2.17 ^ fanout14/A (sky130_fd_sc_hd__buf_2)
                  0.16    0.22    2.39 ^ fanout14/X (sky130_fd_sc_hd__buf_2)
     8    0.03                           net14 (net)
                  0.16    0.00    2.39 ^ fanout13/A (sky130_fd_sc_hd__clkbuf_2)
                  0.14    0.20    2.59 ^ fanout13/X (sky130_fd_sc_hd__clkbuf_2)
     6    0.02                           net13 (net)
                  0.14    0.00    2.59 ^ _1180_/RESET_B (sky130_fd_sc_hd__dfrtp_1)
                                  2.59   data arrival time

                          0.00    0.00   clock clk (rise edge)
                          0.00    0.00   clock source latency
                  0.09    0.06    0.06 ^ clk (in)
     1    0.02                           clk (net)
                  0.09    0.00    0.06 ^ clkbuf_0_clk/A (sky130_fd_sc_hd__clkbuf_16)
                  0.11    0.21    0.27 ^ clkbuf_0_clk/X (sky130_fd_sc_hd__clkbuf_16)
    16    0.09                           clknet_0_clk (net)
                  0.11    0.00    0.27 ^ clkbuf_4_11_0_clk/A (sky130_fd_sc_hd__clkbuf_8)
                  0.07    0.18    0.45 ^ clkbuf_4_11_0_clk/X (sky130_fd_sc_hd__clkbuf_8)
    12    0.03                           clknet_4_11_0_clk (net)
                  0.07    0.00    0.45 ^ _1180_/CLK (sky130_fd_sc_hd__dfrtp_1)
                          0.25    0.70   clock uncertainty
                          0.00    0.70   clock reconvergence pessimism
                          0.35    1.05   library removal time
                                  1.05   data required time
-----------------------------------------------------------------------------
                                  1.05   data required time
                                 -2.59   data arrival time
-----------------------------------------------------------------------------
                                  1.54   slack (MET)


Startpoint: rst_n (input port clocked by clk)
Endpoint: _1323_ (removal check against rising-edge clock clk)
Path Group: asynchronous
Path Type: min

Fanout     Cap    Slew   Delay    Time   Description
-----------------------------------------------------------------------------
                          0.00    0.00   clock clk (rise edge)
                          0.00    0.00   clock network delay (propagated)
                          2.00    2.00 ^ input external delay
                  0.02    0.01    2.01 ^ rst_n (in)
     1    0.00                           rst_n (net)
                  0.02    0.00    2.01 ^ input1/A (sky130_fd_sc_hd__dlymetal6s2s_1)
                  0.18    0.16    2.17 ^ input1/X (sky130_fd_sc_hd__dlymetal6s2s_1)
     3    0.02                           net1 (net)
                  0.18    0.00    2.17 ^ fanout14/A (sky130_fd_sc_hd__buf_2)
                  0.16    0.22    2.39 ^ fanout14/X (sky130_fd_sc_hd__buf_2)
     8    0.03                           net14 (net)
                  0.16    0.00    2.39 ^ fanout13/A (sky130_fd_sc_hd__clkbuf_2)
                  0.14    0.20    2.59 ^ fanout13/X (sky130_fd_sc_hd__clkbuf_2)
     6    0.02                           net13 (net)
                  0.14    0.00    2.59 ^ _1323_/RESET_B (sky130_fd_sc_hd__dfrtp_1)
                                  2.59   data arrival time

                          0.00    0.00   clock clk (rise edge)
                          0.00    0.00   clock source latency
                  0.09    0.06    0.06 ^ clk (in)
     1    0.02                           clk (net)
                  0.09    0.00    0.06 ^ clkbuf_0_clk/A (sky130_fd_sc_hd__clkbuf_16)
                  0.11    0.21    0.27 ^ clkbuf_0_clk/X (sky130_fd_sc_hd__clkbuf_16)
    16    0.09                           clknet_0_clk (net)
                  0.11    0.00    0.27 ^ clkbuf_4_11_0_clk/A (sky130_fd_sc_hd__clkbuf_8)
                  0.07    0.18    0.45 ^ clkbuf_4_11_0_clk/X (sky130_fd_sc_hd__clkbuf_8)
    12    0.03                           clknet_4_11_0_clk (net)
                  0.07    0.00    0.45 ^ _1323_/CLK (sky130_fd_sc_hd__dfrtp_1)
                          0.25    0.70   clock uncertainty
                          0.00    0.70   clock reconvergence pessimism
                          0.35    1.05   library removal time
                                  1.05   data required time
-----------------------------------------------------------------------------
                                  1.05   data required time
                                 -2.59   data arrival time
-----------------------------------------------------------------------------
                                  1.54   slack (MET)


Startpoint: rst_n (input port clocked by clk)
Endpoint: _1324_ (removal check against rising-edge clock clk)
Path Group: asynchronous
Path Type: min

Fanout     Cap    Slew   Delay    Time   Description
-----------------------------------------------------------------------------
                          0.00    0.00   clock clk (rise edge)
                          0.00    0.00   clock network delay (propagated)
                          2.00    2.00 ^ input external delay
                  0.02    0.01    2.01 ^ rst_n (in)
     1    0.00                           rst_n (net)
                  0.02    0.00    2.01 ^ input1/A (sky130_fd_sc_hd__dlymetal6s2s_1)
                  0.18    0.16    2.17 ^ input1/X (sky130_fd_sc_hd__dlymetal6s2s_1)
     3    0.02                           net1 (net)
                  0.18    0.00    2.17 ^ fanout14/A (sky130_fd_sc_hd__buf_2)
                  0.16    0.22    2.39 ^ fanout14/X (sky130_fd_sc_hd__buf_2)
     8    0.03                           net14 (net)
                  0.16    0.00    2.39 ^ fanout13/A (sky130_fd_sc_hd__clkbuf_2)
                  0.14    0.20    2.59 ^ fanout13/X (sky130_fd_sc_hd__clkbuf_2)
     6    0.02                           net13 (net)
                  0.14    0.00    2.59 ^ _1324_/RESET_B (sky130_fd_sc_hd__dfrtp_1)
                                  2.59   data arrival time

                          0.00    0.00   clock clk (rise edge)
                          0.00    0.00   clock source latency
                  0.09    0.06    0.06 ^ clk (in)
     1    0.02                           clk (net)
                  0.09    0.00    0.06 ^ clkbuf_0_clk/A (sky130_fd_sc_hd__clkbuf_16)
                  0.11    0.21    0.27 ^ clkbuf_0_clk/X (sky130_fd_sc_hd__clkbuf_16)
    16    0.09                           clknet_0_clk (net)
                  0.11    0.00    0.27 ^ clkbuf_4_11_0_clk/A (sky130_fd_sc_hd__clkbuf_8)
                  0.07    0.18    0.45 ^ clkbuf_4_11_0_clk/X (sky130_fd_sc_hd__clkbuf_8)
    12    0.03                           clknet_4_11_0_clk (net)
                  0.07    0.00    0.45 ^ _1324_/CLK (sky130_fd_sc_hd__dfrtp_1)
                          0.25    0.70   clock uncertainty
                          0.00    0.70   clock reconvergence pessimism
                          0.35    1.05   library removal time
                                  1.05   data required time
-----------------------------------------------------------------------------
                                  1.05   data required time
                                 -2.59   data arrival time
-----------------------------------------------------------------------------
                                  1.54   slack (MET)


Startpoint: rst_n (input port clocked by clk)
Endpoint: _1326_ (removal check against rising-edge clock clk)
Path Group: asynchronous
Path Type: min

Fanout     Cap    Slew   Delay    Time   Description
-----------------------------------------------------------------------------
                          0.00    0.00   clock clk (rise edge)
                          0.00    0.00   clock network delay (propagated)
                          2.00    2.00 ^ input external delay
                  0.02    0.01    2.01 ^ rst_n (in)
     1    0.00                           rst_n (net)
                  0.02    0.00    2.01 ^ input1/A (sky130_fd_sc_hd__dlymetal6s2s_1)
                  0.18    0.16    2.17 ^ input1/X (sky130_fd_sc_hd__dlymetal6s2s_1)
     3    0.02                           net1 (net)
                  0.18    0.00    2.17 ^ fanout14/A (sky130_fd_sc_hd__buf_2)
                  0.16    0.22    2.39 ^ fanout14/X (sky130_fd_sc_hd__buf_2)
     8    0.03                           net14 (net)
                  0.16    0.00    2.39 ^ fanout13/A (sky130_fd_sc_hd__clkbuf_2)
                  0.14    0.20    2.59 ^ fanout13/X (sky130_fd_sc_hd__clkbuf_2)
     6    0.02                           net13 (net)
                  0.14    0.00    2.59 ^ _1326_/RESET_B (sky130_fd_sc_hd__dfrtp_2)
                                  2.59   data arrival time

                          0.00    0.00   clock clk (rise edge)
                          0.00    0.00   clock source latency
                  0.09    0.06    0.06 ^ clk (in)
     1    0.02                           clk (net)
                  0.09    0.00    0.06 ^ clkbuf_0_clk/A (sky130_fd_sc_hd__clkbuf_16)
                  0.11    0.21    0.27 ^ clkbuf_0_clk/X (sky130_fd_sc_hd__clkbuf_16)
    16    0.09                           clknet_0_clk (net)
                  0.11    0.00    0.27 ^ clkbuf_4_11_0_clk/A (sky130_fd_sc_hd__clkbuf_8)
                  0.07    0.18    0.45 ^ clkbuf_4_11_0_clk/X (sky130_fd_sc_hd__clkbuf_8)
    12    0.03                           clknet_4_11_0_clk (net)
                  0.07    0.00    0.45 ^ _1326_/CLK (sky130_fd_sc_hd__dfrtp_2)
                          0.25    0.70   clock uncertainty
                          0.00    0.70   clock reconvergence pessimism
                          0.35    1.05   library removal time
                                  1.05   data required time
-----------------------------------------------------------------------------
                                  1.05   data required time
                                 -2.59   data arrival time
-----------------------------------------------------------------------------
                                  1.54   slack (MET)


Startpoint: rst_n (input port clocked by clk)
Endpoint: _1179_ (removal check against rising-edge clock clk)
Path Group: asynchronous
Path Type: min

Fanout     Cap    Slew   Delay    Time   Description
-----------------------------------------------------------------------------
                          0.00    0.00   clock clk (rise edge)
                          0.00    0.00   clock network delay (propagated)
                          2.00    2.00 ^ input external delay
                  0.02    0.01    2.01 ^ rst_n (in)
     1    0.00                           rst_n (net)
                  0.02    0.00    2.01 ^ input1/A (sky130_fd_sc_hd__dlymetal6s2s_1)
                  0.18    0.16    2.17 ^ input1/X (sky130_fd_sc_hd__dlymetal6s2s_1)
     3    0.02                           net1 (net)
                  0.18    0.00    2.17 ^ fanout14/A (sky130_fd_sc_hd__buf_2)
                  0.16    0.22    2.39 ^ fanout14/X (sky130_fd_sc_hd__buf_2)
     8    0.03                           net14 (net)
                  0.16    0.00    2.39 ^ fanout13/A (sky130_fd_sc_hd__clkbuf_2)
                  0.14    0.20    2.59 ^ fanout13/X (sky130_fd_sc_hd__clkbuf_2)
     6    0.02                           net13 (net)
                  0.14    0.00    2.59 ^ _1179_/RESET_B (sky130_fd_sc_hd__dfrtp_1)
                                  2.59   data arrival time

                          0.00    0.00   clock clk (rise edge)
                          0.00    0.00   clock source latency
                  0.09    0.06    0.06 ^ clk (in)
     1    0.02                           clk (net)
                  0.09    0.00    0.06 ^ clkbuf_0_clk/A (sky130_fd_sc_hd__clkbuf_16)
                  0.11    0.21    0.27 ^ clkbuf_0_clk/X (sky130_fd_sc_hd__clkbuf_16)
    16    0.09                           clknet_0_clk (net)
                  0.11    0.00    0.27 ^ clkbuf_4_14_0_clk/A (sky130_fd_sc_hd__clkbuf_8)
                  0.06    0.17    0.44 ^ clkbuf_4_14_0_clk/X (sky130_fd_sc_hd__clkbuf_8)
     8    0.02                           clknet_4_14_0_clk (net)
                  0.06    0.00    0.44 ^ _1179_/CLK (sky130_fd_sc_hd__dfrtp_1)
                          0.25    0.69   clock uncertainty
                          0.00    0.69   clock reconvergence pessimism
                          0.35    1.04   library removal time
                                  1.04   data required time
-----------------------------------------------------------------------------
                                  1.04   data required time
                                 -2.59   data arrival time
-----------------------------------------------------------------------------
                                  1.55   slack (MET)


Startpoint: rst_n (input port clocked by clk)
Endpoint: _1327_ (removal check against rising-edge clock clk)
Path Group: asynchronous
Path Type: min

Fanout     Cap    Slew   Delay    Time   Description
-----------------------------------------------------------------------------
                          0.00    0.00   clock clk (rise edge)
                          0.00    0.00   clock network delay (propagated)
                          2.00    2.00 ^ input external delay
                  0.02    0.01    2.01 ^ rst_n (in)
     1    0.00                           rst_n (net)
                  0.02    0.00    2.01 ^ input1/A (sky130_fd_sc_hd__dlymetal6s2s_1)
                  0.18    0.16    2.17 ^ input1/X (sky130_fd_sc_hd__dlymetal6s2s_1)
     3    0.02                           net1 (net)
                  0.18    0.00    2.17 ^ fanout14/A (sky130_fd_sc_hd__buf_2)
                  0.16    0.22    2.39 ^ fanout14/X (sky130_fd_sc_hd__buf_2)
     8    0.03                           net14 (net)
                  0.16    0.00    2.39 ^ fanout13/A (sky130_fd_sc_hd__clkbuf_2)
                  0.14    0.20    2.59 ^ fanout13/X (sky130_fd_sc_hd__clkbuf_2)
     6    0.02                           net13 (net)
                  0.14    0.00    2.59 ^ _1327_/RESET_B (sky130_fd_sc_hd__dfrtp_1)
                                  2.59   data arrival time

                          0.00    0.00   clock clk (rise edge)
                          0.00    0.00   clock source latency
                  0.09    0.06    0.06 ^ clk (in)
     1    0.02                           clk (net)
                  0.09    0.00    0.06 ^ clkbuf_0_clk/A (sky130_fd_sc_hd__clkbuf_16)
                  0.11    0.21    0.27 ^ clkbuf_0_clk/X (sky130_fd_sc_hd__clkbuf_16)
    16    0.09                           clknet_0_clk (net)
                  0.11    0.00    0.27 ^ clkbuf_4_14_0_clk/A (sky130_fd_sc_hd__clkbuf_8)
                  0.06    0.17    0.44 ^ clkbuf_4_14_0_clk/X (sky130_fd_sc_hd__clkbuf_8)
     8    0.02                           clknet_4_14_0_clk (net)
                  0.06    0.00    0.44 ^ _1327_/CLK (sky130_fd_sc_hd__dfrtp_1)
                          0.25    0.69   clock uncertainty
                          0.00    0.69   clock reconvergence pessimism
                          0.35    1.04   library removal time
                                  1.04   data required time
-----------------------------------------------------------------------------
                                  1.04   data required time
                                 -2.59   data arrival time
-----------------------------------------------------------------------------
                                  1.55   slack (MET)


Startpoint: rst_n (input port clocked by clk)
Endpoint: _1317_ (removal check against rising-edge clock clk)
Path Group: asynchronous
Path Type: min

Fanout     Cap    Slew   Delay    Time   Description
-----------------------------------------------------------------------------
                          0.00    0.00   clock clk (rise edge)
                          0.00    0.00   clock network delay (propagated)
                          2.00    2.00 ^ input external delay
                  0.02    0.01    2.01 ^ rst_n (in)
     1    0.00                           rst_n (net)
                  0.02    0.00    2.01 ^ input1/A (sky130_fd_sc_hd__dlymetal6s2s_1)
                  0.18    0.16    2.17 ^ input1/X (sky130_fd_sc_hd__dlymetal6s2s_1)
     3    0.02                           net1 (net)
                  0.18    0.00    2.17 ^ fanout14/A (sky130_fd_sc_hd__buf_2)
                  0.16    0.22    2.39 ^ fanout14/X (sky130_fd_sc_hd__buf_2)
     8    0.03                           net14 (net)
                  0.16    0.00    2.39 ^ fanout12/A (sky130_fd_sc_hd__clkbuf_4)
                  0.14    0.23    2.62 ^ fanout12/X (sky130_fd_sc_hd__clkbuf_4)
    10    0.04                           net12 (net)
                  0.14    0.00    2.62 ^ _1317_/RESET_B (sky130_fd_sc_hd__dfrtp_1)
                                  2.62   data arrival time

                          0.00    0.00   clock clk (rise edge)
                          0.00    0.00   clock source latency
                  0.09    0.06    0.06 ^ clk (in)
     1    0.02                           clk (net)
                  0.09    0.00    0.06 ^ clkbuf_0_clk/A (sky130_fd_sc_hd__clkbuf_16)
                  0.11    0.21    0.27 ^ clkbuf_0_clk/X (sky130_fd_sc_hd__clkbuf_16)
    16    0.09                           clknet_0_clk (net)
                  0.11    0.00    0.27 ^ clkbuf_4_10_0_clk/A (sky130_fd_sc_hd__clkbuf_8)
                  0.08    0.19    0.46 ^ clkbuf_4_10_0_clk/X (sky130_fd_sc_hd__clkbuf_8)
    15    0.04                           clknet_4_10_0_clk (net)
                  0.08    0.00    0.46 ^ _1317_/CLK (sky130_fd_sc_hd__dfrtp_1)
                          0.25    0.71   clock uncertainty
                          0.00    0.71   clock reconvergence pessimism
                          0.36    1.07   library removal time
                                  1.07   data required time
-----------------------------------------------------------------------------
                                  1.07   data required time
                                 -2.62   data arrival time
-----------------------------------------------------------------------------
                                  1.56   slack (MET)


Startpoint: rst_n (input port clocked by clk)
Endpoint: _1318_ (removal check against rising-edge clock clk)
Path Group: asynchronous
Path Type: min

Fanout     Cap    Slew   Delay    Time   Description
-----------------------------------------------------------------------------
                          0.00    0.00   clock clk (rise edge)
                          0.00    0.00   clock network delay (propagated)
                          2.00    2.00 ^ input external delay
                  0.02    0.01    2.01 ^ rst_n (in)
     1    0.00                           rst_n (net)
                  0.02    0.00    2.01 ^ input1/A (sky130_fd_sc_hd__dlymetal6s2s_1)
                  0.18    0.16    2.17 ^ input1/X (sky130_fd_sc_hd__dlymetal6s2s_1)
     3    0.02                           net1 (net)
                  0.18    0.00    2.17 ^ fanout14/A (sky130_fd_sc_hd__buf_2)
                  0.16    0.22    2.39 ^ fanout14/X (sky130_fd_sc_hd__buf_2)
     8    0.03                           net14 (net)
                  0.16    0.00    2.39 ^ fanout12/A (sky130_fd_sc_hd__clkbuf_4)
                  0.14    0.23    2.62 ^ fanout12/X (sky130_fd_sc_hd__clkbuf_4)
    10    0.04                           net12 (net)
                  0.14    0.00    2.62 ^ _1318_/RESET_B (sky130_fd_sc_hd__dfrtp_1)
                                  2.62   data arrival time

                          0.00    0.00   clock clk (rise edge)
                          0.00    0.00   clock source latency
                  0.09    0.06    0.06 ^ clk (in)
     1    0.02                           clk (net)
                  0.09    0.00    0.06 ^ clkbuf_0_clk/A (sky130_fd_sc_hd__clkbuf_16)
                  0.11    0.21    0.27 ^ clkbuf_0_clk/X (sky130_fd_sc_hd__clkbuf_16)
    16    0.09                           clknet_0_clk (net)
                  0.11    0.00    0.27 ^ clkbuf_4_10_0_clk/A (sky130_fd_sc_hd__clkbuf_8)
                  0.08    0.19    0.46 ^ clkbuf_4_10_0_clk/X (sky130_fd_sc_hd__clkbuf_8)
    15    0.04                           clknet_4_10_0_clk (net)
                  0.08    0.00    0.46 ^ _1318_/CLK (sky130_fd_sc_hd__dfrtp_1)
                          0.25    0.71   clock uncertainty
                          0.00    0.71   clock reconvergence pessimism
                          0.36    1.07   library removal time
                                  1.07   data required time
-----------------------------------------------------------------------------
                                  1.07   data required time
                                 -2.62   data arrival time
-----------------------------------------------------------------------------
                                  1.56   slack (MET)


Startpoint: rst_n (input port clocked by clk)
Endpoint: _1321_ (removal check against rising-edge clock clk)
Path Group: asynchronous
Path Type: min

Fanout     Cap    Slew   Delay    Time   Description
-----------------------------------------------------------------------------
                          0.00    0.00   clock clk (rise edge)
                          0.00    0.00   clock network delay (propagated)
                          2.00    2.00 ^ input external delay
                  0.02    0.01    2.01 ^ rst_n (in)
     1    0.00                           rst_n (net)
                  0.02    0.00    2.01 ^ input1/A (sky130_fd_sc_hd__dlymetal6s2s_1)
                  0.18    0.16    2.17 ^ input1/X (sky130_fd_sc_hd__dlymetal6s2s_1)
     3    0.02                           net1 (net)
                  0.18    0.00    2.17 ^ fanout14/A (sky130_fd_sc_hd__buf_2)
                  0.16    0.22    2.39 ^ fanout14/X (sky130_fd_sc_hd__buf_2)
     8    0.03                           net14 (net)
                  0.16    0.00    2.39 ^ fanout12/A (sky130_fd_sc_hd__clkbuf_4)
                  0.14    0.23    2.62 ^ fanout12/X (sky130_fd_sc_hd__clkbuf_4)
    10    0.04                           net12 (net)
                  0.14    0.00    2.62 ^ _1321_/RESET_B (sky130_fd_sc_hd__dfrtp_1)
                                  2.62   data arrival time

                          0.00    0.00   clock clk (rise edge)
                          0.00    0.00   clock source latency
                  0.09    0.06    0.06 ^ clk (in)
     1    0.02                           clk (net)
                  0.09    0.00    0.06 ^ clkbuf_0_clk/A (sky130_fd_sc_hd__clkbuf_16)
                  0.11    0.21    0.27 ^ clkbuf_0_clk/X (sky130_fd_sc_hd__clkbuf_16)
    16    0.09                           clknet_0_clk (net)
                  0.11    0.00    0.27 ^ clkbuf_4_10_0_clk/A (sky130_fd_sc_hd__clkbuf_8)
                  0.08    0.19    0.46 ^ clkbuf_4_10_0_clk/X (sky130_fd_sc_hd__clkbuf_8)
    15    0.04                           clknet_4_10_0_clk (net)
                  0.08    0.00    0.46 ^ _1321_/CLK (sky130_fd_sc_hd__dfrtp_1)
                          0.25    0.71   clock uncertainty
                          0.00    0.71   clock reconvergence pessimism
                          0.36    1.07   library removal time
                                  1.07   data required time
-----------------------------------------------------------------------------
                                  1.07   data required time
                                 -2.62   data arrival time
-----------------------------------------------------------------------------
                                  1.56   slack (MET)


Startpoint: rst_n (input port clocked by clk)
Endpoint: _1322_ (removal check against rising-edge clock clk)
Path Group: asynchronous
Path Type: min

Fanout     Cap    Slew   Delay    Time   Description
-----------------------------------------------------------------------------
                          0.00    0.00   clock clk (rise edge)
                          0.00    0.00   clock network delay (propagated)
                          2.00    2.00 ^ input external delay
                  0.02    0.01    2.01 ^ rst_n (in)
     1    0.00                           rst_n (net)
                  0.02    0.00    2.01 ^ input1/A (sky130_fd_sc_hd__dlymetal6s2s_1)
                  0.18    0.16    2.17 ^ input1/X (sky130_fd_sc_hd__dlymetal6s2s_1)
     3    0.02                           net1 (net)
                  0.18    0.00    2.17 ^ fanout14/A (sky130_fd_sc_hd__buf_2)
                  0.16    0.22    2.39 ^ fanout14/X (sky130_fd_sc_hd__buf_2)
     8    0.03                           net14 (net)
                  0.16    0.00    2.39 ^ fanout12/A (sky130_fd_sc_hd__clkbuf_4)
                  0.14    0.23    2.62 ^ fanout12/X (sky130_fd_sc_hd__clkbuf_4)
    10    0.04                           net12 (net)
                  0.14    0.00    2.62 ^ _1322_/RESET_B (sky130_fd_sc_hd__dfrtp_1)
                                  2.62   data arrival time

                          0.00    0.00   clock clk (rise edge)
                          0.00    0.00   clock source latency
                  0.09    0.06    0.06 ^ clk (in)
     1    0.02                           clk (net)
                  0.09    0.00    0.06 ^ clkbuf_0_clk/A (sky130_fd_sc_hd__clkbuf_16)
                  0.11    0.21    0.27 ^ clkbuf_0_clk/X (sky130_fd_sc_hd__clkbuf_16)
    16    0.09                           clknet_0_clk (net)
                  0.11    0.00    0.27 ^ clkbuf_4_10_0_clk/A (sky130_fd_sc_hd__clkbuf_8)
                  0.08    0.19    0.46 ^ clkbuf_4_10_0_clk/X (sky130_fd_sc_hd__clkbuf_8)
    15    0.04                           clknet_4_10_0_clk (net)
                  0.08    0.00    0.46 ^ _1322_/CLK (sky130_fd_sc_hd__dfrtp_1)
                          0.25    0.71   clock uncertainty
                          0.00    0.71   clock reconvergence pessimism
                          0.36    1.07   library removal time
                                  1.07   data required time
-----------------------------------------------------------------------------
                                  1.07   data required time
                                 -2.62   data arrival time
-----------------------------------------------------------------------------
                                  1.56   slack (MET)


Startpoint: rst_n (input port clocked by clk)
Endpoint: _1329_ (removal check against rising-edge clock clk)
Path Group: asynchronous
Path Type: min

Fanout     Cap    Slew   Delay    Time   Description
-----------------------------------------------------------------------------
                          0.00    0.00   clock clk (rise edge)
                          0.00    0.00   clock network delay (propagated)
                          2.00    2.00 ^ input external delay
                  0.02    0.01    2.01 ^ rst_n (in)
     1    0.00                           rst_n (net)
                  0.02    0.00    2.01 ^ input1/A (sky130_fd_sc_hd__dlymetal6s2s_1)
                  0.18    0.16    2.17 ^ input1/X (sky130_fd_sc_hd__dlymetal6s2s_1)
     3    0.02                           net1 (net)
                  0.18    0.00    2.17 ^ fanout14/A (sky130_fd_sc_hd__buf_2)
                  0.16    0.22    2.39 ^ fanout14/X (sky130_fd_sc_hd__buf_2)
     8    0.03                           net14 (net)
                  0.16    0.00    2.39 ^ fanout12/A (sky130_fd_sc_hd__clkbuf_4)
                  0.14    0.23    2.62 ^ fanout12/X (sky130_fd_sc_hd__clkbuf_4)
    10    0.04                           net12 (net)
                  0.14    0.00    2.62 ^ _1329_/RESET_B (sky130_fd_sc_hd__dfrtp_1)
                                  2.62   data arrival time

                          0.00    0.00   clock clk (rise edge)
                          0.00    0.00   clock source latency
                  0.09    0.06    0.06 ^ clk (in)
     1    0.02                           clk (net)
                  0.09    0.00    0.06 ^ clkbuf_0_clk/A (sky130_fd_sc_hd__clkbuf_16)
                  0.11    0.21    0.27 ^ clkbuf_0_clk/X (sky130_fd_sc_hd__clkbuf_16)
    16    0.09                           clknet_0_clk (net)
                  0.11    0.00    0.27 ^ clkbuf_4_10_0_clk/A (sky130_fd_sc_hd__clkbuf_8)
                  0.08    0.19    0.46 ^ clkbuf_4_10_0_clk/X (sky130_fd_sc_hd__clkbuf_8)
    15    0.04                           clknet_4_10_0_clk (net)
                  0.08    0.00    0.46 ^ _1329_/CLK (sky130_fd_sc_hd__dfrtp_1)
                          0.25    0.71   clock uncertainty
                          0.00    0.71   clock reconvergence pessimism
                          0.36    1.07   library removal time
                                  1.07   data required time
-----------------------------------------------------------------------------
                                  1.07   data required time
                                 -2.62   data arrival time
-----------------------------------------------------------------------------
                                  1.56   slack (MET)


Startpoint: rst_n (input port clocked by clk)
Endpoint: _1307_ (removal check against rising-edge clock clk)
Path Group: asynchronous
Path Type: min

Fanout     Cap    Slew   Delay    Time   Description
-----------------------------------------------------------------------------
                          0.00    0.00   clock clk (rise edge)
                          0.00    0.00   clock network delay (propagated)
                          2.00    2.00 ^ input external delay
                  0.02    0.01    2.01 ^ rst_n (in)
     1    0.00                           rst_n (net)
                  0.02    0.00    2.01 ^ input1/A (sky130_fd_sc_hd__dlymetal6s2s_1)
                  0.18    0.16    2.17 ^ input1/X (sky130_fd_sc_hd__dlymetal6s2s_1)
     3    0.02                           net1 (net)
                  0.18    0.00    2.17 ^ fanout14/A (sky130_fd_sc_hd__buf_2)
                  0.16    0.22    2.39 ^ fanout14/X (sky130_fd_sc_hd__buf_2)
     8    0.03                           net14 (net)
                  0.16    0.00    2.39 ^ fanout12/A (sky130_fd_sc_hd__clkbuf_4)
                  0.14    0.23    2.62 ^ fanout12/X (sky130_fd_sc_hd__clkbuf_4)
    10    0.04                           net12 (net)
                  0.14    0.00    2.62 ^ _1307_/RESET_B (sky130_fd_sc_hd__dfrtp_1)
                                  2.62   data arrival time

                          0.00    0.00   clock clk (rise edge)
                          0.00    0.00   clock source latency
                  0.09    0.06    0.06 ^ clk (in)
     1    0.02                           clk (net)
                  0.09    0.00    0.06 ^ clkbuf_0_clk/A (sky130_fd_sc_hd__clkbuf_16)
                  0.11    0.21    0.27 ^ clkbuf_0_clk/X (sky130_fd_sc_hd__clkbuf_16)
    16    0.09                           clknet_0_clk (net)
                  0.11    0.00    0.27 ^ clkbuf_4_10_0_clk/A (sky130_fd_sc_hd__clkbuf_8)
                  0.08    0.19    0.46 ^ clkbuf_4_10_0_clk/X (sky130_fd_sc_hd__clkbuf_8)
    15    0.04                           clknet_4_10_0_clk (net)
                  0.08    0.00    0.46 ^ _1307_/CLK (sky130_fd_sc_hd__dfrtp_1)
                          0.25    0.71   clock uncertainty
                          0.00    0.71   clock reconvergence pessimism
                          0.36    1.07   library removal time
                                  1.07   data required time
-----------------------------------------------------------------------------
                                  1.07   data required time
                                 -2.62   data arrival time
-----------------------------------------------------------------------------
                                  1.56   slack (MET)


Startpoint: rst_n (input port clocked by clk)
Endpoint: _1314_ (removal check against rising-edge clock clk)
Path Group: asynchronous
Path Type: min

Fanout     Cap    Slew   Delay    Time   Description
-----------------------------------------------------------------------------
                          0.00    0.00   clock clk (rise edge)
                          0.00    0.00   clock network delay (propagated)
                          2.00    2.00 ^ input external delay
                  0.02    0.01    2.01 ^ rst_n (in)
     1    0.00                           rst_n (net)
                  0.02    0.00    2.01 ^ input1/A (sky130_fd_sc_hd__dlymetal6s2s_1)
                  0.18    0.16    2.17 ^ input1/X (sky130_fd_sc_hd__dlymetal6s2s_1)
     3    0.02                           net1 (net)
                  0.18    0.00    2.17 ^ fanout14/A (sky130_fd_sc_hd__buf_2)
                  0.16    0.22    2.39 ^ fanout14/X (sky130_fd_sc_hd__buf_2)
     8    0.03                           net14 (net)
                  0.16    0.00    2.39 ^ fanout12/A (sky130_fd_sc_hd__clkbuf_4)
                  0.14    0.23    2.62 ^ fanout12/X (sky130_fd_sc_hd__clkbuf_4)
    10    0.04                           net12 (net)
                  0.14    0.00    2.62 ^ _1314_/RESET_B (sky130_fd_sc_hd__dfrtp_1)
                                  2.62   data arrival time

                          0.00    0.00   clock clk (rise edge)
                          0.00    0.00   clock source latency
                  0.09    0.06    0.06 ^ clk (in)
     1    0.02                           clk (net)
                  0.09    0.00    0.06 ^ clkbuf_0_clk/A (sky130_fd_sc_hd__clkbuf_16)
                  0.11    0.21    0.27 ^ clkbuf_0_clk/X (sky130_fd_sc_hd__clkbuf_16)
    16    0.09                           clknet_0_clk (net)
                  0.11    0.00    0.27 ^ clkbuf_4_11_0_clk/A (sky130_fd_sc_hd__clkbuf_8)
                  0.07    0.18    0.45 ^ clkbuf_4_11_0_clk/X (sky130_fd_sc_hd__clkbuf_8)
    12    0.03                           clknet_4_11_0_clk (net)
                  0.07    0.00    0.45 ^ _1314_/CLK (sky130_fd_sc_hd__dfrtp_1)
                          0.25    0.70   clock uncertainty
                          0.00    0.70   clock reconvergence pessimism
                          0.35    1.05   library removal time
                                  1.05   data required time
-----------------------------------------------------------------------------
                                  1.05   data required time
                                 -2.62   data arrival time
-----------------------------------------------------------------------------
                                  1.57   slack (MET)


Startpoint: rst_n (input port clocked by clk)
Endpoint: _1319_ (removal check against rising-edge clock clk)
Path Group: asynchronous
Path Type: min

Fanout     Cap    Slew   Delay    Time   Description
-----------------------------------------------------------------------------
                          0.00    0.00   clock clk (rise edge)
                          0.00    0.00   clock network delay (propagated)
                          2.00    2.00 ^ input external delay
                  0.02    0.01    2.01 ^ rst_n (in)
     1    0.00                           rst_n (net)
                  0.02    0.00    2.01 ^ input1/A (sky130_fd_sc_hd__dlymetal6s2s_1)
                  0.18    0.16    2.17 ^ input1/X (sky130_fd_sc_hd__dlymetal6s2s_1)
     3    0.02                           net1 (net)
                  0.18    0.00    2.17 ^ fanout14/A (sky130_fd_sc_hd__buf_2)
                  0.16    0.22    2.39 ^ fanout14/X (sky130_fd_sc_hd__buf_2)
     8    0.03                           net14 (net)
                  0.16    0.00    2.39 ^ fanout12/A (sky130_fd_sc_hd__clkbuf_4)
                  0.14    0.23    2.62 ^ fanout12/X (sky130_fd_sc_hd__clkbuf_4)
    10    0.04                           net12 (net)
                  0.14    0.00    2.62 ^ _1319_/RESET_B (sky130_fd_sc_hd__dfrtp_1)
                                  2.62   data arrival time

                          0.00    0.00   clock clk (rise edge)
                          0.00    0.00   clock source latency
                  0.09    0.06    0.06 ^ clk (in)
     1    0.02                           clk (net)
                  0.09    0.00    0.06 ^ clkbuf_0_clk/A (sky130_fd_sc_hd__clkbuf_16)
                  0.11    0.21    0.27 ^ clkbuf_0_clk/X (sky130_fd_sc_hd__clkbuf_16)
    16    0.09                           clknet_0_clk (net)
                  0.11    0.00    0.27 ^ clkbuf_4_11_0_clk/A (sky130_fd_sc_hd__clkbuf_8)
                  0.07    0.18    0.45 ^ clkbuf_4_11_0_clk/X (sky130_fd_sc_hd__clkbuf_8)
    12    0.03                           clknet_4_11_0_clk (net)
                  0.07    0.00    0.45 ^ _1319_/CLK (sky130_fd_sc_hd__dfrtp_1)
                          0.25    0.70   clock uncertainty
                          0.00    0.70   clock reconvergence pessimism
                          0.35    1.05   library removal time
                                  1.05   data required time
-----------------------------------------------------------------------------
                                  1.05   data required time
                                 -2.62   data arrival time
-----------------------------------------------------------------------------
                                  1.57   slack (MET)


Startpoint: rst_n (input port clocked by clk)
Endpoint: _1325_ (removal check against rising-edge clock clk)
Path Group: asynchronous
Path Type: min

Fanout     Cap    Slew   Delay    Time   Description
-----------------------------------------------------------------------------
                          0.00    0.00   clock clk (rise edge)
                          0.00    0.00   clock network delay (propagated)
                          2.00    2.00 ^ input external delay
                  0.02    0.01    2.01 ^ rst_n (in)
     1    0.00                           rst_n (net)
                  0.02    0.00    2.01 ^ input1/A (sky130_fd_sc_hd__dlymetal6s2s_1)
                  0.18    0.16    2.17 ^ input1/X (sky130_fd_sc_hd__dlymetal6s2s_1)
     3    0.02                           net1 (net)
                  0.18    0.00    2.17 ^ fanout14/A (sky130_fd_sc_hd__buf_2)
                  0.16    0.22    2.39 ^ fanout14/X (sky130_fd_sc_hd__buf_2)
     8    0.03                           net14 (net)
                  0.16    0.00    2.39 ^ fanout12/A (sky130_fd_sc_hd__clkbuf_4)
                  0.14    0.23    2.62 ^ fanout12/X (sky130_fd_sc_hd__clkbuf_4)
    10    0.04                           net12 (net)
                  0.14    0.00    2.62 ^ _1325_/RESET_B (sky130_fd_sc_hd__dfrtp_1)
                                  2.62   data arrival time

                          0.00    0.00   clock clk (rise edge)
                          0.00    0.00   clock source latency
                  0.09    0.06    0.06 ^ clk (in)
     1    0.02                           clk (net)
                  0.09    0.00    0.06 ^ clkbuf_0_clk/A (sky130_fd_sc_hd__clkbuf_16)
                  0.11    0.21    0.27 ^ clkbuf_0_clk/X (sky130_fd_sc_hd__clkbuf_16)
    16    0.09                           clknet_0_clk (net)
                  0.11    0.00    0.27 ^ clkbuf_4_11_0_clk/A (sky130_fd_sc_hd__clkbuf_8)
                  0.07    0.18    0.45 ^ clkbuf_4_11_0_clk/X (sky130_fd_sc_hd__clkbuf_8)
    12    0.03                           clknet_4_11_0_clk (net)
                  0.07    0.00    0.45 ^ _1325_/CLK (sky130_fd_sc_hd__dfrtp_1)
                          0.25    0.70   clock uncertainty
                          0.00    0.70   clock reconvergence pessimism
                          0.35    1.05   library removal time
                                  1.05   data required time
-----------------------------------------------------------------------------
                                  1.05   data required time
                                 -2.62   data arrival time
-----------------------------------------------------------------------------
                                  1.57   slack (MET)


Startpoint: rst_n (input port clocked by clk)
Endpoint: _1328_ (removal check against rising-edge clock clk)
Path Group: asynchronous
Path Type: min

Fanout     Cap    Slew   Delay    Time   Description
-----------------------------------------------------------------------------
                          0.00    0.00   clock clk (rise edge)
                          0.00    0.00   clock network delay (propagated)
                          2.00    2.00 ^ input external delay
                  0.02    0.01    2.01 ^ rst_n (in)
     1    0.00                           rst_n (net)
                  0.02    0.00    2.01 ^ input1/A (sky130_fd_sc_hd__dlymetal6s2s_1)
                  0.18    0.16    2.17 ^ input1/X (sky130_fd_sc_hd__dlymetal6s2s_1)
     3    0.02                           net1 (net)
                  0.18    0.00    2.17 ^ fanout14/A (sky130_fd_sc_hd__buf_2)
                  0.16    0.22    2.39 ^ fanout14/X (sky130_fd_sc_hd__buf_2)
     8    0.03                           net14 (net)
                  0.16    0.00    2.39 ^ fanout12/A (sky130_fd_sc_hd__clkbuf_4)
                  0.14    0.23    2.62 ^ fanout12/X (sky130_fd_sc_hd__clkbuf_4)
    10    0.04                           net12 (net)
                  0.14    0.00    2.62 ^ _1328_/SET_B (sky130_fd_sc_hd__dfstp_1)
                                  2.62   data arrival time

                          0.00    0.00   clock clk (rise edge)
                          0.00    0.00   clock source latency
                  0.09    0.06    0.06 ^ clk (in)
     1    0.02                           clk (net)
                  0.09    0.00    0.06 ^ clkbuf_0_clk/A (sky130_fd_sc_hd__clkbuf_16)
                  0.11    0.21    0.27 ^ clkbuf_0_clk/X (sky130_fd_sc_hd__clkbuf_16)
    16    0.09                           clknet_0_clk (net)
                  0.11    0.00    0.27 ^ clkbuf_4_10_0_clk/A (sky130_fd_sc_hd__clkbuf_8)
                  0.08    0.19    0.46 ^ clkbuf_4_10_0_clk/X (sky130_fd_sc_hd__clkbuf_8)
    15    0.04                           clknet_4_10_0_clk (net)
                  0.08    0.00    0.46 ^ _1328_/CLK (sky130_fd_sc_hd__dfstp_1)
                          0.25    0.71   clock uncertainty
                          0.00    0.71   clock reconvergence pessimism
                          0.16    0.87   library removal time
                                  0.87   data required time
-----------------------------------------------------------------------------
                                  0.87   data required time
                                 -2.62   data arrival time
-----------------------------------------------------------------------------
                                  1.76   slack (MET)


Startpoint: _1323_ (rising edge-triggered flip-flop clocked by clk)
Endpoint: pass_fail (output port clocked by clk)
Path Group: clk
Path Type: min

Fanout     Cap    Slew   Delay    Time   Description
-----------------------------------------------------------------------------
                          0.00    0.00   clock clk (rise edge)
                          0.00    0.00   clock source latency
                  0.09    0.06    0.06 ^ clk (in)
     1    0.02                           clk (net)
                  0.09    0.00    0.06 ^ clkbuf_0_clk/A (sky130_fd_sc_hd__clkbuf_16)
                  0.11    0.19    0.25 ^ clkbuf_0_clk/X (sky130_fd_sc_hd__clkbuf_16)
    16    0.09                           clknet_0_clk (net)
                  0.11    0.00    0.25 ^ clkbuf_4_11_0_clk/A (sky130_fd_sc_hd__clkbuf_8)
                  0.07    0.16    0.41 ^ clkbuf_4_11_0_clk/X (sky130_fd_sc_hd__clkbuf_8)
    12    0.03                           clknet_4_11_0_clk (net)
                  0.07    0.00    0.41 ^ _1323_/CLK (sky130_fd_sc_hd__dfrtp_1)
                  0.07    0.33    0.74 ^ _1323_/Q (sky130_fd_sc_hd__dfrtp_1)
     2    0.01                           net4 (net)
                  0.07    0.00    0.74 ^ output4/A (sky130_fd_sc_hd__buf_2)
                  0.17    0.20    0.93 ^ output4/X (sky130_fd_sc_hd__buf_2)
     1    0.03                           pass_fail (net)
                  0.17    0.00    0.93 ^ pass_fail (out)
                                  0.93   data arrival time

                          0.00    0.00   clock clk (rise edge)
                          0.00    0.00   clock network delay (propagated)
                          0.25    0.25   clock uncertainty
                          0.00    0.25   clock reconvergence pessimism
                         -2.00   -1.75   output external delay
                                 -1.75   data required time
-----------------------------------------------------------------------------
                                 -1.75   data required time
                                 -0.93   data arrival time
-----------------------------------------------------------------------------
                                  2.68   slack (MET)


Startpoint: _1329_ (rising edge-triggered flip-flop clocked by clk)
Endpoint: done (output port clocked by clk)
Path Group: clk
Path Type: min

Fanout     Cap    Slew   Delay    Time   Description
-----------------------------------------------------------------------------
                          0.00    0.00   clock clk (rise edge)
                          0.00    0.00   clock source latency
                  0.09    0.06    0.06 ^ clk (in)
     1    0.02                           clk (net)
                  0.09    0.00    0.06 ^ clkbuf_0_clk/A (sky130_fd_sc_hd__clkbuf_16)
                  0.11    0.19    0.25 ^ clkbuf_0_clk/X (sky130_fd_sc_hd__clkbuf_16)
    16    0.09                           clknet_0_clk (net)
                  0.11    0.00    0.25 ^ clkbuf_4_10_0_clk/A (sky130_fd_sc_hd__clkbuf_8)
                  0.08    0.17    0.42 ^ clkbuf_4_10_0_clk/X (sky130_fd_sc_hd__clkbuf_8)
    15    0.04                           clknet_4_10_0_clk (net)
                  0.08    0.00    0.42 ^ _1329_/CLK (sky130_fd_sc_hd__dfrtp_1)
                  0.13    0.38    0.79 ^ _1329_/Q (sky130_fd_sc_hd__dfrtp_1)
     1    0.01                           net3 (net)
                  0.13    0.00    0.79 ^ output3/A (sky130_fd_sc_hd__clkbuf_4)
                  0.11    0.21    1.00 ^ output3/X (sky130_fd_sc_hd__clkbuf_4)
     1    0.03                           done (net)
                  0.11    0.00    1.00 ^ done (out)
                                  1.00   data arrival time

                          0.00    0.00   clock clk (rise edge)
                          0.00    0.00   clock network delay (propagated)
                          0.25    0.25   clock uncertainty
                          0.00    0.25   clock reconvergence pessimism
                         -2.00   -1.75   output external delay
                                 -1.75   data required time
-----------------------------------------------------------------------------
                                 -1.75   data required time
                                 -1.00   data arrival time
-----------------------------------------------------------------------------
                                  2.75   slack (MET)



