OpenROAD 41a51eaf4ca2171c92ff38afb91eb37bbd3f36da 
This program is licensed under the BSD-3 license. See the LICENSE file for details.
Components of this program may be licensed under more restrictive licenses which must be honored.
[INFO]: Reading ODB at '/openlane/designs/bist_top/runs/RUN_2026.07.07_06.59.45/tmp/placement/5-global.odb'…
define_corners Typical
read_liberty -corner Typical /root/.ciel/sky130A/libs.ref/sky130_fd_sc_hd/lib/sky130_fd_sc_hd__tt_025C_1v80.lib
read_liberty -corner Typical /openlane/designs/bist_top/macros/sram_64x4.lib
Using 1e-12 for capacitance...
Using 1e+03 for resistance...
Using 1e-09 for time...
Using 1e+00 for voltage...
Using 1e-03 for current...
Using 1e-09 for power...
Using 1e-06 for distance...
Reading design constraints file at '/openlane/designs/bist_top/runs/RUN_2026.07.07_06.59.45/tmp/floorplan/3-initial_fp.sdc'…
[INFO]: Setting RC values...
min_report

===========================================================================
report_checks -path_delay min (Hold)
============================================================================
======================= Typical Corner ===================================

Startpoint: _1174_ (rising edge-triggered flip-flop clocked by clk)
Endpoint: _1309_ (rising edge-triggered flip-flop clocked by clk)
Path Group: clk
Path Type: min

Fanout     Cap    Slew   Delay    Time   Description
-----------------------------------------------------------------------------
                  0.15    0.00    0.00   clock clk (rise edge)
                          0.00    0.00   clock network delay (ideal)
                  0.15    0.00    0.00 ^ _1174_/CLK (sky130_fd_sc_hd__dfrtp_2)
                  0.06    0.37    0.37 ^ _1174_/Q (sky130_fd_sc_hd__dfrtp_2)
     3    0.01                           u_addr_gen.addr[1] (net)
                  0.06    0.00    0.37 ^ _1309_/D (sky130_fd_sc_hd__dfrtp_2)
                                  0.37   data arrival time

                  0.15    0.00    0.00   clock clk (rise edge)
                          0.00    0.00   clock network delay (ideal)
                          0.25    0.25   clock uncertainty
                          0.00    0.25   clock reconvergence pessimism
                                  0.25 ^ _1309_/CLK (sky130_fd_sc_hd__dfrtp_2)
                         -0.02    0.23   library hold time
                                  0.23   data required time
-----------------------------------------------------------------------------
                                  0.23   data required time
                                 -0.37   data arrival time
-----------------------------------------------------------------------------
                                  0.14   slack (MET)


Startpoint: _1314_ (rising edge-triggered flip-flop clocked by clk)
Endpoint: _1319_ (rising edge-triggered flip-flop clocked by clk)
Path Group: clk
Path Type: min

Fanout     Cap    Slew   Delay    Time   Description
-----------------------------------------------------------------------------
                  0.15    0.00    0.00   clock clk (rise edge)
                          0.00    0.00   clock network delay (ideal)
                  0.15    0.00    0.00 ^ _1314_/CLK (sky130_fd_sc_hd__dfrtp_2)
                  0.07    0.38    0.38 ^ _1314_/Q (sky130_fd_sc_hd__dfrtp_2)
     3    0.01                           u_sram.re_r (net)
                  0.07    0.00    0.38 ^ _1319_/D (sky130_fd_sc_hd__dfrtp_2)
                                  0.38   data arrival time

                  0.15    0.00    0.00   clock clk (rise edge)
                          0.00    0.00   clock network delay (ideal)
                          0.25    0.25   clock uncertainty
                          0.00    0.25   clock reconvergence pessimism
                                  0.25 ^ _1319_/CLK (sky130_fd_sc_hd__dfrtp_2)
                         -0.02    0.23   library hold time
                                  0.23   data required time
-----------------------------------------------------------------------------
                                  0.23   data required time
                                 -0.38   data arrival time
-----------------------------------------------------------------------------
                                  0.15   slack (MET)


Startpoint: _1173_ (rising edge-triggered flip-flop clocked by clk)
Endpoint: _1308_ (rising edge-triggered flip-flop clocked by clk)
Path Group: clk
Path Type: min

Fanout     Cap    Slew   Delay    Time   Description
-----------------------------------------------------------------------------
                  0.15    0.00    0.00   clock clk (rise edge)
                          0.00    0.00   clock network delay (ideal)
                  0.15    0.00    0.00 ^ _1173_/CLK (sky130_fd_sc_hd__dfrtp_2)
                  0.07    0.38    0.38 ^ _1173_/Q (sky130_fd_sc_hd__dfrtp_2)
     4    0.01                           u_addr_gen.addr[0] (net)
                  0.07    0.00    0.38 ^ _1308_/D (sky130_fd_sc_hd__dfrtp_2)
                                  0.38   data arrival time

                  0.15    0.00    0.00   clock clk (rise edge)
                          0.00    0.00   clock network delay (ideal)
                          0.25    0.25   clock uncertainty
                          0.00    0.25   clock reconvergence pessimism
                                  0.25 ^ _1308_/CLK (sky130_fd_sc_hd__dfrtp_2)
                         -0.03    0.22   library hold time
                                  0.22   data required time
-----------------------------------------------------------------------------
                                  0.22   data required time
                                 -0.38   data arrival time
-----------------------------------------------------------------------------
                                  0.16   slack (MET)


Startpoint: _1176_ (rising edge-triggered flip-flop clocked by clk)
Endpoint: _1311_ (rising edge-triggered flip-flop clocked by clk)
Path Group: clk
Path Type: min

Fanout     Cap    Slew   Delay    Time   Description
-----------------------------------------------------------------------------
                  0.15    0.00    0.00   clock clk (rise edge)
                          0.00    0.00   clock network delay (ideal)
                  0.15    0.00    0.00 ^ _1176_/CLK (sky130_fd_sc_hd__dfrtp_2)
                  0.11    0.42    0.42 ^ _1176_/Q (sky130_fd_sc_hd__dfrtp_2)
     8    0.02                           u_addr_gen.addr[3] (net)
                  0.11    0.00    0.42 ^ _1311_/D (sky130_fd_sc_hd__dfrtp_2)
                                  0.42   data arrival time

                  0.15    0.00    0.00   clock clk (rise edge)
                          0.00    0.00   clock network delay (ideal)
                          0.25    0.25   clock uncertainty
                          0.00    0.25   clock reconvergence pessimism
                                  0.25 ^ _1311_/CLK (sky130_fd_sc_hd__dfrtp_2)
                         -0.03    0.22   library hold time
                                  0.22   data required time
-----------------------------------------------------------------------------
                                  0.22   data required time
                                 -0.42   data arrival time
-----------------------------------------------------------------------------
                                  0.20   slack (MET)


Startpoint: _1175_ (rising edge-triggered flip-flop clocked by clk)
Endpoint: _1310_ (rising edge-triggered flip-flop clocked by clk)
Path Group: clk
Path Type: min

Fanout     Cap    Slew   Delay    Time   Description
-----------------------------------------------------------------------------
                  0.15    0.00    0.00   clock clk (rise edge)
                          0.00    0.00   clock network delay (ideal)
                  0.15    0.00    0.00 ^ _1175_/CLK (sky130_fd_sc_hd__dfrtp_2)
                  0.11    0.42    0.42 ^ _1175_/Q (sky130_fd_sc_hd__dfrtp_2)
     8    0.02                           u_addr_gen.addr[2] (net)
                  0.11    0.00    0.42 ^ _1310_/D (sky130_fd_sc_hd__dfrtp_2)
                                  0.42   data arrival time

                  0.15    0.00    0.00   clock clk (rise edge)
                          0.00    0.00   clock network delay (ideal)
                          0.25    0.25   clock uncertainty
                          0.00    0.25   clock reconvergence pessimism
                                  0.25 ^ _1310_/CLK (sky130_fd_sc_hd__dfrtp_2)
                         -0.03    0.22   library hold time
                                  0.22   data required time
-----------------------------------------------------------------------------
                                  0.22   data required time
                                 -0.42   data arrival time
-----------------------------------------------------------------------------
                                  0.20   slack (MET)


Startpoint: _1307_ (rising edge-triggered flip-flop clocked by clk)
Endpoint: _1322_ (rising edge-triggered flip-flop clocked by clk)
Path Group: clk
Path Type: min

Fanout     Cap    Slew   Delay    Time   Description
-----------------------------------------------------------------------------
                  0.15    0.00    0.00   clock clk (rise edge)
                          0.00    0.00   clock network delay (ideal)
                  0.15    0.00    0.00 ^ _1307_/CLK (sky130_fd_sc_hd__dfrtp_2)
                  0.05    0.36    0.36 ^ _1307_/Q (sky130_fd_sc_hd__dfrtp_2)
     2    0.01                           u_fsm.protocol_error (net)
                  0.05    0.00    0.36 ^ _0681_/C1 (sky130_fd_sc_hd__a221o_2)
                  0.03    0.09    0.45 ^ _0681_/X (sky130_fd_sc_hd__a221o_2)
     1    0.00                           _0145_ (net)
                  0.03    0.00    0.45 ^ _1322_/D (sky130_fd_sc_hd__dfrtp_2)
                                  0.45   data arrival time

                  0.15    0.00    0.00   clock clk (rise edge)
                          0.00    0.00   clock network delay (ideal)
                          0.25    0.25   clock uncertainty
                          0.00    0.25   clock reconvergence pessimism
                                  0.25 ^ _1322_/CLK (sky130_fd_sc_hd__dfrtp_2)
                         -0.02    0.23   library hold time
                                  0.23   data required time
-----------------------------------------------------------------------------
                                  0.23   data required time
                                 -0.45   data arrival time
-----------------------------------------------------------------------------
                                  0.22   slack (MET)


Startpoint: _1179_ (rising edge-triggered flip-flop clocked by clk)
Endpoint: _1180_ (rising edge-triggered flip-flop clocked by clk)
Path Group: clk
Path Type: min

Fanout     Cap    Slew   Delay    Time   Description
-----------------------------------------------------------------------------
                  0.15    0.00    0.00   clock clk (rise edge)
                          0.00    0.00   clock network delay (ideal)
                  0.15    0.00    0.00 ^ _1179_/CLK (sky130_fd_sc_hd__dfrtp_2)
                  0.05    0.36    0.36 ^ _1179_/Q (sky130_fd_sc_hd__dfrtp_2)
     2    0.01                           u_addr_gen.done (net)
                  0.05    0.00    0.36 ^ _0905_/B1_N (sky130_fd_sc_hd__o21bai_2)
                  0.04    0.09    0.45 ^ _0905_/Y (sky130_fd_sc_hd__o21bai_2)
     1    0.00                           _0014_ (net)
                  0.04    0.00    0.45 ^ _1180_/D (sky130_fd_sc_hd__dfrtp_2)
                                  0.45   data arrival time

                  0.15    0.00    0.00   clock clk (rise edge)
                          0.00    0.00   clock network delay (ideal)
                          0.25    0.25   clock uncertainty
                          0.00    0.25   clock reconvergence pessimism
                                  0.25 ^ _1180_/CLK (sky130_fd_sc_hd__dfrtp_2)
                         -0.02    0.23   library hold time
                                  0.23   data required time
-----------------------------------------------------------------------------
                                  0.23   data required time
                                 -0.45   data arrival time
-----------------------------------------------------------------------------
                                  0.22   slack (MET)


Startpoint: _1177_ (rising edge-triggered flip-flop clocked by clk)
Endpoint: _1312_ (rising edge-triggered flip-flop clocked by clk)
Path Group: clk
Path Type: min

Fanout     Cap    Slew   Delay    Time   Description
-----------------------------------------------------------------------------
                  0.15    0.00    0.00   clock clk (rise edge)
                          0.00    0.00   clock network delay (ideal)
                  0.15    0.00    0.00 ^ _1177_/CLK (sky130_fd_sc_hd__dfrtp_2)
                  0.14    0.44    0.44 ^ _1177_/Q (sky130_fd_sc_hd__dfrtp_2)
     8    0.03                           u_addr_gen.addr[4] (net)
                  0.14    0.00    0.44 ^ _1312_/D (sky130_fd_sc_hd__dfrtp_2)
                                  0.44   data arrival time

                  0.15    0.00    0.00   clock clk (rise edge)
                          0.00    0.00   clock network delay (ideal)
                          0.25    0.25   clock uncertainty
                          0.00    0.25   clock reconvergence pessimism
                                  0.25 ^ _1312_/CLK (sky130_fd_sc_hd__dfrtp_2)
                         -0.04    0.21   library hold time
                                  0.21   data required time
-----------------------------------------------------------------------------
                                  0.21   data required time
                                 -0.44   data arrival time
-----------------------------------------------------------------------------
                                  0.23   slack (MET)


Startpoint: _1178_ (rising edge-triggered flip-flop clocked by clk)
Endpoint: _1313_ (rising edge-triggered flip-flop clocked by clk)
Path Group: clk
Path Type: min

Fanout     Cap    Slew   Delay    Time   Description
-----------------------------------------------------------------------------
                  0.15    0.00    0.00   clock clk (rise edge)
                          0.00    0.00   clock network delay (ideal)
                  0.15    0.00    0.00 ^ _1178_/CLK (sky130_fd_sc_hd__dfrtp_2)
                  0.15    0.44    0.44 ^ _1178_/Q (sky130_fd_sc_hd__dfrtp_2)
     9    0.03                           u_addr_gen.addr[5] (net)
                  0.15    0.00    0.44 ^ _1313_/D (sky130_fd_sc_hd__dfrtp_2)
                                  0.44   data arrival time

                  0.15    0.00    0.00   clock clk (rise edge)
                          0.00    0.00   clock network delay (ideal)
                          0.25    0.25   clock uncertainty
                          0.00    0.25   clock reconvergence pessimism
                                  0.25 ^ _1313_/CLK (sky130_fd_sc_hd__dfrtp_2)
                         -0.04    0.21   library hold time
                                  0.21   data required time
-----------------------------------------------------------------------------
                                  0.21   data required time
                                 -0.44   data arrival time
-----------------------------------------------------------------------------
                                  0.24   slack (MET)


Startpoint: _1320_ (rising edge-triggered flip-flop clocked by clk)
Endpoint: _1320_ (rising edge-triggered flip-flop clocked by clk)
Path Group: clk
Path Type: min

Fanout     Cap    Slew   Delay    Time   Description
-----------------------------------------------------------------------------
                  0.15    0.00    0.00   clock clk (rise edge)
                          0.00    0.00   clock network delay (ideal)
                  0.15    0.00    0.00 ^ _1320_/CLK (sky130_fd_sc_hd__dfrtp_2)
                  0.06    0.37    0.37 ^ _1320_/Q (sky130_fd_sc_hd__dfrtp_2)
     3    0.01                           u_addr_gen.addr_valid (net)
                  0.06    0.00    0.37 ^ _0678_/A1 (sky130_fd_sc_hd__a22o_2)
                  0.03    0.12    0.49 ^ _0678_/X (sky130_fd_sc_hd__a22o_2)
     1    0.00                           _0144_ (net)
                  0.03    0.00    0.49 ^ _1320_/D (sky130_fd_sc_hd__dfrtp_2)
                                  0.49   data arrival time

                  0.15    0.00    0.00   clock clk (rise edge)
                          0.00    0.00   clock network delay (ideal)
                          0.25    0.25   clock uncertainty
                          0.00    0.25   clock reconvergence pessimism
                                  0.25 ^ _1320_/CLK (sky130_fd_sc_hd__dfrtp_2)
                         -0.02    0.23   library hold time
                                  0.23   data required time
-----------------------------------------------------------------------------
                                  0.23   data required time
                                 -0.49   data arrival time
-----------------------------------------------------------------------------
                                  0.26   slack (MET)


Startpoint: _1321_ (rising edge-triggered flip-flop clocked by clk)
Endpoint: _1324_ (rising edge-triggered flip-flop clocked by clk)
Path Group: clk
Path Type: min

Fanout     Cap    Slew   Delay    Time   Description
-----------------------------------------------------------------------------
                  0.15    0.00    0.00   clock clk (rise edge)
                          0.00    0.00   clock network delay (ideal)
                  0.15    0.00    0.00 ^ _1321_/CLK (sky130_fd_sc_hd__dfrtp_2)
                  0.05    0.37    0.37 ^ _1321_/Q (sky130_fd_sc_hd__dfrtp_2)
     2    0.01                           u_comparator.compare_done (net)
                  0.05    0.00    0.37 ^ _0709_/A2 (sky130_fd_sc_hd__a31o_2)
                  0.03    0.13    0.49 ^ _0709_/X (sky130_fd_sc_hd__a31o_2)
     1    0.00                           u_fsm.next_state[0] (net)
                  0.03    0.00    0.49 ^ _1324_/D (sky130_fd_sc_hd__dfrtp_2)
                                  0.49   data arrival time

                  0.15    0.00    0.00   clock clk (rise edge)
                          0.00    0.00   clock network delay (ideal)
                          0.25    0.25   clock uncertainty
                          0.00    0.25   clock reconvergence pessimism
                                  0.25 ^ _1324_/CLK (sky130_fd_sc_hd__dfrtp_2)
                         -0.02    0.23   library hold time
                                  0.23   data required time
-----------------------------------------------------------------------------
                                  0.23   data required time
                                 -0.49   data arrival time
-----------------------------------------------------------------------------
                                  0.26   slack (MET)


Startpoint: _1305_ (rising edge-triggered flip-flop clocked by clk)
Endpoint: _1315_ (rising edge-triggered flip-flop clocked by clk)
Path Group: clk
Path Type: min

Fanout     Cap    Slew   Delay    Time   Description
-----------------------------------------------------------------------------
                  0.15    0.00    0.00   clock clk (rise edge)
                          0.00    0.00   clock network delay (ideal)
                  0.15    0.00    0.00 ^ _1305_/CLK (sky130_fd_sc_hd__dfxtp_2)
                  0.04    0.33    0.33 ^ _1305_/Q (sky130_fd_sc_hd__dfxtp_2)
     2    0.01                           u_sram.mem[0][1] (net)
                  0.04    0.00    0.33 ^ _0798_/A1 (sky130_fd_sc_hd__o221a_2)
                  0.04    0.17    0.50 ^ _0798_/X (sky130_fd_sc_hd__o221a_2)
     1    0.00                           _0005_ (net)
                  0.04    0.00    0.50 ^ _1315_/D (sky130_fd_sc_hd__dfrtp_2)
                                  0.50   data arrival time

                  0.15    0.00    0.00   clock clk (rise edge)
                          0.00    0.00   clock network delay (ideal)
                          0.25    0.25   clock uncertainty
                          0.00    0.25   clock reconvergence pessimism
                                  0.25 ^ _1315_/CLK (sky130_fd_sc_hd__dfrtp_2)
                         -0.02    0.23   library hold time
                                  0.23   data required time
-----------------------------------------------------------------------------
                                  0.23   data required time
                                 -0.50   data arrival time
-----------------------------------------------------------------------------
                                  0.27   slack (MET)


Startpoint: _1179_ (rising edge-triggered flip-flop clocked by clk)
Endpoint: _1179_ (rising edge-triggered flip-flop clocked by clk)
Path Group: clk
Path Type: min

Fanout     Cap    Slew   Delay    Time   Description
-----------------------------------------------------------------------------
                  0.15    0.00    0.00   clock clk (rise edge)
                          0.00    0.00   clock network delay (ideal)
                  0.15    0.00    0.00 ^ _1179_/CLK (sky130_fd_sc_hd__dfrtp_2)
                  0.05    0.36    0.36 ^ _1179_/Q (sky130_fd_sc_hd__dfrtp_2)
     2    0.01                           u_addr_gen.done (net)
                  0.05    0.00    0.36 ^ _0859_/A2 (sky130_fd_sc_hd__a32o_2)
                  0.04    0.14    0.50 ^ _0859_/X (sky130_fd_sc_hd__a32o_2)
     1    0.00                           _0581_ (net)
                  0.04    0.00    0.50 ^ _1179_/D (sky130_fd_sc_hd__dfrtp_2)
                                  0.50   data arrival time

                  0.15    0.00    0.00   clock clk (rise edge)
                          0.00    0.00   clock network delay (ideal)
                          0.25    0.25   clock uncertainty
                          0.00    0.25   clock reconvergence pessimism
                                  0.25 ^ _1179_/CLK (sky130_fd_sc_hd__dfrtp_2)
                         -0.02    0.23   library hold time
                                  0.23   data required time
-----------------------------------------------------------------------------
                                  0.23   data required time
                                 -0.50   data arrival time
-----------------------------------------------------------------------------
                                  0.27   slack (MET)


Startpoint: _1319_ (rising edge-triggered flip-flop clocked by clk)
Endpoint: _1326_ (rising edge-triggered flip-flop clocked by clk)
Path Group: clk
Path Type: min

Fanout     Cap    Slew   Delay    Time   Description
-----------------------------------------------------------------------------
                  0.15    0.00    0.00   clock clk (rise edge)
                          0.00    0.00   clock network delay (ideal)
                  0.15    0.00    0.00 ^ _1319_/CLK (sky130_fd_sc_hd__dfrtp_2)
                  0.07    0.38    0.38 ^ _1319_/Q (sky130_fd_sc_hd__dfrtp_2)
     3    0.01                           u_fsm.rvalid (net)
                  0.07    0.00    0.38 ^ _0698_/A1 (sky130_fd_sc_hd__a221o_2)
                  0.03    0.13    0.51 ^ _0698_/X (sky130_fd_sc_hd__a221o_2)
     1    0.00                           u_fsm.next_state[2] (net)
                  0.03    0.00    0.51 ^ _1326_/D (sky130_fd_sc_hd__dfrtp_2)
                                  0.51   data arrival time

                  0.15    0.00    0.00   clock clk (rise edge)
                          0.00    0.00   clock network delay (ideal)
                          0.25    0.25   clock uncertainty
                          0.00    0.25   clock reconvergence pessimism
                                  0.25 ^ _1326_/CLK (sky130_fd_sc_hd__dfrtp_2)
                         -0.02    0.23   library hold time
                                  0.23   data required time
-----------------------------------------------------------------------------
                                  0.23   data required time
                                 -0.51   data arrival time
-----------------------------------------------------------------------------
                                  0.28   slack (MET)


Startpoint: _1183_ (rising edge-triggered flip-flop clocked by clk)
Endpoint: _1183_ (rising edge-triggered flip-flop clocked by clk)
Path Group: clk
Path Type: min

Fanout     Cap    Slew   Delay    Time   Description
-----------------------------------------------------------------------------
                  0.15    0.00    0.00   clock clk (rise edge)
                          0.00    0.00   clock network delay (ideal)
                  0.15    0.00    0.00 ^ _1183_/CLK (sky130_fd_sc_hd__dfxtp_2)
                  0.03    0.33    0.33 ^ _1183_/Q (sky130_fd_sc_hd__dfxtp_2)
     2    0.00                           u_sram.mem[61][1] (net)
                  0.03    0.00    0.33 ^ _0921_/A1 (sky130_fd_sc_hd__mux2_2)
                  0.03    0.12    0.45 ^ _0921_/X (sky130_fd_sc_hd__mux2_2)
     1    0.00                           _0355_ (net)
                  0.03    0.00    0.45 ^ _0922_/A (sky130_fd_sc_hd__buf_1)
                  0.03    0.07    0.51 ^ _0922_/X (sky130_fd_sc_hd__buf_1)
     1    0.00                           _0017_ (net)
                  0.03    0.00    0.51 ^ _1183_/D (sky130_fd_sc_hd__dfxtp_2)
                                  0.51   data arrival time

                  0.15    0.00    0.00   clock clk (rise edge)
                          0.00    0.00   clock network delay (ideal)
                          0.25    0.25   clock uncertainty
                          0.00    0.25   clock reconvergence pessimism
                                  0.25 ^ _1183_/CLK (sky130_fd_sc_hd__dfxtp_2)
                         -0.02    0.23   library hold time
                                  0.23   data required time
-----------------------------------------------------------------------------
                                  0.23   data required time
                                 -0.51   data arrival time
-----------------------------------------------------------------------------
                                  0.28   slack (MET)


Startpoint: _1274_ (rising edge-triggered flip-flop clocked by clk)
Endpoint: _1274_ (rising edge-triggered flip-flop clocked by clk)
Path Group: clk
Path Type: min

Fanout     Cap    Slew   Delay    Time   Description
-----------------------------------------------------------------------------
                  0.15    0.00    0.00   clock clk (rise edge)
                          0.00    0.00   clock network delay (ideal)
                  0.15    0.00    0.00 ^ _1274_/CLK (sky130_fd_sc_hd__dfxtp_2)
                  0.04    0.33    0.33 ^ _1274_/Q (sky130_fd_sc_hd__dfxtp_2)
     2    0.00                           u_sram.mem[16][0] (net)
                  0.04    0.00    0.33 ^ _0588_/A1 (sky130_fd_sc_hd__mux2_2)
                  0.03    0.12    0.45 ^ _0588_/X (sky130_fd_sc_hd__mux2_2)
     1    0.00                           _0518_ (net)
                  0.03    0.00    0.45 ^ _0589_/A (sky130_fd_sc_hd__buf_1)
                  0.03    0.06    0.51 ^ _0589_/X (sky130_fd_sc_hd__buf_1)
     1    0.00                           _0108_ (net)
                  0.03    0.00    0.51 ^ _1274_/D (sky130_fd_sc_hd__dfxtp_2)
                                  0.51   data arrival time

                  0.15    0.00    0.00   clock clk (rise edge)
                          0.00    0.00   clock network delay (ideal)
                          0.25    0.25   clock uncertainty
                          0.00    0.25   clock reconvergence pessimism
                                  0.25 ^ _1274_/CLK (sky130_fd_sc_hd__dfxtp_2)
                         -0.02    0.23   library hold time
                                  0.23   data required time
-----------------------------------------------------------------------------
                                  0.23   data required time
                                 -0.51   data arrival time
-----------------------------------------------------------------------------
                                  0.28   slack (MET)


Startpoint: _1273_ (rising edge-triggered flip-flop clocked by clk)
Endpoint: _1273_ (rising edge-triggered flip-flop clocked by clk)
Path Group: clk
Path Type: min

Fanout     Cap    Slew   Delay    Time   Description
-----------------------------------------------------------------------------
                  0.15    0.00    0.00   clock clk (rise edge)
                          0.00    0.00   clock network delay (ideal)
                  0.15    0.00    0.00 ^ _1273_/CLK (sky130_fd_sc_hd__dfxtp_2)
                  0.03    0.33    0.33 ^ _1273_/Q (sky130_fd_sc_hd__dfxtp_2)
     2    0.00                           u_sram.mem[16][1] (net)
                  0.03    0.00    0.33 ^ _0586_/A1 (sky130_fd_sc_hd__mux2_2)
                  0.03    0.12    0.45 ^ _0586_/X (sky130_fd_sc_hd__mux2_2)
     1    0.00                           _0517_ (net)
                  0.03    0.00    0.45 ^ _0587_/A (sky130_fd_sc_hd__buf_1)
                  0.03    0.07    0.51 ^ _0587_/X (sky130_fd_sc_hd__buf_1)
     1    0.00                           _0107_ (net)
                  0.03    0.00    0.51 ^ _1273_/D (sky130_fd_sc_hd__dfxtp_2)
                                  0.51   data arrival time

                  0.15    0.00    0.00   clock clk (rise edge)
                          0.00    0.00   clock network delay (ideal)
                          0.25    0.25   clock uncertainty
                          0.00    0.25   clock reconvergence pessimism
                                  0.25 ^ _1273_/CLK (sky130_fd_sc_hd__dfxtp_2)
                         -0.02    0.23   library hold time
                                  0.23   data required time
-----------------------------------------------------------------------------
                                  0.23   data required time
                                 -0.51   data arrival time
-----------------------------------------------------------------------------
                                  0.28   slack (MET)


Startpoint: _1268_ (rising edge-triggered flip-flop clocked by clk)
Endpoint: _1268_ (rising edge-triggered flip-flop clocked by clk)
Path Group: clk
Path Type: min

Fanout     Cap    Slew   Delay    Time   Description
-----------------------------------------------------------------------------
                  0.15    0.00    0.00   clock clk (rise edge)
                          0.00    0.00   clock network delay (ideal)
                  0.15    0.00    0.00 ^ _1268_/CLK (sky130_fd_sc_hd__dfxtp_2)
                  0.04    0.33    0.33 ^ _1268_/Q (sky130_fd_sc_hd__dfxtp_2)
     2    0.00                           u_sram.mem[19][0] (net)
                  0.04    0.00    0.33 ^ _1160_/A0 (sky130_fd_sc_hd__mux2_2)
                  0.03    0.12    0.45 ^ _1160_/X (sky130_fd_sc_hd__mux2_2)
     1    0.00                           _0509_ (net)
                  0.03    0.00    0.45 ^ _1161_/A (sky130_fd_sc_hd__buf_1)
                  0.03    0.07    0.51 ^ _1161_/X (sky130_fd_sc_hd__buf_1)
     1    0.00                           _0102_ (net)
                  0.03    0.00    0.51 ^ _1268_/D (sky130_fd_sc_hd__dfxtp_2)
                                  0.51   data arrival time

                  0.15    0.00    0.00   clock clk (rise edge)
                          0.00    0.00   clock network delay (ideal)
                          0.25    0.25   clock uncertainty
                          0.00    0.25   clock reconvergence pessimism
                                  0.25 ^ _1268_/CLK (sky130_fd_sc_hd__dfxtp_2)
                         -0.02    0.23   library hold time
                                  0.23   data required time
-----------------------------------------------------------------------------
                                  0.23   data required time
                                 -0.51   data arrival time
-----------------------------------------------------------------------------
                                  0.28   slack (MET)


Startpoint: _1289_ (rising edge-triggered flip-flop clocked by clk)
Endpoint: _1289_ (rising edge-triggered flip-flop clocked by clk)
Path Group: clk
Path Type: min

Fanout     Cap    Slew   Delay    Time   Description
-----------------------------------------------------------------------------
                  0.15    0.00    0.00   clock clk (rise edge)
                          0.00    0.00   clock network delay (ideal)
                  0.15    0.00    0.00 ^ _1289_/CLK (sky130_fd_sc_hd__dfxtp_2)
                  0.03    0.33    0.33 ^ _1289_/Q (sky130_fd_sc_hd__dfxtp_2)
     2    0.00                           u_sram.mem[8][1] (net)
                  0.03    0.00    0.33 ^ _0628_/A1 (sky130_fd_sc_hd__mux2_2)
                  0.03    0.12    0.45 ^ _0628_/X (sky130_fd_sc_hd__mux2_2)
     1    0.00                           _0543_ (net)
                  0.03    0.00    0.45 ^ _0629_/A (sky130_fd_sc_hd__buf_1)
                  0.03    0.07    0.51 ^ _0629_/X (sky130_fd_sc_hd__buf_1)
     1    0.00                           _0123_ (net)
                  0.03    0.00    0.51 ^ _1289_/D (sky130_fd_sc_hd__dfxtp_2)
                                  0.51   data arrival time

                  0.15    0.00    0.00   clock clk (rise edge)
                          0.00    0.00   clock network delay (ideal)
                          0.25    0.25   clock uncertainty
                          0.00    0.25   clock reconvergence pessimism
                                  0.25 ^ _1289_/CLK (sky130_fd_sc_hd__dfxtp_2)
                         -0.02    0.23   library hold time
                                  0.23   data required time
-----------------------------------------------------------------------------
                                  0.23   data required time
                                 -0.51   data arrival time
-----------------------------------------------------------------------------
                                  0.28   slack (MET)


Startpoint: _1256_ (rising edge-triggered flip-flop clocked by clk)
Endpoint: _1256_ (rising edge-triggered flip-flop clocked by clk)
Path Group: clk
Path Type: min

Fanout     Cap    Slew   Delay    Time   Description
-----------------------------------------------------------------------------
                  0.15    0.00    0.00   clock clk (rise edge)
                          0.00    0.00   clock network delay (ideal)
                  0.15    0.00    0.00 ^ _1256_/CLK (sky130_fd_sc_hd__dfxtp_2)
                  0.04    0.33    0.33 ^ _1256_/Q (sky130_fd_sc_hd__dfxtp_2)
     2    0.00                           u_sram.mem[25][0] (net)
                  0.04    0.00    0.33 ^ _1128_/A0 (sky130_fd_sc_hd__mux2_2)
                  0.03    0.12    0.45 ^ _1128_/X (sky130_fd_sc_hd__mux2_2)
     1    0.00                           _0489_ (net)
                  0.03    0.00    0.45 ^ _1129_/A (sky130_fd_sc_hd__buf_1)
                  0.03    0.06    0.51 ^ _1129_/X (sky130_fd_sc_hd__buf_1)
     1    0.00                           _0090_ (net)
                  0.03    0.00    0.51 ^ _1256_/D (sky130_fd_sc_hd__dfxtp_2)
                                  0.51   data arrival time

                  0.15    0.00    0.00   clock clk (rise edge)
                          0.00    0.00   clock network delay (ideal)
                          0.25    0.25   clock uncertainty
                          0.00    0.25   clock reconvergence pessimism
                                  0.25 ^ _1256_/CLK (sky130_fd_sc_hd__dfxtp_2)
                         -0.02    0.23   library hold time
                                  0.23   data required time
-----------------------------------------------------------------------------
                                  0.23   data required time
                                 -0.51   data arrival time
-----------------------------------------------------------------------------
                                  0.28   slack (MET)


Startpoint: _1220_ (rising edge-triggered flip-flop clocked by clk)
Endpoint: _1220_ (rising edge-triggered flip-flop clocked by clk)
Path Group: clk
Path Type: min

Fanout     Cap    Slew   Delay    Time   Description
-----------------------------------------------------------------------------
                  0.15    0.00    0.00   clock clk (rise edge)
                          0.00    0.00   clock network delay (ideal)
                  0.15    0.00    0.00 ^ _1220_/CLK (sky130_fd_sc_hd__dfxtp_2)
                  0.04    0.33    0.33 ^ _1220_/Q (sky130_fd_sc_hd__dfxtp_2)
     2    0.00                           u_sram.mem[43][0] (net)
                  0.04    0.00    0.33 ^ _1033_/A0 (sky130_fd_sc_hd__mux2_2)
                  0.03    0.12    0.45 ^ _1033_/X (sky130_fd_sc_hd__mux2_2)
     1    0.00                           _0430_ (net)
                  0.03    0.00    0.45 ^ _1034_/A (sky130_fd_sc_hd__buf_1)
                  0.03    0.06    0.51 ^ _1034_/X (sky130_fd_sc_hd__buf_1)
     1    0.00                           _0054_ (net)
                  0.03    0.00    0.51 ^ _1220_/D (sky130_fd_sc_hd__dfxtp_2)
                                  0.51   data arrival time

                  0.15    0.00    0.00   clock clk (rise edge)
                          0.00    0.00   clock network delay (ideal)
                          0.25    0.25   clock uncertainty
                          0.00    0.25   clock reconvergence pessimism
                                  0.25 ^ _1220_/CLK (sky130_fd_sc_hd__dfxtp_2)
                         -0.02    0.23   library hold time
                                  0.23   data required time
-----------------------------------------------------------------------------
                                  0.23   data required time
                                 -0.51   data arrival time
-----------------------------------------------------------------------------
                                  0.28   slack (MET)


Startpoint: _1290_ (rising edge-triggered flip-flop clocked by clk)
Endpoint: _1290_ (rising edge-triggered flip-flop clocked by clk)
Path Group: clk
Path Type: min

Fanout     Cap    Slew   Delay    Time   Description
-----------------------------------------------------------------------------
                  0.15    0.00    0.00   clock clk (rise edge)
                          0.00    0.00   clock network delay (ideal)
                  0.15    0.00    0.00 ^ _1290_/CLK (sky130_fd_sc_hd__dfxtp_2)
                  0.04    0.33    0.33 ^ _1290_/Q (sky130_fd_sc_hd__dfxtp_2)
     2    0.00                           u_sram.mem[8][0] (net)
                  0.04    0.00    0.33 ^ _0630_/A1 (sky130_fd_sc_hd__mux2_2)
                  0.03    0.12    0.45 ^ _0630_/X (sky130_fd_sc_hd__mux2_2)
     1    0.00                           _0544_ (net)
                  0.03    0.00    0.45 ^ _0631_/A (sky130_fd_sc_hd__buf_1)
                  0.03    0.07    0.51 ^ _0631_/X (sky130_fd_sc_hd__buf_1)
     1    0.00                           _0124_ (net)
                  0.03    0.00    0.51 ^ _1290_/D (sky130_fd_sc_hd__dfxtp_2)
                                  0.51   data arrival time

                  0.15    0.00    0.00   clock clk (rise edge)
                          0.00    0.00   clock network delay (ideal)
                          0.25    0.25   clock uncertainty
                          0.00    0.25   clock reconvergence pessimism
                                  0.25 ^ _1290_/CLK (sky130_fd_sc_hd__dfxtp_2)
                         -0.02    0.23   library hold time
                                  0.23   data required time
-----------------------------------------------------------------------------
                                  0.23   data required time
                                 -0.51   data arrival time
-----------------------------------------------------------------------------
                                  0.28   slack (MET)


Startpoint: _1224_ (rising edge-triggered flip-flop clocked by clk)
Endpoint: _1224_ (rising edge-triggered flip-flop clocked by clk)
Path Group: clk
Path Type: min

Fanout     Cap    Slew   Delay    Time   Description
-----------------------------------------------------------------------------
                  0.15    0.00    0.00   clock clk (rise edge)
                          0.00    0.00   clock network delay (ideal)
                  0.15    0.00    0.00 ^ _1224_/CLK (sky130_fd_sc_hd__dfxtp_2)
                  0.04    0.33    0.33 ^ _1224_/Q (sky130_fd_sc_hd__dfxtp_2)
     2    0.00                           u_sram.mem[41][0] (net)
                  0.04    0.00    0.33 ^ _1045_/A0 (sky130_fd_sc_hd__mux2_2)
                  0.04    0.12    0.45 ^ _1045_/X (sky130_fd_sc_hd__mux2_2)
     1    0.00                           _0438_ (net)
                  0.04    0.00    0.45 ^ _1046_/A (sky130_fd_sc_hd__buf_1)
                  0.03    0.07    0.51 ^ _1046_/X (sky130_fd_sc_hd__buf_1)
     1    0.00                           _0058_ (net)
                  0.03    0.00    0.51 ^ _1224_/D (sky130_fd_sc_hd__dfxtp_2)
                                  0.51   data arrival time

                  0.15    0.00    0.00   clock clk (rise edge)
                          0.00    0.00   clock network delay (ideal)
                          0.25    0.25   clock uncertainty
                          0.00    0.25   clock reconvergence pessimism
                                  0.25 ^ _1224_/CLK (sky130_fd_sc_hd__dfxtp_2)
                         -0.02    0.23   library hold time
                                  0.23   data required time
-----------------------------------------------------------------------------
                                  0.23   data required time
                                 -0.51   data arrival time
-----------------------------------------------------------------------------
                                  0.28   slack (MET)


Startpoint: _1307_ (rising edge-triggered flip-flop clocked by clk)
Endpoint: _1307_ (rising edge-triggered flip-flop clocked by clk)
Path Group: clk
Path Type: min

Fanout     Cap    Slew   Delay    Time   Description
-----------------------------------------------------------------------------
                  0.15    0.00    0.00   clock clk (rise edge)
                          0.00    0.00   clock network delay (ideal)
                  0.15    0.00    0.00 ^ _1307_/CLK (sky130_fd_sc_hd__dfrtp_2)
                  0.05    0.36    0.36 ^ _1307_/Q (sky130_fd_sc_hd__dfrtp_2)
     2    0.01                           u_fsm.protocol_error (net)
                  0.05    0.00    0.36 ^ _0672_/A (sky130_fd_sc_hd__buf_1)
                  0.04    0.08    0.44 ^ _0672_/X (sky130_fd_sc_hd__buf_1)
     1    0.00                           _0569_ (net)
                  0.04    0.00    0.44 ^ _0673_/A (sky130_fd_sc_hd__buf_1)
                  0.04    0.07    0.51 ^ _0673_/X (sky130_fd_sc_hd__buf_1)
     1    0.00                           _0141_ (net)
                  0.04    0.00    0.51 ^ _1307_/D (sky130_fd_sc_hd__dfrtp_2)
                                  0.51   data arrival time

                  0.15    0.00    0.00   clock clk (rise edge)
                          0.00    0.00   clock network delay (ideal)
                          0.25    0.25   clock uncertainty
                          0.00    0.25   clock reconvergence pessimism
                                  0.25 ^ _1307_/CLK (sky130_fd_sc_hd__dfrtp_2)
                         -0.02    0.23   library hold time
                                  0.23   data required time
-----------------------------------------------------------------------------
                                  0.23   data required time
                                 -0.51   data arrival time
-----------------------------------------------------------------------------
                                  0.28   slack (MET)


Startpoint: _1272_ (rising edge-triggered flip-flop clocked by clk)
Endpoint: _1272_ (rising edge-triggered flip-flop clocked by clk)
Path Group: clk
Path Type: min

Fanout     Cap    Slew   Delay    Time   Description
-----------------------------------------------------------------------------
                  0.15    0.00    0.00   clock clk (rise edge)
                          0.00    0.00   clock network delay (ideal)
                  0.15    0.00    0.00 ^ _1272_/CLK (sky130_fd_sc_hd__dfxtp_2)
                  0.04    0.33    0.33 ^ _1272_/Q (sky130_fd_sc_hd__dfxtp_2)
     2    0.00                           u_sram.mem[17][0] (net)
                  0.04    0.00    0.33 ^ _0583_/A1 (sky130_fd_sc_hd__mux2_2)
                  0.03    0.12    0.45 ^ _0583_/X (sky130_fd_sc_hd__mux2_2)
     1    0.00                           _0515_ (net)
                  0.03    0.00    0.45 ^ _0584_/A (sky130_fd_sc_hd__buf_1)
                  0.03    0.07    0.52 ^ _0584_/X (sky130_fd_sc_hd__buf_1)
     1    0.00                           _0106_ (net)
                  0.03    0.00    0.52 ^ _1272_/D (sky130_fd_sc_hd__dfxtp_2)
                                  0.52   data arrival time

                  0.15    0.00    0.00   clock clk (rise edge)
                          0.00    0.00   clock network delay (ideal)
                          0.25    0.25   clock uncertainty
                          0.00    0.25   clock reconvergence pessimism
                                  0.25 ^ _1272_/CLK (sky130_fd_sc_hd__dfxtp_2)
                         -0.02    0.23   library hold time
                                  0.23   data required time
-----------------------------------------------------------------------------
                                  0.23   data required time
                                 -0.52   data arrival time
-----------------------------------------------------------------------------
                                  0.28   slack (MET)


Startpoint: _1257_ (rising edge-triggered flip-flop clocked by clk)
Endpoint: _1257_ (rising edge-triggered flip-flop clocked by clk)
Path Group: clk
Path Type: min

Fanout     Cap    Slew   Delay    Time   Description
-----------------------------------------------------------------------------
                  0.15    0.00    0.00   clock clk (rise edge)
                          0.00    0.00   clock network delay (ideal)
                  0.15    0.00    0.00 ^ _1257_/CLK (sky130_fd_sc_hd__dfxtp_2)
                  0.04    0.33    0.33 ^ _1257_/Q (sky130_fd_sc_hd__dfxtp_2)
     2    0.00                           u_sram.mem[24][1] (net)
                  0.04    0.00    0.33 ^ _1131_/A1 (sky130_fd_sc_hd__mux2_2)
                  0.03    0.12    0.45 ^ _1131_/X (sky130_fd_sc_hd__mux2_2)
     1    0.00                           _0491_ (net)
                  0.03    0.00    0.45 ^ _1132_/A (sky130_fd_sc_hd__buf_1)
                  0.03    0.07    0.52 ^ _1132_/X (sky130_fd_sc_hd__buf_1)
     1    0.00                           _0091_ (net)
                  0.03    0.00    0.52 ^ _1257_/D (sky130_fd_sc_hd__dfxtp_2)
                                  0.52   data arrival time

                  0.15    0.00    0.00   clock clk (rise edge)
                          0.00    0.00   clock network delay (ideal)
                          0.25    0.25   clock uncertainty
                          0.00    0.25   clock reconvergence pessimism
                                  0.25 ^ _1257_/CLK (sky130_fd_sc_hd__dfxtp_2)
                         -0.02    0.23   library hold time
                                  0.23   data required time
-----------------------------------------------------------------------------
                                  0.23   data required time
                                 -0.52   data arrival time
-----------------------------------------------------------------------------
                                  0.28   slack (MET)


Startpoint: _1267_ (rising edge-triggered flip-flop clocked by clk)
Endpoint: _1267_ (rising edge-triggered flip-flop clocked by clk)
Path Group: clk
Path Type: min

Fanout     Cap    Slew   Delay    Time   Description
-----------------------------------------------------------------------------
                  0.15    0.00    0.00   clock clk (rise edge)
                          0.00    0.00   clock network delay (ideal)
                  0.15    0.00    0.00 ^ _1267_/CLK (sky130_fd_sc_hd__dfxtp_2)
                  0.04    0.33    0.33 ^ _1267_/Q (sky130_fd_sc_hd__dfxtp_2)
     2    0.00                           u_sram.mem[19][1] (net)
                  0.04    0.00    0.33 ^ _1158_/A0 (sky130_fd_sc_hd__mux2_2)
                  0.04    0.12    0.45 ^ _1158_/X (sky130_fd_sc_hd__mux2_2)
     1    0.00                           _0508_ (net)
                  0.04    0.00    0.45 ^ _1159_/A (sky130_fd_sc_hd__buf_1)
                  0.04    0.07    0.52 ^ _1159_/X (sky130_fd_sc_hd__buf_1)
     1    0.00                           _0101_ (net)
                  0.04    0.00    0.52 ^ _1267_/D (sky130_fd_sc_hd__dfxtp_2)
                                  0.52   data arrival time

                  0.15    0.00    0.00   clock clk (rise edge)
                          0.00    0.00   clock network delay (ideal)
                          0.25    0.25   clock uncertainty
                          0.00    0.25   clock reconvergence pessimism
                                  0.25 ^ _1267_/CLK (sky130_fd_sc_hd__dfxtp_2)
                         -0.02    0.23   library hold time
                                  0.23   data required time
-----------------------------------------------------------------------------
                                  0.23   data required time
                                 -0.52   data arrival time
-----------------------------------------------------------------------------
                                  0.28   slack (MET)


Startpoint: _1226_ (rising edge-triggered flip-flop clocked by clk)
Endpoint: _1226_ (rising edge-triggered flip-flop clocked by clk)
Path Group: clk
Path Type: min

Fanout     Cap    Slew   Delay    Time   Description
-----------------------------------------------------------------------------
                  0.15    0.00    0.00   clock clk (rise edge)
                          0.00    0.00   clock network delay (ideal)
                  0.15    0.00    0.00 ^ _1226_/CLK (sky130_fd_sc_hd__dfxtp_2)
                  0.03    0.33    0.33 ^ _1226_/Q (sky130_fd_sc_hd__dfxtp_2)
     2    0.00                           u_sram.mem[40][0] (net)
                  0.03    0.00    0.33 ^ _1050_/A1 (sky130_fd_sc_hd__mux2_2)
                  0.04    0.12    0.45 ^ _1050_/X (sky130_fd_sc_hd__mux2_2)
     1    0.00                           _0441_ (net)
                  0.04    0.00    0.45 ^ _1051_/A (sky130_fd_sc_hd__buf_1)
                  0.03    0.07    0.52 ^ _1051_/X (sky130_fd_sc_hd__buf_1)
     1    0.00                           _0060_ (net)
                  0.03    0.00    0.52 ^ _1226_/D (sky130_fd_sc_hd__dfxtp_2)
                                  0.52   data arrival time

                  0.15    0.00    0.00   clock clk (rise edge)
                          0.00    0.00   clock network delay (ideal)
                          0.25    0.25   clock uncertainty
                          0.00    0.25   clock reconvergence pessimism
                                  0.25 ^ _1226_/CLK (sky130_fd_sc_hd__dfxtp_2)
                         -0.02    0.23   library hold time
                                  0.23   data required time
-----------------------------------------------------------------------------
                                  0.23   data required time
                                 -0.52   data arrival time
-----------------------------------------------------------------------------
                                  0.28   slack (MET)


Startpoint: _1246_ (rising edge-triggered flip-flop clocked by clk)
Endpoint: _1246_ (rising edge-triggered flip-flop clocked by clk)
Path Group: clk
Path Type: min

Fanout     Cap    Slew   Delay    Time   Description
-----------------------------------------------------------------------------
                  0.15    0.00    0.00   clock clk (rise edge)
                          0.00    0.00   clock network delay (ideal)
                  0.15    0.00    0.00 ^ _1246_/CLK (sky130_fd_sc_hd__dfxtp_2)
                  0.04    0.33    0.33 ^ _1246_/Q (sky130_fd_sc_hd__dfxtp_2)
     2    0.00                           u_sram.mem[30][0] (net)
                  0.04    0.00    0.33 ^ _1103_/A1 (sky130_fd_sc_hd__mux2_2)
                  0.03    0.12    0.45 ^ _1103_/X (sky130_fd_sc_hd__mux2_2)
     1    0.00                           _0474_ (net)
                  0.03    0.00    0.45 ^ _1104_/A (sky130_fd_sc_hd__buf_1)
                  0.03    0.06    0.52 ^ _1104_/X (sky130_fd_sc_hd__buf_1)
     1    0.00                           _0080_ (net)
                  0.03    0.00    0.52 ^ _1246_/D (sky130_fd_sc_hd__dfxtp_2)
                                  0.52   data arrival time

                  0.15    0.00    0.00   clock clk (rise edge)
                          0.00    0.00   clock network delay (ideal)
                          0.25    0.25   clock uncertainty
                          0.00    0.25   clock reconvergence pessimism
                                  0.25 ^ _1246_/CLK (sky130_fd_sc_hd__dfxtp_2)
                         -0.02    0.23   library hold time
                                  0.23   data required time
-----------------------------------------------------------------------------
                                  0.23   data required time
                                 -0.52   data arrival time
-----------------------------------------------------------------------------
                                  0.28   slack (MET)


Startpoint: _1225_ (rising edge-triggered flip-flop clocked by clk)
Endpoint: _1225_ (rising edge-triggered flip-flop clocked by clk)
Path Group: clk
Path Type: min

Fanout     Cap    Slew   Delay    Time   Description
-----------------------------------------------------------------------------
                  0.15    0.00    0.00   clock clk (rise edge)
                          0.00    0.00   clock network delay (ideal)
                  0.15    0.00    0.00 ^ _1225_/CLK (sky130_fd_sc_hd__dfxtp_2)
                  0.04    0.33    0.33 ^ _1225_/Q (sky130_fd_sc_hd__dfxtp_2)
     2    0.00                           u_sram.mem[40][1] (net)
                  0.04    0.00    0.33 ^ _1048_/A1 (sky130_fd_sc_hd__mux2_2)
                  0.04    0.12    0.45 ^ _1048_/X (sky130_fd_sc_hd__mux2_2)
     1    0.00                           _0440_ (net)
                  0.04    0.00    0.45 ^ _1049_/A (sky130_fd_sc_hd__buf_1)
                  0.03    0.07    0.52 ^ _1049_/X (sky130_fd_sc_hd__buf_1)
     1    0.00                           _0059_ (net)
                  0.03    0.00    0.52 ^ _1225_/D (sky130_fd_sc_hd__dfxtp_2)
                                  0.52   data arrival time

                  0.15    0.00    0.00   clock clk (rise edge)
                          0.00    0.00   clock network delay (ideal)
                          0.25    0.25   clock uncertainty
                          0.00    0.25   clock reconvergence pessimism
                                  0.25 ^ _1225_/CLK (sky130_fd_sc_hd__dfxtp_2)
                         -0.02    0.23   library hold time
                                  0.23   data required time
-----------------------------------------------------------------------------
                                  0.23   data required time
                                 -0.52   data arrival time
-----------------------------------------------------------------------------
                                  0.28   slack (MET)


Startpoint: _1223_ (rising edge-triggered flip-flop clocked by clk)
Endpoint: _1223_ (rising edge-triggered flip-flop clocked by clk)
Path Group: clk
Path Type: min

Fanout     Cap    Slew   Delay    Time   Description
-----------------------------------------------------------------------------
                  0.15    0.00    0.00   clock clk (rise edge)
                          0.00    0.00   clock network delay (ideal)
                  0.15    0.00    0.00 ^ _1223_/CLK (sky130_fd_sc_hd__dfxtp_2)
                  0.04    0.33    0.33 ^ _1223_/Q (sky130_fd_sc_hd__dfxtp_2)
     2    0.00                           u_sram.mem[41][1] (net)
                  0.04    0.00    0.33 ^ _1042_/A0 (sky130_fd_sc_hd__mux2_2)
                  0.04    0.12    0.45 ^ _1042_/X (sky130_fd_sc_hd__mux2_2)
     1    0.00                           _0436_ (net)
                  0.04    0.00    0.45 ^ _1043_/A (sky130_fd_sc_hd__buf_1)
                  0.04    0.07    0.52 ^ _1043_/X (sky130_fd_sc_hd__buf_1)
     1    0.00                           _0057_ (net)
                  0.04    0.00    0.52 ^ _1223_/D (sky130_fd_sc_hd__dfxtp_2)
                                  0.52   data arrival time

                  0.15    0.00    0.00   clock clk (rise edge)
                          0.00    0.00   clock network delay (ideal)
                          0.25    0.25   clock uncertainty
                          0.00    0.25   clock reconvergence pessimism
                                  0.25 ^ _1223_/CLK (sky130_fd_sc_hd__dfxtp_2)
                         -0.02    0.23   library hold time
                                  0.23   data required time
-----------------------------------------------------------------------------
                                  0.23   data required time
                                 -0.52   data arrival time
-----------------------------------------------------------------------------
                                  0.28   slack (MET)


Startpoint: _1262_ (rising edge-triggered flip-flop clocked by clk)
Endpoint: _1262_ (rising edge-triggered flip-flop clocked by clk)
Path Group: clk
Path Type: min

Fanout     Cap    Slew   Delay    Time   Description
-----------------------------------------------------------------------------
                  0.15    0.00    0.00   clock clk (rise edge)
                          0.00    0.00   clock network delay (ideal)
                  0.15    0.00    0.00 ^ _1262_/CLK (sky130_fd_sc_hd__dfxtp_2)
                  0.04    0.33    0.33 ^ _1262_/Q (sky130_fd_sc_hd__dfxtp_2)
     2    0.00                           u_sram.mem[22][0] (net)
                  0.04    0.00    0.33 ^ _1144_/A0 (sky130_fd_sc_hd__mux2_2)
                  0.04    0.12    0.45 ^ _1144_/X (sky130_fd_sc_hd__mux2_2)
     1    0.00                           _0499_ (net)
                  0.04    0.00    0.45 ^ _1145_/A (sky130_fd_sc_hd__buf_1)
                  0.03    0.07    0.52 ^ _1145_/X (sky130_fd_sc_hd__buf_1)
     1    0.00                           _0096_ (net)
                  0.03    0.00    0.52 ^ _1262_/D (sky130_fd_sc_hd__dfxtp_2)
                                  0.52   data arrival time

                  0.15    0.00    0.00   clock clk (rise edge)
                          0.00    0.00   clock network delay (ideal)
                          0.25    0.25   clock uncertainty
                          0.00    0.25   clock reconvergence pessimism
                                  0.25 ^ _1262_/CLK (sky130_fd_sc_hd__dfxtp_2)
                         -0.02    0.23   library hold time
                                  0.23   data required time
-----------------------------------------------------------------------------
                                  0.23   data required time
                                 -0.52   data arrival time
-----------------------------------------------------------------------------
                                  0.28   slack (MET)


Startpoint: _1285_ (rising edge-triggered flip-flop clocked by clk)
Endpoint: _1285_ (rising edge-triggered flip-flop clocked by clk)
Path Group: clk
Path Type: min

Fanout     Cap    Slew   Delay    Time   Description
-----------------------------------------------------------------------------
                  0.15    0.00    0.00   clock clk (rise edge)
                          0.00    0.00   clock network delay (ideal)
                  0.15    0.00    0.00 ^ _1285_/CLK (sky130_fd_sc_hd__dfxtp_2)
                  0.04    0.33    0.33 ^ _1285_/Q (sky130_fd_sc_hd__dfxtp_2)
     2    0.00                           u_sram.mem[10][1] (net)
                  0.04    0.00    0.33 ^ _0618_/A1 (sky130_fd_sc_hd__mux2_2)
                  0.03    0.12    0.45 ^ _0618_/X (sky130_fd_sc_hd__mux2_2)
     1    0.00                           _0537_ (net)
                  0.03    0.00    0.45 ^ _0619_/A (sky130_fd_sc_hd__buf_1)
                  0.03    0.07    0.52 ^ _0619_/X (sky130_fd_sc_hd__buf_1)
     1    0.00                           _0119_ (net)
                  0.03    0.00    0.52 ^ _1285_/D (sky130_fd_sc_hd__dfxtp_2)
                                  0.52   data arrival time

                  0.15    0.00    0.00   clock clk (rise edge)
                          0.00    0.00   clock network delay (ideal)
                          0.25    0.25   clock uncertainty
                          0.00    0.25   clock reconvergence pessimism
                                  0.25 ^ _1285_/CLK (sky130_fd_sc_hd__dfxtp_2)
                         -0.02    0.23   library hold time
                                  0.23   data required time
-----------------------------------------------------------------------------
                                  0.23   data required time
                                 -0.52   data arrival time
-----------------------------------------------------------------------------
                                  0.28   slack (MET)


Startpoint: _1265_ (rising edge-triggered flip-flop clocked by clk)
Endpoint: _1265_ (rising edge-triggered flip-flop clocked by clk)
Path Group: clk
Path Type: min

Fanout     Cap    Slew   Delay    Time   Description
-----------------------------------------------------------------------------
                  0.15    0.00    0.00   clock clk (rise edge)
                          0.00    0.00   clock network delay (ideal)
                  0.15    0.00    0.00 ^ _1265_/CLK (sky130_fd_sc_hd__dfxtp_2)
                  0.04    0.33    0.33 ^ _1265_/Q (sky130_fd_sc_hd__dfxtp_2)
     2    0.00                           u_sram.mem[20][1] (net)
                  0.04    0.00    0.33 ^ _1153_/A1 (sky130_fd_sc_hd__mux2_2)
                  0.04    0.12    0.45 ^ _1153_/X (sky130_fd_sc_hd__mux2_2)
     1    0.00                           _0505_ (net)
                  0.04    0.00    0.45 ^ _1154_/A (sky130_fd_sc_hd__buf_1)
                  0.03    0.07    0.52 ^ _1154_/X (sky130_fd_sc_hd__buf_1)
     1    0.00                           _0099_ (net)
                  0.03    0.00    0.52 ^ _1265_/D (sky130_fd_sc_hd__dfxtp_2)
                                  0.52   data arrival time

                  0.15    0.00    0.00   clock clk (rise edge)
                          0.00    0.00   clock network delay (ideal)
                          0.25    0.25   clock uncertainty
                          0.00    0.25   clock reconvergence pessimism
                                  0.25 ^ _1265_/CLK (sky130_fd_sc_hd__dfxtp_2)
                         -0.02    0.23   library hold time
                                  0.23   data required time
-----------------------------------------------------------------------------
                                  0.23   data required time
                                 -0.52   data arrival time
-----------------------------------------------------------------------------
                                  0.28   slack (MET)


Startpoint: _1266_ (rising edge-triggered flip-flop clocked by clk)
Endpoint: _1266_ (rising edge-triggered flip-flop clocked by clk)
Path Group: clk
Path Type: min

Fanout     Cap    Slew   Delay    Time   Description
-----------------------------------------------------------------------------
                  0.15    0.00    0.00   clock clk (rise edge)
                          0.00    0.00   clock network delay (ideal)
                  0.15    0.00    0.00 ^ _1266_/CLK (sky130_fd_sc_hd__dfxtp_2)
                  0.04    0.33    0.33 ^ _1266_/Q (sky130_fd_sc_hd__dfxtp_2)
     2    0.00                           u_sram.mem[20][0] (net)
                  0.04    0.00    0.33 ^ _1155_/A1 (sky130_fd_sc_hd__mux2_2)
                  0.04    0.12    0.45 ^ _1155_/X (sky130_fd_sc_hd__mux2_2)
     1    0.00                           _0506_ (net)
                  0.04    0.00    0.45 ^ _1156_/A (sky130_fd_sc_hd__buf_1)
                  0.03    0.07    0.52 ^ _1156_/X (sky130_fd_sc_hd__buf_1)
     1    0.00                           _0100_ (net)
                  0.03    0.00    0.52 ^ _1266_/D (sky130_fd_sc_hd__dfxtp_2)
                                  0.52   data arrival time

                  0.15    0.00    0.00   clock clk (rise edge)
                          0.00    0.00   clock network delay (ideal)
                          0.25    0.25   clock uncertainty
                          0.00    0.25   clock reconvergence pessimism
                                  0.25 ^ _1266_/CLK (sky130_fd_sc_hd__dfxtp_2)
                         -0.02    0.23   library hold time
                                  0.23   data required time
-----------------------------------------------------------------------------
                                  0.23   data required time
                                 -0.52   data arrival time
-----------------------------------------------------------------------------
                                  0.28   slack (MET)


Startpoint: _1191_ (rising edge-triggered flip-flop clocked by clk)
Endpoint: _1191_ (rising edge-triggered flip-flop clocked by clk)
Path Group: clk
Path Type: min

Fanout     Cap    Slew   Delay    Time   Description
-----------------------------------------------------------------------------
                  0.15    0.00    0.00   clock clk (rise edge)
                          0.00    0.00   clock network delay (ideal)
                  0.15    0.00    0.00 ^ _1191_/CLK (sky130_fd_sc_hd__dfxtp_2)
                  0.04    0.33    0.33 ^ _1191_/Q (sky130_fd_sc_hd__dfxtp_2)
     2    0.00                           u_sram.mem[57][1] (net)
                  0.04    0.00    0.33 ^ _0948_/A0 (sky130_fd_sc_hd__mux2_2)
                  0.03    0.12    0.45 ^ _0948_/X (sky130_fd_sc_hd__mux2_2)
     1    0.00                           _0374_ (net)
                  0.03    0.00    0.45 ^ _0949_/A (sky130_fd_sc_hd__buf_1)
                  0.03    0.07    0.52 ^ _0949_/X (sky130_fd_sc_hd__buf_1)
     1    0.00                           _0025_ (net)
                  0.03    0.00    0.52 ^ _1191_/D (sky130_fd_sc_hd__dfxtp_2)
                                  0.52   data arrival time

                  0.15    0.00    0.00   clock clk (rise edge)
                          0.00    0.00   clock network delay (ideal)
                          0.25    0.25   clock uncertainty
                          0.00    0.25   clock reconvergence pessimism
                                  0.25 ^ _1191_/CLK (sky130_fd_sc_hd__dfxtp_2)
                         -0.02    0.23   library hold time
                                  0.23   data required time
-----------------------------------------------------------------------------
                                  0.23   data required time
                                 -0.52   data arrival time
-----------------------------------------------------------------------------
                                  0.28   slack (MET)


Startpoint: _1192_ (rising edge-triggered flip-flop clocked by clk)
Endpoint: _1192_ (rising edge-triggered flip-flop clocked by clk)
Path Group: clk
Path Type: min

Fanout     Cap    Slew   Delay    Time   Description
-----------------------------------------------------------------------------
                  0.15    0.00    0.00   clock clk (rise edge)
                          0.00    0.00   clock network delay (ideal)
                  0.15    0.00    0.00 ^ _1192_/CLK (sky130_fd_sc_hd__dfxtp_2)
                  0.04    0.33    0.33 ^ _1192_/Q (sky130_fd_sc_hd__dfxtp_2)
     2    0.00                           u_sram.mem[57][0] (net)
                  0.04    0.00    0.33 ^ _0950_/A0 (sky130_fd_sc_hd__mux2_2)
                  0.03    0.12    0.45 ^ _0950_/X (sky130_fd_sc_hd__mux2_2)
     1    0.00                           _0375_ (net)
                  0.03    0.00    0.45 ^ _0951_/A (sky130_fd_sc_hd__buf_1)
                  0.03    0.07    0.52 ^ _0951_/X (sky130_fd_sc_hd__buf_1)
     1    0.00                           _0026_ (net)
                  0.03    0.00    0.52 ^ _1192_/D (sky130_fd_sc_hd__dfxtp_2)
                                  0.52   data arrival time

                  0.15    0.00    0.00   clock clk (rise edge)
                          0.00    0.00   clock network delay (ideal)
                          0.25    0.25   clock uncertainty
                          0.00    0.25   clock reconvergence pessimism
                                  0.25 ^ _1192_/CLK (sky130_fd_sc_hd__dfxtp_2)
                         -0.02    0.23   library hold time
                                  0.23   data required time
-----------------------------------------------------------------------------
                                  0.23   data required time
                                 -0.52   data arrival time
-----------------------------------------------------------------------------
                                  0.28   slack (MET)


Startpoint: _1219_ (rising edge-triggered flip-flop clocked by clk)
Endpoint: _1219_ (rising edge-triggered flip-flop clocked by clk)
Path Group: clk
Path Type: min

Fanout     Cap    Slew   Delay    Time   Description
-----------------------------------------------------------------------------
                  0.15    0.00    0.00   clock clk (rise edge)
                          0.00    0.00   clock network delay (ideal)
                  0.15    0.00    0.00 ^ _1219_/CLK (sky130_fd_sc_hd__dfxtp_2)
                  0.04    0.33    0.33 ^ _1219_/Q (sky130_fd_sc_hd__dfxtp_2)
     2    0.00                           u_sram.mem[43][1] (net)
                  0.04    0.00    0.33 ^ _1031_/A0 (sky130_fd_sc_hd__mux2_2)
                  0.03    0.12    0.45 ^ _1031_/X (sky130_fd_sc_hd__mux2_2)
     1    0.00                           _0429_ (net)
                  0.03    0.00    0.45 ^ _1032_/A (sky130_fd_sc_hd__buf_1)
                  0.03    0.06    0.52 ^ _1032_/X (sky130_fd_sc_hd__buf_1)
     1    0.00                           _0053_ (net)
                  0.03    0.00    0.52 ^ _1219_/D (sky130_fd_sc_hd__dfxtp_2)
                                  0.52   data arrival time

                  0.15    0.00    0.00   clock clk (rise edge)
                          0.00    0.00   clock network delay (ideal)
                          0.25    0.25   clock uncertainty
                          0.00    0.25   clock reconvergence pessimism
                                  0.25 ^ _1219_/CLK (sky130_fd_sc_hd__dfxtp_2)
                         -0.02    0.23   library hold time
                                  0.23   data required time
-----------------------------------------------------------------------------
                                  0.23   data required time
                                 -0.52   data arrival time
-----------------------------------------------------------------------------
                                  0.28   slack (MET)


Startpoint: _1258_ (rising edge-triggered flip-flop clocked by clk)
Endpoint: _1258_ (rising edge-triggered flip-flop clocked by clk)
Path Group: clk
Path Type: min

Fanout     Cap    Slew   Delay    Time   Description
-----------------------------------------------------------------------------
                  0.15    0.00    0.00   clock clk (rise edge)
                          0.00    0.00   clock network delay (ideal)
                  0.15    0.00    0.00 ^ _1258_/CLK (sky130_fd_sc_hd__dfxtp_2)
                  0.04    0.33    0.33 ^ _1258_/Q (sky130_fd_sc_hd__dfxtp_2)
     2    0.00                           u_sram.mem[24][0] (net)
                  0.04    0.00    0.33 ^ _1134_/A1 (sky130_fd_sc_hd__mux2_2)
                  0.04    0.12    0.45 ^ _1134_/X (sky130_fd_sc_hd__mux2_2)
     1    0.00                           _0493_ (net)
                  0.04    0.00    0.45 ^ _1135_/A (sky130_fd_sc_hd__buf_1)
                  0.03    0.07    0.52 ^ _1135_/X (sky130_fd_sc_hd__buf_1)
     1    0.00                           _0092_ (net)
                  0.03    0.00    0.52 ^ _1258_/D (sky130_fd_sc_hd__dfxtp_2)
                                  0.52   data arrival time

                  0.15    0.00    0.00   clock clk (rise edge)
                          0.00    0.00   clock network delay (ideal)
                          0.25    0.25   clock uncertainty
                          0.00    0.25   clock reconvergence pessimism
                                  0.25 ^ _1258_/CLK (sky130_fd_sc_hd__dfxtp_2)
                         -0.02    0.23   library hold time
                                  0.23   data required time
-----------------------------------------------------------------------------
                                  0.23   data required time
                                 -0.52   data arrival time
-----------------------------------------------------------------------------
                                  0.28   slack (MET)


Startpoint: _1210_ (rising edge-triggered flip-flop clocked by clk)
Endpoint: _1210_ (rising edge-triggered flip-flop clocked by clk)
Path Group: clk
Path Type: min

Fanout     Cap    Slew   Delay    Time   Description
-----------------------------------------------------------------------------
                  0.15    0.00    0.00   clock clk (rise edge)
                          0.00    0.00   clock network delay (ideal)
                  0.15    0.00    0.00 ^ _1210_/CLK (sky130_fd_sc_hd__dfxtp_2)
                  0.04    0.33    0.33 ^ _1210_/Q (sky130_fd_sc_hd__dfxtp_2)
     2    0.00                           u_sram.mem[48][0] (net)
                  0.04    0.00    0.33 ^ _1003_/A1 (sky130_fd_sc_hd__mux2_2)
                  0.03    0.12    0.45 ^ _1003_/X (sky130_fd_sc_hd__mux2_2)
     1    0.00                           _0410_ (net)
                  0.03    0.00    0.45 ^ _1004_/A (sky130_fd_sc_hd__buf_1)
                  0.03    0.07    0.52 ^ _1004_/X (sky130_fd_sc_hd__buf_1)
     1    0.00                           _0044_ (net)
                  0.03    0.00    0.52 ^ _1210_/D (sky130_fd_sc_hd__dfxtp_2)
                                  0.52   data arrival time

                  0.15    0.00    0.00   clock clk (rise edge)
                          0.00    0.00   clock network delay (ideal)
                          0.25    0.25   clock uncertainty
                          0.00    0.25   clock reconvergence pessimism
                                  0.25 ^ _1210_/CLK (sky130_fd_sc_hd__dfxtp_2)
                         -0.02    0.23   library hold time
                                  0.23   data required time
-----------------------------------------------------------------------------
                                  0.23   data required time
                                 -0.52   data arrival time
-----------------------------------------------------------------------------
                                  0.28   slack (MET)


Startpoint: _1212_ (rising edge-triggered flip-flop clocked by clk)
Endpoint: _1212_ (rising edge-triggered flip-flop clocked by clk)
Path Group: clk
Path Type: min

Fanout     Cap    Slew   Delay    Time   Description
-----------------------------------------------------------------------------
                  0.15    0.00    0.00   clock clk (rise edge)
                          0.00    0.00   clock network delay (ideal)
                  0.15    0.00    0.00 ^ _1212_/CLK (sky130_fd_sc_hd__dfxtp_2)
                  0.04    0.33    0.33 ^ _1212_/Q (sky130_fd_sc_hd__dfxtp_2)
     2    0.00                           u_sram.mem[47][0] (net)
                  0.04    0.00    0.33 ^ _1011_/A0 (sky130_fd_sc_hd__mux2_2)
                  0.03    0.12    0.45 ^ _1011_/X (sky130_fd_sc_hd__mux2_2)
     1    0.00                           _0416_ (net)
                  0.03    0.00    0.45 ^ _1012_/A (sky130_fd_sc_hd__buf_1)
                  0.03    0.07    0.52 ^ _1012_/X (sky130_fd_sc_hd__buf_1)
     1    0.00                           _0046_ (net)
                  0.03    0.00    0.52 ^ _1212_/D (sky130_fd_sc_hd__dfxtp_2)
                                  0.52   data arrival time

                  0.15    0.00    0.00   clock clk (rise edge)
                          0.00    0.00   clock network delay (ideal)
                          0.25    0.25   clock uncertainty
                          0.00    0.25   clock reconvergence pessimism
                                  0.25 ^ _1212_/CLK (sky130_fd_sc_hd__dfxtp_2)
                         -0.02    0.23   library hold time
                                  0.23   data required time
-----------------------------------------------------------------------------
                                  0.23   data required time
                                 -0.52   data arrival time
-----------------------------------------------------------------------------
                                  0.28   slack (MET)


Startpoint: _1215_ (rising edge-triggered flip-flop clocked by clk)
Endpoint: _1215_ (rising edge-triggered flip-flop clocked by clk)
Path Group: clk
Path Type: min

Fanout     Cap    Slew   Delay    Time   Description
-----------------------------------------------------------------------------
                  0.15    0.00    0.00   clock clk (rise edge)
                          0.00    0.00   clock network delay (ideal)
                  0.15    0.00    0.00 ^ _1215_/CLK (sky130_fd_sc_hd__dfxtp_2)
                  0.04    0.33    0.33 ^ _1215_/Q (sky130_fd_sc_hd__dfxtp_2)
     2    0.00                           u_sram.mem[45][1] (net)
                  0.04    0.00    0.33 ^ _1019_/A1 (sky130_fd_sc_hd__mux2_2)
                  0.03    0.12    0.45 ^ _1019_/X (sky130_fd_sc_hd__mux2_2)
     1    0.00                           _0421_ (net)
                  0.03    0.00    0.45 ^ _1020_/A (sky130_fd_sc_hd__buf_1)
                  0.03    0.06    0.52 ^ _1020_/X (sky130_fd_sc_hd__buf_1)
     1    0.00                           _0049_ (net)
                  0.03    0.00    0.52 ^ _1215_/D (sky130_fd_sc_hd__dfxtp_2)
                                  0.52   data arrival time

                  0.15    0.00    0.00   clock clk (rise edge)
                          0.00    0.00   clock network delay (ideal)
                          0.25    0.25   clock uncertainty
                          0.00    0.25   clock reconvergence pessimism
                                  0.25 ^ _1215_/CLK (sky130_fd_sc_hd__dfxtp_2)
                         -0.02    0.23   library hold time
                                  0.23   data required time
-----------------------------------------------------------------------------
                                  0.23   data required time
                                 -0.52   data arrival time
-----------------------------------------------------------------------------
                                  0.28   slack (MET)


Startpoint: _1185_ (rising edge-triggered flip-flop clocked by clk)
Endpoint: _1185_ (rising edge-triggered flip-flop clocked by clk)
Path Group: clk
Path Type: min

Fanout     Cap    Slew   Delay    Time   Description
-----------------------------------------------------------------------------
                  0.15    0.00    0.00   clock clk (rise edge)
                          0.00    0.00   clock network delay (ideal)
                  0.15    0.00    0.00 ^ _1185_/CLK (sky130_fd_sc_hd__dfxtp_2)
                  0.04    0.33    0.33 ^ _1185_/Q (sky130_fd_sc_hd__dfxtp_2)
     2    0.00                           u_sram.mem[60][1] (net)
                  0.04    0.00    0.33 ^ _0927_/A1 (sky130_fd_sc_hd__mux2_2)
                  0.03    0.12    0.45 ^ _0927_/X (sky130_fd_sc_hd__mux2_2)
     1    0.00                           _0359_ (net)
                  0.03    0.00    0.45 ^ _0928_/A (sky130_fd_sc_hd__buf_1)
                  0.03    0.07    0.52 ^ _0928_/X (sky130_fd_sc_hd__buf_1)
     1    0.00                           _0019_ (net)
                  0.03    0.00    0.52 ^ _1185_/D (sky130_fd_sc_hd__dfxtp_2)
                                  0.52   data arrival time

                  0.15    0.00    0.00   clock clk (rise edge)
                          0.00    0.00   clock network delay (ideal)
                          0.25    0.25   clock uncertainty
                          0.00    0.25   clock reconvergence pessimism
                                  0.25 ^ _1185_/CLK (sky130_fd_sc_hd__dfxtp_2)
                         -0.02    0.23   library hold time
                                  0.23   data required time
-----------------------------------------------------------------------------
                                  0.23   data required time
                                 -0.52   data arrival time
-----------------------------------------------------------------------------
                                  0.28   slack (MET)


Startpoint: _1216_ (rising edge-triggered flip-flop clocked by clk)
Endpoint: _1216_ (rising edge-triggered flip-flop clocked by clk)
Path Group: clk
Path Type: min

Fanout     Cap    Slew   Delay    Time   Description
-----------------------------------------------------------------------------
                  0.15    0.00    0.00   clock clk (rise edge)
                          0.00    0.00   clock network delay (ideal)
                  0.15    0.00    0.00 ^ _1216_/CLK (sky130_fd_sc_hd__dfxtp_2)
                  0.04    0.33    0.33 ^ _1216_/Q (sky130_fd_sc_hd__dfxtp_2)
     2    0.00                           u_sram.mem[45][0] (net)
                  0.04    0.00    0.33 ^ _1022_/A1 (sky130_fd_sc_hd__mux2_2)
                  0.03    0.12    0.45 ^ _1022_/X (sky130_fd_sc_hd__mux2_2)
     1    0.00                           _0423_ (net)
                  0.03    0.00    0.45 ^ _1023_/A (sky130_fd_sc_hd__buf_1)
                  0.03    0.06    0.52 ^ _1023_/X (sky130_fd_sc_hd__buf_1)
     1    0.00                           _0050_ (net)
                  0.03    0.00    0.52 ^ _1216_/D (sky130_fd_sc_hd__dfxtp_2)
                                  0.52   data arrival time

                  0.15    0.00    0.00   clock clk (rise edge)
                          0.00    0.00   clock network delay (ideal)
                          0.25    0.25   clock uncertainty
                          0.00    0.25   clock reconvergence pessimism
                                  0.25 ^ _1216_/CLK (sky130_fd_sc_hd__dfxtp_2)
                         -0.02    0.23   library hold time
                                  0.23   data required time
-----------------------------------------------------------------------------
                                  0.23   data required time
                                 -0.52   data arrival time
-----------------------------------------------------------------------------
                                  0.28   slack (MET)


Startpoint: _1232_ (rising edge-triggered flip-flop clocked by clk)
Endpoint: _1232_ (rising edge-triggered flip-flop clocked by clk)
Path Group: clk
Path Type: min

Fanout     Cap    Slew   Delay    Time   Description
-----------------------------------------------------------------------------
                  0.15    0.00    0.00   clock clk (rise edge)
                          0.00    0.00   clock network delay (ideal)
                  0.15    0.00    0.00 ^ _1232_/CLK (sky130_fd_sc_hd__dfxtp_2)
                  0.04    0.33    0.33 ^ _1232_/Q (sky130_fd_sc_hd__dfxtp_2)
     2    0.00                           u_sram.mem[37][0] (net)
                  0.04    0.00    0.33 ^ _1065_/A0 (sky130_fd_sc_hd__mux2_2)
                  0.03    0.12    0.45 ^ _1065_/X (sky130_fd_sc_hd__mux2_2)
     1    0.00                           _0450_ (net)
                  0.03    0.00    0.45 ^ _1066_/A (sky130_fd_sc_hd__buf_1)
                  0.03    0.07    0.52 ^ _1066_/X (sky130_fd_sc_hd__buf_1)
     1    0.00                           _0066_ (net)
                  0.03    0.00    0.52 ^ _1232_/D (sky130_fd_sc_hd__dfxtp_2)
                                  0.52   data arrival time

                  0.15    0.00    0.00   clock clk (rise edge)
                          0.00    0.00   clock network delay (ideal)
                          0.25    0.25   clock uncertainty
                          0.00    0.25   clock reconvergence pessimism
                                  0.25 ^ _1232_/CLK (sky130_fd_sc_hd__dfxtp_2)
                         -0.02    0.23   library hold time
                                  0.23   data required time
-----------------------------------------------------------------------------
                                  0.23   data required time
                                 -0.52   data arrival time
-----------------------------------------------------------------------------
                                  0.28   slack (MET)


Startpoint: _1286_ (rising edge-triggered flip-flop clocked by clk)
Endpoint: _1286_ (rising edge-triggered flip-flop clocked by clk)
Path Group: clk
Path Type: min

Fanout     Cap    Slew   Delay    Time   Description
-----------------------------------------------------------------------------
                  0.15    0.00    0.00   clock clk (rise edge)
                          0.00    0.00   clock network delay (ideal)
                  0.15    0.00    0.00 ^ _1286_/CLK (sky130_fd_sc_hd__dfxtp_2)
                  0.04    0.33    0.33 ^ _1286_/Q (sky130_fd_sc_hd__dfxtp_2)
     2    0.00                           u_sram.mem[10][0] (net)
                  0.04    0.00    0.33 ^ _0620_/A1 (sky130_fd_sc_hd__mux2_2)
                  0.03    0.12    0.45 ^ _0620_/X (sky130_fd_sc_hd__mux2_2)
     1    0.00                           _0538_ (net)
                  0.03    0.00    0.45 ^ _0621_/A (sky130_fd_sc_hd__buf_1)
                  0.03    0.07    0.52 ^ _0621_/X (sky130_fd_sc_hd__buf_1)
     1    0.00                           _0120_ (net)
                  0.03    0.00    0.52 ^ _1286_/D (sky130_fd_sc_hd__dfxtp_2)
                                  0.52   data arrival time

                  0.15    0.00    0.00   clock clk (rise edge)
                          0.00    0.00   clock network delay (ideal)
                          0.25    0.25   clock uncertainty
                          0.00    0.25   clock reconvergence pessimism
                                  0.25 ^ _1286_/CLK (sky130_fd_sc_hd__dfxtp_2)
                         -0.02    0.23   library hold time
                                  0.23   data required time
-----------------------------------------------------------------------------
                                  0.23   data required time
                                 -0.52   data arrival time
-----------------------------------------------------------------------------
                                  0.28   slack (MET)


Startpoint: _1263_ (rising edge-triggered flip-flop clocked by clk)
Endpoint: _1263_ (rising edge-triggered flip-flop clocked by clk)
Path Group: clk
Path Type: min

Fanout     Cap    Slew   Delay    Time   Description
-----------------------------------------------------------------------------
                  0.15    0.00    0.00   clock clk (rise edge)
                          0.00    0.00   clock network delay (ideal)
                  0.15    0.00    0.00 ^ _1263_/CLK (sky130_fd_sc_hd__dfxtp_2)
                  0.04    0.33    0.33 ^ _1263_/Q (sky130_fd_sc_hd__dfxtp_2)
     2    0.00                           u_sram.mem[21][1] (net)
                  0.04    0.00    0.33 ^ _1147_/A0 (sky130_fd_sc_hd__mux2_2)
                  0.04    0.12    0.45 ^ _1147_/X (sky130_fd_sc_hd__mux2_2)
     1    0.00                           _0501_ (net)
                  0.04    0.00    0.45 ^ _1148_/A (sky130_fd_sc_hd__buf_1)
                  0.03    0.07    0.52 ^ _1148_/X (sky130_fd_sc_hd__buf_1)
     1    0.00                           _0097_ (net)
                  0.03    0.00    0.52 ^ _1263_/D (sky130_fd_sc_hd__dfxtp_2)
                                  0.52   data arrival time

                  0.15    0.00    0.00   clock clk (rise edge)
                          0.00    0.00   clock network delay (ideal)
                          0.25    0.25   clock uncertainty
                          0.00    0.25   clock reconvergence pessimism
                                  0.25 ^ _1263_/CLK (sky130_fd_sc_hd__dfxtp_2)
                         -0.02    0.23   library hold time
                                  0.23   data required time
-----------------------------------------------------------------------------
                                  0.23   data required time
                                 -0.52   data arrival time
-----------------------------------------------------------------------------
                                  0.28   slack (MET)


Startpoint: _1189_ (rising edge-triggered flip-flop clocked by clk)
Endpoint: _1189_ (rising edge-triggered flip-flop clocked by clk)
Path Group: clk
Path Type: min

Fanout     Cap    Slew   Delay    Time   Description
-----------------------------------------------------------------------------
                  0.15    0.00    0.00   clock clk (rise edge)
                          0.00    0.00   clock network delay (ideal)
                  0.15    0.00    0.00 ^ _1189_/CLK (sky130_fd_sc_hd__dfxtp_2)
                  0.04    0.33    0.33 ^ _1189_/Q (sky130_fd_sc_hd__dfxtp_2)
     2    0.00                           u_sram.mem[58][1] (net)
                  0.04    0.00    0.33 ^ _0942_/A0 (sky130_fd_sc_hd__mux2_2)
                  0.04    0.12    0.45 ^ _0942_/X (sky130_fd_sc_hd__mux2_2)
     1    0.00                           _0370_ (net)
                  0.04    0.00    0.45 ^ _0943_/A (sky130_fd_sc_hd__buf_1)
                  0.03    0.07    0.52 ^ _0943_/X (sky130_fd_sc_hd__buf_1)
     1    0.00                           _0023_ (net)
                  0.03    0.00    0.52 ^ _1189_/D (sky130_fd_sc_hd__dfxtp_2)
                                  0.52   data arrival time

                  0.15    0.00    0.00   clock clk (rise edge)
                          0.00    0.00   clock network delay (ideal)
                          0.25    0.25   clock uncertainty
                          0.00    0.25   clock reconvergence pessimism
                                  0.25 ^ _1189_/CLK (sky130_fd_sc_hd__dfxtp_2)
                         -0.02    0.23   library hold time
                                  0.23   data required time
-----------------------------------------------------------------------------
                                  0.23   data required time
                                 -0.52   data arrival time
-----------------------------------------------------------------------------
                                  0.28   slack (MET)


Startpoint: _1284_ (rising edge-triggered flip-flop clocked by clk)
Endpoint: _1284_ (rising edge-triggered flip-flop clocked by clk)
Path Group: clk
Path Type: min

Fanout     Cap    Slew   Delay    Time   Description
-----------------------------------------------------------------------------
                  0.15    0.00    0.00   clock clk (rise edge)
                          0.00    0.00   clock network delay (ideal)
                  0.15    0.00    0.00 ^ _1284_/CLK (sky130_fd_sc_hd__dfxtp_2)
                  0.04    0.33    0.33 ^ _1284_/Q (sky130_fd_sc_hd__dfxtp_2)
     2    0.00                           u_sram.mem[11][0] (net)
                  0.04    0.00    0.33 ^ _0615_/A0 (sky130_fd_sc_hd__mux2_2)
                  0.04    0.12    0.45 ^ _0615_/X (sky130_fd_sc_hd__mux2_2)
     1    0.00                           _0535_ (net)
                  0.04    0.00    0.45 ^ _0616_/A (sky130_fd_sc_hd__buf_1)
                  0.03    0.07    0.52 ^ _0616_/X (sky130_fd_sc_hd__buf_1)
     1    0.00                           _0118_ (net)
                  0.03    0.00    0.52 ^ _1284_/D (sky130_fd_sc_hd__dfxtp_2)
                                  0.52   data arrival time

                  0.15    0.00    0.00   clock clk (rise edge)
                          0.00    0.00   clock network delay (ideal)
                          0.25    0.25   clock uncertainty
                          0.00    0.25   clock reconvergence pessimism
                                  0.25 ^ _1284_/CLK (sky130_fd_sc_hd__dfxtp_2)
                         -0.02    0.23   library hold time
                                  0.23   data required time
-----------------------------------------------------------------------------
                                  0.23   data required time
                                 -0.52   data arrival time
-----------------------------------------------------------------------------
                                  0.28   slack (MET)


Startpoint: _1218_ (rising edge-triggered flip-flop clocked by clk)
Endpoint: _1218_ (rising edge-triggered flip-flop clocked by clk)
Path Group: clk
Path Type: min

Fanout     Cap    Slew   Delay    Time   Description
-----------------------------------------------------------------------------
                  0.15    0.00    0.00   clock clk (rise edge)
                          0.00    0.00   clock network delay (ideal)
                  0.15    0.00    0.00 ^ _1218_/CLK (sky130_fd_sc_hd__dfxtp_2)
                  0.04    0.33    0.33 ^ _1218_/Q (sky130_fd_sc_hd__dfxtp_2)
     2    0.00                           u_sram.mem[44][0] (net)
                  0.04    0.00    0.33 ^ _1028_/A1 (sky130_fd_sc_hd__mux2_2)
                  0.04    0.12    0.45 ^ _1028_/X (sky130_fd_sc_hd__mux2_2)
     1    0.00                           _0427_ (net)
                  0.04    0.00    0.45 ^ _1029_/A (sky130_fd_sc_hd__buf_1)
                  0.03    0.07    0.52 ^ _1029_/X (sky130_fd_sc_hd__buf_1)
     1    0.00                           _0052_ (net)
                  0.03    0.00    0.52 ^ _1218_/D (sky130_fd_sc_hd__dfxtp_2)
                                  0.52   data arrival time

                  0.15    0.00    0.00   clock clk (rise edge)
                          0.00    0.00   clock network delay (ideal)
                          0.25    0.25   clock uncertainty
                          0.00    0.25   clock reconvergence pessimism
                                  0.25 ^ _1218_/CLK (sky130_fd_sc_hd__dfxtp_2)
                         -0.02    0.23   library hold time
                                  0.23   data required time
-----------------------------------------------------------------------------
                                  0.23   data required time
                                 -0.52   data arrival time
-----------------------------------------------------------------------------
                                  0.28   slack (MET)


Startpoint: _1228_ (rising edge-triggered flip-flop clocked by clk)
Endpoint: _1228_ (rising edge-triggered flip-flop clocked by clk)
Path Group: clk
Path Type: min

Fanout     Cap    Slew   Delay    Time   Description
-----------------------------------------------------------------------------
                  0.15    0.00    0.00   clock clk (rise edge)
                          0.00    0.00   clock network delay (ideal)
                  0.15    0.00    0.00 ^ _1228_/CLK (sky130_fd_sc_hd__dfxtp_2)
                  0.04    0.33    0.33 ^ _1228_/Q (sky130_fd_sc_hd__dfxtp_2)
     2    0.00                           u_sram.mem[39][0] (net)
                  0.04    0.00    0.33 ^ _1055_/A0 (sky130_fd_sc_hd__mux2_2)
                  0.03    0.12    0.45 ^ _1055_/X (sky130_fd_sc_hd__mux2_2)
     1    0.00                           _0444_ (net)
                  0.03    0.00    0.45 ^ _1056_/A (sky130_fd_sc_hd__buf_1)
                  0.03    0.07    0.52 ^ _1056_/X (sky130_fd_sc_hd__buf_1)
     1    0.00                           _0062_ (net)
                  0.03    0.00    0.52 ^ _1228_/D (sky130_fd_sc_hd__dfxtp_2)
                                  0.52   data arrival time

                  0.15    0.00    0.00   clock clk (rise edge)
                          0.00    0.00   clock network delay (ideal)
                          0.25    0.25   clock uncertainty
                          0.00    0.25   clock reconvergence pessimism
                                  0.25 ^ _1228_/CLK (sky130_fd_sc_hd__dfxtp_2)
                         -0.02    0.23   library hold time
                                  0.23   data required time
-----------------------------------------------------------------------------
                                  0.23   data required time
                                 -0.52   data arrival time
-----------------------------------------------------------------------------
                                  0.28   slack (MET)


Startpoint: _1188_ (rising edge-triggered flip-flop clocked by clk)
Endpoint: _1188_ (rising edge-triggered flip-flop clocked by clk)
Path Group: clk
Path Type: min

Fanout     Cap    Slew   Delay    Time   Description
-----------------------------------------------------------------------------
                  0.15    0.00    0.00   clock clk (rise edge)
                          0.00    0.00   clock network delay (ideal)
                  0.15    0.00    0.00 ^ _1188_/CLK (sky130_fd_sc_hd__dfxtp_2)
                  0.04    0.33    0.33 ^ _1188_/Q (sky130_fd_sc_hd__dfxtp_2)
     2    0.00                           u_sram.mem[59][0] (net)
                  0.04    0.00    0.33 ^ _0938_/A0 (sky130_fd_sc_hd__mux2_2)
                  0.04    0.12    0.45 ^ _0938_/X (sky130_fd_sc_hd__mux2_2)
     1    0.00                           _0367_ (net)
                  0.04    0.00    0.45 ^ _0939_/A (sky130_fd_sc_hd__buf_1)
                  0.04    0.07    0.52 ^ _0939_/X (sky130_fd_sc_hd__buf_1)
     1    0.00                           _0022_ (net)
                  0.04    0.00    0.52 ^ _1188_/D (sky130_fd_sc_hd__dfxtp_2)
                                  0.52   data arrival time

                  0.15    0.00    0.00   clock clk (rise edge)
                          0.00    0.00   clock network delay (ideal)
                          0.25    0.25   clock uncertainty
                          0.00    0.25   clock reconvergence pessimism
                                  0.25 ^ _1188_/CLK (sky130_fd_sc_hd__dfxtp_2)
                         -0.02    0.23   library hold time
                                  0.23   data required time
-----------------------------------------------------------------------------
                                  0.23   data required time
                                 -0.52   data arrival time
-----------------------------------------------------------------------------
                                  0.28   slack (MET)


Startpoint: _1190_ (rising edge-triggered flip-flop clocked by clk)
Endpoint: _1190_ (rising edge-triggered flip-flop clocked by clk)
Path Group: clk
Path Type: min

Fanout     Cap    Slew   Delay    Time   Description
-----------------------------------------------------------------------------
                  0.15    0.00    0.00   clock clk (rise edge)
                          0.00    0.00   clock network delay (ideal)
                  0.15    0.00    0.00 ^ _1190_/CLK (sky130_fd_sc_hd__dfxtp_2)
                  0.04    0.33    0.33 ^ _1190_/Q (sky130_fd_sc_hd__dfxtp_2)
     2    0.00                           u_sram.mem[58][0] (net)
                  0.04    0.00    0.33 ^ _0944_/A0 (sky130_fd_sc_hd__mux2_2)
                  0.04    0.12    0.45 ^ _0944_/X (sky130_fd_sc_hd__mux2_2)
     1    0.00                           _0371_ (net)
                  0.04    0.00    0.45 ^ _0945_/A (sky130_fd_sc_hd__buf_1)
                  0.03    0.07    0.52 ^ _0945_/X (sky130_fd_sc_hd__buf_1)
     1    0.00                           _0024_ (net)
                  0.03    0.00    0.52 ^ _1190_/D (sky130_fd_sc_hd__dfxtp_2)
                                  0.52   data arrival time

                  0.15    0.00    0.00   clock clk (rise edge)
                          0.00    0.00   clock network delay (ideal)
                          0.25    0.25   clock uncertainty
                          0.00    0.25   clock reconvergence pessimism
                                  0.25 ^ _1190_/CLK (sky130_fd_sc_hd__dfxtp_2)
                         -0.02    0.23   library hold time
                                  0.23   data required time
-----------------------------------------------------------------------------
                                  0.23   data required time
                                 -0.52   data arrival time
-----------------------------------------------------------------------------
                                  0.28   slack (MET)


Startpoint: _1231_ (rising edge-triggered flip-flop clocked by clk)
Endpoint: _1231_ (rising edge-triggered flip-flop clocked by clk)
Path Group: clk
Path Type: min

Fanout     Cap    Slew   Delay    Time   Description
-----------------------------------------------------------------------------
                  0.15    0.00    0.00   clock clk (rise edge)
                          0.00    0.00   clock network delay (ideal)
                  0.15    0.00    0.00 ^ _1231_/CLK (sky130_fd_sc_hd__dfxtp_2)
                  0.04    0.33    0.33 ^ _1231_/Q (sky130_fd_sc_hd__dfxtp_2)
     2    0.00                           u_sram.mem[37][1] (net)
                  0.04    0.00    0.33 ^ _1063_/A0 (sky130_fd_sc_hd__mux2_2)
                  0.04    0.12    0.45 ^ _1063_/X (sky130_fd_sc_hd__mux2_2)
     1    0.00                           _0449_ (net)
                  0.04    0.00    0.45 ^ _1064_/A (sky130_fd_sc_hd__buf_1)
                  0.03    0.07    0.52 ^ _1064_/X (sky130_fd_sc_hd__buf_1)
     1    0.00                           _0065_ (net)
                  0.03    0.00    0.52 ^ _1231_/D (sky130_fd_sc_hd__dfxtp_2)
                                  0.52   data arrival time

                  0.15    0.00    0.00   clock clk (rise edge)
                          0.00    0.00   clock network delay (ideal)
                          0.25    0.25   clock uncertainty
                          0.00    0.25   clock reconvergence pessimism
                                  0.25 ^ _1231_/CLK (sky130_fd_sc_hd__dfxtp_2)
                         -0.02    0.23   library hold time
                                  0.23   data required time
-----------------------------------------------------------------------------
                                  0.23   data required time
                                 -0.52   data arrival time
-----------------------------------------------------------------------------
                                  0.28   slack (MET)


Startpoint: _1253_ (rising edge-triggered flip-flop clocked by clk)
Endpoint: _1253_ (rising edge-triggered flip-flop clocked by clk)
Path Group: clk
Path Type: min

Fanout     Cap    Slew   Delay    Time   Description
-----------------------------------------------------------------------------
                  0.15    0.00    0.00   clock clk (rise edge)
                          0.00    0.00   clock network delay (ideal)
                  0.15    0.00    0.00 ^ _1253_/CLK (sky130_fd_sc_hd__dfxtp_2)
                  0.04    0.33    0.33 ^ _1253_/Q (sky130_fd_sc_hd__dfxtp_2)
     2    0.00                           u_sram.mem[26][1] (net)
                  0.04    0.00    0.33 ^ _1121_/A0 (sky130_fd_sc_hd__mux2_2)
                  0.04    0.12    0.45 ^ _1121_/X (sky130_fd_sc_hd__mux2_2)
     1    0.00                           _0485_ (net)
                  0.04    0.00    0.45 ^ _1122_/A (sky130_fd_sc_hd__buf_1)
                  0.03    0.07    0.52 ^ _1122_/X (sky130_fd_sc_hd__buf_1)
     1    0.00                           _0087_ (net)
                  0.03    0.00    0.52 ^ _1253_/D (sky130_fd_sc_hd__dfxtp_2)
                                  0.52   data arrival time

                  0.15    0.00    0.00   clock clk (rise edge)
                          0.00    0.00   clock network delay (ideal)
                          0.25    0.25   clock uncertainty
                          0.00    0.25   clock reconvergence pessimism
                                  0.25 ^ _1253_/CLK (sky130_fd_sc_hd__dfxtp_2)
                         -0.02    0.23   library hold time
                                  0.23   data required time
-----------------------------------------------------------------------------
                                  0.23   data required time
                                 -0.52   data arrival time
-----------------------------------------------------------------------------
                                  0.28   slack (MET)


Startpoint: _1169_ (rising edge-triggered flip-flop clocked by clk)
Endpoint: _1169_ (rising edge-triggered flip-flop clocked by clk)
Path Group: clk
Path Type: min

Fanout     Cap    Slew   Delay    Time   Description
-----------------------------------------------------------------------------
                  0.15    0.00    0.00   clock clk (rise edge)
                          0.00    0.00   clock network delay (ideal)
                  0.15    0.00    0.00 ^ _1169_/CLK (sky130_fd_sc_hd__dfxtp_2)
                  0.04    0.33    0.33 ^ _1169_/Q (sky130_fd_sc_hd__dfxtp_2)
     2    0.00                           u_sram.mem[63][1] (net)
                  0.04    0.00    0.33 ^ _0874_/A0 (sky130_fd_sc_hd__mux2_2)
                  0.04    0.12    0.45 ^ _0874_/X (sky130_fd_sc_hd__mux2_2)
     1    0.00                           _0319_ (net)
                  0.04    0.00    0.45 ^ _0875_/A (sky130_fd_sc_hd__buf_1)
                  0.04    0.07    0.52 ^ _0875_/X (sky130_fd_sc_hd__buf_1)
     1    0.00                           _0006_ (net)
                  0.04    0.00    0.52 ^ _1169_/D (sky130_fd_sc_hd__dfxtp_2)
                                  0.52   data arrival time

                  0.15    0.00    0.00   clock clk (rise edge)
                          0.00    0.00   clock network delay (ideal)
                          0.25    0.25   clock uncertainty
                          0.00    0.25   clock reconvergence pessimism
                                  0.25 ^ _1169_/CLK (sky130_fd_sc_hd__dfxtp_2)
                         -0.02    0.23   library hold time
                                  0.23   data required time
-----------------------------------------------------------------------------
                                  0.23   data required time
                                 -0.52   data arrival time
-----------------------------------------------------------------------------
                                  0.28   slack (MET)


Startpoint: _1259_ (rising edge-triggered flip-flop clocked by clk)
Endpoint: _1259_ (rising edge-triggered flip-flop clocked by clk)
Path Group: clk
Path Type: min

Fanout     Cap    Slew   Delay    Time   Description
-----------------------------------------------------------------------------
                  0.15    0.00    0.00   clock clk (rise edge)
                          0.00    0.00   clock network delay (ideal)
                  0.15    0.00    0.00 ^ _1259_/CLK (sky130_fd_sc_hd__dfxtp_2)
                  0.04    0.33    0.33 ^ _1259_/Q (sky130_fd_sc_hd__dfxtp_2)
     2    0.00                           u_sram.mem[23][1] (net)
                  0.04    0.00    0.33 ^ _1137_/A0 (sky130_fd_sc_hd__mux2_2)
                  0.04    0.12    0.45 ^ _1137_/X (sky130_fd_sc_hd__mux2_2)
     1    0.00                           _0495_ (net)
                  0.04    0.00    0.45 ^ _1138_/A (sky130_fd_sc_hd__buf_1)
                  0.04    0.07    0.52 ^ _1138_/X (sky130_fd_sc_hd__buf_1)
     1    0.00                           _0093_ (net)
                  0.04    0.00    0.52 ^ _1259_/D (sky130_fd_sc_hd__dfxtp_2)
                                  0.52   data arrival time

                  0.15    0.00    0.00   clock clk (rise edge)
                          0.00    0.00   clock network delay (ideal)
                          0.25    0.25   clock uncertainty
                          0.00    0.25   clock reconvergence pessimism
                                  0.25 ^ _1259_/CLK (sky130_fd_sc_hd__dfxtp_2)
                         -0.02    0.23   library hold time
                                  0.23   data required time
-----------------------------------------------------------------------------
                                  0.23   data required time
                                 -0.52   data arrival time
-----------------------------------------------------------------------------
                                  0.28   slack (MET)


Startpoint: _1260_ (rising edge-triggered flip-flop clocked by clk)
Endpoint: _1260_ (rising edge-triggered flip-flop clocked by clk)
Path Group: clk
Path Type: min

Fanout     Cap    Slew   Delay    Time   Description
-----------------------------------------------------------------------------
                  0.15    0.00    0.00   clock clk (rise edge)
                          0.00    0.00   clock network delay (ideal)
                  0.15    0.00    0.00 ^ _1260_/CLK (sky130_fd_sc_hd__dfxtp_2)
                  0.04    0.33    0.33 ^ _1260_/Q (sky130_fd_sc_hd__dfxtp_2)
     2    0.00                           u_sram.mem[23][0] (net)
                  0.04    0.00    0.33 ^ _1139_/A0 (sky130_fd_sc_hd__mux2_2)
                  0.04    0.12    0.45 ^ _1139_/X (sky130_fd_sc_hd__mux2_2)
     1    0.00                           _0496_ (net)
                  0.04    0.00    0.45 ^ _1140_/A (sky130_fd_sc_hd__buf_1)
                  0.04    0.07    0.52 ^ _1140_/X (sky130_fd_sc_hd__buf_1)
     1    0.00                           _0094_ (net)
                  0.04    0.00    0.52 ^ _1260_/D (sky130_fd_sc_hd__dfxtp_2)
                                  0.52   data arrival time

                  0.15    0.00    0.00   clock clk (rise edge)
                          0.00    0.00   clock network delay (ideal)
                          0.25    0.25   clock uncertainty
                          0.00    0.25   clock reconvergence pessimism
                                  0.25 ^ _1260_/CLK (sky130_fd_sc_hd__dfxtp_2)
                         -0.02    0.23   library hold time
                                  0.23   data required time
-----------------------------------------------------------------------------
                                  0.23   data required time
                                 -0.52   data arrival time
-----------------------------------------------------------------------------
                                  0.28   slack (MET)


Startpoint: _1239_ (rising edge-triggered flip-flop clocked by clk)
Endpoint: _1239_ (rising edge-triggered flip-flop clocked by clk)
Path Group: clk
Path Type: min

Fanout     Cap    Slew   Delay    Time   Description
-----------------------------------------------------------------------------
                  0.15    0.00    0.00   clock clk (rise edge)
                          0.00    0.00   clock network delay (ideal)
                  0.15    0.00    0.00 ^ _1239_/CLK (sky130_fd_sc_hd__dfxtp_2)
                  0.04    0.33    0.33 ^ _1239_/Q (sky130_fd_sc_hd__dfxtp_2)
     2    0.00                           u_sram.mem[33][1] (net)
                  0.04    0.00    0.33 ^ _1083_/A1 (sky130_fd_sc_hd__mux2_2)
                  0.04    0.12    0.45 ^ _1083_/X (sky130_fd_sc_hd__mux2_2)
     1    0.00                           _0461_ (net)
                  0.04    0.00    0.45 ^ _1084_/A (sky130_fd_sc_hd__buf_1)
                  0.04    0.07    0.52 ^ _1084_/X (sky130_fd_sc_hd__buf_1)
     1    0.00                           _0073_ (net)
                  0.04    0.00    0.52 ^ _1239_/D (sky130_fd_sc_hd__dfxtp_2)
                                  0.52   data arrival time

                  0.15    0.00    0.00   clock clk (rise edge)
                          0.00    0.00   clock network delay (ideal)
                          0.25    0.25   clock uncertainty
                          0.00    0.25   clock reconvergence pessimism
                                  0.25 ^ _1239_/CLK (sky130_fd_sc_hd__dfxtp_2)
                         -0.02    0.23   library hold time
                                  0.23   data required time
-----------------------------------------------------------------------------
                                  0.23   data required time
                                 -0.52   data arrival time
-----------------------------------------------------------------------------
                                  0.28   slack (MET)


Startpoint: _1170_ (rising edge-triggered flip-flop clocked by clk)
Endpoint: _1170_ (rising edge-triggered flip-flop clocked by clk)
Path Group: clk
Path Type: min

Fanout     Cap    Slew   Delay    Time   Description
-----------------------------------------------------------------------------
                  0.15    0.00    0.00   clock clk (rise edge)
                          0.00    0.00   clock network delay (ideal)
                  0.15    0.00    0.00 ^ _1170_/CLK (sky130_fd_sc_hd__dfxtp_2)
                  0.04    0.33    0.33 ^ _1170_/Q (sky130_fd_sc_hd__dfxtp_2)
     2    0.01                           u_sram.mem[63][0] (net)
                  0.04    0.00    0.33 ^ _0877_/A0 (sky130_fd_sc_hd__mux2_2)
                  0.03    0.12    0.45 ^ _0877_/X (sky130_fd_sc_hd__mux2_2)
     1    0.00                           _0321_ (net)
                  0.03    0.00    0.45 ^ _0878_/A (sky130_fd_sc_hd__buf_1)
                  0.03    0.07    0.52 ^ _0878_/X (sky130_fd_sc_hd__buf_1)
     1    0.00                           _0007_ (net)
                  0.03    0.00    0.52 ^ _1170_/D (sky130_fd_sc_hd__dfxtp_2)
                                  0.52   data arrival time

                  0.15    0.00    0.00   clock clk (rise edge)
                          0.00    0.00   clock network delay (ideal)
                          0.25    0.25   clock uncertainty
                          0.00    0.25   clock reconvergence pessimism
                                  0.25 ^ _1170_/CLK (sky130_fd_sc_hd__dfxtp_2)
                         -0.02    0.23   library hold time
                                  0.23   data required time
-----------------------------------------------------------------------------
                                  0.23   data required time
                                 -0.52   data arrival time
-----------------------------------------------------------------------------
                                  0.29   slack (MET)


Startpoint: _1299_ (rising edge-triggered flip-flop clocked by clk)
Endpoint: _1299_ (rising edge-triggered flip-flop clocked by clk)
Path Group: clk
Path Type: min

Fanout     Cap    Slew   Delay    Time   Description
-----------------------------------------------------------------------------
                  0.15    0.00    0.00   clock clk (rise edge)
                          0.00    0.00   clock network delay (ideal)
                  0.15    0.00    0.00 ^ _1299_/CLK (sky130_fd_sc_hd__dfxtp_2)
                  0.04    0.33    0.33 ^ _1299_/Q (sky130_fd_sc_hd__dfxtp_2)
     2    0.00                           u_sram.mem[3][1] (net)
                  0.04    0.00    0.33 ^ _0653_/A1 (sky130_fd_sc_hd__mux2_2)
                  0.04    0.12    0.45 ^ _0653_/X (sky130_fd_sc_hd__mux2_2)
     1    0.00                           _0558_ (net)
                  0.04    0.00    0.45 ^ _0654_/A (sky130_fd_sc_hd__buf_1)
                  0.04    0.07    0.52 ^ _0654_/X (sky130_fd_sc_hd__buf_1)
     1    0.00                           _0133_ (net)
                  0.04    0.00    0.52 ^ _1299_/D (sky130_fd_sc_hd__dfxtp_2)
                                  0.52   data arrival time

                  0.15    0.00    0.00   clock clk (rise edge)
                          0.00    0.00   clock network delay (ideal)
                          0.25    0.25   clock uncertainty
                          0.00    0.25   clock reconvergence pessimism
                                  0.25 ^ _1299_/CLK (sky130_fd_sc_hd__dfxtp_2)
                         -0.02    0.23   library hold time
                                  0.23   data required time
-----------------------------------------------------------------------------
                                  0.23   data required time
                                 -0.52   data arrival time
-----------------------------------------------------------------------------
                                  0.29   slack (MET)


Startpoint: _1254_ (rising edge-triggered flip-flop clocked by clk)
Endpoint: _1254_ (rising edge-triggered flip-flop clocked by clk)
Path Group: clk
Path Type: min

Fanout     Cap    Slew   Delay    Time   Description
-----------------------------------------------------------------------------
                  0.15    0.00    0.00   clock clk (rise edge)
                          0.00    0.00   clock network delay (ideal)
                  0.15    0.00    0.00 ^ _1254_/CLK (sky130_fd_sc_hd__dfxtp_2)
                  0.04    0.33    0.33 ^ _1254_/Q (sky130_fd_sc_hd__dfxtp_2)
     2    0.00                           u_sram.mem[26][0] (net)
                  0.04    0.00    0.33 ^ _1123_/A0 (sky130_fd_sc_hd__mux2_2)
                  0.04    0.12    0.45 ^ _1123_/X (sky130_fd_sc_hd__mux2_2)
     1    0.00                           _0486_ (net)
                  0.04    0.00    0.45 ^ _1124_/A (sky130_fd_sc_hd__buf_1)
                  0.04    0.07    0.52 ^ _1124_/X (sky130_fd_sc_hd__buf_1)
     1    0.00                           _0088_ (net)
                  0.04    0.00    0.52 ^ _1254_/D (sky130_fd_sc_hd__dfxtp_2)
                                  0.52   data arrival time

                  0.15    0.00    0.00   clock clk (rise edge)
                          0.00    0.00   clock network delay (ideal)
                          0.25    0.25   clock uncertainty
                          0.00    0.25   clock reconvergence pessimism
                                  0.25 ^ _1254_/CLK (sky130_fd_sc_hd__dfxtp_2)
                         -0.02    0.23   library hold time
                                  0.23   data required time
-----------------------------------------------------------------------------
                                  0.23   data required time
                                 -0.52   data arrival time
-----------------------------------------------------------------------------
                                  0.29   slack (MET)


Startpoint: _1227_ (rising edge-triggered flip-flop clocked by clk)
Endpoint: _1227_ (rising edge-triggered flip-flop clocked by clk)
Path Group: clk
Path Type: min

Fanout     Cap    Slew   Delay    Time   Description
-----------------------------------------------------------------------------
                  0.15    0.00    0.00   clock clk (rise edge)
                          0.00    0.00   clock network delay (ideal)
                  0.15    0.00    0.00 ^ _1227_/CLK (sky130_fd_sc_hd__dfxtp_2)
                  0.04    0.33    0.33 ^ _1227_/Q (sky130_fd_sc_hd__dfxtp_2)
     2    0.01                           u_sram.mem[39][1] (net)
                  0.04    0.00    0.33 ^ _1053_/A0 (sky130_fd_sc_hd__mux2_2)
                  0.03    0.12    0.45 ^ _1053_/X (sky130_fd_sc_hd__mux2_2)
     1    0.00                           _0443_ (net)
                  0.03    0.00    0.45 ^ _1054_/A (sky130_fd_sc_hd__buf_1)
                  0.03    0.07    0.52 ^ _1054_/X (sky130_fd_sc_hd__buf_1)
     1    0.00                           _0061_ (net)
                  0.03    0.00    0.52 ^ _1227_/D (sky130_fd_sc_hd__dfxtp_2)
                                  0.52   data arrival time

                  0.15    0.00    0.00   clock clk (rise edge)
                          0.00    0.00   clock network delay (ideal)
                          0.25    0.25   clock uncertainty
                          0.00    0.25   clock reconvergence pessimism
                                  0.25 ^ _1227_/CLK (sky130_fd_sc_hd__dfxtp_2)
                         -0.02    0.23   library hold time
                                  0.23   data required time
-----------------------------------------------------------------------------
                                  0.23   data required time
                                 -0.52   data arrival time
-----------------------------------------------------------------------------
                                  0.29   slack (MET)


Startpoint: _1217_ (rising edge-triggered flip-flop clocked by clk)
Endpoint: _1217_ (rising edge-triggered flip-flop clocked by clk)
Path Group: clk
Path Type: min

Fanout     Cap    Slew   Delay    Time   Description
-----------------------------------------------------------------------------
                  0.15    0.00    0.00   clock clk (rise edge)
                          0.00    0.00   clock network delay (ideal)
                  0.15    0.00    0.00 ^ _1217_/CLK (sky130_fd_sc_hd__dfxtp_2)
                  0.04    0.33    0.33 ^ _1217_/Q (sky130_fd_sc_hd__dfxtp_2)
     2    0.00                           u_sram.mem[44][1] (net)
                  0.04    0.00    0.33 ^ _1026_/A1 (sky130_fd_sc_hd__mux2_2)
                  0.04    0.12    0.45 ^ _1026_/X (sky130_fd_sc_hd__mux2_2)
     1    0.00                           _0426_ (net)
                  0.04    0.00    0.45 ^ _1027_/A (sky130_fd_sc_hd__buf_1)
                  0.04    0.07    0.52 ^ _1027_/X (sky130_fd_sc_hd__buf_1)
     1    0.00                           _0051_ (net)
                  0.04    0.00    0.52 ^ _1217_/D (sky130_fd_sc_hd__dfxtp_2)
                                  0.52   data arrival time

                  0.15    0.00    0.00   clock clk (rise edge)
                          0.00    0.00   clock network delay (ideal)
                          0.25    0.25   clock uncertainty
                          0.00    0.25   clock reconvergence pessimism
                                  0.25 ^ _1217_/CLK (sky130_fd_sc_hd__dfxtp_2)
                         -0.02    0.23   library hold time
                                  0.23   data required time
-----------------------------------------------------------------------------
                                  0.23   data required time
                                 -0.52   data arrival time
-----------------------------------------------------------------------------
                                  0.29   slack (MET)


Startpoint: _1222_ (rising edge-triggered flip-flop clocked by clk)
Endpoint: _1222_ (rising edge-triggered flip-flop clocked by clk)
Path Group: clk
Path Type: min

Fanout     Cap    Slew   Delay    Time   Description
-----------------------------------------------------------------------------
                  0.15    0.00    0.00   clock clk (rise edge)
                          0.00    0.00   clock network delay (ideal)
                  0.15    0.00    0.00 ^ _1222_/CLK (sky130_fd_sc_hd__dfxtp_2)
                  0.04    0.33    0.33 ^ _1222_/Q (sky130_fd_sc_hd__dfxtp_2)
     2    0.00                           u_sram.mem[42][0] (net)
                  0.04    0.00    0.33 ^ _1038_/A0 (sky130_fd_sc_hd__mux2_2)
                  0.04    0.12    0.45 ^ _1038_/X (sky130_fd_sc_hd__mux2_2)
     1    0.00                           _0433_ (net)
                  0.04    0.00    0.45 ^ _1039_/A (sky130_fd_sc_hd__buf_1)
                  0.04    0.07    0.52 ^ _1039_/X (sky130_fd_sc_hd__buf_1)
     1    0.00                           _0056_ (net)
                  0.04    0.00    0.52 ^ _1222_/D (sky130_fd_sc_hd__dfxtp_2)
                                  0.52   data arrival time

                  0.15    0.00    0.00   clock clk (rise edge)
                          0.00    0.00   clock network delay (ideal)
                          0.25    0.25   clock uncertainty
                          0.00    0.25   clock reconvergence pessimism
                                  0.25 ^ _1222_/CLK (sky130_fd_sc_hd__dfxtp_2)
                         -0.02    0.23   library hold time
                                  0.23   data required time
-----------------------------------------------------------------------------
                                  0.23   data required time
                                 -0.52   data arrival time
-----------------------------------------------------------------------------
                                  0.29   slack (MET)


Startpoint: _1187_ (rising edge-triggered flip-flop clocked by clk)
Endpoint: _1187_ (rising edge-triggered flip-flop clocked by clk)
Path Group: clk
Path Type: min

Fanout     Cap    Slew   Delay    Time   Description
-----------------------------------------------------------------------------
                  0.15    0.00    0.00   clock clk (rise edge)
                          0.00    0.00   clock network delay (ideal)
                  0.15    0.00    0.00 ^ _1187_/CLK (sky130_fd_sc_hd__dfxtp_2)
                  0.04    0.33    0.33 ^ _1187_/Q (sky130_fd_sc_hd__dfxtp_2)
     2    0.01                           u_sram.mem[59][1] (net)
                  0.04    0.00    0.33 ^ _0935_/A0 (sky130_fd_sc_hd__mux2_2)
                  0.03    0.12    0.46 ^ _0935_/X (sky130_fd_sc_hd__mux2_2)
     1    0.00                           _0365_ (net)
                  0.03    0.00    0.46 ^ _0936_/A (sky130_fd_sc_hd__buf_1)
                  0.03    0.06    0.52 ^ _0936_/X (sky130_fd_sc_hd__buf_1)
     1    0.00                           _0021_ (net)
                  0.03    0.00    0.52 ^ _1187_/D (sky130_fd_sc_hd__dfxtp_2)
                                  0.52   data arrival time

                  0.15    0.00    0.00   clock clk (rise edge)
                          0.00    0.00   clock network delay (ideal)
                          0.25    0.25   clock uncertainty
                          0.00    0.25   clock reconvergence pessimism
                                  0.25 ^ _1187_/CLK (sky130_fd_sc_hd__dfxtp_2)
                         -0.02    0.23   library hold time
                                  0.23   data required time
-----------------------------------------------------------------------------
                                  0.23   data required time
                                 -0.52   data arrival time
-----------------------------------------------------------------------------
                                  0.29   slack (MET)


Startpoint: _1295_ (rising edge-triggered flip-flop clocked by clk)
Endpoint: _1295_ (rising edge-triggered flip-flop clocked by clk)
Path Group: clk
Path Type: min

Fanout     Cap    Slew   Delay    Time   Description
-----------------------------------------------------------------------------
                  0.15    0.00    0.00   clock clk (rise edge)
                          0.00    0.00   clock network delay (ideal)
                  0.15    0.00    0.00 ^ _1295_/CLK (sky130_fd_sc_hd__dfxtp_2)
                  0.04    0.33    0.33 ^ _1295_/Q (sky130_fd_sc_hd__dfxtp_2)
     2    0.00                           u_sram.mem[5][1] (net)
                  0.04    0.00    0.33 ^ _0643_/A1 (sky130_fd_sc_hd__mux2_2)
                  0.04    0.12    0.45 ^ _0643_/X (sky130_fd_sc_hd__mux2_2)
     1    0.00                           _0552_ (net)
                  0.04    0.00    0.45 ^ _0644_/A (sky130_fd_sc_hd__buf_1)
                  0.04    0.07    0.52 ^ _0644_/X (sky130_fd_sc_hd__buf_1)
     1    0.00                           _0129_ (net)
                  0.04    0.00    0.52 ^ _1295_/D (sky130_fd_sc_hd__dfxtp_2)
                                  0.52   data arrival time

                  0.15    0.00    0.00   clock clk (rise edge)
                          0.00    0.00   clock network delay (ideal)
                          0.25    0.25   clock uncertainty
                          0.00    0.25   clock reconvergence pessimism
                                  0.25 ^ _1295_/CLK (sky130_fd_sc_hd__dfxtp_2)
                         -0.02    0.23   library hold time
                                  0.23   data required time
-----------------------------------------------------------------------------
                                  0.23   data required time
                                 -0.52   data arrival time
-----------------------------------------------------------------------------
                                  0.29   slack (MET)


Startpoint: _1292_ (rising edge-triggered flip-flop clocked by clk)
Endpoint: _1292_ (rising edge-triggered flip-flop clocked by clk)
Path Group: clk
Path Type: min

Fanout     Cap    Slew   Delay    Time   Description
-----------------------------------------------------------------------------
                  0.15    0.00    0.00   clock clk (rise edge)
                          0.00    0.00   clock network delay (ideal)
                  0.15    0.00    0.00 ^ _1292_/CLK (sky130_fd_sc_hd__dfxtp_2)
                  0.04    0.33    0.33 ^ _1292_/Q (sky130_fd_sc_hd__dfxtp_2)
     2    0.00                           u_sram.mem[7][0] (net)
                  0.04    0.00    0.33 ^ _0635_/A0 (sky130_fd_sc_hd__mux2_2)
                  0.04    0.12    0.45 ^ _0635_/X (sky130_fd_sc_hd__mux2_2)
     1    0.00                           _0547_ (net)
                  0.04    0.00    0.45 ^ _0636_/A (sky130_fd_sc_hd__buf_1)
                  0.04    0.07    0.52 ^ _0636_/X (sky130_fd_sc_hd__buf_1)
     1    0.00                           _0126_ (net)
                  0.04    0.00    0.52 ^ _1292_/D (sky130_fd_sc_hd__dfxtp_2)
                                  0.52   data arrival time

                  0.15    0.00    0.00   clock clk (rise edge)
                          0.00    0.00   clock network delay (ideal)
                          0.25    0.25   clock uncertainty
                          0.00    0.25   clock reconvergence pessimism
                                  0.25 ^ _1292_/CLK (sky130_fd_sc_hd__dfxtp_2)
                         -0.02    0.23   library hold time
                                  0.23   data required time
-----------------------------------------------------------------------------
                                  0.23   data required time
                                 -0.52   data arrival time
-----------------------------------------------------------------------------
                                  0.29   slack (MET)


Startpoint: _1283_ (rising edge-triggered flip-flop clocked by clk)
Endpoint: _1283_ (rising edge-triggered flip-flop clocked by clk)
Path Group: clk
Path Type: min

Fanout     Cap    Slew   Delay    Time   Description
-----------------------------------------------------------------------------
                  0.15    0.00    0.00   clock clk (rise edge)
                          0.00    0.00   clock network delay (ideal)
                  0.15    0.00    0.00 ^ _1283_/CLK (sky130_fd_sc_hd__dfxtp_2)
                  0.04    0.33    0.33 ^ _1283_/Q (sky130_fd_sc_hd__dfxtp_2)
     2    0.01                           u_sram.mem[11][1] (net)
                  0.04    0.00    0.33 ^ _0613_/A0 (sky130_fd_sc_hd__mux2_2)
                  0.04    0.12    0.45 ^ _0613_/X (sky130_fd_sc_hd__mux2_2)
     1    0.00                           _0534_ (net)
                  0.04    0.00    0.45 ^ _0614_/A (sky130_fd_sc_hd__buf_1)
                  0.04    0.07    0.52 ^ _0614_/X (sky130_fd_sc_hd__buf_1)
     1    0.00                           _0117_ (net)
                  0.04    0.00    0.52 ^ _1283_/D (sky130_fd_sc_hd__dfxtp_2)
                                  0.52   data arrival time

                  0.15    0.00    0.00   clock clk (rise edge)
                          0.00    0.00   clock network delay (ideal)
                          0.25    0.25   clock uncertainty
                          0.00    0.25   clock reconvergence pessimism
                                  0.25 ^ _1283_/CLK (sky130_fd_sc_hd__dfxtp_2)
                         -0.02    0.23   library hold time
                                  0.23   data required time
-----------------------------------------------------------------------------
                                  0.23   data required time
                                 -0.52   data arrival time
-----------------------------------------------------------------------------
                                  0.29   slack (MET)


Startpoint: _1240_ (rising edge-triggered flip-flop clocked by clk)
Endpoint: _1240_ (rising edge-triggered flip-flop clocked by clk)
Path Group: clk
Path Type: min

Fanout     Cap    Slew   Delay    Time   Description
-----------------------------------------------------------------------------
                  0.15    0.00    0.00   clock clk (rise edge)
                          0.00    0.00   clock network delay (ideal)
                  0.15    0.00    0.00 ^ _1240_/CLK (sky130_fd_sc_hd__dfxtp_2)
                  0.04    0.33    0.33 ^ _1240_/Q (sky130_fd_sc_hd__dfxtp_2)
     2    0.01                           u_sram.mem[33][0] (net)
                  0.04    0.00    0.33 ^ _1085_/A1 (sky130_fd_sc_hd__mux2_2)
                  0.03    0.12    0.46 ^ _1085_/X (sky130_fd_sc_hd__mux2_2)
     1    0.00                           _0462_ (net)
                  0.03    0.00    0.46 ^ _1086_/A (sky130_fd_sc_hd__buf_1)
                  0.03    0.06    0.52 ^ _1086_/X (sky130_fd_sc_hd__buf_1)
     1    0.00                           _0074_ (net)
                  0.03    0.00    0.52 ^ _1240_/D (sky130_fd_sc_hd__dfxtp_2)
                                  0.52   data arrival time

                  0.15    0.00    0.00   clock clk (rise edge)
                          0.00    0.00   clock network delay (ideal)
                          0.25    0.25   clock uncertainty
                          0.00    0.25   clock reconvergence pessimism
                                  0.25 ^ _1240_/CLK (sky130_fd_sc_hd__dfxtp_2)
                         -0.02    0.23   library hold time
                                  0.23   data required time
-----------------------------------------------------------------------------
                                  0.23   data required time
                                 -0.52   data arrival time
-----------------------------------------------------------------------------
                                  0.29   slack (MET)


Startpoint: _1291_ (rising edge-triggered flip-flop clocked by clk)
Endpoint: _1291_ (rising edge-triggered flip-flop clocked by clk)
Path Group: clk
Path Type: min

Fanout     Cap    Slew   Delay    Time   Description
-----------------------------------------------------------------------------
                  0.15    0.00    0.00   clock clk (rise edge)
                          0.00    0.00   clock network delay (ideal)
                  0.15    0.00    0.00 ^ _1291_/CLK (sky130_fd_sc_hd__dfxtp_2)
                  0.04    0.33    0.33 ^ _1291_/Q (sky130_fd_sc_hd__dfxtp_2)
     2    0.01                           u_sram.mem[7][1] (net)
                  0.04    0.00    0.33 ^ _0633_/A0 (sky130_fd_sc_hd__mux2_2)
                  0.04    0.12    0.45 ^ _0633_/X (sky130_fd_sc_hd__mux2_2)
     1    0.00                           _0546_ (net)
                  0.04    0.00    0.45 ^ _0634_/A (sky130_fd_sc_hd__buf_1)
                  0.03    0.07    0.52 ^ _0634_/X (sky130_fd_sc_hd__buf_1)
     1    0.00                           _0125_ (net)
                  0.03    0.00    0.52 ^ _1291_/D (sky130_fd_sc_hd__dfxtp_2)
                                  0.52   data arrival time

                  0.15    0.00    0.00   clock clk (rise edge)
                          0.00    0.00   clock network delay (ideal)
                          0.25    0.25   clock uncertainty
                          0.00    0.25   clock reconvergence pessimism
                                  0.25 ^ _1291_/CLK (sky130_fd_sc_hd__dfxtp_2)
                         -0.02    0.23   library hold time
                                  0.23   data required time
-----------------------------------------------------------------------------
                                  0.23   data required time
                                 -0.52   data arrival time
-----------------------------------------------------------------------------
                                  0.29   slack (MET)


Startpoint: _1264_ (rising edge-triggered flip-flop clocked by clk)
Endpoint: _1264_ (rising edge-triggered flip-flop clocked by clk)
Path Group: clk
Path Type: min

Fanout     Cap    Slew   Delay    Time   Description
-----------------------------------------------------------------------------
                  0.15    0.00    0.00   clock clk (rise edge)
                          0.00    0.00   clock network delay (ideal)
                  0.15    0.00    0.00 ^ _1264_/CLK (sky130_fd_sc_hd__dfxtp_2)
                  0.04    0.33    0.33 ^ _1264_/Q (sky130_fd_sc_hd__dfxtp_2)
     2    0.01                           u_sram.mem[21][0] (net)
                  0.04    0.00    0.33 ^ _1149_/A0 (sky130_fd_sc_hd__mux2_2)
                  0.04    0.12    0.46 ^ _1149_/X (sky130_fd_sc_hd__mux2_2)
     1    0.00                           _0502_ (net)
                  0.04    0.00    0.46 ^ _1150_/A (sky130_fd_sc_hd__buf_1)
                  0.03    0.07    0.52 ^ _1150_/X (sky130_fd_sc_hd__buf_1)
     1    0.00                           _0098_ (net)
                  0.03    0.00    0.52 ^ _1264_/D (sky130_fd_sc_hd__dfxtp_2)
                                  0.52   data arrival time

                  0.15    0.00    0.00   clock clk (rise edge)
                          0.00    0.00   clock network delay (ideal)
                          0.25    0.25   clock uncertainty
                          0.00    0.25   clock reconvergence pessimism
                                  0.25 ^ _1264_/CLK (sky130_fd_sc_hd__dfxtp_2)
                         -0.02    0.23   library hold time
                                  0.23   data required time
-----------------------------------------------------------------------------
                                  0.23   data required time
                                 -0.52   data arrival time
-----------------------------------------------------------------------------
                                  0.29   slack (MET)


Startpoint: _1288_ (rising edge-triggered flip-flop clocked by clk)
Endpoint: _1288_ (rising edge-triggered flip-flop clocked by clk)
Path Group: clk
Path Type: min

Fanout     Cap    Slew   Delay    Time   Description
-----------------------------------------------------------------------------
                  0.15    0.00    0.00   clock clk (rise edge)
                          0.00    0.00   clock network delay (ideal)
                  0.15    0.00    0.00 ^ _1288_/CLK (sky130_fd_sc_hd__dfxtp_2)
                  0.04    0.33    0.33 ^ _1288_/Q (sky130_fd_sc_hd__dfxtp_2)
     2    0.00                           u_sram.mem[9][0] (net)
                  0.04    0.00    0.33 ^ _0625_/A1 (sky130_fd_sc_hd__mux2_2)
                  0.04    0.12    0.45 ^ _0625_/X (sky130_fd_sc_hd__mux2_2)
     1    0.00                           _0541_ (net)
                  0.04    0.00    0.45 ^ _0626_/A (sky130_fd_sc_hd__buf_1)
                  0.04    0.07    0.52 ^ _0626_/X (sky130_fd_sc_hd__buf_1)
     1    0.00                           _0122_ (net)
                  0.04    0.00    0.52 ^ _1288_/D (sky130_fd_sc_hd__dfxtp_2)
                                  0.52   data arrival time

                  0.15    0.00    0.00   clock clk (rise edge)
                          0.00    0.00   clock network delay (ideal)
                          0.25    0.25   clock uncertainty
                          0.00    0.25   clock reconvergence pessimism
                                  0.25 ^ _1288_/CLK (sky130_fd_sc_hd__dfxtp_2)
                         -0.02    0.23   library hold time
                                  0.23   data required time
-----------------------------------------------------------------------------
                                  0.23   data required time
                                 -0.52   data arrival time
-----------------------------------------------------------------------------
                                  0.29   slack (MET)


Startpoint: _1211_ (rising edge-triggered flip-flop clocked by clk)
Endpoint: _1211_ (rising edge-triggered flip-flop clocked by clk)
Path Group: clk
Path Type: min

Fanout     Cap    Slew   Delay    Time   Description
-----------------------------------------------------------------------------
                  0.15    0.00    0.00   clock clk (rise edge)
                          0.00    0.00   clock network delay (ideal)
                  0.15    0.00    0.00 ^ _1211_/CLK (sky130_fd_sc_hd__dfxtp_2)
                  0.04    0.33    0.33 ^ _1211_/Q (sky130_fd_sc_hd__dfxtp_2)
     2    0.00                           u_sram.mem[47][1] (net)
                  0.04    0.00    0.33 ^ _1009_/A0 (sky130_fd_sc_hd__mux2_2)
                  0.04    0.12    0.45 ^ _1009_/X (sky130_fd_sc_hd__mux2_2)
     1    0.00                           _0415_ (net)
                  0.04    0.00    0.45 ^ _1010_/A (sky130_fd_sc_hd__buf_1)
                  0.04    0.07    0.52 ^ _1010_/X (sky130_fd_sc_hd__buf_1)
     1    0.00                           _0045_ (net)
                  0.04    0.00    0.52 ^ _1211_/D (sky130_fd_sc_hd__dfxtp_2)
                                  0.52   data arrival time

                  0.15    0.00    0.00   clock clk (rise edge)
                          0.00    0.00   clock network delay (ideal)
                          0.25    0.25   clock uncertainty
                          0.00    0.25   clock reconvergence pessimism
                                  0.25 ^ _1211_/CLK (sky130_fd_sc_hd__dfxtp_2)
                         -0.02    0.23   library hold time
                                  0.23   data required time
-----------------------------------------------------------------------------
                                  0.23   data required time
                                 -0.52   data arrival time
-----------------------------------------------------------------------------
                                  0.29   slack (MET)


Startpoint: _1249_ (rising edge-triggered flip-flop clocked by clk)
Endpoint: _1249_ (rising edge-triggered flip-flop clocked by clk)
Path Group: clk
Path Type: min

Fanout     Cap    Slew   Delay    Time   Description
-----------------------------------------------------------------------------
                  0.15    0.00    0.00   clock clk (rise edge)
                          0.00    0.00   clock network delay (ideal)
                  0.15    0.00    0.00 ^ _1249_/CLK (sky130_fd_sc_hd__dfxtp_2)
                  0.04    0.33    0.33 ^ _1249_/Q (sky130_fd_sc_hd__dfxtp_2)
     2    0.01                           u_sram.mem[28][1] (net)
                  0.04    0.00    0.33 ^ _1111_/A1 (sky130_fd_sc_hd__mux2_2)
                  0.04    0.12    0.45 ^ _1111_/X (sky130_fd_sc_hd__mux2_2)
     1    0.00                           _0479_ (net)
                  0.04    0.00    0.46 ^ _1112_/A (sky130_fd_sc_hd__buf_1)
                  0.03    0.07    0.52 ^ _1112_/X (sky130_fd_sc_hd__buf_1)
     1    0.00                           _0083_ (net)
                  0.03    0.00    0.52 ^ _1249_/D (sky130_fd_sc_hd__dfxtp_2)
                                  0.52   data arrival time

                  0.15    0.00    0.00   clock clk (rise edge)
                          0.00    0.00   clock network delay (ideal)
                          0.25    0.25   clock uncertainty
                          0.00    0.25   clock reconvergence pessimism
                                  0.25 ^ _1249_/CLK (sky130_fd_sc_hd__dfxtp_2)
                         -0.02    0.23   library hold time
                                  0.23   data required time
-----------------------------------------------------------------------------
                                  0.23   data required time
                                 -0.52   data arrival time
-----------------------------------------------------------------------------
                                  0.29   slack (MET)


Startpoint: _1276_ (rising edge-triggered flip-flop clocked by clk)
Endpoint: _1276_ (rising edge-triggered flip-flop clocked by clk)
Path Group: clk
Path Type: min

Fanout     Cap    Slew   Delay    Time   Description
-----------------------------------------------------------------------------
                  0.15    0.00    0.00   clock clk (rise edge)
                          0.00    0.00   clock network delay (ideal)
                  0.15    0.00    0.00 ^ _1276_/CLK (sky130_fd_sc_hd__dfxtp_2)
                  0.04    0.33    0.33 ^ _1276_/Q (sky130_fd_sc_hd__dfxtp_2)
     2    0.00                           u_sram.mem[15][0] (net)
                  0.04    0.00    0.33 ^ _0595_/A1 (sky130_fd_sc_hd__mux2_2)
                  0.03    0.12    0.46 ^ _0595_/X (sky130_fd_sc_hd__mux2_2)
     1    0.00                           _0523_ (net)
                  0.03    0.00    0.46 ^ _0596_/A (sky130_fd_sc_hd__buf_1)
                  0.03    0.07    0.52 ^ _0596_/X (sky130_fd_sc_hd__buf_1)
     1    0.00                           _0110_ (net)
                  0.03    0.00    0.52 ^ _1276_/D (sky130_fd_sc_hd__dfxtp_2)
                                  0.52   data arrival time

                  0.15    0.00    0.00   clock clk (rise edge)
                          0.00    0.00   clock network delay (ideal)
                          0.25    0.25   clock uncertainty
                          0.00    0.25   clock reconvergence pessimism
                                  0.25 ^ _1276_/CLK (sky130_fd_sc_hd__dfxtp_2)
                         -0.02    0.23   library hold time
                                  0.23   data required time
-----------------------------------------------------------------------------
                                  0.23   data required time
                                 -0.52   data arrival time
-----------------------------------------------------------------------------
                                  0.29   slack (MET)


Startpoint: _1186_ (rising edge-triggered flip-flop clocked by clk)
Endpoint: _1186_ (rising edge-triggered flip-flop clocked by clk)
Path Group: clk
Path Type: min

Fanout     Cap    Slew   Delay    Time   Description
-----------------------------------------------------------------------------
                  0.15    0.00    0.00   clock clk (rise edge)
                          0.00    0.00   clock network delay (ideal)
                  0.15    0.00    0.00 ^ _1186_/CLK (sky130_fd_sc_hd__dfxtp_2)
                  0.04    0.33    0.33 ^ _1186_/Q (sky130_fd_sc_hd__dfxtp_2)
     2    0.00                           u_sram.mem[60][0] (net)
                  0.04    0.00    0.33 ^ _0929_/A1 (sky130_fd_sc_hd__mux2_2)
                  0.04    0.12    0.45 ^ _0929_/X (sky130_fd_sc_hd__mux2_2)
     1    0.00                           _0360_ (net)
                  0.04    0.00    0.45 ^ _0930_/A (sky130_fd_sc_hd__buf_1)
                  0.04    0.07    0.52 ^ _0930_/X (sky130_fd_sc_hd__buf_1)
     1    0.00                           _0020_ (net)
                  0.04    0.00    0.52 ^ _1186_/D (sky130_fd_sc_hd__dfxtp_2)
                                  0.52   data arrival time

                  0.15    0.00    0.00   clock clk (rise edge)
                          0.00    0.00   clock network delay (ideal)
                          0.25    0.25   clock uncertainty
                          0.00    0.25   clock reconvergence pessimism
                                  0.25 ^ _1186_/CLK (sky130_fd_sc_hd__dfxtp_2)
                         -0.02    0.23   library hold time
                                  0.23   data required time
-----------------------------------------------------------------------------
                                  0.23   data required time
                                 -0.52   data arrival time
-----------------------------------------------------------------------------
                                  0.29   slack (MET)


Startpoint: _1287_ (rising edge-triggered flip-flop clocked by clk)
Endpoint: _1287_ (rising edge-triggered flip-flop clocked by clk)
Path Group: clk
Path Type: min

Fanout     Cap    Slew   Delay    Time   Description
-----------------------------------------------------------------------------
                  0.15    0.00    0.00   clock clk (rise edge)
                          0.00    0.00   clock network delay (ideal)
                  0.15    0.00    0.00 ^ _1287_/CLK (sky130_fd_sc_hd__dfxtp_2)
                  0.04    0.33    0.33 ^ _1287_/Q (sky130_fd_sc_hd__dfxtp_2)
     2    0.00                           u_sram.mem[9][1] (net)
                  0.04    0.00    0.33 ^ _0623_/A1 (sky130_fd_sc_hd__mux2_2)
                  0.04    0.12    0.45 ^ _0623_/X (sky130_fd_sc_hd__mux2_2)
     1    0.00                           _0540_ (net)
                  0.04    0.00    0.45 ^ _0624_/A (sky130_fd_sc_hd__buf_1)
                  0.04    0.07    0.52 ^ _0624_/X (sky130_fd_sc_hd__buf_1)
     1    0.00                           _0121_ (net)
                  0.04    0.00    0.52 ^ _1287_/D (sky130_fd_sc_hd__dfxtp_2)
                                  0.52   data arrival time

                  0.15    0.00    0.00   clock clk (rise edge)
                          0.00    0.00   clock network delay (ideal)
                          0.25    0.25   clock uncertainty
                          0.00    0.25   clock reconvergence pessimism
                                  0.25 ^ _1287_/CLK (sky130_fd_sc_hd__dfxtp_2)
                         -0.02    0.23   library hold time
                                  0.23   data required time
-----------------------------------------------------------------------------
                                  0.23   data required time
                                 -0.52   data arrival time
-----------------------------------------------------------------------------
                                  0.29   slack (MET)


Startpoint: _1237_ (rising edge-triggered flip-flop clocked by clk)
Endpoint: _1237_ (rising edge-triggered flip-flop clocked by clk)
Path Group: clk
Path Type: min

Fanout     Cap    Slew   Delay    Time   Description
-----------------------------------------------------------------------------
                  0.15    0.00    0.00   clock clk (rise edge)
                          0.00    0.00   clock network delay (ideal)
                  0.15    0.00    0.00 ^ _1237_/CLK (sky130_fd_sc_hd__dfxtp_2)
                  0.04    0.33    0.33 ^ _1237_/Q (sky130_fd_sc_hd__dfxtp_2)
     2    0.01                           u_sram.mem[34][1] (net)
                  0.04    0.00    0.33 ^ _1078_/A1 (sky130_fd_sc_hd__mux2_2)
                  0.04    0.12    0.46 ^ _1078_/X (sky130_fd_sc_hd__mux2_2)
     1    0.00                           _0458_ (net)
                  0.04    0.00    0.46 ^ _1079_/A (sky130_fd_sc_hd__buf_1)
                  0.03    0.07    0.52 ^ _1079_/X (sky130_fd_sc_hd__buf_1)
     1    0.00                           _0071_ (net)
                  0.03    0.00    0.52 ^ _1237_/D (sky130_fd_sc_hd__dfxtp_2)
                                  0.52   data arrival time

                  0.15    0.00    0.00   clock clk (rise edge)
                          0.00    0.00   clock network delay (ideal)
                          0.25    0.25   clock uncertainty
                          0.00    0.25   clock reconvergence pessimism
                                  0.25 ^ _1237_/CLK (sky130_fd_sc_hd__dfxtp_2)
                         -0.02    0.23   library hold time
                                  0.23   data required time
-----------------------------------------------------------------------------
                                  0.23   data required time
                                 -0.52   data arrival time
-----------------------------------------------------------------------------
                                  0.29   slack (MET)


Startpoint: _1230_ (rising edge-triggered flip-flop clocked by clk)
Endpoint: _1230_ (rising edge-triggered flip-flop clocked by clk)
Path Group: clk
Path Type: min

Fanout     Cap    Slew   Delay    Time   Description
-----------------------------------------------------------------------------
                  0.15    0.00    0.00   clock clk (rise edge)
                          0.00    0.00   clock network delay (ideal)
                  0.15    0.00    0.00 ^ _1230_/CLK (sky130_fd_sc_hd__dfxtp_2)
                  0.04    0.33    0.33 ^ _1230_/Q (sky130_fd_sc_hd__dfxtp_2)
     2    0.01                           u_sram.mem[38][0] (net)
                  0.04    0.00    0.33 ^ _1060_/A0 (sky130_fd_sc_hd__mux2_2)
                  0.04    0.12    0.46 ^ _1060_/X (sky130_fd_sc_hd__mux2_2)
     1    0.00                           _0447_ (net)
                  0.04    0.00    0.46 ^ _1061_/A (sky130_fd_sc_hd__buf_1)
                  0.03    0.07    0.52 ^ _1061_/X (sky130_fd_sc_hd__buf_1)
     1    0.00                           _0064_ (net)
                  0.03    0.00    0.52 ^ _1230_/D (sky130_fd_sc_hd__dfxtp_2)
                                  0.52   data arrival time

                  0.15    0.00    0.00   clock clk (rise edge)
                          0.00    0.00   clock network delay (ideal)
                          0.25    0.25   clock uncertainty
                          0.00    0.25   clock reconvergence pessimism
                                  0.25 ^ _1230_/CLK (sky130_fd_sc_hd__dfxtp_2)
                         -0.02    0.23   library hold time
                                  0.23   data required time
-----------------------------------------------------------------------------
                                  0.23   data required time
                                 -0.52   data arrival time
-----------------------------------------------------------------------------
                                  0.29   slack (MET)


Startpoint: _1203_ (rising edge-triggered flip-flop clocked by clk)
Endpoint: _1203_ (rising edge-triggered flip-flop clocked by clk)
Path Group: clk
Path Type: min

Fanout     Cap    Slew   Delay    Time   Description
-----------------------------------------------------------------------------
                  0.15    0.00    0.00   clock clk (rise edge)
                          0.00    0.00   clock network delay (ideal)
                  0.15    0.00    0.00 ^ _1203_/CLK (sky130_fd_sc_hd__dfxtp_2)
                  0.04    0.33    0.33 ^ _1203_/Q (sky130_fd_sc_hd__dfxtp_2)
     2    0.01                           u_sram.mem[51][1] (net)
                  0.04    0.00    0.33 ^ _0983_/A0 (sky130_fd_sc_hd__mux2_2)
                  0.03    0.12    0.46 ^ _0983_/X (sky130_fd_sc_hd__mux2_2)
     1    0.00                           _0397_ (net)
                  0.03    0.00    0.46 ^ _0984_/A (sky130_fd_sc_hd__buf_1)
                  0.03    0.06    0.52 ^ _0984_/X (sky130_fd_sc_hd__buf_1)
     1    0.00                           _0037_ (net)
                  0.03    0.00    0.52 ^ _1203_/D (sky130_fd_sc_hd__dfxtp_2)
                                  0.52   data arrival time

                  0.15    0.00    0.00   clock clk (rise edge)
                          0.00    0.00   clock network delay (ideal)
                          0.25    0.25   clock uncertainty
                          0.00    0.25   clock reconvergence pessimism
                                  0.25 ^ _1203_/CLK (sky130_fd_sc_hd__dfxtp_2)
                         -0.02    0.23   library hold time
                                  0.23   data required time
-----------------------------------------------------------------------------
                                  0.23   data required time
                                 -0.52   data arrival time
-----------------------------------------------------------------------------
                                  0.29   slack (MET)


Startpoint: _1296_ (rising edge-triggered flip-flop clocked by clk)
Endpoint: _1296_ (rising edge-triggered flip-flop clocked by clk)
Path Group: clk
Path Type: min

Fanout     Cap    Slew   Delay    Time   Description
-----------------------------------------------------------------------------
                  0.15    0.00    0.00   clock clk (rise edge)
                          0.00    0.00   clock network delay (ideal)
                  0.15    0.00    0.00 ^ _1296_/CLK (sky130_fd_sc_hd__dfxtp_2)
                  0.04    0.33    0.33 ^ _1296_/Q (sky130_fd_sc_hd__dfxtp_2)
     2    0.00                           u_sram.mem[5][0] (net)
                  0.04    0.00    0.33 ^ _0645_/A1 (sky130_fd_sc_hd__mux2_2)
                  0.04    0.12    0.45 ^ _0645_/X (sky130_fd_sc_hd__mux2_2)
     1    0.00                           _0553_ (net)
                  0.04    0.00    0.45 ^ _0646_/A (sky130_fd_sc_hd__buf_1)
                  0.04    0.07    0.52 ^ _0646_/X (sky130_fd_sc_hd__buf_1)
     1    0.00                           _0130_ (net)
                  0.04    0.00    0.52 ^ _1296_/D (sky130_fd_sc_hd__dfxtp_2)
                                  0.52   data arrival time

                  0.15    0.00    0.00   clock clk (rise edge)
                          0.00    0.00   clock network delay (ideal)
                          0.25    0.25   clock uncertainty
                          0.00    0.25   clock reconvergence pessimism
                                  0.25 ^ _1296_/CLK (sky130_fd_sc_hd__dfxtp_2)
                         -0.02    0.23   library hold time
                                  0.23   data required time
-----------------------------------------------------------------------------
                                  0.23   data required time
                                 -0.52   data arrival time
-----------------------------------------------------------------------------
                                  0.29   slack (MET)


Startpoint: _1275_ (rising edge-triggered flip-flop clocked by clk)
Endpoint: _1275_ (rising edge-triggered flip-flop clocked by clk)
Path Group: clk
Path Type: min

Fanout     Cap    Slew   Delay    Time   Description
-----------------------------------------------------------------------------
                  0.15    0.00    0.00   clock clk (rise edge)
                          0.00    0.00   clock network delay (ideal)
                  0.15    0.00    0.00 ^ _1275_/CLK (sky130_fd_sc_hd__dfxtp_2)
                  0.04    0.33    0.33 ^ _1275_/Q (sky130_fd_sc_hd__dfxtp_2)
     2    0.00                           u_sram.mem[15][1] (net)
                  0.04    0.00    0.33 ^ _0593_/A1 (sky130_fd_sc_hd__mux2_2)
                  0.04    0.12    0.45 ^ _0593_/X (sky130_fd_sc_hd__mux2_2)
     1    0.00                           _0522_ (net)
                  0.04    0.00    0.45 ^ _0594_/A (sky130_fd_sc_hd__buf_1)
                  0.04    0.07    0.52 ^ _0594_/X (sky130_fd_sc_hd__buf_1)
     1    0.00                           _0109_ (net)
                  0.04    0.00    0.52 ^ _1275_/D (sky130_fd_sc_hd__dfxtp_2)
                                  0.52   data arrival time

                  0.15    0.00    0.00   clock clk (rise edge)
                          0.00    0.00   clock network delay (ideal)
                          0.25    0.25   clock uncertainty
                          0.00    0.25   clock reconvergence pessimism
                                  0.25 ^ _1275_/CLK (sky130_fd_sc_hd__dfxtp_2)
                         -0.02    0.23   library hold time
                                  0.23   data required time
-----------------------------------------------------------------------------
                                  0.23   data required time
                                 -0.52   data arrival time
-----------------------------------------------------------------------------
                                  0.29   slack (MET)


Startpoint: _1241_ (rising edge-triggered flip-flop clocked by clk)
Endpoint: _1241_ (rising edge-triggered flip-flop clocked by clk)
Path Group: clk
Path Type: min

Fanout     Cap    Slew   Delay    Time   Description
-----------------------------------------------------------------------------
                  0.15    0.00    0.00   clock clk (rise edge)
                          0.00    0.00   clock network delay (ideal)
                  0.15    0.00    0.00 ^ _1241_/CLK (sky130_fd_sc_hd__dfxtp_2)
                  0.04    0.33    0.33 ^ _1241_/Q (sky130_fd_sc_hd__dfxtp_2)
     2    0.01                           u_sram.mem[32][1] (net)
                  0.04    0.00    0.33 ^ _1088_/A1 (sky130_fd_sc_hd__mux2_2)
                  0.04    0.12    0.46 ^ _1088_/X (sky130_fd_sc_hd__mux2_2)
     1    0.00                           _0464_ (net)
                  0.04    0.00    0.46 ^ _1089_/A (sky130_fd_sc_hd__buf_1)
                  0.03    0.07    0.52 ^ _1089_/X (sky130_fd_sc_hd__buf_1)
     1    0.00                           _0075_ (net)
                  0.03    0.00    0.52 ^ _1241_/D (sky130_fd_sc_hd__dfxtp_2)
                                  0.52   data arrival time

                  0.15    0.00    0.00   clock clk (rise edge)
                          0.00    0.00   clock network delay (ideal)
                          0.25    0.25   clock uncertainty
                          0.00    0.25   clock reconvergence pessimism
                                  0.25 ^ _1241_/CLK (sky130_fd_sc_hd__dfxtp_2)
                         -0.02    0.23   library hold time
                                  0.23   data required time
-----------------------------------------------------------------------------
                                  0.23   data required time
                                 -0.52   data arrival time
-----------------------------------------------------------------------------
                                  0.29   slack (MET)


Startpoint: _1293_ (rising edge-triggered flip-flop clocked by clk)
Endpoint: _1293_ (rising edge-triggered flip-flop clocked by clk)
Path Group: clk
Path Type: min

Fanout     Cap    Slew   Delay    Time   Description
-----------------------------------------------------------------------------
                  0.15    0.00    0.00   clock clk (rise edge)
                          0.00    0.00   clock network delay (ideal)
                  0.15    0.00    0.00 ^ _1293_/CLK (sky130_fd_sc_hd__dfxtp_2)
                  0.04    0.33    0.33 ^ _1293_/Q (sky130_fd_sc_hd__dfxtp_2)
     2    0.00                           u_sram.mem[6][1] (net)
                  0.04    0.00    0.33 ^ _0638_/A1 (sky130_fd_sc_hd__mux2_2)
                  0.04    0.12    0.45 ^ _0638_/X (sky130_fd_sc_hd__mux2_2)
     1    0.00                           _0549_ (net)
                  0.04    0.00    0.45 ^ _0639_/A (sky130_fd_sc_hd__buf_1)
                  0.04    0.07    0.52 ^ _0639_/X (sky130_fd_sc_hd__buf_1)
     1    0.00                           _0127_ (net)
                  0.04    0.00    0.52 ^ _1293_/D (sky130_fd_sc_hd__dfxtp_2)
                                  0.52   data arrival time

                  0.15    0.00    0.00   clock clk (rise edge)
                          0.00    0.00   clock network delay (ideal)
                          0.25    0.25   clock uncertainty
                          0.00    0.25   clock reconvergence pessimism
                                  0.25 ^ _1293_/CLK (sky130_fd_sc_hd__dfxtp_2)
                         -0.02    0.23   library hold time
                                  0.23   data required time
-----------------------------------------------------------------------------
                                  0.23   data required time
                                 -0.52   data arrival time
-----------------------------------------------------------------------------
                                  0.29   slack (MET)


Startpoint: _1221_ (rising edge-triggered flip-flop clocked by clk)
Endpoint: _1221_ (rising edge-triggered flip-flop clocked by clk)
Path Group: clk
Path Type: min

Fanout     Cap    Slew   Delay    Time   Description
-----------------------------------------------------------------------------
                  0.15    0.00    0.00   clock clk (rise edge)
                          0.00    0.00   clock network delay (ideal)
                  0.15    0.00    0.00 ^ _1221_/CLK (sky130_fd_sc_hd__dfxtp_2)
                  0.04    0.33    0.33 ^ _1221_/Q (sky130_fd_sc_hd__dfxtp_2)
     2    0.00                           u_sram.mem[42][1] (net)
                  0.04    0.00    0.33 ^ _1036_/A0 (sky130_fd_sc_hd__mux2_2)
                  0.03    0.12    0.45 ^ _1036_/X (sky130_fd_sc_hd__mux2_2)
     1    0.00                           _0432_ (net)
                  0.03    0.00    0.45 ^ _1037_/A (sky130_fd_sc_hd__buf_1)
                  0.04    0.07    0.52 ^ _1037_/X (sky130_fd_sc_hd__buf_1)
     1    0.00                           _0055_ (net)
                  0.04    0.00    0.52 ^ _1221_/D (sky130_fd_sc_hd__dfxtp_2)
                                  0.52   data arrival time

                  0.15    0.00    0.00   clock clk (rise edge)
                          0.00    0.00   clock network delay (ideal)
                          0.25    0.25   clock uncertainty
                          0.00    0.25   clock reconvergence pessimism
                                  0.25 ^ _1221_/CLK (sky130_fd_sc_hd__dfxtp_2)
                         -0.02    0.23   library hold time
                                  0.23   data required time
-----------------------------------------------------------------------------
                                  0.23   data required time
                                 -0.52   data arrival time
-----------------------------------------------------------------------------
                                  0.29   slack (MET)


Startpoint: _1278_ (rising edge-triggered flip-flop clocked by clk)
Endpoint: _1278_ (rising edge-triggered flip-flop clocked by clk)
Path Group: clk
Path Type: min

Fanout     Cap    Slew   Delay    Time   Description
-----------------------------------------------------------------------------
                  0.15    0.00    0.00   clock clk (rise edge)
                          0.00    0.00   clock network delay (ideal)
                  0.15    0.00    0.00 ^ _1278_/CLK (sky130_fd_sc_hd__dfxtp_2)
                  0.04    0.33    0.33 ^ _1278_/Q (sky130_fd_sc_hd__dfxtp_2)
     2    0.01                           u_sram.mem[14][0] (net)
                  0.04    0.00    0.33 ^ _0600_/A1 (sky130_fd_sc_hd__mux2_2)
                  0.04    0.12    0.46 ^ _0600_/X (sky130_fd_sc_hd__mux2_2)
     1    0.00                           _0526_ (net)
                  0.04    0.00    0.46 ^ _0601_/A (sky130_fd_sc_hd__buf_1)
                  0.03    0.07    0.52 ^ _0601_/X (sky130_fd_sc_hd__buf_1)
     1    0.00                           _0112_ (net)
                  0.03    0.00    0.52 ^ _1278_/D (sky130_fd_sc_hd__dfxtp_2)
                                  0.52   data arrival time

                  0.15    0.00    0.00   clock clk (rise edge)
                          0.00    0.00   clock network delay (ideal)
                          0.25    0.25   clock uncertainty
                          0.00    0.25   clock reconvergence pessimism
                                  0.25 ^ _1278_/CLK (sky130_fd_sc_hd__dfxtp_2)
                         -0.02    0.23   library hold time
                                  0.23   data required time
-----------------------------------------------------------------------------
                                  0.23   data required time
                                 -0.52   data arrival time
-----------------------------------------------------------------------------
                                  0.29   slack (MET)


Startpoint: _1201_ (rising edge-triggered flip-flop clocked by clk)
Endpoint: _1201_ (rising edge-triggered flip-flop clocked by clk)
Path Group: clk
Path Type: min

Fanout     Cap    Slew   Delay    Time   Description
-----------------------------------------------------------------------------
                  0.15    0.00    0.00   clock clk (rise edge)
                          0.00    0.00   clock network delay (ideal)
                  0.15    0.00    0.00 ^ _1201_/CLK (sky130_fd_sc_hd__dfxtp_2)
                  0.04    0.33    0.33 ^ _1201_/Q (sky130_fd_sc_hd__dfxtp_2)
     2    0.01                           u_sram.mem[52][1] (net)
                  0.04    0.00    0.33 ^ _0977_/A1 (sky130_fd_sc_hd__mux2_2)
                  0.03    0.12    0.46 ^ _0977_/X (sky130_fd_sc_hd__mux2_2)
     1    0.00                           _0393_ (net)
                  0.03    0.00    0.46 ^ _0978_/A (sky130_fd_sc_hd__buf_1)
                  0.03    0.07    0.52 ^ _0978_/X (sky130_fd_sc_hd__buf_1)
     1    0.00                           _0035_ (net)
                  0.03    0.00    0.52 ^ _1201_/D (sky130_fd_sc_hd__dfxtp_2)
                                  0.52   data arrival time

                  0.15    0.00    0.00   clock clk (rise edge)
                          0.00    0.00   clock network delay (ideal)
                          0.25    0.25   clock uncertainty
                          0.00    0.25   clock reconvergence pessimism
                                  0.25 ^ _1201_/CLK (sky130_fd_sc_hd__dfxtp_2)
                         -0.02    0.23   library hold time
                                  0.23   data required time
-----------------------------------------------------------------------------
                                  0.23   data required time
                                 -0.52   data arrival time
-----------------------------------------------------------------------------
                                  0.29   slack (MET)


Startpoint: _1251_ (rising edge-triggered flip-flop clocked by clk)
Endpoint: _1251_ (rising edge-triggered flip-flop clocked by clk)
Path Group: clk
Path Type: min

Fanout     Cap    Slew   Delay    Time   Description
-----------------------------------------------------------------------------
                  0.15    0.00    0.00   clock clk (rise edge)
                          0.00    0.00   clock network delay (ideal)
                  0.15    0.00    0.00 ^ _1251_/CLK (sky130_fd_sc_hd__dfxtp_2)
                  0.04    0.33    0.33 ^ _1251_/Q (sky130_fd_sc_hd__dfxtp_2)
     2    0.01                           u_sram.mem[27][1] (net)
                  0.04    0.00    0.33 ^ _1116_/A0 (sky130_fd_sc_hd__mux2_2)
                  0.04    0.12    0.46 ^ _1116_/X (sky130_fd_sc_hd__mux2_2)
     1    0.00                           _0482_ (net)
                  0.04    0.00    0.46 ^ _1117_/A (sky130_fd_sc_hd__buf_1)
                  0.04    0.07    0.52 ^ _1117_/X (sky130_fd_sc_hd__buf_1)
     1    0.00                           _0085_ (net)
                  0.04    0.00    0.52 ^ _1251_/D (sky130_fd_sc_hd__dfxtp_2)
                                  0.52   data arrival time

                  0.15    0.00    0.00   clock clk (rise edge)
                          0.00    0.00   clock network delay (ideal)
                          0.25    0.25   clock uncertainty
                          0.00    0.25   clock reconvergence pessimism
                                  0.25 ^ _1251_/CLK (sky130_fd_sc_hd__dfxtp_2)
                         -0.02    0.23   library hold time
                                  0.23   data required time
-----------------------------------------------------------------------------
                                  0.23   data required time
                                 -0.52   data arrival time
-----------------------------------------------------------------------------
                                  0.29   slack (MET)


Startpoint: _1304_ (rising edge-triggered flip-flop clocked by clk)
Endpoint: _1304_ (rising edge-triggered flip-flop clocked by clk)
Path Group: clk
Path Type: min

Fanout     Cap    Slew   Delay    Time   Description
-----------------------------------------------------------------------------
                  0.15    0.00    0.00   clock clk (rise edge)
                          0.00    0.00   clock network delay (ideal)
                  0.15    0.00    0.00 ^ _1304_/CLK (sky130_fd_sc_hd__dfxtp_2)
                  0.04    0.33    0.33 ^ _1304_/Q (sky130_fd_sc_hd__dfxtp_2)
     2    0.00                           u_sram.mem[1][0] (net)
                  0.04    0.00    0.33 ^ _0665_/A1 (sky130_fd_sc_hd__mux2_2)
                  0.04    0.12    0.45 ^ _0665_/X (sky130_fd_sc_hd__mux2_2)
     1    0.00                           _0565_ (net)
                  0.04    0.00    0.45 ^ _0666_/A (sky130_fd_sc_hd__buf_1)
                  0.04    0.07    0.52 ^ _0666_/X (sky130_fd_sc_hd__buf_1)
     1    0.00                           _0138_ (net)
                  0.04    0.00    0.52 ^ _1304_/D (sky130_fd_sc_hd__dfxtp_2)
                                  0.52   data arrival time

                  0.15    0.00    0.00   clock clk (rise edge)
                          0.00    0.00   clock network delay (ideal)
                          0.25    0.25   clock uncertainty
                          0.00    0.25   clock reconvergence pessimism
                                  0.25 ^ _1304_/CLK (sky130_fd_sc_hd__dfxtp_2)
                         -0.02    0.23   library hold time
                                  0.23   data required time
-----------------------------------------------------------------------------
                                  0.23   data required time
                                 -0.52   data arrival time
-----------------------------------------------------------------------------
                                  0.29   slack (MET)


Startpoint: _1234_ (rising edge-triggered flip-flop clocked by clk)
Endpoint: _1234_ (rising edge-triggered flip-flop clocked by clk)
Path Group: clk
Path Type: min

Fanout     Cap    Slew   Delay    Time   Description
-----------------------------------------------------------------------------
                  0.15    0.00    0.00   clock clk (rise edge)
                          0.00    0.00   clock network delay (ideal)
                  0.15    0.00    0.00 ^ _1234_/CLK (sky130_fd_sc_hd__dfxtp_2)
                  0.04    0.33    0.33 ^ _1234_/Q (sky130_fd_sc_hd__dfxtp_2)
     2    0.01                           u_sram.mem[36][0] (net)
                  0.04    0.00    0.33 ^ _1070_/A1 (sky130_fd_sc_hd__mux2_2)
                  0.04    0.12    0.46 ^ _1070_/X (sky130_fd_sc_hd__mux2_2)
     1    0.00                           _0453_ (net)
                  0.04    0.00    0.46 ^ _1071_/A (sky130_fd_sc_hd__buf_1)
                  0.03    0.07    0.52 ^ _1071_/X (sky130_fd_sc_hd__buf_1)
     1    0.00                           _0068_ (net)
                  0.03    0.00    0.52 ^ _1234_/D (sky130_fd_sc_hd__dfxtp_2)
                                  0.52   data arrival time

                  0.15    0.00    0.00   clock clk (rise edge)
                          0.00    0.00   clock network delay (ideal)
                          0.25    0.25   clock uncertainty
                          0.00    0.25   clock reconvergence pessimism
                                  0.25 ^ _1234_/CLK (sky130_fd_sc_hd__dfxtp_2)
                         -0.02    0.23   library hold time
                                  0.23   data required time
-----------------------------------------------------------------------------
                                  0.23   data required time
                                 -0.52   data arrival time
-----------------------------------------------------------------------------
                                  0.29   slack (MET)


Startpoint: _1252_ (rising edge-triggered flip-flop clocked by clk)
Endpoint: _1252_ (rising edge-triggered flip-flop clocked by clk)
Path Group: clk
Path Type: min

Fanout     Cap    Slew   Delay    Time   Description
-----------------------------------------------------------------------------
                  0.15    0.00    0.00   clock clk (rise edge)
                          0.00    0.00   clock network delay (ideal)
                  0.15    0.00    0.00 ^ _1252_/CLK (sky130_fd_sc_hd__dfxtp_2)
                  0.04    0.33    0.33 ^ _1252_/Q (sky130_fd_sc_hd__dfxtp_2)
     2    0.01                           u_sram.mem[27][0] (net)
                  0.04    0.00    0.33 ^ _1118_/A0 (sky130_fd_sc_hd__mux2_2)
                  0.04    0.12    0.46 ^ _1118_/X (sky130_fd_sc_hd__mux2_2)
     1    0.00                           _0483_ (net)
                  0.04    0.00    0.46 ^ _1119_/A (sky130_fd_sc_hd__buf_1)
                  0.04    0.07    0.52 ^ _1119_/X (sky130_fd_sc_hd__buf_1)
     1    0.00                           _0086_ (net)
                  0.04    0.00    0.52 ^ _1252_/D (sky130_fd_sc_hd__dfxtp_2)
                                  0.52   data arrival time

                  0.15    0.00    0.00   clock clk (rise edge)
                          0.00    0.00   clock network delay (ideal)
                          0.25    0.25   clock uncertainty
                          0.00    0.25   clock reconvergence pessimism
                                  0.25 ^ _1252_/CLK (sky130_fd_sc_hd__dfxtp_2)
                         -0.02    0.23   library hold time
                                  0.23   data required time
-----------------------------------------------------------------------------
                                  0.23   data required time
                                 -0.52   data arrival time
-----------------------------------------------------------------------------
                                  0.29   slack (MET)


Startpoint: _1233_ (rising edge-triggered flip-flop clocked by clk)
Endpoint: _1233_ (rising edge-triggered flip-flop clocked by clk)
Path Group: clk
Path Type: min

Fanout     Cap    Slew   Delay    Time   Description
-----------------------------------------------------------------------------
                  0.15    0.00    0.00   clock clk (rise edge)
                          0.00    0.00   clock network delay (ideal)
                  0.15    0.00    0.00 ^ _1233_/CLK (sky130_fd_sc_hd__dfxtp_2)
                  0.04    0.33    0.33 ^ _1233_/Q (sky130_fd_sc_hd__dfxtp_2)
     2    0.01                           u_sram.mem[36][1] (net)
                  0.04    0.00    0.33 ^ _1068_/A1 (sky130_fd_sc_hd__mux2_2)
                  0.04    0.12    0.46 ^ _1068_/X (sky130_fd_sc_hd__mux2_2)
     1    0.00                           _0452_ (net)
                  0.04    0.00    0.46 ^ _1069_/A (sky130_fd_sc_hd__buf_1)
                  0.04    0.07    0.52 ^ _1069_/X (sky130_fd_sc_hd__buf_1)
     1    0.00                           _0067_ (net)
                  0.04    0.00    0.52 ^ _1233_/D (sky130_fd_sc_hd__dfxtp_2)
                                  0.52   data arrival time

                  0.15    0.00    0.00   clock clk (rise edge)
                          0.00    0.00   clock network delay (ideal)
                          0.25    0.25   clock uncertainty
                          0.00    0.25   clock reconvergence pessimism
                                  0.25 ^ _1233_/CLK (sky130_fd_sc_hd__dfxtp_2)
                         -0.02    0.23   library hold time
                                  0.23   data required time
-----------------------------------------------------------------------------
                                  0.23   data required time
                                 -0.52   data arrival time
-----------------------------------------------------------------------------
                                  0.29   slack (MET)


Startpoint: _1269_ (rising edge-triggered flip-flop clocked by clk)
Endpoint: _1269_ (rising edge-triggered flip-flop clocked by clk)
Path Group: clk
Path Type: min

Fanout     Cap    Slew   Delay    Time   Description
-----------------------------------------------------------------------------
                  0.15    0.00    0.00   clock clk (rise edge)
                          0.00    0.00   clock network delay (ideal)
                  0.15    0.00    0.00 ^ _1269_/CLK (sky130_fd_sc_hd__dfxtp_2)
                  0.04    0.33    0.33 ^ _1269_/Q (sky130_fd_sc_hd__dfxtp_2)
     2    0.01                           u_sram.mem[18][1] (net)
                  0.04    0.00    0.33 ^ _1163_/A1 (sky130_fd_sc_hd__mux2_2)
                  0.04    0.12    0.46 ^ _1163_/X (sky130_fd_sc_hd__mux2_2)
     1    0.00                           _0511_ (net)
                  0.04    0.00    0.46 ^ _1164_/A (sky130_fd_sc_hd__buf_1)
                  0.03    0.07    0.52 ^ _1164_/X (sky130_fd_sc_hd__buf_1)
     1    0.00                           _0103_ (net)
                  0.03    0.00    0.52 ^ _1269_/D (sky130_fd_sc_hd__dfxtp_2)
                                  0.52   data arrival time

                  0.15    0.00    0.00   clock clk (rise edge)
                          0.00    0.00   clock network delay (ideal)
                          0.25    0.25   clock uncertainty
                          0.00    0.25   clock reconvergence pessimism
                                  0.25 ^ _1269_/CLK (sky130_fd_sc_hd__dfxtp_2)
                         -0.02    0.23   library hold time
                                  0.23   data required time
-----------------------------------------------------------------------------
                                  0.23   data required time
                                 -0.52   data arrival time
-----------------------------------------------------------------------------
                                  0.29   slack (MET)


Startpoint: _1250_ (rising edge-triggered flip-flop clocked by clk)
Endpoint: _1250_ (rising edge-triggered flip-flop clocked by clk)
Path Group: clk
Path Type: min

Fanout     Cap    Slew   Delay    Time   Description
-----------------------------------------------------------------------------
                  0.15    0.00    0.00   clock clk (rise edge)
                          0.00    0.00   clock network delay (ideal)
                  0.15    0.00    0.00 ^ _1250_/CLK (sky130_fd_sc_hd__dfxtp_2)
                  0.04    0.33    0.33 ^ _1250_/Q (sky130_fd_sc_hd__dfxtp_2)
     2    0.01                           u_sram.mem[28][0] (net)
                  0.04    0.00    0.33 ^ _1113_/A1 (sky130_fd_sc_hd__mux2_2)
                  0.04    0.12    0.46 ^ _1113_/X (sky130_fd_sc_hd__mux2_2)
     1    0.00                           _0480_ (net)
                  0.04    0.00    0.46 ^ _1114_/A (sky130_fd_sc_hd__buf_1)
                  0.04    0.07    0.52 ^ _1114_/X (sky130_fd_sc_hd__buf_1)
     1    0.00                           _0084_ (net)
                  0.04    0.00    0.52 ^ _1250_/D (sky130_fd_sc_hd__dfxtp_2)
                                  0.52   data arrival time

                  0.15    0.00    0.00   clock clk (rise edge)
                          0.00    0.00   clock network delay (ideal)
                          0.25    0.25   clock uncertainty
                          0.00    0.25   clock reconvergence pessimism
                                  0.25 ^ _1250_/CLK (sky130_fd_sc_hd__dfxtp_2)
                         -0.02    0.23   library hold time
                                  0.23   data required time
-----------------------------------------------------------------------------
                                  0.23   data required time
                                 -0.52   data arrival time
-----------------------------------------------------------------------------
                                  0.29   slack (MET)


Startpoint: _1270_ (rising edge-triggered flip-flop clocked by clk)
Endpoint: _1270_ (rising edge-triggered flip-flop clocked by clk)
Path Group: clk
Path Type: min

Fanout     Cap    Slew   Delay    Time   Description
-----------------------------------------------------------------------------
                  0.15    0.00    0.00   clock clk (rise edge)
                          0.00    0.00   clock network delay (ideal)
                  0.15    0.00    0.00 ^ _1270_/CLK (sky130_fd_sc_hd__dfxtp_2)
                  0.04    0.33    0.33 ^ _1270_/Q (sky130_fd_sc_hd__dfxtp_2)
     2    0.01                           u_sram.mem[18][0] (net)
                  0.04    0.00    0.33 ^ _1165_/A1 (sky130_fd_sc_hd__mux2_2)
                  0.04    0.12    0.46 ^ _1165_/X (sky130_fd_sc_hd__mux2_2)
     1    0.00                           _0512_ (net)
                  0.04    0.00    0.46 ^ _1166_/A (sky130_fd_sc_hd__buf_1)
                  0.04    0.07    0.52 ^ _1166_/X (sky130_fd_sc_hd__buf_1)
     1    0.00                           _0104_ (net)
                  0.04    0.00    0.52 ^ _1270_/D (sky130_fd_sc_hd__dfxtp_2)
                                  0.52   data arrival time

                  0.15    0.00    0.00   clock clk (rise edge)
                          0.00    0.00   clock network delay (ideal)
                          0.25    0.25   clock uncertainty
                          0.00    0.25   clock reconvergence pessimism
                                  0.25 ^ _1270_/CLK (sky130_fd_sc_hd__dfxtp_2)
                         -0.02    0.23   library hold time
                                  0.23   data required time
-----------------------------------------------------------------------------
                                  0.23   data required time
                                 -0.52   data arrival time
-----------------------------------------------------------------------------
                                  0.29   slack (MET)


Startpoint: _1243_ (rising edge-triggered flip-flop clocked by clk)
Endpoint: _1243_ (rising edge-triggered flip-flop clocked by clk)
Path Group: clk
Path Type: min

Fanout     Cap    Slew   Delay    Time   Description
-----------------------------------------------------------------------------
                  0.15    0.00    0.00   clock clk (rise edge)
                          0.00    0.00   clock network delay (ideal)
                  0.15    0.00    0.00 ^ _1243_/CLK (sky130_fd_sc_hd__dfxtp_2)
                  0.04    0.33    0.33 ^ _1243_/Q (sky130_fd_sc_hd__dfxtp_2)
     2    0.01                           u_sram.mem[31][1] (net)
                  0.04    0.00    0.33 ^ _1096_/A0 (sky130_fd_sc_hd__mux2_2)
                  0.04    0.12    0.46 ^ _1096_/X (sky130_fd_sc_hd__mux2_2)
     1    0.00                           _0470_ (net)
                  0.04    0.00    0.46 ^ _1097_/A (sky130_fd_sc_hd__buf_1)
                  0.04    0.07    0.52 ^ _1097_/X (sky130_fd_sc_hd__buf_1)
     1    0.00                           _0077_ (net)
                  0.04    0.00    0.52 ^ _1243_/D (sky130_fd_sc_hd__dfxtp_2)
                                  0.52   data arrival time

                  0.15    0.00    0.00   clock clk (rise edge)
                          0.00    0.00   clock network delay (ideal)
                          0.25    0.25   clock uncertainty
                          0.00    0.25   clock reconvergence pessimism
                                  0.25 ^ _1243_/CLK (sky130_fd_sc_hd__dfxtp_2)
                         -0.02    0.23   library hold time
                                  0.23   data required time
-----------------------------------------------------------------------------
                                  0.23   data required time
                                 -0.52   data arrival time
-----------------------------------------------------------------------------
                                  0.29   slack (MET)


Startpoint: _1271_ (rising edge-triggered flip-flop clocked by clk)
Endpoint: _1271_ (rising edge-triggered flip-flop clocked by clk)
Path Group: clk
Path Type: min

Fanout     Cap    Slew   Delay    Time   Description
-----------------------------------------------------------------------------
                  0.15    0.00    0.00   clock clk (rise edge)
                          0.00    0.00   clock network delay (ideal)
                  0.15    0.00    0.00 ^ _1271_/CLK (sky130_fd_sc_hd__dfxtp_2)
                  0.04    0.33    0.33 ^ _1271_/Q (sky130_fd_sc_hd__dfxtp_2)
     2    0.01                           u_sram.mem[17][1] (net)
                  0.04    0.00    0.33 ^ _1168_/A1 (sky130_fd_sc_hd__mux2_2)
                  0.03    0.12    0.46 ^ _1168_/X (sky130_fd_sc_hd__mux2_2)
     1    0.00                           _0514_ (net)
                  0.03    0.00    0.46 ^ _0582_/A (sky130_fd_sc_hd__buf_1)
                  0.03    0.07    0.52 ^ _0582_/X (sky130_fd_sc_hd__buf_1)
     1    0.00                           _0105_ (net)
                  0.03    0.00    0.52 ^ _1271_/D (sky130_fd_sc_hd__dfxtp_2)
                                  0.52   data arrival time

                  0.15    0.00    0.00   clock clk (rise edge)
                          0.00    0.00   clock network delay (ideal)
                          0.25    0.25   clock uncertainty
                          0.00    0.25   clock reconvergence pessimism
                                  0.25 ^ _1271_/CLK (sky130_fd_sc_hd__dfxtp_2)
                         -0.02    0.23   library hold time
                                  0.23   data required time
-----------------------------------------------------------------------------
                                  0.23   data required time
                                 -0.52   data arrival time
-----------------------------------------------------------------------------
                                  0.29   slack (MET)


Startpoint: _1294_ (rising edge-triggered flip-flop clocked by clk)
Endpoint: _1294_ (rising edge-triggered flip-flop clocked by clk)
Path Group: clk
Path Type: min

Fanout     Cap    Slew   Delay    Time   Description
-----------------------------------------------------------------------------
                  0.15    0.00    0.00   clock clk (rise edge)
                          0.00    0.00   clock network delay (ideal)
                  0.15    0.00    0.00 ^ _1294_/CLK (sky130_fd_sc_hd__dfxtp_2)
                  0.04    0.33    0.33 ^ _1294_/Q (sky130_fd_sc_hd__dfxtp_2)
     2    0.00                           u_sram.mem[6][0] (net)
                  0.04    0.00    0.33 ^ _0640_/A1 (sky130_fd_sc_hd__mux2_2)
                  0.04    0.12    0.45 ^ _0640_/X (sky130_fd_sc_hd__mux2_2)
     1    0.00                           _0550_ (net)
                  0.04    0.00    0.45 ^ _0641_/A (sky130_fd_sc_hd__buf_1)
                  0.04    0.07    0.52 ^ _0641_/X (sky130_fd_sc_hd__buf_1)
     1    0.00                           _0128_ (net)
                  0.04    0.00    0.52 ^ _1294_/D (sky130_fd_sc_hd__dfxtp_2)
                                  0.52   data arrival time

                  0.15    0.00    0.00   clock clk (rise edge)
                          0.00    0.00   clock network delay (ideal)
                          0.25    0.25   clock uncertainty
                          0.00    0.25   clock reconvergence pessimism
                                  0.25 ^ _1294_/CLK (sky130_fd_sc_hd__dfxtp_2)
                         -0.02    0.23   library hold time
                                  0.23   data required time
-----------------------------------------------------------------------------
                                  0.23   data required time
                                 -0.52   data arrival time
-----------------------------------------------------------------------------
                                  0.29   slack (MET)


Startpoint: _1181_ (rising edge-triggered flip-flop clocked by clk)
Endpoint: _1181_ (rising edge-triggered flip-flop clocked by clk)
Path Group: clk
Path Type: min

Fanout     Cap    Slew   Delay    Time   Description
-----------------------------------------------------------------------------
                  0.15    0.00    0.00   clock clk (rise edge)
                          0.00    0.00   clock network delay (ideal)
                  0.15    0.00    0.00 ^ _1181_/CLK (sky130_fd_sc_hd__dfxtp_2)
                  0.04    0.33    0.33 ^ _1181_/Q (sky130_fd_sc_hd__dfxtp_2)
     2    0.01                           u_sram.mem[62][1] (net)
                  0.04    0.00    0.33 ^ _0913_/A1 (sky130_fd_sc_hd__mux2_2)
                  0.03    0.12    0.46 ^ _0913_/X (sky130_fd_sc_hd__mux2_2)
     1    0.00                           _0349_ (net)
                  0.03    0.00    0.46 ^ _0914_/A (sky130_fd_sc_hd__buf_1)
                  0.03    0.06    0.52 ^ _0914_/X (sky130_fd_sc_hd__buf_1)
     1    0.00                           _0015_ (net)
                  0.03    0.00    0.52 ^ _1181_/D (sky130_fd_sc_hd__dfxtp_2)
                                  0.52   data arrival time

                  0.15    0.00    0.00   clock clk (rise edge)
                          0.00    0.00   clock network delay (ideal)
                          0.25    0.25   clock uncertainty
                          0.00    0.25   clock reconvergence pessimism
                                  0.25 ^ _1181_/CLK (sky130_fd_sc_hd__dfxtp_2)
                         -0.02    0.23   library hold time
                                  0.23   data required time
-----------------------------------------------------------------------------
                                  0.23   data required time
                                 -0.52   data arrival time
-----------------------------------------------------------------------------
                                  0.29   slack (MET)


Startpoint: _1200_ (rising edge-triggered flip-flop clocked by clk)
Endpoint: _1200_ (rising edge-triggered flip-flop clocked by clk)
Path Group: clk
Path Type: min

Fanout     Cap    Slew   Delay    Time   Description
-----------------------------------------------------------------------------
                  0.15    0.00    0.00   clock clk (rise edge)
                          0.00    0.00   clock network delay (ideal)
                  0.15    0.00    0.00 ^ _1200_/CLK (sky130_fd_sc_hd__dfxtp_2)
                  0.04    0.33    0.33 ^ _1200_/Q (sky130_fd_sc_hd__dfxtp_2)
     2    0.01                           u_sram.mem[53][0] (net)
                  0.04    0.00    0.33 ^ _0973_/A0 (sky130_fd_sc_hd__mux2_2)
                  0.04    0.12    0.46 ^ _0973_/X (sky130_fd_sc_hd__mux2_2)
     1    0.00                           _0390_ (net)
                  0.04    0.00    0.46 ^ _0974_/A (sky130_fd_sc_hd__buf_1)
                  0.04    0.07    0.52 ^ _0974_/X (sky130_fd_sc_hd__buf_1)
     1    0.00                           _0034_ (net)
                  0.04    0.00    0.52 ^ _1200_/D (sky130_fd_sc_hd__dfxtp_2)
                                  0.52   data arrival time

                  0.15    0.00    0.00   clock clk (rise edge)
                          0.00    0.00   clock network delay (ideal)
                          0.25    0.25   clock uncertainty
                          0.00    0.25   clock reconvergence pessimism
                                  0.25 ^ _1200_/CLK (sky130_fd_sc_hd__dfxtp_2)
                         -0.02    0.23   library hold time
                                  0.23   data required time
-----------------------------------------------------------------------------
                                  0.23   data required time
                                 -0.52   data arrival time
-----------------------------------------------------------------------------
                                  0.29   slack (MET)


Startpoint: _1245_ (rising edge-triggered flip-flop clocked by clk)
Endpoint: _1245_ (rising edge-triggered flip-flop clocked by clk)
Path Group: clk
Path Type: min

Fanout     Cap    Slew   Delay    Time   Description
-----------------------------------------------------------------------------
                  0.15    0.00    0.00   clock clk (rise edge)
                          0.00    0.00   clock network delay (ideal)
                  0.15    0.00    0.00 ^ _1245_/CLK (sky130_fd_sc_hd__dfxtp_2)
                  0.04    0.33    0.33 ^ _1245_/Q (sky130_fd_sc_hd__dfxtp_2)
     2    0.01                           u_sram.mem[30][1] (net)
                  0.04    0.00    0.33 ^ _1101_/A1 (sky130_fd_sc_hd__mux2_2)
                  0.04    0.12    0.46 ^ _1101_/X (sky130_fd_sc_hd__mux2_2)
     1    0.00                           _0473_ (net)
                  0.04    0.00    0.46 ^ _1102_/A (sky130_fd_sc_hd__buf_1)
                  0.03    0.07    0.52 ^ _1102_/X (sky130_fd_sc_hd__buf_1)
     1    0.00                           _0079_ (net)
                  0.03    0.00    0.52 ^ _1245_/D (sky130_fd_sc_hd__dfxtp_2)
                                  0.52   data arrival time

                  0.15    0.00    0.00   clock clk (rise edge)
                          0.00    0.00   clock network delay (ideal)
                          0.25    0.25   clock uncertainty
                          0.00    0.25   clock reconvergence pessimism
                                  0.25 ^ _1245_/CLK (sky130_fd_sc_hd__dfxtp_2)
                         -0.02    0.23   library hold time
                                  0.23   data required time
-----------------------------------------------------------------------------
                                  0.23   data required time
                                 -0.52   data arrival time
-----------------------------------------------------------------------------
                                  0.29   slack (MET)


Startpoint: _1238_ (rising edge-triggered flip-flop clocked by clk)
Endpoint: _1238_ (rising edge-triggered flip-flop clocked by clk)
Path Group: clk
Path Type: min

Fanout     Cap    Slew   Delay    Time   Description
-----------------------------------------------------------------------------
                  0.15    0.00    0.00   clock clk (rise edge)
                          0.00    0.00   clock network delay (ideal)
                  0.15    0.00    0.00 ^ _1238_/CLK (sky130_fd_sc_hd__dfxtp_2)
                  0.04    0.33    0.33 ^ _1238_/Q (sky130_fd_sc_hd__dfxtp_2)
     2    0.01                           u_sram.mem[34][0] (net)
                  0.04    0.00    0.33 ^ _1080_/A1 (sky130_fd_sc_hd__mux2_2)
                  0.04    0.12    0.46 ^ _1080_/X (sky130_fd_sc_hd__mux2_2)
     1    0.00                           _0459_ (net)
                  0.04    0.00    0.46 ^ _1081_/A (sky130_fd_sc_hd__buf_1)
                  0.04    0.07    0.52 ^ _1081_/X (sky130_fd_sc_hd__buf_1)
     1    0.00                           _0072_ (net)
                  0.04    0.00    0.52 ^ _1238_/D (sky130_fd_sc_hd__dfxtp_2)
                                  0.52   data arrival time

                  0.15    0.00    0.00   clock clk (rise edge)
                          0.00    0.00   clock network delay (ideal)
                          0.25    0.25   clock uncertainty
                          0.00    0.25   clock reconvergence pessimism
                                  0.25 ^ _1238_/CLK (sky130_fd_sc_hd__dfxtp_2)
                         -0.02    0.23   library hold time
                                  0.23   data required time
-----------------------------------------------------------------------------
                                  0.23   data required time
                                 -0.52   data arrival time
-----------------------------------------------------------------------------
                                  0.29   slack (MET)


Startpoint: _1242_ (rising edge-triggered flip-flop clocked by clk)
Endpoint: _1242_ (rising edge-triggered flip-flop clocked by clk)
Path Group: clk
Path Type: min

Fanout     Cap    Slew   Delay    Time   Description
-----------------------------------------------------------------------------
                  0.15    0.00    0.00   clock clk (rise edge)
                          0.00    0.00   clock network delay (ideal)
                  0.15    0.00    0.00 ^ _1242_/CLK (sky130_fd_sc_hd__dfxtp_2)
                  0.04    0.33    0.33 ^ _1242_/Q (sky130_fd_sc_hd__dfxtp_2)
     2    0.01                           u_sram.mem[32][0] (net)
                  0.04    0.00    0.33 ^ _1090_/A1 (sky130_fd_sc_hd__mux2_2)
                  0.04    0.12    0.46 ^ _1090_/X (sky130_fd_sc_hd__mux2_2)
     1    0.00                           _0465_ (net)
                  0.04    0.00    0.46 ^ _1091_/A (sky130_fd_sc_hd__buf_1)
                  0.04    0.07    0.52 ^ _1091_/X (sky130_fd_sc_hd__buf_1)
     1    0.00                           _0076_ (net)
                  0.04    0.00    0.52 ^ _1242_/D (sky130_fd_sc_hd__dfxtp_2)
                                  0.52   data arrival time

                  0.15    0.00    0.00   clock clk (rise edge)
                          0.00    0.00   clock network delay (ideal)
                          0.25    0.25   clock uncertainty
                          0.00    0.25   clock reconvergence pessimism
                                  0.25 ^ _1242_/CLK (sky130_fd_sc_hd__dfxtp_2)
                         -0.02    0.23   library hold time
                                  0.23   data required time
-----------------------------------------------------------------------------
                                  0.23   data required time
                                 -0.52   data arrival time
-----------------------------------------------------------------------------
                                  0.29   slack (MET)


Startpoint: _1277_ (rising edge-triggered flip-flop clocked by clk)
Endpoint: _1277_ (rising edge-triggered flip-flop clocked by clk)
Path Group: clk
Path Type: min

Fanout     Cap    Slew   Delay    Time   Description
-----------------------------------------------------------------------------
                  0.15    0.00    0.00   clock clk (rise edge)
                          0.00    0.00   clock network delay (ideal)
                  0.15    0.00    0.00 ^ _1277_/CLK (sky130_fd_sc_hd__dfxtp_2)
                  0.04    0.33    0.33 ^ _1277_/Q (sky130_fd_sc_hd__dfxtp_2)
     2    0.01                           u_sram.mem[14][1] (net)
                  0.04    0.00    0.33 ^ _0598_/A1 (sky130_fd_sc_hd__mux2_2)
                  0.04    0.12    0.46 ^ _0598_/X (sky130_fd_sc_hd__mux2_2)
     1    0.00                           _0525_ (net)
                  0.04    0.00    0.46 ^ _0599_/A (sky130_fd_sc_hd__buf_1)
                  0.03    0.07    0.52 ^ _0599_/X (sky130_fd_sc_hd__buf_1)
     1    0.00                           _0111_ (net)
                  0.03    0.00    0.52 ^ _1277_/D (sky130_fd_sc_hd__dfxtp_2)
                                  0.52   data arrival time

                  0.15    0.00    0.00   clock clk (rise edge)
                          0.00    0.00   clock network delay (ideal)
                          0.25    0.25   clock uncertainty
                          0.00    0.25   clock reconvergence pessimism
                                  0.25 ^ _1277_/CLK (sky130_fd_sc_hd__dfxtp_2)
                         -0.02    0.23   library hold time
                                  0.23   data required time
-----------------------------------------------------------------------------
                                  0.23   data required time
                                 -0.52   data arrival time
-----------------------------------------------------------------------------
                                  0.29   slack (MET)


Startpoint: _1229_ (rising edge-triggered flip-flop clocked by clk)
Endpoint: _1229_ (rising edge-triggered flip-flop clocked by clk)
Path Group: clk
Path Type: min

Fanout     Cap    Slew   Delay    Time   Description
-----------------------------------------------------------------------------
                  0.15    0.00    0.00   clock clk (rise edge)
                          0.00    0.00   clock network delay (ideal)
                  0.15    0.00    0.00 ^ _1229_/CLK (sky130_fd_sc_hd__dfxtp_2)
                  0.04    0.33    0.33 ^ _1229_/Q (sky130_fd_sc_hd__dfxtp_2)
     2    0.01                           u_sram.mem[38][1] (net)
                  0.04    0.00    0.33 ^ _1058_/A0 (sky130_fd_sc_hd__mux2_2)
                  0.03    0.12    0.46 ^ _1058_/X (sky130_fd_sc_hd__mux2_2)
     1    0.00                           _0446_ (net)
                  0.03    0.00    0.46 ^ _1059_/A (sky130_fd_sc_hd__buf_1)
                  0.04    0.07    0.52 ^ _1059_/X (sky130_fd_sc_hd__buf_1)
     1    0.00                           _0063_ (net)
                  0.04    0.00    0.52 ^ _1229_/D (sky130_fd_sc_hd__dfxtp_2)
                                  0.52   data arrival time

                  0.15    0.00    0.00   clock clk (rise edge)
                          0.00    0.00   clock network delay (ideal)
                          0.25    0.25   clock uncertainty
                          0.00    0.25   clock reconvergence pessimism
                                  0.25 ^ _1229_/CLK (sky130_fd_sc_hd__dfxtp_2)
                         -0.02    0.23   library hold time
                                  0.23   data required time
-----------------------------------------------------------------------------
                                  0.23   data required time
                                 -0.52   data arrival time
-----------------------------------------------------------------------------
                                  0.29   slack (MET)


Startpoint: _1195_ (rising edge-triggered flip-flop clocked by clk)
Endpoint: _1195_ (rising edge-triggered flip-flop clocked by clk)
Path Group: clk
Path Type: min

Fanout     Cap    Slew   Delay    Time   Description
-----------------------------------------------------------------------------
                  0.15    0.00    0.00   clock clk (rise edge)
                          0.00    0.00   clock network delay (ideal)
                  0.15    0.00    0.00 ^ _1195_/CLK (sky130_fd_sc_hd__dfxtp_2)
                  0.04    0.33    0.33 ^ _1195_/Q (sky130_fd_sc_hd__dfxtp_2)
     2    0.01                           u_sram.mem[55][1] (net)
                  0.04    0.00    0.33 ^ _0959_/A0 (sky130_fd_sc_hd__mux2_2)
                  0.04    0.12    0.46 ^ _0959_/X (sky130_fd_sc_hd__mux2_2)
     1    0.00                           _0381_ (net)
                  0.04    0.00    0.46 ^ _0960_/A (sky130_fd_sc_hd__buf_1)
                  0.03    0.07    0.52 ^ _0960_/X (sky130_fd_sc_hd__buf_1)
     1    0.00                           _0029_ (net)
                  0.03    0.00    0.52 ^ _1195_/D (sky130_fd_sc_hd__dfxtp_2)
                                  0.52   data arrival time

                  0.15    0.00    0.00   clock clk (rise edge)
                          0.00    0.00   clock network delay (ideal)
                          0.25    0.25   clock uncertainty
                          0.00    0.25   clock reconvergence pessimism
                                  0.25 ^ _1195_/CLK (sky130_fd_sc_hd__dfxtp_2)
                         -0.02    0.23   library hold time
                                  0.23   data required time
-----------------------------------------------------------------------------
                                  0.23   data required time
                                 -0.52   data arrival time
-----------------------------------------------------------------------------
                                  0.29   slack (MET)


Startpoint: _1236_ (rising edge-triggered flip-flop clocked by clk)
Endpoint: _1236_ (rising edge-triggered flip-flop clocked by clk)
Path Group: clk
Path Type: min

Fanout     Cap    Slew   Delay    Time   Description
-----------------------------------------------------------------------------
                  0.15    0.00    0.00   clock clk (rise edge)
                          0.00    0.00   clock network delay (ideal)
                  0.15    0.00    0.00 ^ _1236_/CLK (sky130_fd_sc_hd__dfxtp_2)
                  0.04    0.33    0.33 ^ _1236_/Q (sky130_fd_sc_hd__dfxtp_2)
     2    0.01                           u_sram.mem[35][0] (net)
                  0.04    0.00    0.33 ^ _1075_/A0 (sky130_fd_sc_hd__mux2_2)
                  0.04    0.12    0.46 ^ _1075_/X (sky130_fd_sc_hd__mux2_2)
     1    0.00                           _0456_ (net)
                  0.04    0.00    0.46 ^ _1076_/A (sky130_fd_sc_hd__buf_1)
                  0.03    0.07    0.52 ^ _1076_/X (sky130_fd_sc_hd__buf_1)
     1    0.00                           _0070_ (net)
                  0.03    0.00    0.52 ^ _1236_/D (sky130_fd_sc_hd__dfxtp_2)
                                  0.52   data arrival time

                  0.15    0.00    0.00   clock clk (rise edge)
                          0.00    0.00   clock network delay (ideal)
                          0.25    0.25   clock uncertainty
                          0.00    0.25   clock reconvergence pessimism
                                  0.25 ^ _1236_/CLK (sky130_fd_sc_hd__dfxtp_2)
                         -0.02    0.23   library hold time
                                  0.23   data required time
-----------------------------------------------------------------------------
                                  0.23   data required time
                                 -0.52   data arrival time
-----------------------------------------------------------------------------
                                  0.29   slack (MET)


Startpoint: _1261_ (rising edge-triggered flip-flop clocked by clk)
Endpoint: _1261_ (rising edge-triggered flip-flop clocked by clk)
Path Group: clk
Path Type: min

Fanout     Cap    Slew   Delay    Time   Description
-----------------------------------------------------------------------------
                  0.15    0.00    0.00   clock clk (rise edge)
                          0.00    0.00   clock network delay (ideal)
                  0.15    0.00    0.00 ^ _1261_/CLK (sky130_fd_sc_hd__dfxtp_2)
                  0.04    0.33    0.33 ^ _1261_/Q (sky130_fd_sc_hd__dfxtp_2)
     2    0.01                           u_sram.mem[22][1] (net)
                  0.04    0.00    0.33 ^ _1142_/A0 (sky130_fd_sc_hd__mux2_2)
                  0.04    0.12    0.46 ^ _1142_/X (sky130_fd_sc_hd__mux2_2)
     1    0.00                           _0498_ (net)
                  0.04    0.00    0.46 ^ _1143_/A (sky130_fd_sc_hd__buf_1)
                  0.03    0.07    0.52 ^ _1143_/X (sky130_fd_sc_hd__buf_1)
     1    0.00                           _0095_ (net)
                  0.03    0.00    0.52 ^ _1261_/D (sky130_fd_sc_hd__dfxtp_2)
                                  0.52   data arrival time

                  0.15    0.00    0.00   clock clk (rise edge)
                          0.00    0.00   clock network delay (ideal)
                          0.25    0.25   clock uncertainty
                          0.00    0.25   clock reconvergence pessimism
                                  0.25 ^ _1261_/CLK (sky130_fd_sc_hd__dfxtp_2)
                         -0.02    0.23   library hold time
                                  0.23   data required time
-----------------------------------------------------------------------------
                                  0.23   data required time
                                 -0.52   data arrival time
-----------------------------------------------------------------------------
                                  0.29   slack (MET)


Startpoint: _1281_ (rising edge-triggered flip-flop clocked by clk)
Endpoint: _1281_ (rising edge-triggered flip-flop clocked by clk)
Path Group: clk
Path Type: min

Fanout     Cap    Slew   Delay    Time   Description
-----------------------------------------------------------------------------
                  0.15    0.00    0.00   clock clk (rise edge)
                          0.00    0.00   clock network delay (ideal)
                  0.15    0.00    0.00 ^ _1281_/CLK (sky130_fd_sc_hd__dfxtp_2)
                  0.04    0.33    0.33 ^ _1281_/Q (sky130_fd_sc_hd__dfxtp_2)
     2    0.01                           u_sram.mem[12][1] (net)
                  0.04    0.00    0.33 ^ _0608_/A1 (sky130_fd_sc_hd__mux2_2)
                  0.04    0.12    0.46 ^ _0608_/X (sky130_fd_sc_hd__mux2_2)
     1    0.00                           _0531_ (net)
                  0.04    0.00    0.46 ^ _0609_/A (sky130_fd_sc_hd__buf_1)
                  0.04    0.07    0.52 ^ _0609_/X (sky130_fd_sc_hd__buf_1)
     1    0.00                           _0115_ (net)
                  0.04    0.00    0.52 ^ _1281_/D (sky130_fd_sc_hd__dfxtp_2)
                                  0.52   data arrival time

                  0.15    0.00    0.00   clock clk (rise edge)
                          0.00    0.00   clock network delay (ideal)
                          0.25    0.25   clock uncertainty
                          0.00    0.25   clock reconvergence pessimism
                                  0.25 ^ _1281_/CLK (sky130_fd_sc_hd__dfxtp_2)
                         -0.02    0.23   library hold time
                                  0.23   data required time
-----------------------------------------------------------------------------
                                  0.23   data required time
                                 -0.52   data arrival time
-----------------------------------------------------------------------------
                                  0.29   slack (MET)


Startpoint: _1202_ (rising edge-triggered flip-flop clocked by clk)
Endpoint: _1202_ (rising edge-triggered flip-flop clocked by clk)
Path Group: clk
Path Type: min

Fanout     Cap    Slew   Delay    Time   Description
-----------------------------------------------------------------------------
                  0.15    0.00    0.00   clock clk (rise edge)
                          0.00    0.00   clock network delay (ideal)
                  0.15    0.00    0.00 ^ _1202_/CLK (sky130_fd_sc_hd__dfxtp_2)
                  0.04    0.33    0.33 ^ _1202_/Q (sky130_fd_sc_hd__dfxtp_2)
     2    0.01                           u_sram.mem[52][0] (net)
                  0.04    0.00    0.33 ^ _0979_/A1 (sky130_fd_sc_hd__mux2_2)
                  0.03    0.12    0.46 ^ _0979_/X (sky130_fd_sc_hd__mux2_2)
     1    0.00                           _0394_ (net)
                  0.03    0.00    0.46 ^ _0980_/A (sky130_fd_sc_hd__buf_1)
                  0.03    0.07    0.52 ^ _0980_/X (sky130_fd_sc_hd__buf_1)
     1    0.00                           _0036_ (net)
                  0.03    0.00    0.52 ^ _1202_/D (sky130_fd_sc_hd__dfxtp_2)
                                  0.52   data arrival time

                  0.15    0.00    0.00   clock clk (rise edge)
                          0.00    0.00   clock network delay (ideal)
                          0.25    0.25   clock uncertainty
                          0.00    0.25   clock reconvergence pessimism
                                  0.25 ^ _1202_/CLK (sky130_fd_sc_hd__dfxtp_2)
                         -0.02    0.23   library hold time
                                  0.23   data required time
-----------------------------------------------------------------------------
                                  0.23   data required time
                                 -0.52   data arrival time
-----------------------------------------------------------------------------
                                  0.29   slack (MET)


Startpoint: _1208_ (rising edge-triggered flip-flop clocked by clk)
Endpoint: _1208_ (rising edge-triggered flip-flop clocked by clk)
Path Group: clk
Path Type: min

Fanout     Cap    Slew   Delay    Time   Description
-----------------------------------------------------------------------------
                  0.15    0.00    0.00   clock clk (rise edge)
                          0.00    0.00   clock network delay (ideal)
                  0.15    0.00    0.00 ^ _1208_/CLK (sky130_fd_sc_hd__dfxtp_2)
                  0.04    0.33    0.33 ^ _1208_/Q (sky130_fd_sc_hd__dfxtp_2)
     2    0.01                           u_sram.mem[49][0] (net)
                  0.04    0.00    0.33 ^ _0997_/A1 (sky130_fd_sc_hd__mux2_2)
                  0.03    0.12    0.46 ^ _0997_/X (sky130_fd_sc_hd__mux2_2)
     1    0.00                           _0406_ (net)
                  0.03    0.00    0.46 ^ _0998_/A (sky130_fd_sc_hd__buf_1)
                  0.03    0.07    0.52 ^ _0998_/X (sky130_fd_sc_hd__buf_1)
     1    0.00                           _0042_ (net)
                  0.03    0.00    0.52 ^ _1208_/D (sky130_fd_sc_hd__dfxtp_2)
                                  0.52   data arrival time

                  0.15    0.00    0.00   clock clk (rise edge)
                          0.00    0.00   clock network delay (ideal)
                          0.25    0.25   clock uncertainty
                          0.00    0.25   clock reconvergence pessimism
                                  0.25 ^ _1208_/CLK (sky130_fd_sc_hd__dfxtp_2)
                         -0.02    0.23   library hold time
                                  0.23   data required time
-----------------------------------------------------------------------------
                                  0.23   data required time
                                 -0.52   data arrival time
-----------------------------------------------------------------------------
                                  0.29   slack (MET)


Startpoint: _1280_ (rising edge-triggered flip-flop clocked by clk)
Endpoint: _1280_ (rising edge-triggered flip-flop clocked by clk)
Path Group: clk
Path Type: min

Fanout     Cap    Slew   Delay    Time   Description
-----------------------------------------------------------------------------
                  0.15    0.00    0.00   clock clk (rise edge)
                          0.00    0.00   clock network delay (ideal)
                  0.15    0.00    0.00 ^ _1280_/CLK (sky130_fd_sc_hd__dfxtp_2)
                  0.04    0.33    0.33 ^ _1280_/Q (sky130_fd_sc_hd__dfxtp_2)
     2    0.01                           u_sram.mem[13][0] (net)
                  0.04    0.00    0.33 ^ _0605_/A1 (sky130_fd_sc_hd__mux2_2)
                  0.04    0.12    0.46 ^ _0605_/X (sky130_fd_sc_hd__mux2_2)
     1    0.00                           _0529_ (net)
                  0.04    0.00    0.46 ^ _0606_/A (sky130_fd_sc_hd__buf_1)
                  0.04    0.07    0.52 ^ _0606_/X (sky130_fd_sc_hd__buf_1)
     1    0.00                           _0114_ (net)
                  0.04    0.00    0.52 ^ _1280_/D (sky130_fd_sc_hd__dfxtp_2)
                                  0.52   data arrival time

                  0.15    0.00    0.00   clock clk (rise edge)
                          0.00    0.00   clock network delay (ideal)
                          0.25    0.25   clock uncertainty
                          0.00    0.25   clock reconvergence pessimism
                                  0.25 ^ _1280_/CLK (sky130_fd_sc_hd__dfxtp_2)
                         -0.02    0.23   library hold time
                                  0.23   data required time
-----------------------------------------------------------------------------
                                  0.23   data required time
                                 -0.52   data arrival time
-----------------------------------------------------------------------------
                                  0.29   slack (MET)


Startpoint: _1248_ (rising edge-triggered flip-flop clocked by clk)
Endpoint: _1248_ (rising edge-triggered flip-flop clocked by clk)
Path Group: clk
Path Type: min

Fanout     Cap    Slew   Delay    Time   Description
-----------------------------------------------------------------------------
                  0.15    0.00    0.00   clock clk (rise edge)
                          0.00    0.00   clock network delay (ideal)
                  0.15    0.00    0.00 ^ _1248_/CLK (sky130_fd_sc_hd__dfxtp_2)
                  0.04    0.33    0.33 ^ _1248_/Q (sky130_fd_sc_hd__dfxtp_2)
     2    0.01                           u_sram.mem[29][0] (net)
                  0.04    0.00    0.33 ^ _1108_/A1 (sky130_fd_sc_hd__mux2_2)
                  0.04    0.12    0.46 ^ _1108_/X (sky130_fd_sc_hd__mux2_2)
     1    0.00                           _0477_ (net)
                  0.04    0.00    0.46 ^ _1109_/A (sky130_fd_sc_hd__buf_1)
                  0.04    0.07    0.52 ^ _1109_/X (sky130_fd_sc_hd__buf_1)
     1    0.00                           _0082_ (net)
                  0.04    0.00    0.52 ^ _1248_/D (sky130_fd_sc_hd__dfxtp_2)
                                  0.52   data arrival time

                  0.15    0.00    0.00   clock clk (rise edge)
                          0.00    0.00   clock network delay (ideal)
                          0.25    0.25   clock uncertainty
                          0.00    0.25   clock reconvergence pessimism
                                  0.25 ^ _1248_/CLK (sky130_fd_sc_hd__dfxtp_2)
                         -0.02    0.23   library hold time
                                  0.23   data required time
-----------------------------------------------------------------------------
                                  0.23   data required time
                                 -0.52   data arrival time
-----------------------------------------------------------------------------
                                  0.29   slack (MET)


Startpoint: _1244_ (rising edge-triggered flip-flop clocked by clk)
Endpoint: _1244_ (rising edge-triggered flip-flop clocked by clk)
Path Group: clk
Path Type: min

Fanout     Cap    Slew   Delay    Time   Description
-----------------------------------------------------------------------------
                  0.15    0.00    0.00   clock clk (rise edge)
                          0.00    0.00   clock network delay (ideal)
                  0.15    0.00    0.00 ^ _1244_/CLK (sky130_fd_sc_hd__dfxtp_2)
                  0.04    0.33    0.33 ^ _1244_/Q (sky130_fd_sc_hd__dfxtp_2)
     2    0.01                           u_sram.mem[31][0] (net)
                  0.04    0.00    0.33 ^ _1098_/A0 (sky130_fd_sc_hd__mux2_2)
                  0.04    0.12    0.46 ^ _1098_/X (sky130_fd_sc_hd__mux2_2)
     1    0.00                           _0471_ (net)
                  0.04    0.00    0.46 ^ _1099_/A (sky130_fd_sc_hd__buf_1)
                  0.03    0.07    0.52 ^ _1099_/X (sky130_fd_sc_hd__buf_1)
     1    0.00                           _0078_ (net)
                  0.03    0.00    0.52 ^ _1244_/D (sky130_fd_sc_hd__dfxtp_2)
                                  0.52   data arrival time

                  0.15    0.00    0.00   clock clk (rise edge)
                          0.00    0.00   clock network delay (ideal)
                          0.25    0.25   clock uncertainty
                          0.00    0.25   clock reconvergence pessimism
                                  0.25 ^ _1244_/CLK (sky130_fd_sc_hd__dfxtp_2)
                         -0.02    0.23   library hold time
                                  0.23   data required time
-----------------------------------------------------------------------------
                                  0.23   data required time
                                 -0.52   data arrival time
-----------------------------------------------------------------------------
                                  0.29   slack (MET)


Startpoint: _1184_ (rising edge-triggered flip-flop clocked by clk)
Endpoint: _1184_ (rising edge-triggered flip-flop clocked by clk)
Path Group: clk
Path Type: min

Fanout     Cap    Slew   Delay    Time   Description
-----------------------------------------------------------------------------
                  0.15    0.00    0.00   clock clk (rise edge)
                          0.00    0.00   clock network delay (ideal)
                  0.15    0.00    0.00 ^ _1184_/CLK (sky130_fd_sc_hd__dfxtp_2)
                  0.04    0.33    0.33 ^ _1184_/Q (sky130_fd_sc_hd__dfxtp_2)
     2    0.00                           u_sram.mem[61][0] (net)
                  0.04    0.00    0.33 ^ _0923_/A1 (sky130_fd_sc_hd__mux2_2)
                  0.04    0.12    0.46 ^ _0923_/X (sky130_fd_sc_hd__mux2_2)
     1    0.00                           _0356_ (net)
                  0.04    0.00    0.46 ^ _0924_/A (sky130_fd_sc_hd__buf_1)
                  0.04    0.07    0.52 ^ _0924_/X (sky130_fd_sc_hd__buf_1)
     1    0.00                           _0018_ (net)
                  0.04    0.00    0.52 ^ _1184_/D (sky130_fd_sc_hd__dfxtp_2)
                                  0.52   data arrival time

                  0.15    0.00    0.00   clock clk (rise edge)
                          0.00    0.00   clock network delay (ideal)
                          0.25    0.25   clock uncertainty
                          0.00    0.25   clock reconvergence pessimism
                                  0.25 ^ _1184_/CLK (sky130_fd_sc_hd__dfxtp_2)
                         -0.02    0.23   library hold time
                                  0.23   data required time
-----------------------------------------------------------------------------
                                  0.23   data required time
                                 -0.52   data arrival time
-----------------------------------------------------------------------------
                                  0.29   slack (MET)


Startpoint: _1298_ (rising edge-triggered flip-flop clocked by clk)
Endpoint: _1298_ (rising edge-triggered flip-flop clocked by clk)
Path Group: clk
Path Type: min

Fanout     Cap    Slew   Delay    Time   Description
-----------------------------------------------------------------------------
                  0.15    0.00    0.00   clock clk (rise edge)
                          0.00    0.00   clock network delay (ideal)
                  0.15    0.00    0.00 ^ _1298_/CLK (sky130_fd_sc_hd__dfxtp_2)
                  0.04    0.33    0.33 ^ _1298_/Q (sky130_fd_sc_hd__dfxtp_2)
     2    0.01                           u_sram.mem[4][0] (net)
                  0.04    0.00    0.33 ^ _0650_/A1 (sky130_fd_sc_hd__mux2_2)
                  0.03    0.12    0.46 ^ _0650_/X (sky130_fd_sc_hd__mux2_2)
     1    0.00                           _0556_ (net)
                  0.03    0.00    0.46 ^ _0651_/A (sky130_fd_sc_hd__buf_1)
                  0.04    0.07    0.52 ^ _0651_/X (sky130_fd_sc_hd__buf_1)
     1    0.00                           _0132_ (net)
                  0.04    0.00    0.52 ^ _1298_/D (sky130_fd_sc_hd__dfxtp_2)
                                  0.52   data arrival time

                  0.15    0.00    0.00   clock clk (rise edge)
                          0.00    0.00   clock network delay (ideal)
                          0.25    0.25   clock uncertainty
                          0.00    0.25   clock reconvergence pessimism
                                  0.25 ^ _1298_/CLK (sky130_fd_sc_hd__dfxtp_2)
                         -0.02    0.23   library hold time
                                  0.23   data required time
-----------------------------------------------------------------------------
                                  0.23   data required time
                                 -0.52   data arrival time
-----------------------------------------------------------------------------
                                  0.29   slack (MET)


Startpoint: _1306_ (rising edge-triggered flip-flop clocked by clk)
Endpoint: _1306_ (rising edge-triggered flip-flop clocked by clk)
Path Group: clk
Path Type: min

Fanout     Cap    Slew   Delay    Time   Description
-----------------------------------------------------------------------------
                  0.15    0.00    0.00   clock clk (rise edge)
                          0.00    0.00   clock network delay (ideal)
                  0.15    0.00    0.00 ^ _1306_/CLK (sky130_fd_sc_hd__dfxtp_2)
                  0.04    0.33    0.33 ^ _1306_/Q (sky130_fd_sc_hd__dfxtp_2)
     2    0.00                           u_sram.mem[0][0] (net)
                  0.04    0.00    0.33 ^ _0670_/A1 (sky130_fd_sc_hd__mux2_2)
                  0.04    0.12    0.46 ^ _0670_/X (sky130_fd_sc_hd__mux2_2)
     1    0.00                           _0568_ (net)
                  0.04    0.00    0.46 ^ _0671_/A (sky130_fd_sc_hd__buf_1)
                  0.04    0.07    0.52 ^ _0671_/X (sky130_fd_sc_hd__buf_1)
     1    0.00                           _0140_ (net)
                  0.04    0.00    0.52 ^ _1306_/D (sky130_fd_sc_hd__dfxtp_2)
                                  0.52   data arrival time

                  0.15    0.00    0.00   clock clk (rise edge)
                          0.00    0.00   clock network delay (ideal)
                          0.25    0.25   clock uncertainty
                          0.00    0.25   clock reconvergence pessimism
                                  0.25 ^ _1306_/CLK (sky130_fd_sc_hd__dfxtp_2)
                         -0.02    0.23   library hold time
                                  0.23   data required time
-----------------------------------------------------------------------------
                                  0.23   data required time
                                 -0.52   data arrival time
-----------------------------------------------------------------------------
                                  0.29   slack (MET)


Startpoint: _1300_ (rising edge-triggered flip-flop clocked by clk)
Endpoint: _1300_ (rising edge-triggered flip-flop clocked by clk)
Path Group: clk
Path Type: min

Fanout     Cap    Slew   Delay    Time   Description
-----------------------------------------------------------------------------
                  0.15    0.00    0.00   clock clk (rise edge)
                          0.00    0.00   clock network delay (ideal)
                  0.15    0.00    0.00 ^ _1300_/CLK (sky130_fd_sc_hd__dfxtp_2)
                  0.04    0.33    0.33 ^ _1300_/Q (sky130_fd_sc_hd__dfxtp_2)
     2    0.01                           u_sram.mem[3][0] (net)
                  0.04    0.00    0.33 ^ _0655_/A1 (sky130_fd_sc_hd__mux2_2)
                  0.03    0.12    0.46 ^ _0655_/X (sky130_fd_sc_hd__mux2_2)
     1    0.00                           _0559_ (net)
                  0.03    0.00    0.46 ^ _0656_/A (sky130_fd_sc_hd__buf_1)
                  0.04    0.07    0.52 ^ _0656_/X (sky130_fd_sc_hd__buf_1)
     1    0.00                           _0134_ (net)
                  0.04    0.00    0.52 ^ _1300_/D (sky130_fd_sc_hd__dfxtp_2)
                                  0.52   data arrival time

                  0.15    0.00    0.00   clock clk (rise edge)
                          0.00    0.00   clock network delay (ideal)
                          0.25    0.25   clock uncertainty
                          0.00    0.25   clock reconvergence pessimism
                                  0.25 ^ _1300_/CLK (sky130_fd_sc_hd__dfxtp_2)
                         -0.02    0.23   library hold time
                                  0.23   data required time
-----------------------------------------------------------------------------
                                  0.23   data required time
                                 -0.52   data arrival time
-----------------------------------------------------------------------------
                                  0.29   slack (MET)


Startpoint: _1205_ (rising edge-triggered flip-flop clocked by clk)
Endpoint: _1205_ (rising edge-triggered flip-flop clocked by clk)
Path Group: clk
Path Type: min

Fanout     Cap    Slew   Delay    Time   Description
-----------------------------------------------------------------------------
                  0.15    0.00    0.00   clock clk (rise edge)
                          0.00    0.00   clock network delay (ideal)
                  0.15    0.00    0.00 ^ _1205_/CLK (sky130_fd_sc_hd__dfxtp_2)
                  0.04    0.34    0.34 ^ _1205_/Q (sky130_fd_sc_hd__dfxtp_2)
     2    0.01                           u_sram.mem[50][1] (net)
                  0.04    0.00    0.34 ^ _0989_/A1 (sky130_fd_sc_hd__mux2_2)
                  0.03    0.12    0.46 ^ _0989_/X (sky130_fd_sc_hd__mux2_2)
     1    0.00                           _0401_ (net)
                  0.03    0.00    0.46 ^ _0990_/A (sky130_fd_sc_hd__buf_1)
                  0.03    0.07    0.52 ^ _0990_/X (sky130_fd_sc_hd__buf_1)
     1    0.00                           _0039_ (net)
                  0.03    0.00    0.52 ^ _1205_/D (sky130_fd_sc_hd__dfxtp_2)
                                  0.52   data arrival time

                  0.15    0.00    0.00   clock clk (rise edge)
                          0.00    0.00   clock network delay (ideal)
                          0.25    0.25   clock uncertainty
                          0.00    0.25   clock reconvergence pessimism
                                  0.25 ^ _1205_/CLK (sky130_fd_sc_hd__dfxtp_2)
                         -0.02    0.23   library hold time
                                  0.23   data required time
-----------------------------------------------------------------------------
                                  0.23   data required time
                                 -0.52   data arrival time
-----------------------------------------------------------------------------
                                  0.29   slack (MET)


Startpoint: _1247_ (rising edge-triggered flip-flop clocked by clk)
Endpoint: _1247_ (rising edge-triggered flip-flop clocked by clk)
Path Group: clk
Path Type: min

Fanout     Cap    Slew   Delay    Time   Description
-----------------------------------------------------------------------------
                  0.15    0.00    0.00   clock clk (rise edge)
                          0.00    0.00   clock network delay (ideal)
                  0.15    0.00    0.00 ^ _1247_/CLK (sky130_fd_sc_hd__dfxtp_2)
                  0.04    0.33    0.33 ^ _1247_/Q (sky130_fd_sc_hd__dfxtp_2)
     2    0.01                           u_sram.mem[29][1] (net)
                  0.04    0.00    0.33 ^ _1106_/A1 (sky130_fd_sc_hd__mux2_2)
                  0.04    0.12    0.46 ^ _1106_/X (sky130_fd_sc_hd__mux2_2)
     1    0.00                           _0476_ (net)
                  0.04    0.00    0.46 ^ _1107_/A (sky130_fd_sc_hd__buf_1)
                  0.04    0.07    0.52 ^ _1107_/X (sky130_fd_sc_hd__buf_1)
     1    0.00                           _0081_ (net)
                  0.04    0.00    0.52 ^ _1247_/D (sky130_fd_sc_hd__dfxtp_2)
                                  0.52   data arrival time

                  0.15    0.00    0.00   clock clk (rise edge)
                          0.00    0.00   clock network delay (ideal)
                          0.25    0.25   clock uncertainty
                          0.00    0.25   clock reconvergence pessimism
                                  0.25 ^ _1247_/CLK (sky130_fd_sc_hd__dfxtp_2)
                         -0.02    0.23   library hold time
                                  0.23   data required time
-----------------------------------------------------------------------------
                                  0.23   data required time
                                 -0.52   data arrival time
-----------------------------------------------------------------------------
                                  0.29   slack (MET)


Startpoint: _1182_ (rising edge-triggered flip-flop clocked by clk)
Endpoint: _1182_ (rising edge-triggered flip-flop clocked by clk)
Path Group: clk
Path Type: min

Fanout     Cap    Slew   Delay    Time   Description
-----------------------------------------------------------------------------
                  0.15    0.00    0.00   clock clk (rise edge)
                          0.00    0.00   clock network delay (ideal)
                  0.15    0.00    0.00 ^ _1182_/CLK (sky130_fd_sc_hd__dfxtp_2)
                  0.04    0.34    0.34 ^ _1182_/Q (sky130_fd_sc_hd__dfxtp_2)
     2    0.01                           u_sram.mem[62][0] (net)
                  0.04    0.00    0.34 ^ _0917_/A1 (sky130_fd_sc_hd__mux2_2)
                  0.03    0.12    0.46 ^ _0917_/X (sky130_fd_sc_hd__mux2_2)
     1    0.00                           _0352_ (net)
                  0.03    0.00    0.46 ^ _0918_/A (sky130_fd_sc_hd__buf_1)
                  0.03    0.06    0.52 ^ _0918_/X (sky130_fd_sc_hd__buf_1)
     1    0.00                           _0016_ (net)
                  0.03    0.00    0.52 ^ _1182_/D (sky130_fd_sc_hd__dfxtp_2)
                                  0.52   data arrival time

                  0.15    0.00    0.00   clock clk (rise edge)
                          0.00    0.00   clock network delay (ideal)
                          0.25    0.25   clock uncertainty
                          0.00    0.25   clock reconvergence pessimism
                                  0.25 ^ _1182_/CLK (sky130_fd_sc_hd__dfxtp_2)
                         -0.02    0.23   library hold time
                                  0.23   data required time
-----------------------------------------------------------------------------
                                  0.23   data required time
                                 -0.52   data arrival time
-----------------------------------------------------------------------------
                                  0.29   slack (MET)


Startpoint: _1235_ (rising edge-triggered flip-flop clocked by clk)
Endpoint: _1235_ (rising edge-triggered flip-flop clocked by clk)
Path Group: clk
Path Type: min

Fanout     Cap    Slew   Delay    Time   Description
-----------------------------------------------------------------------------
                  0.15    0.00    0.00   clock clk (rise edge)
                          0.00    0.00   clock network delay (ideal)
                  0.15    0.00    0.00 ^ _1235_/CLK (sky130_fd_sc_hd__dfxtp_2)
                  0.04    0.34    0.34 ^ _1235_/Q (sky130_fd_sc_hd__dfxtp_2)
     2    0.01                           u_sram.mem[35][1] (net)
                  0.04    0.00    0.34 ^ _1073_/A0 (sky130_fd_sc_hd__mux2_2)
                  0.04    0.12    0.46 ^ _1073_/X (sky130_fd_sc_hd__mux2_2)
     1    0.00                           _0455_ (net)
                  0.04    0.00    0.46 ^ _1074_/A (sky130_fd_sc_hd__buf_1)
                  0.03    0.07    0.52 ^ _1074_/X (sky130_fd_sc_hd__buf_1)
     1    0.00                           _0069_ (net)
                  0.03    0.00    0.52 ^ _1235_/D (sky130_fd_sc_hd__dfxtp_2)
                                  0.52   data arrival time

                  0.15    0.00    0.00   clock clk (rise edge)
                          0.00    0.00   clock network delay (ideal)
                          0.25    0.25   clock uncertainty
                          0.00    0.25   clock reconvergence pessimism
                                  0.25 ^ _1235_/CLK (sky130_fd_sc_hd__dfxtp_2)
                         -0.02    0.23   library hold time
                                  0.23   data required time
-----------------------------------------------------------------------------
                                  0.23   data required time
                                 -0.52   data arrival time
-----------------------------------------------------------------------------
                                  0.29   slack (MET)


Startpoint: _1305_ (rising edge-triggered flip-flop clocked by clk)
Endpoint: _1305_ (rising edge-triggered flip-flop clocked by clk)
Path Group: clk
Path Type: min

Fanout     Cap    Slew   Delay    Time   Description
-----------------------------------------------------------------------------
                  0.15    0.00    0.00   clock clk (rise edge)
                          0.00    0.00   clock network delay (ideal)
                  0.15    0.00    0.00 ^ _1305_/CLK (sky130_fd_sc_hd__dfxtp_2)
                  0.04    0.33    0.33 ^ _1305_/Q (sky130_fd_sc_hd__dfxtp_2)
     2    0.01                           u_sram.mem[0][1] (net)
                  0.04    0.00    0.33 ^ _0668_/A1 (sky130_fd_sc_hd__mux2_2)
                  0.04    0.12    0.46 ^ _0668_/X (sky130_fd_sc_hd__mux2_2)
     1    0.00                           _0567_ (net)
                  0.04    0.00    0.46 ^ _0669_/A (sky130_fd_sc_hd__buf_1)
                  0.04    0.07    0.52 ^ _0669_/X (sky130_fd_sc_hd__buf_1)
     1    0.00                           _0139_ (net)
                  0.04    0.00    0.52 ^ _1305_/D (sky130_fd_sc_hd__dfxtp_2)
                                  0.52   data arrival time

                  0.15    0.00    0.00   clock clk (rise edge)
                          0.00    0.00   clock network delay (ideal)
                          0.25    0.25   clock uncertainty
                          0.00    0.25   clock reconvergence pessimism
                                  0.25 ^ _1305_/CLK (sky130_fd_sc_hd__dfxtp_2)
                         -0.02    0.23   library hold time
                                  0.23   data required time
-----------------------------------------------------------------------------
                                  0.23   data required time
                                 -0.52   data arrival time
-----------------------------------------------------------------------------
                                  0.29   slack (MET)


Startpoint: _1199_ (rising edge-triggered flip-flop clocked by clk)
Endpoint: _1199_ (rising edge-triggered flip-flop clocked by clk)
Path Group: clk
Path Type: min

Fanout     Cap    Slew   Delay    Time   Description
-----------------------------------------------------------------------------
                  0.15    0.00    0.00   clock clk (rise edge)
                          0.00    0.00   clock network delay (ideal)
                  0.15    0.00    0.00 ^ _1199_/CLK (sky130_fd_sc_hd__dfxtp_2)
                  0.04    0.33    0.33 ^ _1199_/Q (sky130_fd_sc_hd__dfxtp_2)
     2    0.01                           u_sram.mem[53][1] (net)
                  0.04    0.00    0.33 ^ _0971_/A0 (sky130_fd_sc_hd__mux2_2)
                  0.04    0.12    0.46 ^ _0971_/X (sky130_fd_sc_hd__mux2_2)
     1    0.00                           _0389_ (net)
                  0.04    0.00    0.46 ^ _0972_/A (sky130_fd_sc_hd__buf_1)
                  0.04    0.07    0.52 ^ _0972_/X (sky130_fd_sc_hd__buf_1)
     1    0.00                           _0033_ (net)
                  0.04    0.00    0.52 ^ _1199_/D (sky130_fd_sc_hd__dfxtp_2)
                                  0.52   data arrival time

                  0.15    0.00    0.00   clock clk (rise edge)
                          0.00    0.00   clock network delay (ideal)
                          0.25    0.25   clock uncertainty
                          0.00    0.25   clock reconvergence pessimism
                                  0.25 ^ _1199_/CLK (sky130_fd_sc_hd__dfxtp_2)
                         -0.02    0.23   library hold time
                                  0.23   data required time
-----------------------------------------------------------------------------
                                  0.23   data required time
                                 -0.52   data arrival time
-----------------------------------------------------------------------------
                                  0.29   slack (MET)


Startpoint: _1255_ (rising edge-triggered flip-flop clocked by clk)
Endpoint: _1255_ (rising edge-triggered flip-flop clocked by clk)
Path Group: clk
Path Type: min

Fanout     Cap    Slew   Delay    Time   Description
-----------------------------------------------------------------------------
                  0.15    0.00    0.00   clock clk (rise edge)
                          0.00    0.00   clock network delay (ideal)
                  0.15    0.00    0.00 ^ _1255_/CLK (sky130_fd_sc_hd__dfxtp_2)
                  0.04    0.34    0.34 ^ _1255_/Q (sky130_fd_sc_hd__dfxtp_2)
     2    0.01                           u_sram.mem[25][1] (net)
                  0.04    0.00    0.34 ^ _1126_/A0 (sky130_fd_sc_hd__mux2_2)
                  0.03    0.12    0.46 ^ _1126_/X (sky130_fd_sc_hd__mux2_2)
     1    0.00                           _0488_ (net)
                  0.03    0.00    0.46 ^ _1127_/A (sky130_fd_sc_hd__buf_1)
                  0.03    0.07    0.52 ^ _1127_/X (sky130_fd_sc_hd__buf_1)
     1    0.00                           _0089_ (net)
                  0.03    0.00    0.52 ^ _1255_/D (sky130_fd_sc_hd__dfxtp_2)
                                  0.52   data arrival time

                  0.15    0.00    0.00   clock clk (rise edge)
                          0.00    0.00   clock network delay (ideal)
                          0.25    0.25   clock uncertainty
                          0.00    0.25   clock reconvergence pessimism
                                  0.25 ^ _1255_/CLK (sky130_fd_sc_hd__dfxtp_2)
                         -0.02    0.23   library hold time
                                  0.23   data required time
-----------------------------------------------------------------------------
                                  0.23   data required time
                                 -0.52   data arrival time
-----------------------------------------------------------------------------
                                  0.29   slack (MET)


Startpoint: _1279_ (rising edge-triggered flip-flop clocked by clk)
Endpoint: _1279_ (rising edge-triggered flip-flop clocked by clk)
Path Group: clk
Path Type: min

Fanout     Cap    Slew   Delay    Time   Description
-----------------------------------------------------------------------------
                  0.15    0.00    0.00   clock clk (rise edge)
                          0.00    0.00   clock network delay (ideal)
                  0.15    0.00    0.00 ^ _1279_/CLK (sky130_fd_sc_hd__dfxtp_2)
                  0.04    0.33    0.33 ^ _1279_/Q (sky130_fd_sc_hd__dfxtp_2)
     2    0.01                           u_sram.mem[13][1] (net)
                  0.04    0.00    0.33 ^ _0603_/A1 (sky130_fd_sc_hd__mux2_2)
                  0.04    0.12    0.46 ^ _0603_/X (sky130_fd_sc_hd__mux2_2)
     1    0.00                           _0528_ (net)
                  0.04    0.00    0.46 ^ _0604_/A (sky130_fd_sc_hd__buf_1)
                  0.04    0.07    0.52 ^ _0604_/X (sky130_fd_sc_hd__buf_1)
     1    0.00                           _0113_ (net)
                  0.04    0.00    0.52 ^ _1279_/D (sky130_fd_sc_hd__dfxtp_2)
                                  0.52   data arrival time

                  0.15    0.00    0.00   clock clk (rise edge)
                          0.00    0.00   clock network delay (ideal)
                          0.25    0.25   clock uncertainty
                          0.00    0.25   clock reconvergence pessimism
                                  0.25 ^ _1279_/CLK (sky130_fd_sc_hd__dfxtp_2)
                         -0.02    0.23   library hold time
                                  0.23   data required time
-----------------------------------------------------------------------------
                                  0.23   data required time
                                 -0.52   data arrival time
-----------------------------------------------------------------------------
                                  0.29   slack (MET)


Startpoint: _1213_ (rising edge-triggered flip-flop clocked by clk)
Endpoint: _1213_ (rising edge-triggered flip-flop clocked by clk)
Path Group: clk
Path Type: min

Fanout     Cap    Slew   Delay    Time   Description
-----------------------------------------------------------------------------
                  0.15    0.00    0.00   clock clk (rise edge)
                          0.00    0.00   clock network delay (ideal)
                  0.15    0.00    0.00 ^ _1213_/CLK (sky130_fd_sc_hd__dfxtp_2)
                  0.05    0.34    0.34 ^ _1213_/Q (sky130_fd_sc_hd__dfxtp_2)
     2    0.01                           u_sram.mem[46][1] (net)
                  0.05    0.00    0.34 ^ _1014_/A1 (sky130_fd_sc_hd__mux2_2)
                  0.03    0.12    0.46 ^ _1014_/X (sky130_fd_sc_hd__mux2_2)
     1    0.00                           _0418_ (net)
                  0.03    0.00    0.46 ^ _1015_/A (sky130_fd_sc_hd__buf_1)
                  0.03    0.06    0.52 ^ _1015_/X (sky130_fd_sc_hd__buf_1)
     1    0.00                           _0047_ (net)
                  0.03    0.00    0.52 ^ _1213_/D (sky130_fd_sc_hd__dfxtp_2)
                                  0.52   data arrival time

                  0.15    0.00    0.00   clock clk (rise edge)
                          0.00    0.00   clock network delay (ideal)
                          0.25    0.25   clock uncertainty
                          0.00    0.25   clock reconvergence pessimism
                                  0.25 ^ _1213_/CLK (sky130_fd_sc_hd__dfxtp_2)
                         -0.01    0.24   library hold time
                                  0.24   data required time
-----------------------------------------------------------------------------
                                  0.24   data required time
                                 -0.52   data arrival time
-----------------------------------------------------------------------------
                                  0.29   slack (MET)


Startpoint: _1204_ (rising edge-triggered flip-flop clocked by clk)
Endpoint: _1204_ (rising edge-triggered flip-flop clocked by clk)
Path Group: clk
Path Type: min

Fanout     Cap    Slew   Delay    Time   Description
-----------------------------------------------------------------------------
                  0.15    0.00    0.00   clock clk (rise edge)
                          0.00    0.00   clock network delay (ideal)
                  0.15    0.00    0.00 ^ _1204_/CLK (sky130_fd_sc_hd__dfxtp_2)
                  0.04    0.34    0.34 ^ _1204_/Q (sky130_fd_sc_hd__dfxtp_2)
     2    0.01                           u_sram.mem[51][0] (net)
                  0.04    0.00    0.34 ^ _0985_/A0 (sky130_fd_sc_hd__mux2_2)
                  0.04    0.12    0.46 ^ _0985_/X (sky130_fd_sc_hd__mux2_2)
     1    0.00                           _0398_ (net)
                  0.04    0.00    0.46 ^ _0986_/A (sky130_fd_sc_hd__buf_1)
                  0.04    0.07    0.53 ^ _0986_/X (sky130_fd_sc_hd__buf_1)
     1    0.00                           _0038_ (net)
                  0.04    0.00    0.53 ^ _1204_/D (sky130_fd_sc_hd__dfxtp_2)
                                  0.53   data arrival time

                  0.15    0.00    0.00   clock clk (rise edge)
                          0.00    0.00   clock network delay (ideal)
                          0.25    0.25   clock uncertainty
                          0.00    0.25   clock reconvergence pessimism
                                  0.25 ^ _1204_/CLK (sky130_fd_sc_hd__dfxtp_2)
                         -0.02    0.23   library hold time
                                  0.23   data required time
-----------------------------------------------------------------------------
                                  0.23   data required time
                                 -0.53   data arrival time
-----------------------------------------------------------------------------
                                  0.29   slack (MET)


Startpoint: _1206_ (rising edge-triggered flip-flop clocked by clk)
Endpoint: _1206_ (rising edge-triggered flip-flop clocked by clk)
Path Group: clk
Path Type: min

Fanout     Cap    Slew   Delay    Time   Description
-----------------------------------------------------------------------------
                  0.15    0.00    0.00   clock clk (rise edge)
                          0.00    0.00   clock network delay (ideal)
                  0.15    0.00    0.00 ^ _1206_/CLK (sky130_fd_sc_hd__dfxtp_2)
                  0.04    0.34    0.34 ^ _1206_/Q (sky130_fd_sc_hd__dfxtp_2)
     2    0.01                           u_sram.mem[50][0] (net)
                  0.04    0.00    0.34 ^ _0991_/A1 (sky130_fd_sc_hd__mux2_2)
                  0.04    0.12    0.46 ^ _0991_/X (sky130_fd_sc_hd__mux2_2)
     1    0.00                           _0402_ (net)
                  0.04    0.00    0.46 ^ _0992_/A (sky130_fd_sc_hd__buf_1)
                  0.03    0.07    0.53 ^ _0992_/X (sky130_fd_sc_hd__buf_1)
     1    0.00                           _0040_ (net)
                  0.03    0.00    0.53 ^ _1206_/D (sky130_fd_sc_hd__dfxtp_2)
                                  0.53   data arrival time

                  0.15    0.00    0.00   clock clk (rise edge)
                          0.00    0.00   clock network delay (ideal)
                          0.25    0.25   clock uncertainty
                          0.00    0.25   clock reconvergence pessimism
                                  0.25 ^ _1206_/CLK (sky130_fd_sc_hd__dfxtp_2)
                         -0.02    0.23   library hold time
                                  0.23   data required time
-----------------------------------------------------------------------------
                                  0.23   data required time
                                 -0.53   data arrival time
-----------------------------------------------------------------------------
                                  0.29   slack (MET)


Startpoint: _1302_ (rising edge-triggered flip-flop clocked by clk)
Endpoint: _1302_ (rising edge-triggered flip-flop clocked by clk)
Path Group: clk
Path Type: min

Fanout     Cap    Slew   Delay    Time   Description
-----------------------------------------------------------------------------
                  0.15    0.00    0.00   clock clk (rise edge)
                          0.00    0.00   clock network delay (ideal)
                  0.15    0.00    0.00 ^ _1302_/CLK (sky130_fd_sc_hd__dfxtp_2)
                  0.04    0.34    0.34 ^ _1302_/Q (sky130_fd_sc_hd__dfxtp_2)
     2    0.01                           u_sram.mem[2][0] (net)
                  0.04    0.00    0.34 ^ _0660_/A1 (sky130_fd_sc_hd__mux2_2)
                  0.04    0.12    0.46 ^ _0660_/X (sky130_fd_sc_hd__mux2_2)
     1    0.00                           _0562_ (net)
                  0.04    0.00    0.46 ^ _0661_/A (sky130_fd_sc_hd__buf_1)
                  0.04    0.07    0.53 ^ _0661_/X (sky130_fd_sc_hd__buf_1)
     1    0.00                           _0136_ (net)
                  0.04    0.00    0.53 ^ _1302_/D (sky130_fd_sc_hd__dfxtp_2)
                                  0.53   data arrival time

                  0.15    0.00    0.00   clock clk (rise edge)
                          0.00    0.00   clock network delay (ideal)
                          0.25    0.25   clock uncertainty
                          0.00    0.25   clock reconvergence pessimism
                                  0.25 ^ _1302_/CLK (sky130_fd_sc_hd__dfxtp_2)
                         -0.02    0.23   library hold time
                                  0.23   data required time
-----------------------------------------------------------------------------
                                  0.23   data required time
                                 -0.53   data arrival time
-----------------------------------------------------------------------------
                                  0.29   slack (MET)


Startpoint: _1197_ (rising edge-triggered flip-flop clocked by clk)
Endpoint: _1197_ (rising edge-triggered flip-flop clocked by clk)
Path Group: clk
Path Type: min

Fanout     Cap    Slew   Delay    Time   Description
-----------------------------------------------------------------------------
                  0.15    0.00    0.00   clock clk (rise edge)
                          0.00    0.00   clock network delay (ideal)
                  0.15    0.00    0.00 ^ _1197_/CLK (sky130_fd_sc_hd__dfxtp_2)
                  0.04    0.34    0.34 ^ _1197_/Q (sky130_fd_sc_hd__dfxtp_2)
     2    0.01                           u_sram.mem[54][1] (net)
                  0.04    0.00    0.34 ^ _0965_/A0 (sky130_fd_sc_hd__mux2_2)
                  0.03    0.12    0.46 ^ _0965_/X (sky130_fd_sc_hd__mux2_2)
     1    0.00                           _0385_ (net)
                  0.03    0.00    0.46 ^ _0966_/A (sky130_fd_sc_hd__buf_1)
                  0.04    0.07    0.53 ^ _0966_/X (sky130_fd_sc_hd__buf_1)
     1    0.00                           _0031_ (net)
                  0.04    0.00    0.53 ^ _1197_/D (sky130_fd_sc_hd__dfxtp_2)
                                  0.53   data arrival time

                  0.15    0.00    0.00   clock clk (rise edge)
                          0.00    0.00   clock network delay (ideal)
                          0.25    0.25   clock uncertainty
                          0.00    0.25   clock reconvergence pessimism
                                  0.25 ^ _1197_/CLK (sky130_fd_sc_hd__dfxtp_2)
                         -0.02    0.23   library hold time
                                  0.23   data required time
-----------------------------------------------------------------------------
                                  0.23   data required time
                                 -0.53   data arrival time
-----------------------------------------------------------------------------
                                  0.29   slack (MET)


Startpoint: _1303_ (rising edge-triggered flip-flop clocked by clk)
Endpoint: _1303_ (rising edge-triggered flip-flop clocked by clk)
Path Group: clk
Path Type: min

Fanout     Cap    Slew   Delay    Time   Description
-----------------------------------------------------------------------------
                  0.15    0.00    0.00   clock clk (rise edge)
                          0.00    0.00   clock network delay (ideal)
                  0.15    0.00    0.00 ^ _1303_/CLK (sky130_fd_sc_hd__dfxtp_2)
                  0.04    0.33    0.33 ^ _1303_/Q (sky130_fd_sc_hd__dfxtp_2)
     2    0.01                           u_sram.mem[1][1] (net)
                  0.04    0.00    0.33 ^ _0663_/A1 (sky130_fd_sc_hd__mux2_2)
                  0.04    0.12    0.46 ^ _0663_/X (sky130_fd_sc_hd__mux2_2)
     1    0.00                           _0564_ (net)
                  0.04    0.00    0.46 ^ _0664_/A (sky130_fd_sc_hd__buf_1)
                  0.04    0.07    0.53 ^ _0664_/X (sky130_fd_sc_hd__buf_1)
     1    0.00                           _0137_ (net)
                  0.04    0.00    0.53 ^ _1303_/D (sky130_fd_sc_hd__dfxtp_2)
                                  0.53   data arrival time

                  0.15    0.00    0.00   clock clk (rise edge)
                          0.00    0.00   clock network delay (ideal)
                          0.25    0.25   clock uncertainty
                          0.00    0.25   clock reconvergence pessimism
                                  0.25 ^ _1303_/CLK (sky130_fd_sc_hd__dfxtp_2)
                         -0.02    0.23   library hold time
                                  0.23   data required time
-----------------------------------------------------------------------------
                                  0.23   data required time
                                 -0.53   data arrival time
-----------------------------------------------------------------------------
                                  0.29   slack (MET)


Startpoint: _1209_ (rising edge-triggered flip-flop clocked by clk)
Endpoint: _1209_ (rising edge-triggered flip-flop clocked by clk)
Path Group: clk
Path Type: min

Fanout     Cap    Slew   Delay    Time   Description
-----------------------------------------------------------------------------
                  0.15    0.00    0.00   clock clk (rise edge)
                          0.00    0.00   clock network delay (ideal)
                  0.15    0.00    0.00 ^ _1209_/CLK (sky130_fd_sc_hd__dfxtp_2)
                  0.04    0.34    0.34 ^ _1209_/Q (sky130_fd_sc_hd__dfxtp_2)
     2    0.01                           u_sram.mem[48][1] (net)
                  0.04    0.00    0.34 ^ _1001_/A1 (sky130_fd_sc_hd__mux2_2)
                  0.04    0.12    0.46 ^ _1001_/X (sky130_fd_sc_hd__mux2_2)
     1    0.00                           _0409_ (net)
                  0.04    0.00    0.46 ^ _1002_/A (sky130_fd_sc_hd__buf_1)
                  0.03    0.07    0.53 ^ _1002_/X (sky130_fd_sc_hd__buf_1)
     1    0.00                           _0043_ (net)
                  0.03    0.00    0.53 ^ _1209_/D (sky130_fd_sc_hd__dfxtp_2)
                                  0.53   data arrival time

                  0.15    0.00    0.00   clock clk (rise edge)
                          0.00    0.00   clock network delay (ideal)
                          0.25    0.25   clock uncertainty
                          0.00    0.25   clock reconvergence pessimism
                                  0.25 ^ _1209_/CLK (sky130_fd_sc_hd__dfxtp_2)
                         -0.02    0.23   library hold time
                                  0.23   data required time
-----------------------------------------------------------------------------
                                  0.23   data required time
                                 -0.53   data arrival time
-----------------------------------------------------------------------------
                                  0.29   slack (MET)


Startpoint: _1282_ (rising edge-triggered flip-flop clocked by clk)
Endpoint: _1282_ (rising edge-triggered flip-flop clocked by clk)
Path Group: clk
Path Type: min

Fanout     Cap    Slew   Delay    Time   Description
-----------------------------------------------------------------------------
                  0.15    0.00    0.00   clock clk (rise edge)
                          0.00    0.00   clock network delay (ideal)
                  0.15    0.00    0.00 ^ _1282_/CLK (sky130_fd_sc_hd__dfxtp_2)
                  0.04    0.34    0.34 ^ _1282_/Q (sky130_fd_sc_hd__dfxtp_2)
     2    0.01                           u_sram.mem[12][0] (net)
                  0.04    0.00    0.34 ^ _0610_/A1 (sky130_fd_sc_hd__mux2_2)
                  0.04    0.12    0.46 ^ _0610_/X (sky130_fd_sc_hd__mux2_2)
     1    0.00                           _0532_ (net)
                  0.04    0.00    0.46 ^ _0611_/A (sky130_fd_sc_hd__buf_1)
                  0.04    0.07    0.53 ^ _0611_/X (sky130_fd_sc_hd__buf_1)
     1    0.00                           _0116_ (net)
                  0.04    0.00    0.53 ^ _1282_/D (sky130_fd_sc_hd__dfxtp_2)
                                  0.53   data arrival time

                  0.15    0.00    0.00   clock clk (rise edge)
                          0.00    0.00   clock network delay (ideal)
                          0.25    0.25   clock uncertainty
                          0.00    0.25   clock reconvergence pessimism
                                  0.25 ^ _1282_/CLK (sky130_fd_sc_hd__dfxtp_2)
                         -0.02    0.23   library hold time
                                  0.23   data required time
-----------------------------------------------------------------------------
                                  0.23   data required time
                                 -0.53   data arrival time
-----------------------------------------------------------------------------
                                  0.29   slack (MET)


Startpoint: _1214_ (rising edge-triggered flip-flop clocked by clk)
Endpoint: _1214_ (rising edge-triggered flip-flop clocked by clk)
Path Group: clk
Path Type: min

Fanout     Cap    Slew   Delay    Time   Description
-----------------------------------------------------------------------------
                  0.15    0.00    0.00   clock clk (rise edge)
                          0.00    0.00   clock network delay (ideal)
                  0.15    0.00    0.00 ^ _1214_/CLK (sky130_fd_sc_hd__dfxtp_2)
                  0.05    0.34    0.34 ^ _1214_/Q (sky130_fd_sc_hd__dfxtp_2)
     2    0.01                           u_sram.mem[46][0] (net)
                  0.05    0.00    0.34 ^ _1016_/A1 (sky130_fd_sc_hd__mux2_2)
                  0.03    0.12    0.46 ^ _1016_/X (sky130_fd_sc_hd__mux2_2)
     1    0.00                           _0419_ (net)
                  0.03    0.00    0.46 ^ _1017_/A (sky130_fd_sc_hd__buf_1)
                  0.03    0.06    0.53 ^ _1017_/X (sky130_fd_sc_hd__buf_1)
     1    0.00                           _0048_ (net)
                  0.03    0.00    0.53 ^ _1214_/D (sky130_fd_sc_hd__dfxtp_2)
                                  0.53   data arrival time

                  0.15    0.00    0.00   clock clk (rise edge)
                          0.00    0.00   clock network delay (ideal)
                          0.25    0.25   clock uncertainty
                          0.00    0.25   clock reconvergence pessimism
                                  0.25 ^ _1214_/CLK (sky130_fd_sc_hd__dfxtp_2)
                         -0.01    0.24   library hold time
                                  0.24   data required time
-----------------------------------------------------------------------------
                                  0.24   data required time
                                 -0.53   data arrival time
-----------------------------------------------------------------------------
                                  0.29   slack (MET)


Startpoint: _1193_ (rising edge-triggered flip-flop clocked by clk)
Endpoint: _1193_ (rising edge-triggered flip-flop clocked by clk)
Path Group: clk
Path Type: min

Fanout     Cap    Slew   Delay    Time   Description
-----------------------------------------------------------------------------
                  0.15    0.00    0.00   clock clk (rise edge)
                          0.00    0.00   clock network delay (ideal)
                  0.15    0.00    0.00 ^ _1193_/CLK (sky130_fd_sc_hd__dfxtp_2)
                  0.04    0.34    0.34 ^ _1193_/Q (sky130_fd_sc_hd__dfxtp_2)
     2    0.01                           u_sram.mem[56][1] (net)
                  0.04    0.00    0.34 ^ _0954_/A1 (sky130_fd_sc_hd__mux2_2)
                  0.04    0.12    0.46 ^ _0954_/X (sky130_fd_sc_hd__mux2_2)
     1    0.00                           _0378_ (net)
                  0.04    0.00    0.46 ^ _0955_/A (sky130_fd_sc_hd__buf_1)
                  0.03    0.07    0.53 ^ _0955_/X (sky130_fd_sc_hd__buf_1)
     1    0.00                           _0027_ (net)
                  0.03    0.00    0.53 ^ _1193_/D (sky130_fd_sc_hd__dfxtp_2)
                                  0.53   data arrival time

                  0.15    0.00    0.00   clock clk (rise edge)
                          0.00    0.00   clock network delay (ideal)
                          0.25    0.25   clock uncertainty
                          0.00    0.25   clock reconvergence pessimism
                                  0.25 ^ _1193_/CLK (sky130_fd_sc_hd__dfxtp_2)
                         -0.02    0.23   library hold time
                                  0.23   data required time
-----------------------------------------------------------------------------
                                  0.23   data required time
                                 -0.53   data arrival time
-----------------------------------------------------------------------------
                                  0.29   slack (MET)


Startpoint: _1207_ (rising edge-triggered flip-flop clocked by clk)
Endpoint: _1207_ (rising edge-triggered flip-flop clocked by clk)
Path Group: clk
Path Type: min

Fanout     Cap    Slew   Delay    Time   Description
-----------------------------------------------------------------------------
                  0.15    0.00    0.00   clock clk (rise edge)
                          0.00    0.00   clock network delay (ideal)
                  0.15    0.00    0.00 ^ _1207_/CLK (sky130_fd_sc_hd__dfxtp_2)
                  0.05    0.34    0.34 ^ _1207_/Q (sky130_fd_sc_hd__dfxtp_2)
     2    0.01                           u_sram.mem[49][1] (net)
                  0.05    0.00    0.34 ^ _0995_/A1 (sky130_fd_sc_hd__mux2_2)
                  0.04    0.12    0.46 ^ _0995_/X (sky130_fd_sc_hd__mux2_2)
     1    0.00                           _0405_ (net)
                  0.04    0.00    0.46 ^ _0996_/A (sky130_fd_sc_hd__buf_1)
                  0.04    0.07    0.53 ^ _0996_/X (sky130_fd_sc_hd__buf_1)
     1    0.00                           _0041_ (net)
                  0.04    0.00    0.53 ^ _1207_/D (sky130_fd_sc_hd__dfxtp_2)
                                  0.53   data arrival time

                  0.15    0.00    0.00   clock clk (rise edge)
                          0.00    0.00   clock network delay (ideal)
                          0.25    0.25   clock uncertainty
                          0.00    0.25   clock reconvergence pessimism
                                  0.25 ^ _1207_/CLK (sky130_fd_sc_hd__dfxtp_2)
                         -0.02    0.23   library hold time
                                  0.23   data required time
-----------------------------------------------------------------------------
                                  0.23   data required time
                                 -0.53   data arrival time
-----------------------------------------------------------------------------
                                  0.29   slack (MET)


Startpoint: _1198_ (rising edge-triggered flip-flop clocked by clk)
Endpoint: _1198_ (rising edge-triggered flip-flop clocked by clk)
Path Group: clk
Path Type: min

Fanout     Cap    Slew   Delay    Time   Description
-----------------------------------------------------------------------------
                  0.15    0.00    0.00   clock clk (rise edge)
                          0.00    0.00   clock network delay (ideal)
                  0.15    0.00    0.00 ^ _1198_/CLK (sky130_fd_sc_hd__dfxtp_2)
                  0.05    0.34    0.34 ^ _1198_/Q (sky130_fd_sc_hd__dfxtp_2)
     2    0.01                           u_sram.mem[54][0] (net)
                  0.05    0.00    0.34 ^ _0967_/A0 (sky130_fd_sc_hd__mux2_2)
                  0.03    0.12    0.46 ^ _0967_/X (sky130_fd_sc_hd__mux2_2)
     1    0.00                           _0386_ (net)
                  0.03    0.00    0.46 ^ _0968_/A (sky130_fd_sc_hd__buf_1)
                  0.03    0.07    0.53 ^ _0968_/X (sky130_fd_sc_hd__buf_1)
     1    0.00                           _0032_ (net)
                  0.03    0.00    0.53 ^ _1198_/D (sky130_fd_sc_hd__dfxtp_2)
                                  0.53   data arrival time

                  0.15    0.00    0.00   clock clk (rise edge)
                          0.00    0.00   clock network delay (ideal)
                          0.25    0.25   clock uncertainty
                          0.00    0.25   clock reconvergence pessimism
                                  0.25 ^ _1198_/CLK (sky130_fd_sc_hd__dfxtp_2)
                         -0.02    0.23   library hold time
                                  0.23   data required time
-----------------------------------------------------------------------------
                                  0.23   data required time
                                 -0.53   data arrival time
-----------------------------------------------------------------------------
                                  0.29   slack (MET)


Startpoint: _1194_ (rising edge-triggered flip-flop clocked by clk)
Endpoint: _1194_ (rising edge-triggered flip-flop clocked by clk)
Path Group: clk
Path Type: min

Fanout     Cap    Slew   Delay    Time   Description
-----------------------------------------------------------------------------
                  0.15    0.00    0.00   clock clk (rise edge)
                          0.00    0.00   clock network delay (ideal)
                  0.15    0.00    0.00 ^ _1194_/CLK (sky130_fd_sc_hd__dfxtp_2)
                  0.05    0.34    0.34 ^ _1194_/Q (sky130_fd_sc_hd__dfxtp_2)
     2    0.01                           u_sram.mem[56][0] (net)
                  0.05    0.00    0.34 ^ _0956_/A1 (sky130_fd_sc_hd__mux2_2)
                  0.04    0.12    0.46 ^ _0956_/X (sky130_fd_sc_hd__mux2_2)
     1    0.00                           _0379_ (net)
                  0.04    0.00    0.46 ^ _0957_/A (sky130_fd_sc_hd__buf_1)
                  0.03    0.07    0.53 ^ _0957_/X (sky130_fd_sc_hd__buf_1)
     1    0.00                           _0028_ (net)
                  0.03    0.00    0.53 ^ _1194_/D (sky130_fd_sc_hd__dfxtp_2)
                                  0.53   data arrival time

                  0.15    0.00    0.00   clock clk (rise edge)
                          0.00    0.00   clock network delay (ideal)
                          0.25    0.25   clock uncertainty
                          0.00    0.25   clock reconvergence pessimism
                                  0.25 ^ _1194_/CLK (sky130_fd_sc_hd__dfxtp_2)
                         -0.02    0.23   library hold time
                                  0.23   data required time
-----------------------------------------------------------------------------
                                  0.23   data required time
                                 -0.53   data arrival time
-----------------------------------------------------------------------------
                                  0.29   slack (MET)


Startpoint: _1196_ (rising edge-triggered flip-flop clocked by clk)
Endpoint: _1196_ (rising edge-triggered flip-flop clocked by clk)
Path Group: clk
Path Type: min

Fanout     Cap    Slew   Delay    Time   Description
-----------------------------------------------------------------------------
                  0.15    0.00    0.00   clock clk (rise edge)
                          0.00    0.00   clock network delay (ideal)
                  0.15    0.00    0.00 ^ _1196_/CLK (sky130_fd_sc_hd__dfxtp_2)
                  0.05    0.34    0.34 ^ _1196_/Q (sky130_fd_sc_hd__dfxtp_2)
     2    0.01                           u_sram.mem[55][0] (net)
                  0.05    0.00    0.34 ^ _0961_/A0 (sky130_fd_sc_hd__mux2_2)
                  0.04    0.12    0.46 ^ _0961_/X (sky130_fd_sc_hd__mux2_2)
     1    0.00                           _0382_ (net)
                  0.04    0.00    0.46 ^ _0962_/A (sky130_fd_sc_hd__buf_1)
                  0.04    0.07    0.53 ^ _0962_/X (sky130_fd_sc_hd__buf_1)
     1    0.00                           _0030_ (net)
                  0.04    0.00    0.53 ^ _1196_/D (sky130_fd_sc_hd__dfxtp_2)
                                  0.53   data arrival time

                  0.15    0.00    0.00   clock clk (rise edge)
                          0.00    0.00   clock network delay (ideal)
                          0.25    0.25   clock uncertainty
                          0.00    0.25   clock reconvergence pessimism
                                  0.25 ^ _1196_/CLK (sky130_fd_sc_hd__dfxtp_2)
                         -0.02    0.23   library hold time
                                  0.23   data required time
-----------------------------------------------------------------------------
                                  0.23   data required time
                                 -0.53   data arrival time
-----------------------------------------------------------------------------
                                  0.29   slack (MET)


Startpoint: _1327_ (rising edge-triggered flip-flop clocked by clk)
Endpoint: _1172_ (rising edge-triggered flip-flop clocked by clk)
Path Group: clk
Path Type: min

Fanout     Cap    Slew   Delay    Time   Description
-----------------------------------------------------------------------------
                  0.15    0.00    0.00   clock clk (rise edge)
                          0.00    0.00   clock network delay (ideal)
                  0.15    0.00    0.00 ^ _1327_/CLK (sky130_fd_sc_hd__dfrtp_2)
                  0.06    0.37    0.37 ^ _1327_/Q (sky130_fd_sc_hd__dfrtp_2)
     2    0.01                           u_addr_gen.start (net)
                  0.06    0.00    0.37 ^ _0703_/B (sky130_fd_sc_hd__or2_2)
                  0.03    0.09    0.46 ^ _0703_/X (sky130_fd_sc_hd__or2_2)
     1    0.00                           _0157_ (net)
                  0.03    0.00    0.46 ^ _0704_/A (sky130_fd_sc_hd__buf_1)
                  0.04    0.07    0.53 ^ _0704_/X (sky130_fd_sc_hd__buf_1)
     1    0.00                           _0001_ (net)
                  0.04    0.00    0.53 ^ _1172_/D (sky130_fd_sc_hd__dfrtp_2)
                                  0.53   data arrival time

                  0.15    0.00    0.00   clock clk (rise edge)
                          0.00    0.00   clock network delay (ideal)
                          0.25    0.25   clock uncertainty
                          0.00    0.25   clock reconvergence pessimism
                                  0.25 ^ _1172_/CLK (sky130_fd_sc_hd__dfrtp_2)
                         -0.02    0.23   library hold time
                                  0.23   data required time
-----------------------------------------------------------------------------
                                  0.23   data required time
                                 -0.53   data arrival time
-----------------------------------------------------------------------------
                                  0.30   slack (MET)


Startpoint: _1301_ (rising edge-triggered flip-flop clocked by clk)
Endpoint: _1301_ (rising edge-triggered flip-flop clocked by clk)
Path Group: clk
Path Type: min

Fanout     Cap    Slew   Delay    Time   Description
-----------------------------------------------------------------------------
                  0.15    0.00    0.00   clock clk (rise edge)
                          0.00    0.00   clock network delay (ideal)
                  0.15    0.00    0.00 ^ _1301_/CLK (sky130_fd_sc_hd__dfxtp_2)
                  0.05    0.34    0.34 ^ _1301_/Q (sky130_fd_sc_hd__dfxtp_2)
     2    0.01                           u_sram.mem[2][1] (net)
                  0.05    0.00    0.34 ^ _0658_/A1 (sky130_fd_sc_hd__mux2_2)
                  0.04    0.13    0.47 ^ _0658_/X (sky130_fd_sc_hd__mux2_2)
     1    0.00                           _0561_ (net)
                  0.04    0.00    0.47 ^ _0659_/A (sky130_fd_sc_hd__buf_1)
                  0.04    0.07    0.53 ^ _0659_/X (sky130_fd_sc_hd__buf_1)
     1    0.00                           _0135_ (net)
                  0.04    0.00    0.53 ^ _1301_/D (sky130_fd_sc_hd__dfxtp_2)
                                  0.53   data arrival time

                  0.15    0.00    0.00   clock clk (rise edge)
                          0.00    0.00   clock network delay (ideal)
                          0.25    0.25   clock uncertainty
                          0.00    0.25   clock reconvergence pessimism
                                  0.25 ^ _1301_/CLK (sky130_fd_sc_hd__dfxtp_2)
                         -0.02    0.23   library hold time
                                  0.23   data required time
-----------------------------------------------------------------------------
                                  0.23   data required time
                                 -0.53   data arrival time
-----------------------------------------------------------------------------
                                  0.30   slack (MET)


Startpoint: _1297_ (rising edge-triggered flip-flop clocked by clk)
Endpoint: _1297_ (rising edge-triggered flip-flop clocked by clk)
Path Group: clk
Path Type: min

Fanout     Cap    Slew   Delay    Time   Description
-----------------------------------------------------------------------------
                  0.15    0.00    0.00   clock clk (rise edge)
                          0.00    0.00   clock network delay (ideal)
                  0.15    0.00    0.00 ^ _1297_/CLK (sky130_fd_sc_hd__dfxtp_2)
                  0.06    0.35    0.35 ^ _1297_/Q (sky130_fd_sc_hd__dfxtp_2)
     2    0.01                           u_sram.mem[4][1] (net)
                  0.06    0.00    0.35 ^ _0648_/A1 (sky130_fd_sc_hd__mux2_2)
                  0.04    0.13    0.48 ^ _0648_/X (sky130_fd_sc_hd__mux2_2)
     1    0.00                           _0555_ (net)
                  0.04    0.00    0.48 ^ _0649_/A (sky130_fd_sc_hd__buf_1)
                  0.04    0.07    0.55 ^ _0649_/X (sky130_fd_sc_hd__buf_1)
     1    0.00                           _0131_ (net)
                  0.04    0.00    0.55 ^ _1297_/D (sky130_fd_sc_hd__dfxtp_2)
                                  0.55   data arrival time

                  0.15    0.00    0.00   clock clk (rise edge)
                          0.00    0.00   clock network delay (ideal)
                          0.25    0.25   clock uncertainty
                          0.00    0.25   clock reconvergence pessimism
                                  0.25 ^ _1297_/CLK (sky130_fd_sc_hd__dfxtp_2)
                         -0.02    0.23   library hold time
                                  0.23   data required time
-----------------------------------------------------------------------------
                                  0.23   data required time
                                 -0.55   data arrival time
-----------------------------------------------------------------------------
                                  0.31   slack (MET)


Startpoint: _1306_ (rising edge-triggered flip-flop clocked by clk)
Endpoint: _1316_ (rising edge-triggered flip-flop clocked by clk)
Path Group: clk
Path Type: min

Fanout     Cap    Slew   Delay    Time   Description
-----------------------------------------------------------------------------
                  0.15    0.00    0.00   clock clk (rise edge)
                          0.00    0.00   clock network delay (ideal)
                  0.15    0.00    0.00 ^ _1306_/CLK (sky130_fd_sc_hd__dfxtp_2)
                  0.04    0.33    0.33 ^ _1306_/Q (sky130_fd_sc_hd__dfxtp_2)
     2    0.00                           u_sram.mem[0][0] (net)
                  0.04    0.00    0.33 ^ _0853_/A1 (sky130_fd_sc_hd__o21a_2)
                  0.03    0.11    0.44 ^ _0853_/X (sky130_fd_sc_hd__o21a_2)
     1    0.00                           _0301_ (net)
                  0.03    0.00    0.44 ^ _0854_/B1 (sky130_fd_sc_hd__o31a_2)
                  0.03    0.11    0.56 ^ _0854_/X (sky130_fd_sc_hd__o31a_2)
     1    0.00                           _0004_ (net)
                  0.03    0.00    0.56 ^ _1316_/D (sky130_fd_sc_hd__dfrtp_2)
                                  0.56   data arrival time

                  0.15    0.00    0.00   clock clk (rise edge)
                          0.00    0.00   clock network delay (ideal)
                          0.25    0.25   clock uncertainty
                          0.00    0.25   clock reconvergence pessimism
                                  0.25 ^ _1316_/CLK (sky130_fd_sc_hd__dfrtp_2)
                         -0.02    0.23   library hold time
                                  0.23   data required time
-----------------------------------------------------------------------------
                                  0.23   data required time
                                 -0.56   data arrival time
-----------------------------------------------------------------------------
                                  0.32   slack (MET)


Startpoint: _1320_ (rising edge-triggered flip-flop clocked by clk)
Endpoint: _1314_ (rising edge-triggered flip-flop clocked by clk)
Path Group: clk
Path Type: min

Fanout     Cap    Slew   Delay    Time   Description
-----------------------------------------------------------------------------
                  0.15    0.00    0.00   clock clk (rise edge)
                          0.00    0.00   clock network delay (ideal)
                  0.15    0.00    0.00 ^ _1320_/CLK (sky130_fd_sc_hd__dfrtp_2)
                  0.06    0.37    0.37 ^ _1320_/Q (sky130_fd_sc_hd__dfrtp_2)
     3    0.01                           u_addr_gen.addr_valid (net)
                  0.06    0.00    0.37 ^ _0712_/A (sky130_fd_sc_hd__and2_2)
                  0.04    0.12    0.49 ^ _0712_/X (sky130_fd_sc_hd__and2_2)
     1    0.00                           _0162_ (net)
                  0.04    0.00    0.49 ^ _0713_/A (sky130_fd_sc_hd__buf_1)
                  0.04    0.07    0.57 ^ _0713_/X (sky130_fd_sc_hd__buf_1)
     1    0.00                           u_sram.read_req (net)
                  0.04    0.00    0.57 ^ _1314_/D (sky130_fd_sc_hd__dfrtp_2)
                                  0.57   data arrival time

                  0.15    0.00    0.00   clock clk (rise edge)
                          0.00    0.00   clock network delay (ideal)
                          0.25    0.25   clock uncertainty
                          0.00    0.25   clock reconvergence pessimism
                                  0.25 ^ _1314_/CLK (sky130_fd_sc_hd__dfrtp_2)
                         -0.02    0.23   library hold time
                                  0.23   data required time
-----------------------------------------------------------------------------
                                  0.23   data required time
                                 -0.57   data arrival time
-----------------------------------------------------------------------------
                                  0.34   slack (MET)


Startpoint: _1318_ (rising edge-triggered flip-flop clocked by clk)
Endpoint: _1318_ (rising edge-triggered flip-flop clocked by clk)
Path Group: clk
Path Type: min

Fanout     Cap    Slew   Delay    Time   Description
-----------------------------------------------------------------------------
                  0.15    0.00    0.00   clock clk (rise edge)
                          0.00    0.00   clock network delay (ideal)
                  0.15    0.00    0.00 ^ _1318_/CLK (sky130_fd_sc_hd__dfrtp_2)
                  0.07    0.39    0.39 ^ _1318_/Q (sky130_fd_sc_hd__dfrtp_2)
     2    0.01                           u_pattern_gen.state_r[1] (net)
                  0.07    0.00    0.39 ^ _0675_/A1 (sky130_fd_sc_hd__mux2_2)
                  0.03    0.13    0.52 ^ _0675_/X (sky130_fd_sc_hd__mux2_2)
     1    0.00                           _0570_ (net)
                  0.03    0.00    0.52 ^ _0676_/A (sky130_fd_sc_hd__buf_1)
                  0.04    0.07    0.59 ^ _0676_/X (sky130_fd_sc_hd__buf_1)
     1    0.00                           _0143_ (net)
                  0.04    0.00    0.59 ^ _1318_/D (sky130_fd_sc_hd__dfrtp_2)
                                  0.59   data arrival time

                  0.15    0.00    0.00   clock clk (rise edge)
                          0.00    0.00   clock network delay (ideal)
                          0.25    0.25   clock uncertainty
                          0.00    0.25   clock reconvergence pessimism
                                  0.25 ^ _1318_/CLK (sky130_fd_sc_hd__dfrtp_2)
                         -0.02    0.23   library hold time
                                  0.23   data required time
-----------------------------------------------------------------------------
                                  0.23   data required time
                                 -0.59   data arrival time
-----------------------------------------------------------------------------
                                  0.36   slack (MET)


Startpoint: _1178_ (rising edge-triggered flip-flop clocked by clk)
Endpoint: _1178_ (rising edge-triggered flip-flop clocked by clk)
Path Group: clk
Path Type: min

Fanout     Cap    Slew   Delay    Time   Description
-----------------------------------------------------------------------------
                  0.15    0.00    0.00   clock clk (rise edge)
                          0.00    0.00   clock network delay (ideal)
                  0.15    0.00    0.00 ^ _1178_/CLK (sky130_fd_sc_hd__dfrtp_2)
                  0.15    0.44    0.44 ^ _1178_/Q (sky130_fd_sc_hd__dfrtp_2)
     9    0.03                           u_addr_gen.addr[5] (net)
                  0.15    0.00    0.44 ^ _0904_/B2 (sky130_fd_sc_hd__a2bb2o_2)
                  0.03    0.16    0.61 ^ _0904_/X (sky130_fd_sc_hd__a2bb2o_2)
     1    0.00                           _0013_ (net)
                  0.03    0.00    0.61 ^ _1178_/D (sky130_fd_sc_hd__dfrtp_2)
                                  0.61   data arrival time

                  0.15    0.00    0.00   clock clk (rise edge)
                          0.00    0.00   clock network delay (ideal)
                          0.25    0.25   clock uncertainty
                          0.00    0.25   clock reconvergence pessimism
                                  0.25 ^ _1178_/CLK (sky130_fd_sc_hd__dfrtp_2)
                         -0.02    0.23   library hold time
                                  0.23   data required time
-----------------------------------------------------------------------------
                                  0.23   data required time
                                 -0.61   data arrival time
-----------------------------------------------------------------------------
                                  0.37   slack (MET)


Startpoint: _1325_ (rising edge-triggered flip-flop clocked by clk)
Endpoint: _1317_ (rising edge-triggered flip-flop clocked by clk)
Path Group: clk
Path Type: min

Fanout     Cap    Slew   Delay    Time   Description
-----------------------------------------------------------------------------
                  0.15    0.00    0.00   clock clk (rise edge)
                          0.00    0.00   clock network delay (ideal)
                  0.15    0.00    0.00 ^ _1325_/CLK (sky130_fd_sc_hd__dfrtp_2)
                  0.09    0.40    0.40 ^ _1325_/Q (sky130_fd_sc_hd__dfrtp_2)
     5    0.02                           u_fsm.state[1] (net)
                  0.09    0.00    0.40 ^ _0700_/B (sky130_fd_sc_hd__or3b_2)
                  0.10    0.16    0.56 ^ _0700_/X (sky130_fd_sc_hd__or3b_2)
     3    0.02                           _0155_ (net)
                  0.10    0.00    0.56 ^ _0674_/B (sky130_fd_sc_hd__xnor2_2)
                  0.03    0.06    0.62 v _0674_/Y (sky130_fd_sc_hd__xnor2_2)
     1    0.00                           _0142_ (net)
                  0.03    0.00    0.62 v _1317_/D (sky130_fd_sc_hd__dfrtp_2)
                                  0.62   data arrival time

                  0.15    0.00    0.00   clock clk (rise edge)
                          0.00    0.00   clock network delay (ideal)
                          0.25    0.25   clock uncertainty
                          0.00    0.25   clock reconvergence pessimism
                                  0.25 ^ _1317_/CLK (sky130_fd_sc_hd__dfrtp_2)
                         -0.01    0.24   library hold time
                                  0.24   data required time
-----------------------------------------------------------------------------
                                  0.24   data required time
                                 -0.62   data arrival time
-----------------------------------------------------------------------------
                                  0.38   slack (MET)


Startpoint: _1171_ (rising edge-triggered flip-flop clocked by clk)
Endpoint: _1171_ (rising edge-triggered flip-flop clocked by clk)
Path Group: clk
Path Type: min

Fanout     Cap    Slew   Delay    Time   Description
-----------------------------------------------------------------------------
                  0.15    0.00    0.00   clock clk (rise edge)
                          0.00    0.00   clock network delay (ideal)
                  0.15    0.00    0.00 ^ _1171_/CLK (sky130_fd_sc_hd__dfstp_2)
                  0.03    0.38    0.38 v _1171_/Q (sky130_fd_sc_hd__dfstp_2)
     3    0.01                           u_addr_gen.state[0] (net)
                  0.03    0.00    0.38 v _0860_/B (sky130_fd_sc_hd__and2_2)
                  0.03    0.16    0.55 v _0860_/X (sky130_fd_sc_hd__and2_2)
     1    0.00                           _0306_ (net)
                  0.03    0.00    0.55 v _0861_/A (sky130_fd_sc_hd__buf_1)
                  0.05    0.10    0.64 v _0861_/X (sky130_fd_sc_hd__buf_1)
     3    0.01                           _0000_ (net)
                  0.05    0.00    0.64 v _1171_/D (sky130_fd_sc_hd__dfstp_2)
                                  0.64   data arrival time

                  0.15    0.00    0.00   clock clk (rise edge)
                          0.00    0.00   clock network delay (ideal)
                          0.25    0.25   clock uncertainty
                          0.00    0.25   clock reconvergence pessimism
                                  0.25 ^ _1171_/CLK (sky130_fd_sc_hd__dfstp_2)
                          0.01    0.26   library hold time
                                  0.26   data required time
-----------------------------------------------------------------------------
                                  0.26   data required time
                                 -0.64   data arrival time
-----------------------------------------------------------------------------
                                  0.38   slack (MET)


Startpoint: _1322_ (rising edge-triggered flip-flop clocked by clk)
Endpoint: _1323_ (rising edge-triggered flip-flop clocked by clk)
Path Group: clk
Path Type: min

Fanout     Cap    Slew   Delay    Time   Description
-----------------------------------------------------------------------------
                  0.15    0.00    0.00   clock clk (rise edge)
                          0.00    0.00   clock network delay (ideal)
                  0.15    0.00    0.00 ^ _1322_/CLK (sky130_fd_sc_hd__dfrtp_2)
                  0.05    0.41    0.41 v _1322_/Q (sky130_fd_sc_hd__dfrtp_2)
     2    0.01                           u_fsm.fail_latch (net)
                  0.05    0.00    0.41 v _0682_/A (sky130_fd_sc_hd__inv_2)
                  0.02    0.04    0.45 ^ _0682_/Y (sky130_fd_sc_hd__inv_2)
     1    0.00                           _0574_ (net)
                  0.02    0.00    0.45 ^ _0683_/A1 (sky130_fd_sc_hd__mux2_2)
                  0.04    0.12    0.56 ^ _0683_/X (sky130_fd_sc_hd__mux2_2)
     1    0.00                           _0575_ (net)
                  0.04    0.00    0.56 ^ _0684_/A (sky130_fd_sc_hd__buf_1)
                  0.04    0.07    0.63 ^ _0684_/X (sky130_fd_sc_hd__buf_1)
     1    0.00                           _0146_ (net)
                  0.04    0.00    0.63 ^ _1323_/D (sky130_fd_sc_hd__dfrtp_2)
                                  0.63   data arrival time

                  0.15    0.00    0.00   clock clk (rise edge)
                          0.00    0.00   clock network delay (ideal)
                          0.25    0.25   clock uncertainty
                          0.00    0.25   clock reconvergence pessimism
                                  0.25 ^ _1323_/CLK (sky130_fd_sc_hd__dfrtp_2)
                         -0.02    0.23   library hold time
                                  0.23   data required time
-----------------------------------------------------------------------------
                                  0.23   data required time
                                 -0.63   data arrival time
-----------------------------------------------------------------------------
                                  0.40   slack (MET)


Startpoint: _1319_ (rising edge-triggered flip-flop clocked by clk)
Endpoint: _1321_ (rising edge-triggered flip-flop clocked by clk)
Path Group: clk
Path Type: min

Fanout     Cap    Slew   Delay    Time   Description
-----------------------------------------------------------------------------
                  0.15    0.00    0.00   clock clk (rise edge)
                          0.00    0.00   clock network delay (ideal)
                  0.15    0.00    0.00 ^ _1319_/CLK (sky130_fd_sc_hd__dfrtp_2)
                  0.07    0.38    0.38 ^ _1319_/Q (sky130_fd_sc_hd__dfrtp_2)
     3    0.01                           u_fsm.rvalid (net)
                  0.07    0.00    0.38 ^ _0710_/B (sky130_fd_sc_hd__and3_2)
                  0.04    0.16    0.54 ^ _0710_/X (sky130_fd_sc_hd__and3_2)
     1    0.00                           _0161_ (net)
                  0.04    0.00    0.54 ^ _0711_/A (sky130_fd_sc_hd__buf_1)
                  0.08    0.10    0.63 ^ _0711_/X (sky130_fd_sc_hd__buf_1)
     2    0.01                           u_comparator.enable (net)
                  0.08    0.00    0.63 ^ _1321_/D (sky130_fd_sc_hd__dfrtp_2)
                                  0.63   data arrival time

                  0.15    0.00    0.00   clock clk (rise edge)
                          0.00    0.00   clock network delay (ideal)
                          0.25    0.25   clock uncertainty
                          0.00    0.25   clock reconvergence pessimism
                                  0.25 ^ _1321_/CLK (sky130_fd_sc_hd__dfrtp_2)
                         -0.03    0.22   library hold time
                                  0.22   data required time
-----------------------------------------------------------------------------
                                  0.22   data required time
                                 -0.63   data arrival time
-----------------------------------------------------------------------------
                                  0.41   slack (MET)


Startpoint: _1327_ (rising edge-triggered flip-flop clocked by clk)
Endpoint: _1173_ (rising edge-triggered flip-flop clocked by clk)
Path Group: clk
Path Type: min

Fanout     Cap    Slew   Delay    Time   Description
-----------------------------------------------------------------------------
                  0.15    0.00    0.00   clock clk (rise edge)
                          0.00    0.00   clock network delay (ideal)
                  0.15    0.00    0.00 ^ _1327_/CLK (sky130_fd_sc_hd__dfrtp_2)
                  0.06    0.37    0.37 ^ _1327_/Q (sky130_fd_sc_hd__dfrtp_2)
     2    0.01                           u_addr_gen.start (net)
                  0.06    0.00    0.37 ^ _0855_/A (sky130_fd_sc_hd__inv_2)
                  0.04    0.05    0.42 v _0855_/Y (sky130_fd_sc_hd__inv_2)
     5    0.01                           _0302_ (net)
                  0.04    0.00    0.42 v _0879_/B (sky130_fd_sc_hd__nand2_2)
                  0.08    0.09    0.51 ^ _0879_/Y (sky130_fd_sc_hd__nand2_2)
     3    0.01                           _0322_ (net)
                  0.08    0.00    0.51 ^ _0884_/A2 (sky130_fd_sc_hd__o21ai_2)
                  0.03    0.05    0.56 v _0884_/Y (sky130_fd_sc_hd__o21ai_2)
     2    0.00                           _0327_ (net)
                  0.03    0.00    0.56 v _0885_/B1 (sky130_fd_sc_hd__o21a_2)
                  0.02    0.10    0.66 v _0885_/X (sky130_fd_sc_hd__o21a_2)
     1    0.00                           _0008_ (net)
                  0.02    0.00    0.66 v _1173_/D (sky130_fd_sc_hd__dfrtp_2)
                                  0.66   data arrival time

                  0.15    0.00    0.00   clock clk (rise edge)
                          0.00    0.00   clock network delay (ideal)
                          0.25    0.25   clock uncertainty
                          0.00    0.25   clock reconvergence pessimism
                                  0.25 ^ _1173_/CLK (sky130_fd_sc_hd__dfrtp_2)
                         -0.01    0.24   library hold time
                                  0.24   data required time
-----------------------------------------------------------------------------
                                  0.24   data required time
                                 -0.66   data arrival time
-----------------------------------------------------------------------------
                                  0.42   slack (MET)


Startpoint: _1328_ (rising edge-triggered flip-flop clocked by clk)
Endpoint: _1328_ (rising edge-triggered flip-flop clocked by clk)
Path Group: clk
Path Type: min

Fanout     Cap    Slew   Delay    Time   Description
-----------------------------------------------------------------------------
                  0.15    0.00    0.00   clock clk (rise edge)
                          0.00    0.00   clock network delay (ideal)
                  0.15    0.00    0.00 ^ _1328_/CLK (sky130_fd_sc_hd__dfstp_2)
                  0.03    0.38    0.38 v _1328_/Q (sky130_fd_sc_hd__dfstp_2)
     2    0.01                           u_comparator.pass_fail (net)
                  0.03    0.00    0.38 v _0689_/A0 (sky130_fd_sc_hd__mux2_2)
                  0.04    0.23    0.61 v _0689_/X (sky130_fd_sc_hd__mux2_2)
     1    0.00                           _0580_ (net)
                  0.04    0.00    0.61 v _0690_/A (sky130_fd_sc_hd__buf_1)
                  0.03    0.08    0.69 v _0690_/X (sky130_fd_sc_hd__buf_1)
     1    0.00                           _0147_ (net)
                  0.03    0.00    0.69 v _1328_/D (sky130_fd_sc_hd__dfstp_2)
                                  0.69   data arrival time

                  0.15    0.00    0.00   clock clk (rise edge)
                          0.00    0.00   clock network delay (ideal)
                          0.25    0.25   clock uncertainty
                          0.00    0.25   clock reconvergence pessimism
                                  0.25 ^ _1328_/CLK (sky130_fd_sc_hd__dfstp_2)
                          0.02    0.27   library hold time
                                  0.27   data required time
-----------------------------------------------------------------------------
                                  0.27   data required time
                                 -0.69   data arrival time
-----------------------------------------------------------------------------
                                  0.42   slack (MET)


Startpoint: _1180_ (rising edge-triggered flip-flop clocked by clk)
Endpoint: _1329_ (rising edge-triggered flip-flop clocked by clk)
Path Group: clk
Path Type: min

Fanout     Cap    Slew   Delay    Time   Description
-----------------------------------------------------------------------------
                  0.15    0.00    0.00   clock clk (rise edge)
                          0.00    0.00   clock network delay (ideal)
                  0.15    0.00    0.00 ^ _1180_/CLK (sky130_fd_sc_hd__dfrtp_2)
                  0.06    0.37    0.37 ^ _1180_/Q (sky130_fd_sc_hd__dfrtp_2)
     2    0.01                           u_fsm.addr_done_seen (net)
                  0.06    0.00    0.37 ^ _0696_/A1 (sky130_fd_sc_hd__a21o_2)
                  0.02    0.10    0.47 ^ _0696_/X (sky130_fd_sc_hd__a21o_2)
     1    0.00                           _0153_ (net)
                  0.02    0.00    0.47 ^ _0697_/A (sky130_fd_sc_hd__buf_1)
                  0.22    0.19    0.66 ^ _0697_/X (sky130_fd_sc_hd__buf_1)
     5    0.02                           _0003_ (net)
                  0.22    0.00    0.66 ^ _1329_/D (sky130_fd_sc_hd__dfrtp_2)
                                  0.66   data arrival time

                  0.15    0.00    0.00   clock clk (rise edge)
                          0.00    0.00   clock network delay (ideal)
                          0.25    0.25   clock uncertainty
                          0.00    0.25   clock reconvergence pessimism
                                  0.25 ^ _1329_/CLK (sky130_fd_sc_hd__dfrtp_2)
                         -0.06    0.19   library hold time
                                  0.19   data required time
-----------------------------------------------------------------------------
                                  0.19   data required time
                                 -0.66   data arrival time
-----------------------------------------------------------------------------
                                  0.47   slack (MET)


Startpoint: _1172_ (rising edge-triggered flip-flop clocked by clk)
Endpoint: _1176_ (rising edge-triggered flip-flop clocked by clk)
Path Group: clk
Path Type: min

Fanout     Cap    Slew   Delay    Time   Description
-----------------------------------------------------------------------------
                  0.15    0.00    0.00   clock clk (rise edge)
                          0.00    0.00   clock network delay (ideal)
                  0.15    0.00    0.00 ^ _1172_/CLK (sky130_fd_sc_hd__dfrtp_2)
                  0.09    0.40    0.40 ^ _1172_/Q (sky130_fd_sc_hd__dfrtp_2)
     5    0.01                           u_addr_gen.state[1] (net)
                  0.09    0.00    0.40 ^ _0879_/A (sky130_fd_sc_hd__nand2_2)
                  0.06    0.07    0.47 v _0879_/Y (sky130_fd_sc_hd__nand2_2)
     3    0.01                           _0322_ (net)
                  0.06    0.00    0.47 v _0890_/A2 (sky130_fd_sc_hd__o21ai_2)
                  0.05    0.10    0.58 ^ _0890_/Y (sky130_fd_sc_hd__o21ai_2)
     2    0.00                           _0331_ (net)
                  0.05    0.00    0.58 ^ _0898_/B1 (sky130_fd_sc_hd__a2bb2o_2)
                  0.03    0.13    0.71 ^ _0898_/X (sky130_fd_sc_hd__a2bb2o_2)
     1    0.00                           _0011_ (net)
                  0.03    0.00    0.71 ^ _1176_/D (sky130_fd_sc_hd__dfrtp_2)
                                  0.71   data arrival time

                  0.15    0.00    0.00   clock clk (rise edge)
                          0.00    0.00   clock network delay (ideal)
                          0.25    0.25   clock uncertainty
                          0.00    0.25   clock reconvergence pessimism
                                  0.25 ^ _1176_/CLK (sky130_fd_sc_hd__dfrtp_2)
                         -0.02    0.23   library hold time
                                  0.23   data required time
-----------------------------------------------------------------------------
                                  0.23   data required time
                                 -0.71   data arrival time
-----------------------------------------------------------------------------
                                  0.48   slack (MET)


Startpoint: _1172_ (rising edge-triggered flip-flop clocked by clk)
Endpoint: _1174_ (rising edge-triggered flip-flop clocked by clk)
Path Group: clk
Path Type: min

Fanout     Cap    Slew   Delay    Time   Description
-----------------------------------------------------------------------------
                  0.15    0.00    0.00   clock clk (rise edge)
                          0.00    0.00   clock network delay (ideal)
                  0.15    0.00    0.00 ^ _1172_/CLK (sky130_fd_sc_hd__dfrtp_2)
                  0.09    0.40    0.40 ^ _1172_/Q (sky130_fd_sc_hd__dfrtp_2)
     5    0.01                           u_addr_gen.state[1] (net)
                  0.09    0.00    0.40 ^ _0879_/A (sky130_fd_sc_hd__nand2_2)
                  0.06    0.07    0.47 v _0879_/Y (sky130_fd_sc_hd__nand2_2)
     3    0.01                           _0322_ (net)
                  0.06    0.00    0.47 v _0884_/A2 (sky130_fd_sc_hd__o21ai_2)
                  0.05    0.11    0.59 ^ _0884_/Y (sky130_fd_sc_hd__o21ai_2)
     2    0.00                           _0327_ (net)
                  0.05    0.00    0.59 ^ _0889_/B2 (sky130_fd_sc_hd__a2bb2o_2)
                  0.03    0.13    0.72 ^ _0889_/X (sky130_fd_sc_hd__a2bb2o_2)
     1    0.00                           _0009_ (net)
                  0.03    0.00    0.72 ^ _1174_/D (sky130_fd_sc_hd__dfrtp_2)
                                  0.72   data arrival time

                  0.15    0.00    0.00   clock clk (rise edge)
                          0.00    0.00   clock network delay (ideal)
                          0.25    0.25   clock uncertainty
                          0.00    0.25   clock reconvergence pessimism
                                  0.25 ^ _1174_/CLK (sky130_fd_sc_hd__dfrtp_2)
                         -0.02    0.23   library hold time
                                  0.23   data required time
-----------------------------------------------------------------------------
                                  0.23   data required time
                                 -0.72   data arrival time
-----------------------------------------------------------------------------
                                  0.49   slack (MET)


Startpoint: _1177_ (rising edge-triggered flip-flop clocked by clk)
Endpoint: _1177_ (rising edge-triggered flip-flop clocked by clk)
Path Group: clk
Path Type: min

Fanout     Cap    Slew   Delay    Time   Description
-----------------------------------------------------------------------------
                  0.15    0.00    0.00   clock clk (rise edge)
                          0.00    0.00   clock network delay (ideal)
                  0.15    0.00    0.00 ^ _1177_/CLK (sky130_fd_sc_hd__dfrtp_2)
                  0.14    0.44    0.44 ^ _1177_/Q (sky130_fd_sc_hd__dfrtp_2)
     8    0.03                           u_addr_gen.addr[4] (net)
                  0.14    0.00    0.44 ^ _0900_/B1 (sky130_fd_sc_hd__a21o_2)
                  0.02    0.10    0.54 ^ _0900_/X (sky130_fd_sc_hd__a21o_2)
     1    0.00                           _0339_ (net)
                  0.02    0.00    0.54 ^ _0901_/B (sky130_fd_sc_hd__and2_2)
                  0.04    0.11    0.65 ^ _0901_/X (sky130_fd_sc_hd__and2_2)
     1    0.00                           _0340_ (net)
                  0.04    0.00    0.65 ^ _0902_/A (sky130_fd_sc_hd__buf_1)
                  0.04    0.07    0.72 ^ _0902_/X (sky130_fd_sc_hd__buf_1)
     1    0.00                           _0012_ (net)
                  0.04    0.00    0.72 ^ _1177_/D (sky130_fd_sc_hd__dfrtp_2)
                                  0.72   data arrival time

                  0.15    0.00    0.00   clock clk (rise edge)
                          0.00    0.00   clock network delay (ideal)
                          0.25    0.25   clock uncertainty
                          0.00    0.25   clock reconvergence pessimism
                                  0.25 ^ _1177_/CLK (sky130_fd_sc_hd__dfrtp_2)
                         -0.02    0.23   library hold time
                                  0.23   data required time
-----------------------------------------------------------------------------
                                  0.23   data required time
                                 -0.72   data arrival time
-----------------------------------------------------------------------------
                                  0.49   slack (MET)


Startpoint: _1326_ (rising edge-triggered flip-flop clocked by clk)
Endpoint: _1327_ (rising edge-triggered flip-flop clocked by clk)
Path Group: clk
Path Type: min

Fanout     Cap    Slew   Delay    Time   Description
-----------------------------------------------------------------------------
                  0.15    0.00    0.00   clock clk (rise edge)
                          0.00    0.00   clock network delay (ideal)
                  0.15    0.00    0.00 ^ _1326_/CLK (sky130_fd_sc_hd__dfrtp_2)
                  0.12    0.42    0.42 ^ _1326_/Q (sky130_fd_sc_hd__dfrtp_2)
    10    0.02                           u_fsm.state[2] (net)
                  0.12    0.00    0.42 ^ _0705_/A_N (sky130_fd_sc_hd__and3b_2)
                  0.03    0.20    0.63 v _0705_/X (sky130_fd_sc_hd__and3b_2)
     1    0.00                           _0158_ (net)
                  0.03    0.00    0.63 v _0706_/A (sky130_fd_sc_hd__buf_1)
                  0.07    0.11    0.74 v _0706_/X (sky130_fd_sc_hd__buf_1)
     3    0.01                           _0002_ (net)
                  0.07    0.00    0.74 v _1327_/D (sky130_fd_sc_hd__dfrtp_2)
                                  0.74   data arrival time

                  0.15    0.00    0.00   clock clk (rise edge)
                          0.00    0.00   clock network delay (ideal)
                          0.25    0.25   clock uncertainty
                          0.00    0.25   clock reconvergence pessimism
                                  0.25 ^ _1327_/CLK (sky130_fd_sc_hd__dfrtp_2)
                         -0.03    0.22   library hold time
                                  0.22   data required time
-----------------------------------------------------------------------------
                                  0.22   data required time
                                 -0.74   data arrival time
-----------------------------------------------------------------------------
                                  0.52   slack (MET)


Startpoint: _1172_ (rising edge-triggered flip-flop clocked by clk)
Endpoint: _1175_ (rising edge-triggered flip-flop clocked by clk)
Path Group: clk
Path Type: min

Fanout     Cap    Slew   Delay    Time   Description
-----------------------------------------------------------------------------
                  0.15    0.00    0.00   clock clk (rise edge)
                          0.00    0.00   clock network delay (ideal)
                  0.15    0.00    0.00 ^ _1172_/CLK (sky130_fd_sc_hd__dfrtp_2)
                  0.09    0.40    0.40 ^ _1172_/Q (sky130_fd_sc_hd__dfrtp_2)
     5    0.01                           u_addr_gen.state[1] (net)
                  0.09    0.00    0.40 ^ _0879_/A (sky130_fd_sc_hd__nand2_2)
                  0.06    0.07    0.47 v _0879_/Y (sky130_fd_sc_hd__nand2_2)
     3    0.01                           _0322_ (net)
                  0.06    0.00    0.47 v _0890_/A2 (sky130_fd_sc_hd__o21ai_2)
                  0.05    0.10    0.58 ^ _0890_/Y (sky130_fd_sc_hd__o21ai_2)
     2    0.00                           _0331_ (net)
                  0.05    0.00    0.58 ^ _0893_/A (sky130_fd_sc_hd__and2_2)
                  0.04    0.12    0.69 ^ _0893_/X (sky130_fd_sc_hd__and2_2)
     1    0.00                           _0334_ (net)
                  0.04    0.00    0.69 ^ _0894_/A (sky130_fd_sc_hd__buf_1)
                  0.04    0.07    0.76 ^ _0894_/X (sky130_fd_sc_hd__buf_1)
     1    0.00                           _0010_ (net)
                  0.04    0.00    0.76 ^ _1175_/D (sky130_fd_sc_hd__dfrtp_2)
                                  0.76   data arrival time

                  0.15    0.00    0.00   clock clk (rise edge)
                          0.00    0.00   clock network delay (ideal)
                          0.25    0.25   clock uncertainty
                          0.00    0.25   clock reconvergence pessimism
                                  0.25 ^ _1175_/CLK (sky130_fd_sc_hd__dfrtp_2)
                         -0.02    0.23   library hold time
                                  0.23   data required time
-----------------------------------------------------------------------------
                                  0.23   data required time
                                 -0.76   data arrival time
-----------------------------------------------------------------------------
                                  0.53   slack (MET)


Startpoint: _1326_ (rising edge-triggered flip-flop clocked by clk)
Endpoint: _1325_ (rising edge-triggered flip-flop clocked by clk)
Path Group: clk
Path Type: min

Fanout     Cap    Slew   Delay    Time   Description
-----------------------------------------------------------------------------
                  0.15    0.00    0.00   clock clk (rise edge)
                          0.00    0.00   clock network delay (ideal)
                  0.15    0.00    0.00 ^ _1326_/CLK (sky130_fd_sc_hd__dfrtp_2)
                  0.08    0.45    0.45 v _1326_/Q (sky130_fd_sc_hd__dfrtp_2)
    10    0.02                           u_fsm.state[2] (net)
                  0.08    0.00    0.45 v _0699_/C1 (sky130_fd_sc_hd__a211oi_2)
                  0.15    0.16    0.61 ^ _0699_/Y (sky130_fd_sc_hd__a211oi_2)
     2    0.00                           _0154_ (net)
                  0.15    0.00    0.61 ^ _0701_/B (sky130_fd_sc_hd__or3b_2)
                  0.03    0.13    0.74 ^ _0701_/X (sky130_fd_sc_hd__or3b_2)
     1    0.00                           _0156_ (net)
                  0.03    0.00    0.74 ^ _0702_/A (sky130_fd_sc_hd__buf_1)
                  0.04    0.07    0.81 ^ _0702_/X (sky130_fd_sc_hd__buf_1)
     1    0.00                           u_fsm.next_state[1] (net)
                  0.04    0.00    0.81 ^ _1325_/D (sky130_fd_sc_hd__dfrtp_2)
                                  0.81   data arrival time

                  0.15    0.00    0.00   clock clk (rise edge)
                          0.00    0.00   clock network delay (ideal)
                          0.25    0.25   clock uncertainty
                          0.00    0.25   clock reconvergence pessimism
                                  0.25 ^ _1325_/CLK (sky130_fd_sc_hd__dfrtp_2)
                         -0.02    0.23   library hold time
                                  0.23   data required time
-----------------------------------------------------------------------------
                                  0.23   data required time
                                 -0.81   data arrival time
-----------------------------------------------------------------------------
                                  0.58   slack (MET)


Startpoint: rst_n (input port clocked by clk)
Endpoint: _1311_ (removal check against rising-edge clock clk)
Path Group: asynchronous
Path Type: min

Fanout     Cap    Slew   Delay    Time   Description
-----------------------------------------------------------------------------
                  0.15    0.00    0.00   clock clk (rise edge)
                          0.00    0.00   clock network delay (ideal)
                          2.00    2.00 ^ input external delay
                  0.72    0.48    2.48 ^ rst_n (in)
    37    0.16                           rst_n (net)
                  0.72    0.00    2.48 ^ _1311_/RESET_B (sky130_fd_sc_hd__dfrtp_2)
                                  2.48   data arrival time

                  0.15    0.00    0.00   clock clk (rise edge)
                          0.00    0.00   clock network delay (ideal)
                          0.25    0.25   clock uncertainty
                          0.00    0.25   clock reconvergence pessimism
                                  0.25 ^ _1311_/CLK (sky130_fd_sc_hd__dfrtp_2)
                          0.53    0.78   library removal time
                                  0.78   data required time
-----------------------------------------------------------------------------
                                  0.78   data required time
                                 -2.48   data arrival time
-----------------------------------------------------------------------------
                                  1.69   slack (MET)


Startpoint: rst_n (input port clocked by clk)
Endpoint: _1310_ (removal check against rising-edge clock clk)
Path Group: asynchronous
Path Type: min

Fanout     Cap    Slew   Delay    Time   Description
-----------------------------------------------------------------------------
                  0.15    0.00    0.00   clock clk (rise edge)
                          0.00    0.00   clock network delay (ideal)
                          2.00    2.00 ^ input external delay
                  0.72    0.48    2.48 ^ rst_n (in)
    37    0.16                           rst_n (net)
                  0.72    0.00    2.48 ^ _1310_/RESET_B (sky130_fd_sc_hd__dfrtp_2)
                                  2.48   data arrival time

                  0.15    0.00    0.00   clock clk (rise edge)
                          0.00    0.00   clock network delay (ideal)
                          0.25    0.25   clock uncertainty
                          0.00    0.25   clock reconvergence pessimism
                                  0.25 ^ _1310_/CLK (sky130_fd_sc_hd__dfrtp_2)
                          0.53    0.78   library removal time
                                  0.78   data required time
-----------------------------------------------------------------------------
                                  0.78   data required time
                                 -2.48   data arrival time
-----------------------------------------------------------------------------
                                  1.69   slack (MET)


Startpoint: rst_n (input port clocked by clk)
Endpoint: _1308_ (removal check against rising-edge clock clk)
Path Group: asynchronous
Path Type: min

Fanout     Cap    Slew   Delay    Time   Description
-----------------------------------------------------------------------------
                  0.15    0.00    0.00   clock clk (rise edge)
                          0.00    0.00   clock network delay (ideal)
                          2.00    2.00 ^ input external delay
                  0.72    0.48    2.48 ^ rst_n (in)
    37    0.16                           rst_n (net)
                  0.72    0.00    2.48 ^ _1308_/RESET_B (sky130_fd_sc_hd__dfrtp_2)
                                  2.48   data arrival time

                  0.15    0.00    0.00   clock clk (rise edge)
                          0.00    0.00   clock network delay (ideal)
                          0.25    0.25   clock uncertainty
                          0.00    0.25   clock reconvergence pessimism
                                  0.25 ^ _1308_/CLK (sky130_fd_sc_hd__dfrtp_2)
                          0.53    0.78   library removal time
                                  0.78   data required time
-----------------------------------------------------------------------------
                                  0.78   data required time
                                 -2.48   data arrival time
-----------------------------------------------------------------------------
                                  1.69   slack (MET)


Startpoint: rst_n (input port clocked by clk)
Endpoint: _1174_ (removal check against rising-edge clock clk)
Path Group: asynchronous
Path Type: min

Fanout     Cap    Slew   Delay    Time   Description
-----------------------------------------------------------------------------
                  0.15    0.00    0.00   clock clk (rise edge)
                          0.00    0.00   clock network delay (ideal)
                          2.00    2.00 ^ input external delay
                  0.72    0.48    2.48 ^ rst_n (in)
    37    0.16                           rst_n (net)
                  0.72    0.00    2.48 ^ _1174_/RESET_B (sky130_fd_sc_hd__dfrtp_2)
                                  2.48   data arrival time

                  0.15    0.00    0.00   clock clk (rise edge)
                          0.00    0.00   clock network delay (ideal)
                          0.25    0.25   clock uncertainty
                          0.00    0.25   clock reconvergence pessimism
                                  0.25 ^ _1174_/CLK (sky130_fd_sc_hd__dfrtp_2)
                          0.53    0.78   library removal time
                                  0.78   data required time
-----------------------------------------------------------------------------
                                  0.78   data required time
                                 -2.48   data arrival time
-----------------------------------------------------------------------------
                                  1.69   slack (MET)


Startpoint: rst_n (input port clocked by clk)
Endpoint: _1309_ (removal check against rising-edge clock clk)
Path Group: asynchronous
Path Type: min

Fanout     Cap    Slew   Delay    Time   Description
-----------------------------------------------------------------------------
                  0.15    0.00    0.00   clock clk (rise edge)
                          0.00    0.00   clock network delay (ideal)
                          2.00    2.00 ^ input external delay
                  0.72    0.48    2.48 ^ rst_n (in)
    37    0.16                           rst_n (net)
                  0.72    0.00    2.48 ^ _1309_/RESET_B (sky130_fd_sc_hd__dfrtp_2)
                                  2.48   data arrival time

                  0.15    0.00    0.00   clock clk (rise edge)
                          0.00    0.00   clock network delay (ideal)
                          0.25    0.25   clock uncertainty
                          0.00    0.25   clock reconvergence pessimism
                                  0.25 ^ _1309_/CLK (sky130_fd_sc_hd__dfrtp_2)
                          0.53    0.78   library removal time
                                  0.78   data required time
-----------------------------------------------------------------------------
                                  0.78   data required time
                                 -2.48   data arrival time
-----------------------------------------------------------------------------
                                  1.69   slack (MET)


Startpoint: rst_n (input port clocked by clk)
Endpoint: _1173_ (removal check against rising-edge clock clk)
Path Group: asynchronous
Path Type: min

Fanout     Cap    Slew   Delay    Time   Description
-----------------------------------------------------------------------------
                  0.15    0.00    0.00   clock clk (rise edge)
                          0.00    0.00   clock network delay (ideal)
                          2.00    2.00 ^ input external delay
                  0.72    0.48    2.48 ^ rst_n (in)
    37    0.16                           rst_n (net)
                  0.72    0.00    2.48 ^ _1173_/RESET_B (sky130_fd_sc_hd__dfrtp_2)
                                  2.48   data arrival time

                  0.15    0.00    0.00   clock clk (rise edge)
                          0.00    0.00   clock network delay (ideal)
                          0.25    0.25   clock uncertainty
                          0.00    0.25   clock reconvergence pessimism
                                  0.25 ^ _1173_/CLK (sky130_fd_sc_hd__dfrtp_2)
                          0.53    0.78   library removal time
                                  0.78   data required time
-----------------------------------------------------------------------------
                                  0.78   data required time
                                 -2.48   data arrival time
-----------------------------------------------------------------------------
                                  1.69   slack (MET)


Startpoint: rst_n (input port clocked by clk)
Endpoint: _1176_ (removal check against rising-edge clock clk)
Path Group: asynchronous
Path Type: min

Fanout     Cap    Slew   Delay    Time   Description
-----------------------------------------------------------------------------
                  0.15    0.00    0.00   clock clk (rise edge)
                          0.00    0.00   clock network delay (ideal)
                          2.00    2.00 ^ input external delay
                  0.72    0.48    2.48 ^ rst_n (in)
    37    0.16                           rst_n (net)
                  0.72    0.00    2.48 ^ _1176_/RESET_B (sky130_fd_sc_hd__dfrtp_2)
                                  2.48   data arrival time

                  0.15    0.00    0.00   clock clk (rise edge)
                          0.00    0.00   clock network delay (ideal)
                          0.25    0.25   clock uncertainty
                          0.00    0.25   clock reconvergence pessimism
                                  0.25 ^ _1176_/CLK (sky130_fd_sc_hd__dfrtp_2)
                          0.53    0.78   library removal time
                                  0.78   data required time
-----------------------------------------------------------------------------
                                  0.78   data required time
                                 -2.48   data arrival time
-----------------------------------------------------------------------------
                                  1.69   slack (MET)


Startpoint: rst_n (input port clocked by clk)
Endpoint: _1175_ (removal check against rising-edge clock clk)
Path Group: asynchronous
Path Type: min

Fanout     Cap    Slew   Delay    Time   Description
-----------------------------------------------------------------------------
                  0.15    0.00    0.00   clock clk (rise edge)
                          0.00    0.00   clock network delay (ideal)
                          2.00    2.00 ^ input external delay
                  0.72    0.48    2.48 ^ rst_n (in)
    37    0.16                           rst_n (net)
                  0.72    0.00    2.48 ^ _1175_/RESET_B (sky130_fd_sc_hd__dfrtp_2)
                                  2.48   data arrival time

                  0.15    0.00    0.00   clock clk (rise edge)
                          0.00    0.00   clock network delay (ideal)
                          0.25    0.25   clock uncertainty
                          0.00    0.25   clock reconvergence pessimism
                                  0.25 ^ _1175_/CLK (sky130_fd_sc_hd__dfrtp_2)
                          0.53    0.78   library removal time
                                  0.78   data required time
-----------------------------------------------------------------------------
                                  0.78   data required time
                                 -2.48   data arrival time
-----------------------------------------------------------------------------
                                  1.70   slack (MET)


Startpoint: rst_n (input port clocked by clk)
Endpoint: _1178_ (removal check against rising-edge clock clk)
Path Group: asynchronous
Path Type: min

Fanout     Cap    Slew   Delay    Time   Description
-----------------------------------------------------------------------------
                  0.15    0.00    0.00   clock clk (rise edge)
                          0.00    0.00   clock network delay (ideal)
                          2.00    2.00 ^ input external delay
                  0.72    0.48    2.48 ^ rst_n (in)
    37    0.16                           rst_n (net)
                  0.73    0.00    2.48 ^ _1178_/RESET_B (sky130_fd_sc_hd__dfrtp_2)
                                  2.48   data arrival time

                  0.15    0.00    0.00   clock clk (rise edge)
                          0.00    0.00   clock network delay (ideal)
                          0.25    0.25   clock uncertainty
                          0.00    0.25   clock reconvergence pessimism
                                  0.25 ^ _1178_/CLK (sky130_fd_sc_hd__dfrtp_2)
                          0.53    0.78   library removal time
                                  0.78   data required time
-----------------------------------------------------------------------------
                                  0.78   data required time
                                 -2.48   data arrival time
-----------------------------------------------------------------------------
                                  1.70   slack (MET)


Startpoint: rst_n (input port clocked by clk)
Endpoint: _1177_ (removal check against rising-edge clock clk)
Path Group: asynchronous
Path Type: min

Fanout     Cap    Slew   Delay    Time   Description
-----------------------------------------------------------------------------
                  0.15    0.00    0.00   clock clk (rise edge)
                          0.00    0.00   clock network delay (ideal)
                          2.00    2.00 ^ input external delay
                  0.72    0.48    2.48 ^ rst_n (in)
    37    0.16                           rst_n (net)
                  0.73    0.00    2.48 ^ _1177_/RESET_B (sky130_fd_sc_hd__dfrtp_2)
                                  2.48   data arrival time

                  0.15    0.00    0.00   clock clk (rise edge)
                          0.00    0.00   clock network delay (ideal)
                          0.25    0.25   clock uncertainty
                          0.00    0.25   clock reconvergence pessimism
                                  0.25 ^ _1177_/CLK (sky130_fd_sc_hd__dfrtp_2)
                          0.53    0.78   library removal time
                                  0.78   data required time
-----------------------------------------------------------------------------
                                  0.78   data required time
                                 -2.48   data arrival time
-----------------------------------------------------------------------------
                                  1.70   slack (MET)


Startpoint: rst_n (input port clocked by clk)
Endpoint: _1179_ (removal check against rising-edge clock clk)
Path Group: asynchronous
Path Type: min

Fanout     Cap    Slew   Delay    Time   Description
-----------------------------------------------------------------------------
                  0.15    0.00    0.00   clock clk (rise edge)
                          0.00    0.00   clock network delay (ideal)
                          2.00    2.00 ^ input external delay
                  0.72    0.48    2.48 ^ rst_n (in)
    37    0.16                           rst_n (net)
                  0.73    0.00    2.48 ^ _1179_/RESET_B (sky130_fd_sc_hd__dfrtp_2)
                                  2.48   data arrival time

                  0.15    0.00    0.00   clock clk (rise edge)
                          0.00    0.00   clock network delay (ideal)
                          0.25    0.25   clock uncertainty
                          0.00    0.25   clock reconvergence pessimism
                                  0.25 ^ _1179_/CLK (sky130_fd_sc_hd__dfrtp_2)
                          0.53    0.78   library removal time
                                  0.78   data required time
-----------------------------------------------------------------------------
                                  0.78   data required time
                                 -2.48   data arrival time
-----------------------------------------------------------------------------
                                  1.70   slack (MET)


Startpoint: rst_n (input port clocked by clk)
Endpoint: _1320_ (removal check against rising-edge clock clk)
Path Group: asynchronous
Path Type: min

Fanout     Cap    Slew   Delay    Time   Description
-----------------------------------------------------------------------------
                  0.15    0.00    0.00   clock clk (rise edge)
                          0.00    0.00   clock network delay (ideal)
                          2.00    2.00 ^ input external delay
                  0.72    0.48    2.48 ^ rst_n (in)
    37    0.16                           rst_n (net)
                  0.73    0.00    2.48 ^ _1320_/RESET_B (sky130_fd_sc_hd__dfrtp_2)
                                  2.48   data arrival time

                  0.15    0.00    0.00   clock clk (rise edge)
                          0.00    0.00   clock network delay (ideal)
                          0.25    0.25   clock uncertainty
                          0.00    0.25   clock reconvergence pessimism
                                  0.25 ^ _1320_/CLK (sky130_fd_sc_hd__dfrtp_2)
                          0.53    0.78   library removal time
                                  0.78   data required time
-----------------------------------------------------------------------------
                                  0.78   data required time
                                 -2.48   data arrival time
-----------------------------------------------------------------------------
                                  1.70   slack (MET)


Startpoint: rst_n (input port clocked by clk)
Endpoint: _1327_ (removal check against rising-edge clock clk)
Path Group: asynchronous
Path Type: min

Fanout     Cap    Slew   Delay    Time   Description
-----------------------------------------------------------------------------
                  0.15    0.00    0.00   clock clk (rise edge)
                          0.00    0.00   clock network delay (ideal)
                          2.00    2.00 ^ input external delay
                  0.72    0.48    2.48 ^ rst_n (in)
    37    0.16                           rst_n (net)
                  0.73    0.00    2.48 ^ _1327_/RESET_B (sky130_fd_sc_hd__dfrtp_2)
                                  2.48   data arrival time

                  0.15    0.00    0.00   clock clk (rise edge)
                          0.00    0.00   clock network delay (ideal)
                          0.25    0.25   clock uncertainty
                          0.00    0.25   clock reconvergence pessimism
                                  0.25 ^ _1327_/CLK (sky130_fd_sc_hd__dfrtp_2)
                          0.53    0.78   library removal time
                                  0.78   data required time
-----------------------------------------------------------------------------
                                  0.78   data required time
                                 -2.48   data arrival time
-----------------------------------------------------------------------------
                                  1.70   slack (MET)


Startpoint: rst_n (input port clocked by clk)
Endpoint: _1172_ (removal check against rising-edge clock clk)
Path Group: asynchronous
Path Type: min

Fanout     Cap    Slew   Delay    Time   Description
-----------------------------------------------------------------------------
                  0.15    0.00    0.00   clock clk (rise edge)
                          0.00    0.00   clock network delay (ideal)
                          2.00    2.00 ^ input external delay
                  0.72    0.48    2.48 ^ rst_n (in)
    37    0.16                           rst_n (net)
                  0.73    0.00    2.48 ^ _1172_/RESET_B (sky130_fd_sc_hd__dfrtp_2)
                                  2.48   data arrival time

                  0.15    0.00    0.00   clock clk (rise edge)
                          0.00    0.00   clock network delay (ideal)
                          0.25    0.25   clock uncertainty
                          0.00    0.25   clock reconvergence pessimism
                                  0.25 ^ _1172_/CLK (sky130_fd_sc_hd__dfrtp_2)
                          0.53    0.78   library removal time
                                  0.78   data required time
-----------------------------------------------------------------------------
                                  0.78   data required time
                                 -2.48   data arrival time
-----------------------------------------------------------------------------
                                  1.70   slack (MET)


Startpoint: rst_n (input port clocked by clk)
Endpoint: _1180_ (removal check against rising-edge clock clk)
Path Group: asynchronous
Path Type: min

Fanout     Cap    Slew   Delay    Time   Description
-----------------------------------------------------------------------------
                  0.15    0.00    0.00   clock clk (rise edge)
                          0.00    0.00   clock network delay (ideal)
                          2.00    2.00 ^ input external delay
                  0.72    0.48    2.48 ^ rst_n (in)
    37    0.16                           rst_n (net)
                  0.73    0.00    2.48 ^ _1180_/RESET_B (sky130_fd_sc_hd__dfrtp_2)
                                  2.48   data arrival time

                  0.15    0.00    0.00   clock clk (rise edge)
                          0.00    0.00   clock network delay (ideal)
                          0.25    0.25   clock uncertainty
                          0.00    0.25   clock reconvergence pessimism
                                  0.25 ^ _1180_/CLK (sky130_fd_sc_hd__dfrtp_2)
                          0.53    0.78   library removal time
                                  0.78   data required time
-----------------------------------------------------------------------------
                                  0.78   data required time
                                 -2.48   data arrival time
-----------------------------------------------------------------------------
                                  1.70   slack (MET)


Startpoint: rst_n (input port clocked by clk)
Endpoint: _1326_ (removal check against rising-edge clock clk)
Path Group: asynchronous
Path Type: min

Fanout     Cap    Slew   Delay    Time   Description
-----------------------------------------------------------------------------
                  0.15    0.00    0.00   clock clk (rise edge)
                          0.00    0.00   clock network delay (ideal)
                          2.00    2.00 ^ input external delay
                  0.72    0.48    2.48 ^ rst_n (in)
    37    0.16                           rst_n (net)
                  0.73    0.00    2.48 ^ _1326_/RESET_B (sky130_fd_sc_hd__dfrtp_2)
                                  2.48   data arrival time

                  0.15    0.00    0.00   clock clk (rise edge)
                          0.00    0.00   clock network delay (ideal)
                          0.25    0.25   clock uncertainty
                          0.00    0.25   clock reconvergence pessimism
                                  0.25 ^ _1326_/CLK (sky130_fd_sc_hd__dfrtp_2)
                          0.53    0.78   library removal time
                                  0.78   data required time
-----------------------------------------------------------------------------
                                  0.78   data required time
                                 -2.48   data arrival time
-----------------------------------------------------------------------------
                                  1.70   slack (MET)


Startpoint: rst_n (input port clocked by clk)
Endpoint: _1324_ (removal check against rising-edge clock clk)
Path Group: asynchronous
Path Type: min

Fanout     Cap    Slew   Delay    Time   Description
-----------------------------------------------------------------------------
                  0.15    0.00    0.00   clock clk (rise edge)
                          0.00    0.00   clock network delay (ideal)
                          2.00    2.00 ^ input external delay
                  0.72    0.48    2.48 ^ rst_n (in)
    37    0.16                           rst_n (net)
                  0.73    0.00    2.48 ^ _1324_/RESET_B (sky130_fd_sc_hd__dfrtp_2)
                                  2.48   data arrival time

                  0.15    0.00    0.00   clock clk (rise edge)
                          0.00    0.00   clock network delay (ideal)
                          0.25    0.25   clock uncertainty
                          0.00    0.25   clock reconvergence pessimism
                                  0.25 ^ _1324_/CLK (sky130_fd_sc_hd__dfrtp_2)
                          0.53    0.78   library removal time
                                  0.78   data required time
-----------------------------------------------------------------------------
                                  0.78   data required time
                                 -2.48   data arrival time
-----------------------------------------------------------------------------
                                  1.70   slack (MET)


Startpoint: rst_n (input port clocked by clk)
Endpoint: _1312_ (removal check against rising-edge clock clk)
Path Group: asynchronous
Path Type: min

Fanout     Cap    Slew   Delay    Time   Description
-----------------------------------------------------------------------------
                  0.15    0.00    0.00   clock clk (rise edge)
                          0.00    0.00   clock network delay (ideal)
                          2.00    2.00 ^ input external delay
                  0.72    0.48    2.48 ^ rst_n (in)
    37    0.16                           rst_n (net)
                  0.73    0.00    2.48 ^ _1312_/RESET_B (sky130_fd_sc_hd__dfrtp_2)
                                  2.48   data arrival time

                  0.15    0.00    0.00   clock clk (rise edge)
                          0.00    0.00   clock network delay (ideal)
                          0.25    0.25   clock uncertainty
                          0.00    0.25   clock reconvergence pessimism
                                  0.25 ^ _1312_/CLK (sky130_fd_sc_hd__dfrtp_2)
                          0.53    0.78   library removal time
                                  0.78   data required time
-----------------------------------------------------------------------------
                                  0.78   data required time
                                 -2.48   data arrival time
-----------------------------------------------------------------------------
                                  1.70   slack (MET)


Startpoint: rst_n (input port clocked by clk)
Endpoint: _1313_ (removal check against rising-edge clock clk)
Path Group: asynchronous
Path Type: min

Fanout     Cap    Slew   Delay    Time   Description
-----------------------------------------------------------------------------
                  0.15    0.00    0.00   clock clk (rise edge)
                          0.00    0.00   clock network delay (ideal)
                          2.00    2.00 ^ input external delay
                  0.72    0.48    2.48 ^ rst_n (in)
    37    0.16                           rst_n (net)
                  0.73    0.00    2.48 ^ _1313_/RESET_B (sky130_fd_sc_hd__dfrtp_2)
                                  2.48   data arrival time

                  0.15    0.00    0.00   clock clk (rise edge)
                          0.00    0.00   clock network delay (ideal)
                          0.25    0.25   clock uncertainty
                          0.00    0.25   clock reconvergence pessimism
                                  0.25 ^ _1313_/CLK (sky130_fd_sc_hd__dfrtp_2)
                          0.53    0.78   library removal time
                                  0.78   data required time
-----------------------------------------------------------------------------
                                  0.78   data required time
                                 -2.48   data arrival time
-----------------------------------------------------------------------------
                                  1.70   slack (MET)


Startpoint: rst_n (input port clocked by clk)
Endpoint: _1314_ (removal check against rising-edge clock clk)
Path Group: asynchronous
Path Type: min

Fanout     Cap    Slew   Delay    Time   Description
-----------------------------------------------------------------------------
                  0.15    0.00    0.00   clock clk (rise edge)
                          0.00    0.00   clock network delay (ideal)
                          2.00    2.00 ^ input external delay
                  0.72    0.48    2.48 ^ rst_n (in)
    37    0.16                           rst_n (net)
                  0.73    0.00    2.48 ^ _1314_/RESET_B (sky130_fd_sc_hd__dfrtp_2)
                                  2.48   data arrival time

                  0.15    0.00    0.00   clock clk (rise edge)
                          0.00    0.00   clock network delay (ideal)
                          0.25    0.25   clock uncertainty
                          0.00    0.25   clock reconvergence pessimism
                                  0.25 ^ _1314_/CLK (sky130_fd_sc_hd__dfrtp_2)
                          0.53    0.78   library removal time
                                  0.78   data required time
-----------------------------------------------------------------------------
                                  0.78   data required time
                                 -2.48   data arrival time
-----------------------------------------------------------------------------
                                  1.70   slack (MET)


Startpoint: rst_n (input port clocked by clk)
Endpoint: _1319_ (removal check against rising-edge clock clk)
Path Group: asynchronous
Path Type: min

Fanout     Cap    Slew   Delay    Time   Description
-----------------------------------------------------------------------------
                  0.15    0.00    0.00   clock clk (rise edge)
                          0.00    0.00   clock network delay (ideal)
                          2.00    2.00 ^ input external delay
                  0.72    0.48    2.48 ^ rst_n (in)
    37    0.16                           rst_n (net)
                  0.73    0.00    2.48 ^ _1319_/RESET_B (sky130_fd_sc_hd__dfrtp_2)
                                  2.48   data arrival time

                  0.15    0.00    0.00   clock clk (rise edge)
                          0.00    0.00   clock network delay (ideal)
                          0.25    0.25   clock uncertainty
                          0.00    0.25   clock reconvergence pessimism
                                  0.25 ^ _1319_/CLK (sky130_fd_sc_hd__dfrtp_2)
                          0.53    0.78   library removal time
                                  0.78   data required time
-----------------------------------------------------------------------------
                                  0.78   data required time
                                 -2.48   data arrival time
-----------------------------------------------------------------------------
                                  1.70   slack (MET)


Startpoint: rst_n (input port clocked by clk)
Endpoint: _1325_ (removal check against rising-edge clock clk)
Path Group: asynchronous
Path Type: min

Fanout     Cap    Slew   Delay    Time   Description
-----------------------------------------------------------------------------
                  0.15    0.00    0.00   clock clk (rise edge)
                          0.00    0.00   clock network delay (ideal)
                          2.00    2.00 ^ input external delay
                  0.72    0.48    2.48 ^ rst_n (in)
    37    0.16                           rst_n (net)
                  0.73    0.00    2.48 ^ _1325_/RESET_B (sky130_fd_sc_hd__dfrtp_2)
                                  2.48   data arrival time

                  0.15    0.00    0.00   clock clk (rise edge)
                          0.00    0.00   clock network delay (ideal)
                          0.25    0.25   clock uncertainty
                          0.00    0.25   clock reconvergence pessimism
                                  0.25 ^ _1325_/CLK (sky130_fd_sc_hd__dfrtp_2)
                          0.53    0.78   library removal time
                                  0.78   data required time
-----------------------------------------------------------------------------
                                  0.78   data required time
                                 -2.48   data arrival time
-----------------------------------------------------------------------------
                                  1.70   slack (MET)


Startpoint: rst_n (input port clocked by clk)
Endpoint: _1315_ (removal check against rising-edge clock clk)
Path Group: asynchronous
Path Type: min

Fanout     Cap    Slew   Delay    Time   Description
-----------------------------------------------------------------------------
                  0.15    0.00    0.00   clock clk (rise edge)
                          0.00    0.00   clock network delay (ideal)
                          2.00    2.00 ^ input external delay
                  0.72    0.48    2.48 ^ rst_n (in)
    37    0.16                           rst_n (net)
                  0.73    0.00    2.48 ^ _1315_/RESET_B (sky130_fd_sc_hd__dfrtp_2)
                                  2.48   data arrival time

                  0.15    0.00    0.00   clock clk (rise edge)
                          0.00    0.00   clock network delay (ideal)
                          0.25    0.25   clock uncertainty
                          0.00    0.25   clock reconvergence pessimism
                                  0.25 ^ _1315_/CLK (sky130_fd_sc_hd__dfrtp_2)
                          0.53    0.78   library removal time
                                  0.78   data required time
-----------------------------------------------------------------------------
                                  0.78   data required time
                                 -2.48   data arrival time
-----------------------------------------------------------------------------
                                  1.70   slack (MET)


Startpoint: rst_n (input port clocked by clk)
Endpoint: _1316_ (removal check against rising-edge clock clk)
Path Group: asynchronous
Path Type: min

Fanout     Cap    Slew   Delay    Time   Description
-----------------------------------------------------------------------------
                  0.15    0.00    0.00   clock clk (rise edge)
                          0.00    0.00   clock network delay (ideal)
                          2.00    2.00 ^ input external delay
                  0.72    0.48    2.48 ^ rst_n (in)
    37    0.16                           rst_n (net)
                  0.73    0.00    2.48 ^ _1316_/RESET_B (sky130_fd_sc_hd__dfrtp_2)
                                  2.48   data arrival time

                  0.15    0.00    0.00   clock clk (rise edge)
                          0.00    0.00   clock network delay (ideal)
                          0.25    0.25   clock uncertainty
                          0.00    0.25   clock reconvergence pessimism
                                  0.25 ^ _1316_/CLK (sky130_fd_sc_hd__dfrtp_2)
                          0.53    0.78   library removal time
                                  0.78   data required time
-----------------------------------------------------------------------------
                                  0.78   data required time
                                 -2.48   data arrival time
-----------------------------------------------------------------------------
                                  1.70   slack (MET)


Startpoint: rst_n (input port clocked by clk)
Endpoint: _1317_ (removal check against rising-edge clock clk)
Path Group: asynchronous
Path Type: min

Fanout     Cap    Slew   Delay    Time   Description
-----------------------------------------------------------------------------
                  0.15    0.00    0.00   clock clk (rise edge)
                          0.00    0.00   clock network delay (ideal)
                          2.00    2.00 ^ input external delay
                  0.72    0.48    2.48 ^ rst_n (in)
    37    0.16                           rst_n (net)
                  0.73    0.00    2.48 ^ _1317_/RESET_B (sky130_fd_sc_hd__dfrtp_2)
                                  2.48   data arrival time

                  0.15    0.00    0.00   clock clk (rise edge)
                          0.00    0.00   clock network delay (ideal)
                          0.25    0.25   clock uncertainty
                          0.00    0.25   clock reconvergence pessimism
                                  0.25 ^ _1317_/CLK (sky130_fd_sc_hd__dfrtp_2)
                          0.53    0.78   library removal time
                                  0.78   data required time
-----------------------------------------------------------------------------
                                  0.78   data required time
                                 -2.48   data arrival time
-----------------------------------------------------------------------------
                                  1.70   slack (MET)


Startpoint: rst_n (input port clocked by clk)
Endpoint: _1318_ (removal check against rising-edge clock clk)
Path Group: asynchronous
Path Type: min

Fanout     Cap    Slew   Delay    Time   Description
-----------------------------------------------------------------------------
                  0.15    0.00    0.00   clock clk (rise edge)
                          0.00    0.00   clock network delay (ideal)
                          2.00    2.00 ^ input external delay
                  0.72    0.48    2.48 ^ rst_n (in)
    37    0.16                           rst_n (net)
                  0.73    0.00    2.48 ^ _1318_/RESET_B (sky130_fd_sc_hd__dfrtp_2)
                                  2.48   data arrival time

                  0.15    0.00    0.00   clock clk (rise edge)
                          0.00    0.00   clock network delay (ideal)
                          0.25    0.25   clock uncertainty
                          0.00    0.25   clock reconvergence pessimism
                                  0.25 ^ _1318_/CLK (sky130_fd_sc_hd__dfrtp_2)
                          0.53    0.78   library removal time
                                  0.78   data required time
-----------------------------------------------------------------------------
                                  0.78   data required time
                                 -2.48   data arrival time
-----------------------------------------------------------------------------
                                  1.70   slack (MET)


Startpoint: rst_n (input port clocked by clk)
Endpoint: _1321_ (removal check against rising-edge clock clk)
Path Group: asynchronous
Path Type: min

Fanout     Cap    Slew   Delay    Time   Description
-----------------------------------------------------------------------------
                  0.15    0.00    0.00   clock clk (rise edge)
                          0.00    0.00   clock network delay (ideal)
                          2.00    2.00 ^ input external delay
                  0.72    0.48    2.48 ^ rst_n (in)
    37    0.16                           rst_n (net)
                  0.73    0.00    2.48 ^ _1321_/RESET_B (sky130_fd_sc_hd__dfrtp_2)
                                  2.48   data arrival time

                  0.15    0.00    0.00   clock clk (rise edge)
                          0.00    0.00   clock network delay (ideal)
                          0.25    0.25   clock uncertainty
                          0.00    0.25   clock reconvergence pessimism
                                  0.25 ^ _1321_/CLK (sky130_fd_sc_hd__dfrtp_2)
                          0.53    0.78   library removal time
                                  0.78   data required time
-----------------------------------------------------------------------------
                                  0.78   data required time
                                 -2.48   data arrival time
-----------------------------------------------------------------------------
                                  1.70   slack (MET)


Startpoint: rst_n (input port clocked by clk)
Endpoint: _1323_ (removal check against rising-edge clock clk)
Path Group: asynchronous
Path Type: min

Fanout     Cap    Slew   Delay    Time   Description
-----------------------------------------------------------------------------
                  0.15    0.00    0.00   clock clk (rise edge)
                          0.00    0.00   clock network delay (ideal)
                          2.00    2.00 ^ input external delay
                  0.72    0.48    2.48 ^ rst_n (in)
    37    0.16                           rst_n (net)
                  0.73    0.00    2.48 ^ _1323_/RESET_B (sky130_fd_sc_hd__dfrtp_2)
                                  2.48   data arrival time

                  0.15    0.00    0.00   clock clk (rise edge)
                          0.00    0.00   clock network delay (ideal)
                          0.25    0.25   clock uncertainty
                          0.00    0.25   clock reconvergence pessimism
                                  0.25 ^ _1323_/CLK (sky130_fd_sc_hd__dfrtp_2)
                          0.53    0.78   library removal time
                                  0.78   data required time
-----------------------------------------------------------------------------
                                  0.78   data required time
                                 -2.48   data arrival time
-----------------------------------------------------------------------------
                                  1.70   slack (MET)


Startpoint: rst_n (input port clocked by clk)
Endpoint: _1322_ (removal check against rising-edge clock clk)
Path Group: asynchronous
Path Type: min

Fanout     Cap    Slew   Delay    Time   Description
-----------------------------------------------------------------------------
                  0.15    0.00    0.00   clock clk (rise edge)
                          0.00    0.00   clock network delay (ideal)
                          2.00    2.00 ^ input external delay
                  0.72    0.48    2.48 ^ rst_n (in)
    37    0.16                           rst_n (net)
                  0.73    0.00    2.48 ^ _1322_/RESET_B (sky130_fd_sc_hd__dfrtp_2)
                                  2.48   data arrival time

                  0.15    0.00    0.00   clock clk (rise edge)
                          0.00    0.00   clock network delay (ideal)
                          0.25    0.25   clock uncertainty
                          0.00    0.25   clock reconvergence pessimism
                                  0.25 ^ _1322_/CLK (sky130_fd_sc_hd__dfrtp_2)
                          0.53    0.78   library removal time
                                  0.78   data required time
-----------------------------------------------------------------------------
                                  0.78   data required time
                                 -2.48   data arrival time
-----------------------------------------------------------------------------
                                  1.70   slack (MET)


Startpoint: rst_n (input port clocked by clk)
Endpoint: _1329_ (removal check against rising-edge clock clk)
Path Group: asynchronous
Path Type: min

Fanout     Cap    Slew   Delay    Time   Description
-----------------------------------------------------------------------------
                  0.15    0.00    0.00   clock clk (rise edge)
                          0.00    0.00   clock network delay (ideal)
                          2.00    2.00 ^ input external delay
                  0.72    0.48    2.48 ^ rst_n (in)
    37    0.16                           rst_n (net)
                  0.73    0.00    2.48 ^ _1329_/RESET_B (sky130_fd_sc_hd__dfrtp_2)
                                  2.48   data arrival time

                  0.15    0.00    0.00   clock clk (rise edge)
                          0.00    0.00   clock network delay (ideal)
                          0.25    0.25   clock uncertainty
                          0.00    0.25   clock reconvergence pessimism
                                  0.25 ^ _1329_/CLK (sky130_fd_sc_hd__dfrtp_2)
                          0.53    0.78   library removal time
                                  0.78   data required time
-----------------------------------------------------------------------------
                                  0.78   data required time
                                 -2.48   data arrival time
-----------------------------------------------------------------------------
                                  1.70   slack (MET)


Startpoint: rst_n (input port clocked by clk)
Endpoint: _1307_ (removal check against rising-edge clock clk)
Path Group: asynchronous
Path Type: min

Fanout     Cap    Slew   Delay    Time   Description
-----------------------------------------------------------------------------
                  0.15    0.00    0.00   clock clk (rise edge)
                          0.00    0.00   clock network delay (ideal)
                          2.00    2.00 ^ input external delay
                  0.72    0.48    2.48 ^ rst_n (in)
    37    0.16                           rst_n (net)
                  0.73    0.00    2.48 ^ _1307_/RESET_B (sky130_fd_sc_hd__dfrtp_2)
                                  2.48   data arrival time

                  0.15    0.00    0.00   clock clk (rise edge)
                          0.00    0.00   clock network delay (ideal)
                          0.25    0.25   clock uncertainty
                          0.00    0.25   clock reconvergence pessimism
                                  0.25 ^ _1307_/CLK (sky130_fd_sc_hd__dfrtp_2)
                          0.53    0.78   library removal time
                                  0.78   data required time
-----------------------------------------------------------------------------
                                  0.78   data required time
                                 -2.48   data arrival time
-----------------------------------------------------------------------------
                                  1.70   slack (MET)


Startpoint: rst_n (input port clocked by clk)
Endpoint: _1171_ (removal check against rising-edge clock clk)
Path Group: asynchronous
Path Type: min

Fanout     Cap    Slew   Delay    Time   Description
-----------------------------------------------------------------------------
                  0.15    0.00    0.00   clock clk (rise edge)
                          0.00    0.00   clock network delay (ideal)
                          2.00    2.00 ^ input external delay
                  0.72    0.48    2.48 ^ rst_n (in)
    37    0.16                           rst_n (net)
                  0.73    0.00    2.48 ^ _1171_/SET_B (sky130_fd_sc_hd__dfstp_2)
                                  2.48   data arrival time

                  0.15    0.00    0.00   clock clk (rise edge)
                          0.00    0.00   clock network delay (ideal)
                          0.25    0.25   clock uncertainty
                          0.00    0.25   clock reconvergence pessimism
                                  0.25 ^ _1171_/CLK (sky130_fd_sc_hd__dfstp_2)
                          0.15    0.40   library removal time
                                  0.40   data required time
-----------------------------------------------------------------------------
                                  0.40   data required time
                                 -2.48   data arrival time
-----------------------------------------------------------------------------
                                  2.08   slack (MET)


Startpoint: rst_n (input port clocked by clk)
Endpoint: _1328_ (removal check against rising-edge clock clk)
Path Group: asynchronous
Path Type: min

Fanout     Cap    Slew   Delay    Time   Description
-----------------------------------------------------------------------------
                  0.15    0.00    0.00   clock clk (rise edge)
                          0.00    0.00   clock network delay (ideal)
                          2.00    2.00 ^ input external delay
                  0.72    0.48    2.48 ^ rst_n (in)
    37    0.16                           rst_n (net)
                  0.73    0.00    2.48 ^ _1328_/SET_B (sky130_fd_sc_hd__dfstp_2)
                                  2.48   data arrival time

                  0.15    0.00    0.00   clock clk (rise edge)
                          0.00    0.00   clock network delay (ideal)
                          0.25    0.25   clock uncertainty
                          0.00    0.25   clock reconvergence pessimism
                                  0.25 ^ _1328_/CLK (sky130_fd_sc_hd__dfstp_2)
                          0.15    0.40   library removal time
                                  0.40   data required time
-----------------------------------------------------------------------------
                                  0.40   data required time
                                 -2.48   data arrival time
-----------------------------------------------------------------------------
                                  2.08   slack (MET)


Startpoint: _1323_ (rising edge-triggered flip-flop clocked by clk)
Endpoint: pass_fail (output port clocked by clk)
Path Group: clk
Path Type: min

Fanout     Cap    Slew   Delay    Time   Description
-----------------------------------------------------------------------------
                  0.15    0.00    0.00   clock clk (rise edge)
                          0.00    0.00   clock network delay (ideal)
                  0.15    0.00    0.00 ^ _1323_/CLK (sky130_fd_sc_hd__dfrtp_2)
                  0.20    0.48    0.48 ^ _1323_/Q (sky130_fd_sc_hd__dfrtp_2)
     2    0.04                           pass_fail (net)
                  0.20    0.00    0.48 ^ pass_fail (out)
                                  0.48   data arrival time

                  0.15    0.00    0.00   clock clk (rise edge)
                          0.00    0.00   clock network delay (ideal)
                          0.25    0.25   clock uncertainty
                          0.00    0.25   clock reconvergence pessimism
                         -2.00   -1.75   output external delay
                                 -1.75   data required time
-----------------------------------------------------------------------------
                                 -1.75   data required time
                                 -0.48   data arrival time
-----------------------------------------------------------------------------
                                  2.23   slack (MET)


Startpoint: _1329_ (rising edge-triggered flip-flop clocked by clk)
Endpoint: done (output port clocked by clk)
Path Group: clk
Path Type: min

Fanout     Cap    Slew   Delay    Time   Description
-----------------------------------------------------------------------------
                  0.15    0.00    0.00   clock clk (rise edge)
                          0.00    0.00   clock network delay (ideal)
                  0.15    0.00    0.00 ^ _1329_/CLK (sky130_fd_sc_hd__dfrtp_2)
                  0.23    0.50    0.50 ^ _1329_/Q (sky130_fd_sc_hd__dfrtp_2)
     1    0.05                           done (net)
                  0.23    0.01    0.50 ^ done (out)
                                  0.50   data arrival time

                  0.15    0.00    0.00   clock clk (rise edge)
                          0.00    0.00   clock network delay (ideal)
                          0.25    0.25   clock uncertainty
                          0.00    0.25   clock reconvergence pessimism
                         -2.00   -1.75   output external delay
                                 -1.75   data required time
-----------------------------------------------------------------------------
                                 -1.75   data required time
                                 -0.50   data arrival time
-----------------------------------------------------------------------------
                                  2.25   slack (MET)



min_report_end
max_report

===========================================================================
report_checks -path_delay max (Setup)
============================================================================
======================= Typical Corner ===================================

Startpoint: rst_n (input port clocked by clk)
Endpoint: _1275_ (rising edge-triggered flip-flop clocked by clk)
Path Group: clk
Path Type: max

Fanout     Cap    Slew   Delay    Time   Description
-----------------------------------------------------------------------------
                  0.15    0.00    0.00   clock clk (rise edge)
                          0.00    0.00   clock network delay (ideal)
                          2.00    2.00 ^ input external delay
                  0.72    0.53    2.53 ^ rst_n (in)
    37    0.16                           rst_n (net)
                  0.73    0.00    2.53 ^ _0590_/C_N (sky130_fd_sc_hd__or3b_2)
                  0.13    0.61    3.14 v _0590_/X (sky130_fd_sc_hd__or3b_2)
     8    0.02                           _0519_ (net)
                  0.13    0.00    3.14 v _0591_/B (sky130_fd_sc_hd__or2_2)
                  0.11    0.40    3.53 v _0591_/X (sky130_fd_sc_hd__or2_2)
     9    0.03                           _0520_ (net)
                  0.11    0.00    3.54 v _0592_/B (sky130_fd_sc_hd__or2_2)
                  0.07    0.33    3.86 v _0592_/X (sky130_fd_sc_hd__or2_2)
     2    0.01                           _0521_ (net)
                  0.07    0.00    3.86 v _0593_/S (sky130_fd_sc_hd__mux2_2)
                  0.05    0.28    4.14 v _0593_/X (sky130_fd_sc_hd__mux2_2)
     1    0.00                           _0522_ (net)
                  0.05    0.00    4.14 v _0594_/A (sky130_fd_sc_hd__buf_1)
                  0.02    0.09    4.23 v _0594_/X (sky130_fd_sc_hd__buf_1)
     1    0.00                           _0109_ (net)
                  0.02    0.00    4.23 v _1275_/D (sky130_fd_sc_hd__dfxtp_2)
                                  4.23   data arrival time

                  0.15   10.00   10.00   clock clk (rise edge)
                          0.00   10.00   clock network delay (ideal)
                         -0.25    9.75   clock uncertainty
                          0.00    9.75   clock reconvergence pessimism
                                  9.75 ^ _1275_/CLK (sky130_fd_sc_hd__dfxtp_2)
                         -0.08    9.67   library setup time
                                  9.67   data required time
-----------------------------------------------------------------------------
                                  9.67   data required time
                                 -4.23   data arrival time
-----------------------------------------------------------------------------
                                  5.44   slack (MET)


Startpoint: rst_n (input port clocked by clk)
Endpoint: _1276_ (rising edge-triggered flip-flop clocked by clk)
Path Group: clk
Path Type: max

Fanout     Cap    Slew   Delay    Time   Description
-----------------------------------------------------------------------------
                  0.15    0.00    0.00   clock clk (rise edge)
                          0.00    0.00   clock network delay (ideal)
                          2.00    2.00 ^ input external delay
                  0.72    0.53    2.53 ^ rst_n (in)
    37    0.16                           rst_n (net)
                  0.73    0.00    2.53 ^ _0590_/C_N (sky130_fd_sc_hd__or3b_2)
                  0.13    0.61    3.14 v _0590_/X (sky130_fd_sc_hd__or3b_2)
     8    0.02                           _0519_ (net)
                  0.13    0.00    3.14 v _0591_/B (sky130_fd_sc_hd__or2_2)
                  0.11    0.40    3.53 v _0591_/X (sky130_fd_sc_hd__or2_2)
     9    0.03                           _0520_ (net)
                  0.11    0.00    3.54 v _0592_/B (sky130_fd_sc_hd__or2_2)
                  0.07    0.33    3.86 v _0592_/X (sky130_fd_sc_hd__or2_2)
     2    0.01                           _0521_ (net)
                  0.07    0.00    3.86 v _0595_/S (sky130_fd_sc_hd__mux2_2)
                  0.05    0.28    4.14 v _0595_/X (sky130_fd_sc_hd__mux2_2)
     1    0.00                           _0523_ (net)
                  0.05    0.00    4.14 v _0596_/A (sky130_fd_sc_hd__buf_1)
                  0.02    0.09    4.23 v _0596_/X (sky130_fd_sc_hd__buf_1)
     1    0.00                           _0110_ (net)
                  0.02    0.00    4.23 v _1276_/D (sky130_fd_sc_hd__dfxtp_2)
                                  4.23   data arrival time

                  0.15   10.00   10.00   clock clk (rise edge)
                          0.00   10.00   clock network delay (ideal)
                         -0.25    9.75   clock uncertainty
                          0.00    9.75   clock reconvergence pessimism
                                  9.75 ^ _1276_/CLK (sky130_fd_sc_hd__dfxtp_2)
                         -0.08    9.67   library setup time
                                  9.67   data required time
-----------------------------------------------------------------------------
                                  9.67   data required time
                                 -4.23   data arrival time
-----------------------------------------------------------------------------
                                  5.44   slack (MET)


Startpoint: rst_n (input port clocked by clk)
Endpoint: _1306_ (rising edge-triggered flip-flop clocked by clk)
Path Group: clk
Path Type: max

Fanout     Cap    Slew   Delay    Time   Description
-----------------------------------------------------------------------------
                  0.15    0.00    0.00   clock clk (rise edge)
                          0.00    0.00   clock network delay (ideal)
                          2.00    2.00 ^ input external delay
                  0.72    0.53    2.53 ^ rst_n (in)
    37    0.16                           rst_n (net)
                  0.73    0.00    2.53 ^ _0590_/C_N (sky130_fd_sc_hd__or3b_2)
                  0.13    0.61    3.14 v _0590_/X (sky130_fd_sc_hd__or3b_2)
     8    0.02                           _0519_ (net)
                  0.13    0.00    3.14 v _0591_/B (sky130_fd_sc_hd__or2_2)
                  0.11    0.40    3.53 v _0591_/X (sky130_fd_sc_hd__or2_2)
     9    0.03                           _0520_ (net)
                  0.11    0.00    3.53 v _0667_/B (sky130_fd_sc_hd__or2_2)
                  0.07    0.33    3.86 v _0667_/X (sky130_fd_sc_hd__or2_2)
     2    0.01                           _0566_ (net)
                  0.07    0.00    3.86 v _0670_/S (sky130_fd_sc_hd__mux2_2)
                  0.05    0.28    4.14 v _0670_/X (sky130_fd_sc_hd__mux2_2)
     1    0.00                           _0568_ (net)
                  0.05    0.00    4.14 v _0671_/A (sky130_fd_sc_hd__buf_1)
                  0.02    0.09    4.23 v _0671_/X (sky130_fd_sc_hd__buf_1)
     1    0.00                           _0140_ (net)
                  0.02    0.00    4.23 v _1306_/D (sky130_fd_sc_hd__dfxtp_2)
                                  4.23   data arrival time

                  0.15   10.00   10.00   clock clk (rise edge)
                          0.00   10.00   clock network delay (ideal)
                         -0.25    9.75   clock uncertainty
                          0.00    9.75   clock reconvergence pessimism
                                  9.75 ^ _1306_/CLK (sky130_fd_sc_hd__dfxtp_2)
                         -0.08    9.67   library setup time
                                  9.67   data required time
-----------------------------------------------------------------------------
                                  9.67   data required time
                                 -4.23   data arrival time
-----------------------------------------------------------------------------
                                  5.44   slack (MET)


Startpoint: rst_n (input port clocked by clk)
Endpoint: _1305_ (rising edge-triggered flip-flop clocked by clk)
Path Group: clk
Path Type: max

Fanout     Cap    Slew   Delay    Time   Description
-----------------------------------------------------------------------------
                  0.15    0.00    0.00   clock clk (rise edge)
                          0.00    0.00   clock network delay (ideal)
                          2.00    2.00 ^ input external delay
                  0.72    0.53    2.53 ^ rst_n (in)
    37    0.16                           rst_n (net)
                  0.73    0.00    2.53 ^ _0590_/C_N (sky130_fd_sc_hd__or3b_2)
                  0.13    0.61    3.14 v _0590_/X (sky130_fd_sc_hd__or3b_2)
     8    0.02                           _0519_ (net)
                  0.13    0.00    3.14 v _0591_/B (sky130_fd_sc_hd__or2_2)
                  0.11    0.40    3.53 v _0591_/X (sky130_fd_sc_hd__or2_2)
     9    0.03                           _0520_ (net)
                  0.11    0.00    3.53 v _0667_/B (sky130_fd_sc_hd__or2_2)
                  0.07    0.33    3.86 v _0667_/X (sky130_fd_sc_hd__or2_2)
     2    0.01                           _0566_ (net)
                  0.07    0.00    3.86 v _0668_/S (sky130_fd_sc_hd__mux2_2)
                  0.05    0.28    4.14 v _0668_/X (sky130_fd_sc_hd__mux2_2)
     1    0.00                           _0567_ (net)
                  0.05    0.00    4.14 v _0669_/A (sky130_fd_sc_hd__buf_1)
                  0.02    0.09    4.23 v _0669_/X (sky130_fd_sc_hd__buf_1)
     1    0.00                           _0139_ (net)
                  0.02    0.00    4.23 v _1305_/D (sky130_fd_sc_hd__dfxtp_2)
                                  4.23   data arrival time

                  0.15   10.00   10.00   clock clk (rise edge)
                          0.00   10.00   clock network delay (ideal)
                         -0.25    9.75   clock uncertainty
                          0.00    9.75   clock reconvergence pessimism
                                  9.75 ^ _1305_/CLK (sky130_fd_sc_hd__dfxtp_2)
                         -0.08    9.67   library setup time
                                  9.67   data required time
-----------------------------------------------------------------------------
                                  9.67   data required time
                                 -4.23   data arrival time
-----------------------------------------------------------------------------
                                  5.44   slack (MET)


Startpoint: rst_n (input port clocked by clk)
Endpoint: _1299_ (rising edge-triggered flip-flop clocked by clk)
Path Group: clk
Path Type: max

Fanout     Cap    Slew   Delay    Time   Description
-----------------------------------------------------------------------------
                  0.15    0.00    0.00   clock clk (rise edge)
                          0.00    0.00   clock network delay (ideal)
                          2.00    2.00 ^ input external delay
                  0.72    0.53    2.53 ^ rst_n (in)
    37    0.16                           rst_n (net)
                  0.73    0.00    2.53 ^ _0590_/C_N (sky130_fd_sc_hd__or3b_2)
                  0.13    0.61    3.14 v _0590_/X (sky130_fd_sc_hd__or3b_2)
     8    0.02                           _0519_ (net)
                  0.13    0.00    3.14 v _0591_/B (sky130_fd_sc_hd__or2_2)
                  0.11    0.40    3.53 v _0591_/X (sky130_fd_sc_hd__or2_2)
     9    0.03                           _0520_ (net)
                  0.11    0.00    3.54 v _0652_/B (sky130_fd_sc_hd__or2_2)
                  0.07    0.33    3.86 v _0652_/X (sky130_fd_sc_hd__or2_2)
     2    0.01                           _0557_ (net)
                  0.07    0.00    3.86 v _0653_/S (sky130_fd_sc_hd__mux2_2)
                  0.05    0.28    4.14 v _0653_/X (sky130_fd_sc_hd__mux2_2)
     1    0.00                           _0558_ (net)
                  0.05    0.00    4.14 v _0654_/A (sky130_fd_sc_hd__buf_1)
                  0.02    0.09    4.23 v _0654_/X (sky130_fd_sc_hd__buf_1)
     1    0.00                           _0133_ (net)
                  0.02    0.00    4.23 v _1299_/D (sky130_fd_sc_hd__dfxtp_2)
                                  4.23   data arrival time

                  0.15   10.00   10.00   clock clk (rise edge)
                          0.00   10.00   clock network delay (ideal)
                         -0.25    9.75   clock uncertainty
                          0.00    9.75   clock reconvergence pessimism
                                  9.75 ^ _1299_/CLK (sky130_fd_sc_hd__dfxtp_2)
                         -0.08    9.67   library setup time
                                  9.67   data required time
-----------------------------------------------------------------------------
                                  9.67   data required time
                                 -4.23   data arrival time
-----------------------------------------------------------------------------
                                  5.44   slack (MET)


Startpoint: rst_n (input port clocked by clk)
Endpoint: _1298_ (rising edge-triggered flip-flop clocked by clk)
Path Group: clk
Path Type: max

Fanout     Cap    Slew   Delay    Time   Description
-----------------------------------------------------------------------------
                  0.15    0.00    0.00   clock clk (rise edge)
                          0.00    0.00   clock network delay (ideal)
                          2.00    2.00 ^ input external delay
                  0.72    0.53    2.53 ^ rst_n (in)
    37    0.16                           rst_n (net)
                  0.73    0.00    2.53 ^ _0590_/C_N (sky130_fd_sc_hd__or3b_2)
                  0.13    0.61    3.14 v _0590_/X (sky130_fd_sc_hd__or3b_2)
     8    0.02                           _0519_ (net)
                  0.13    0.00    3.14 v _0591_/B (sky130_fd_sc_hd__or2_2)
                  0.11    0.40    3.53 v _0591_/X (sky130_fd_sc_hd__or2_2)
     9    0.03                           _0520_ (net)
                  0.11    0.00    3.54 v _0647_/B (sky130_fd_sc_hd__or2_2)
                  0.07    0.32    3.86 v _0647_/X (sky130_fd_sc_hd__or2_2)
     2    0.01                           _0554_ (net)
                  0.07    0.00    3.86 v _0650_/S (sky130_fd_sc_hd__mux2_2)
                  0.05    0.28    4.14 v _0650_/X (sky130_fd_sc_hd__mux2_2)
     1    0.00                           _0556_ (net)
                  0.05    0.00    4.14 v _0651_/A (sky130_fd_sc_hd__buf_1)
                  0.02    0.09    4.23 v _0651_/X (sky130_fd_sc_hd__buf_1)
     1    0.00                           _0132_ (net)
                  0.02    0.00    4.23 v _1298_/D (sky130_fd_sc_hd__dfxtp_2)
                                  4.23   data arrival time

                  0.15   10.00   10.00   clock clk (rise edge)
                          0.00   10.00   clock network delay (ideal)
                         -0.25    9.75   clock uncertainty
                          0.00    9.75   clock reconvergence pessimism
                                  9.75 ^ _1298_/CLK (sky130_fd_sc_hd__dfxtp_2)
                         -0.08    9.67   library setup time
                                  9.67   data required time
-----------------------------------------------------------------------------
                                  9.67   data required time
                                 -4.23   data arrival time
-----------------------------------------------------------------------------
                                  5.44   slack (MET)


Startpoint: rst_n (input port clocked by clk)
Endpoint: _1294_ (rising edge-triggered flip-flop clocked by clk)
Path Group: clk
Path Type: max

Fanout     Cap    Slew   Delay    Time   Description
-----------------------------------------------------------------------------
                  0.15    0.00    0.00   clock clk (rise edge)
                          0.00    0.00   clock network delay (ideal)
                          2.00    2.00 ^ input external delay
                  0.72    0.53    2.53 ^ rst_n (in)
    37    0.16                           rst_n (net)
                  0.73    0.00    2.53 ^ _0590_/C_N (sky130_fd_sc_hd__or3b_2)
                  0.13    0.61    3.14 v _0590_/X (sky130_fd_sc_hd__or3b_2)
     8    0.02                           _0519_ (net)
                  0.13    0.00    3.14 v _0591_/B (sky130_fd_sc_hd__or2_2)
                  0.11    0.40    3.53 v _0591_/X (sky130_fd_sc_hd__or2_2)
     9    0.03                           _0520_ (net)
                  0.11    0.00    3.54 v _0637_/B (sky130_fd_sc_hd__or2_2)
                  0.07    0.32    3.86 v _0637_/X (sky130_fd_sc_hd__or2_2)
     2    0.01                           _0548_ (net)
                  0.07    0.00    3.86 v _0640_/S (sky130_fd_sc_hd__mux2_2)
                  0.05    0.28    4.14 v _0640_/X (sky130_fd_sc_hd__mux2_2)
     1    0.00                           _0550_ (net)
                  0.05    0.00    4.14 v _0641_/A (sky130_fd_sc_hd__buf_1)
                  0.02    0.09    4.23 v _0641_/X (sky130_fd_sc_hd__buf_1)
     1    0.00                           _0128_ (net)
                  0.02    0.00    4.23 v _1294_/D (sky130_fd_sc_hd__dfxtp_2)
                                  4.23   data arrival time

                  0.15   10.00   10.00   clock clk (rise edge)
                          0.00   10.00   clock network delay (ideal)
                         -0.25    9.75   clock uncertainty
                          0.00    9.75   clock reconvergence pessimism
                                  9.75 ^ _1294_/CLK (sky130_fd_sc_hd__dfxtp_2)
                         -0.08    9.67   library setup time
                                  9.67   data required time
-----------------------------------------------------------------------------
                                  9.67   data required time
                                 -4.23   data arrival time
-----------------------------------------------------------------------------
                                  5.44   slack (MET)


Startpoint: rst_n (input port clocked by clk)
Endpoint: _1303_ (rising edge-triggered flip-flop clocked by clk)
Path Group: clk
Path Type: max

Fanout     Cap    Slew   Delay    Time   Description
-----------------------------------------------------------------------------
                  0.15    0.00    0.00   clock clk (rise edge)
                          0.00    0.00   clock network delay (ideal)
                          2.00    2.00 ^ input external delay
                  0.72    0.53    2.53 ^ rst_n (in)
    37    0.16                           rst_n (net)
                  0.73    0.00    2.53 ^ _0590_/C_N (sky130_fd_sc_hd__or3b_2)
                  0.13    0.61    3.14 v _0590_/X (sky130_fd_sc_hd__or3b_2)
     8    0.02                           _0519_ (net)
                  0.13    0.00    3.14 v _0591_/B (sky130_fd_sc_hd__or2_2)
                  0.11    0.40    3.53 v _0591_/X (sky130_fd_sc_hd__or2_2)
     9    0.03                           _0520_ (net)
                  0.11    0.00    3.53 v _0662_/B (sky130_fd_sc_hd__or2_2)
                  0.07    0.32    3.86 v _0662_/X (sky130_fd_sc_hd__or2_2)
     2    0.01                           _0563_ (net)
                  0.07    0.00    3.86 v _0663_/S (sky130_fd_sc_hd__mux2_2)
                  0.05    0.28    4.14 v _0663_/X (sky130_fd_sc_hd__mux2_2)
     1    0.00                           _0564_ (net)
                  0.05    0.00    4.14 v _0664_/A (sky130_fd_sc_hd__buf_1)
                  0.02    0.09    4.23 v _0664_/X (sky130_fd_sc_hd__buf_1)
     1    0.00                           _0137_ (net)
                  0.02    0.00    4.23 v _1303_/D (sky130_fd_sc_hd__dfxtp_2)
                                  4.23   data arrival time

                  0.15   10.00   10.00   clock clk (rise edge)
                          0.00   10.00   clock network delay (ideal)
                         -0.25    9.75   clock uncertainty
                          0.00    9.75   clock reconvergence pessimism
                                  9.75 ^ _1303_/CLK (sky130_fd_sc_hd__dfxtp_2)
                         -0.08    9.67   library setup time
                                  9.67   data required time
-----------------------------------------------------------------------------
                                  9.67   data required time
                                 -4.23   data arrival time
-----------------------------------------------------------------------------
                                  5.44   slack (MET)


Startpoint: rst_n (input port clocked by clk)
Endpoint: _1304_ (rising edge-triggered flip-flop clocked by clk)
Path Group: clk
Path Type: max

Fanout     Cap    Slew   Delay    Time   Description
-----------------------------------------------------------------------------
                  0.15    0.00    0.00   clock clk (rise edge)
                          0.00    0.00   clock network delay (ideal)
                          2.00    2.00 ^ input external delay
                  0.72    0.53    2.53 ^ rst_n (in)
    37    0.16                           rst_n (net)
                  0.73    0.00    2.53 ^ _0590_/C_N (sky130_fd_sc_hd__or3b_2)
                  0.13    0.61    3.14 v _0590_/X (sky130_fd_sc_hd__or3b_2)
     8    0.02                           _0519_ (net)
                  0.13    0.00    3.14 v _0591_/B (sky130_fd_sc_hd__or2_2)
                  0.11    0.40    3.53 v _0591_/X (sky130_fd_sc_hd__or2_2)
     9    0.03                           _0520_ (net)
                  0.11    0.00    3.53 v _0662_/B (sky130_fd_sc_hd__or2_2)
                  0.07    0.32    3.86 v _0662_/X (sky130_fd_sc_hd__or2_2)
     2    0.01                           _0563_ (net)
                  0.07    0.00    3.86 v _0665_/S (sky130_fd_sc_hd__mux2_2)
                  0.05    0.28    4.14 v _0665_/X (sky130_fd_sc_hd__mux2_2)
     1    0.00                           _0565_ (net)
                  0.05    0.00    4.14 v _0666_/A (sky130_fd_sc_hd__buf_1)
                  0.02    0.09    4.23 v _0666_/X (sky130_fd_sc_hd__buf_1)
     1    0.00                           _0138_ (net)
                  0.02    0.00    4.23 v _1304_/D (sky130_fd_sc_hd__dfxtp_2)
                                  4.23   data arrival time

                  0.15   10.00   10.00   clock clk (rise edge)
                          0.00   10.00   clock network delay (ideal)
                         -0.25    9.75   clock uncertainty
                          0.00    9.75   clock reconvergence pessimism
                                  9.75 ^ _1304_/CLK (sky130_fd_sc_hd__dfxtp_2)
                         -0.08    9.67   library setup time
                                  9.67   data required time
-----------------------------------------------------------------------------
                                  9.67   data required time
                                 -4.23   data arrival time
-----------------------------------------------------------------------------
                                  5.44   slack (MET)


Startpoint: rst_n (input port clocked by clk)
Endpoint: _1293_ (rising edge-triggered flip-flop clocked by clk)
Path Group: clk
Path Type: max

Fanout     Cap    Slew   Delay    Time   Description
-----------------------------------------------------------------------------
                  0.15    0.00    0.00   clock clk (rise edge)
                          0.00    0.00   clock network delay (ideal)
                          2.00    2.00 ^ input external delay
                  0.72    0.53    2.53 ^ rst_n (in)
    37    0.16                           rst_n (net)
                  0.73    0.00    2.53 ^ _0590_/C_N (sky130_fd_sc_hd__or3b_2)
                  0.13    0.61    3.14 v _0590_/X (sky130_fd_sc_hd__or3b_2)
     8    0.02                           _0519_ (net)
                  0.13    0.00    3.14 v _0591_/B (sky130_fd_sc_hd__or2_2)
                  0.11    0.40    3.53 v _0591_/X (sky130_fd_sc_hd__or2_2)
     9    0.03                           _0520_ (net)
                  0.11    0.00    3.54 v _0637_/B (sky130_fd_sc_hd__or2_2)
                  0.07    0.32    3.86 v _0637_/X (sky130_fd_sc_hd__or2_2)
     2    0.01                           _0548_ (net)
                  0.07    0.00    3.86 v _0638_/S (sky130_fd_sc_hd__mux2_2)
                  0.05    0.28    4.14 v _0638_/X (sky130_fd_sc_hd__mux2_2)
     1    0.00                           _0549_ (net)
                  0.05    0.00    4.14 v _0639_/A (sky130_fd_sc_hd__buf_1)
                  0.02    0.09    4.23 v _0639_/X (sky130_fd_sc_hd__buf_1)
     1    0.00                           _0127_ (net)
                  0.02    0.00    4.23 v _1293_/D (sky130_fd_sc_hd__dfxtp_2)
                                  4.23   data arrival time

                  0.15   10.00   10.00   clock clk (rise edge)
                          0.00   10.00   clock network delay (ideal)
                         -0.25    9.75   clock uncertainty
                          0.00    9.75   clock reconvergence pessimism
                                  9.75 ^ _1293_/CLK (sky130_fd_sc_hd__dfxtp_2)
                         -0.08    9.67   library setup time
                                  9.67   data required time
-----------------------------------------------------------------------------
                                  9.67   data required time
                                 -4.23   data arrival time
-----------------------------------------------------------------------------
                                  5.44   slack (MET)


Startpoint: rst_n (input port clocked by clk)
Endpoint: _1300_ (rising edge-triggered flip-flop clocked by clk)
Path Group: clk
Path Type: max

Fanout     Cap    Slew   Delay    Time   Description
-----------------------------------------------------------------------------
                  0.15    0.00    0.00   clock clk (rise edge)
                          0.00    0.00   clock network delay (ideal)
                          2.00    2.00 ^ input external delay
                  0.72    0.53    2.53 ^ rst_n (in)
    37    0.16                           rst_n (net)
                  0.73    0.00    2.53 ^ _0590_/C_N (sky130_fd_sc_hd__or3b_2)
                  0.13    0.61    3.14 v _0590_/X (sky130_fd_sc_hd__or3b_2)
     8    0.02                           _0519_ (net)
                  0.13    0.00    3.14 v _0591_/B (sky130_fd_sc_hd__or2_2)
                  0.11    0.40    3.53 v _0591_/X (sky130_fd_sc_hd__or2_2)
     9    0.03                           _0520_ (net)
                  0.11    0.00    3.54 v _0652_/B (sky130_fd_sc_hd__or2_2)
                  0.07    0.33    3.86 v _0652_/X (sky130_fd_sc_hd__or2_2)
     2    0.01                           _0557_ (net)
                  0.07    0.00    3.86 v _0655_/S (sky130_fd_sc_hd__mux2_2)
                  0.05    0.28    4.14 v _0655_/X (sky130_fd_sc_hd__mux2_2)
     1    0.00                           _0559_ (net)
                  0.05    0.00    4.14 v _0656_/A (sky130_fd_sc_hd__buf_1)
                  0.02    0.09    4.23 v _0656_/X (sky130_fd_sc_hd__buf_1)
     1    0.00                           _0134_ (net)
                  0.02    0.00    4.23 v _1300_/D (sky130_fd_sc_hd__dfxtp_2)
                                  4.23   data arrival time

                  0.15   10.00   10.00   clock clk (rise edge)
                          0.00   10.00   clock network delay (ideal)
                         -0.25    9.75   clock uncertainty
                          0.00    9.75   clock reconvergence pessimism
                                  9.75 ^ _1300_/CLK (sky130_fd_sc_hd__dfxtp_2)
                         -0.08    9.67   library setup time
                                  9.67   data required time
-----------------------------------------------------------------------------
                                  9.67   data required time
                                 -4.23   data arrival time
-----------------------------------------------------------------------------
                                  5.44   slack (MET)


Startpoint: rst_n (input port clocked by clk)
Endpoint: _1301_ (rising edge-triggered flip-flop clocked by clk)
Path Group: clk
Path Type: max

Fanout     Cap    Slew   Delay    Time   Description
-----------------------------------------------------------------------------
                  0.15    0.00    0.00   clock clk (rise edge)
                          0.00    0.00   clock network delay (ideal)
                          2.00    2.00 ^ input external delay
                  0.72    0.53    2.53 ^ rst_n (in)
    37    0.16                           rst_n (net)
                  0.73    0.00    2.53 ^ _0590_/C_N (sky130_fd_sc_hd__or3b_2)
                  0.13    0.61    3.14 v _0590_/X (sky130_fd_sc_hd__or3b_2)
     8    0.02                           _0519_ (net)
                  0.13    0.00    3.14 v _0591_/B (sky130_fd_sc_hd__or2_2)
                  0.11    0.40    3.53 v _0591_/X (sky130_fd_sc_hd__or2_2)
     9    0.03                           _0520_ (net)
                  0.11    0.00    3.54 v _0657_/B (sky130_fd_sc_hd__or2_2)
                  0.07    0.32    3.86 v _0657_/X (sky130_fd_sc_hd__or2_2)
     2    0.01                           _0560_ (net)
                  0.07    0.00    3.86 v _0658_/S (sky130_fd_sc_hd__mux2_2)
                  0.05    0.28    4.14 v _0658_/X (sky130_fd_sc_hd__mux2_2)
     1    0.00                           _0561_ (net)
                  0.05    0.00    4.14 v _0659_/A (sky130_fd_sc_hd__buf_1)
                  0.02    0.09    4.23 v _0659_/X (sky130_fd_sc_hd__buf_1)
     1    0.00                           _0135_ (net)
                  0.02    0.00    4.23 v _1301_/D (sky130_fd_sc_hd__dfxtp_2)
                                  4.23   data arrival time

                  0.15   10.00   10.00   clock clk (rise edge)
                          0.00   10.00   clock network delay (ideal)
                         -0.25    9.75   clock uncertainty
                          0.00    9.75   clock reconvergence pessimism
                                  9.75 ^ _1301_/CLK (sky130_fd_sc_hd__dfxtp_2)
                         -0.08    9.67   library setup time
                                  9.67   data required time
-----------------------------------------------------------------------------
                                  9.67   data required time
                                 -4.23   data arrival time
-----------------------------------------------------------------------------
                                  5.44   slack (MET)


Startpoint: rst_n (input port clocked by clk)
Endpoint: _1297_ (rising edge-triggered flip-flop clocked by clk)
Path Group: clk
Path Type: max

Fanout     Cap    Slew   Delay    Time   Description
-----------------------------------------------------------------------------
                  0.15    0.00    0.00   clock clk (rise edge)
                          0.00    0.00   clock network delay (ideal)
                          2.00    2.00 ^ input external delay
                  0.72    0.53    2.53 ^ rst_n (in)
    37    0.16                           rst_n (net)
                  0.73    0.00    2.53 ^ _0590_/C_N (sky130_fd_sc_hd__or3b_2)
                  0.13    0.61    3.14 v _0590_/X (sky130_fd_sc_hd__or3b_2)
     8    0.02                           _0519_ (net)
                  0.13    0.00    3.14 v _0591_/B (sky130_fd_sc_hd__or2_2)
                  0.11    0.40    3.53 v _0591_/X (sky130_fd_sc_hd__or2_2)
     9    0.03                           _0520_ (net)
                  0.11    0.00    3.54 v _0647_/B (sky130_fd_sc_hd__or2_2)
                  0.07    0.32    3.86 v _0647_/X (sky130_fd_sc_hd__or2_2)
     2    0.01                           _0554_ (net)
                  0.07    0.00    3.86 v _0648_/S (sky130_fd_sc_hd__mux2_2)
                  0.05    0.28    4.14 v _0648_/X (sky130_fd_sc_hd__mux2_2)
     1    0.00                           _0555_ (net)
                  0.05    0.00    4.14 v _0649_/A (sky130_fd_sc_hd__buf_1)
                  0.02    0.09    4.23 v _0649_/X (sky130_fd_sc_hd__buf_1)
     1    0.00                           _0131_ (net)
                  0.02    0.00    4.23 v _1297_/D (sky130_fd_sc_hd__dfxtp_2)
                                  4.23   data arrival time

                  0.15   10.00   10.00   clock clk (rise edge)
                          0.00   10.00   clock network delay (ideal)
                         -0.25    9.75   clock uncertainty
                          0.00    9.75   clock reconvergence pessimism
                                  9.75 ^ _1297_/CLK (sky130_fd_sc_hd__dfxtp_2)
                         -0.08    9.67   library setup time
                                  9.67   data required time
-----------------------------------------------------------------------------
                                  9.67   data required time
                                 -4.23   data arrival time
-----------------------------------------------------------------------------
                                  5.44   slack (MET)


Startpoint: rst_n (input port clocked by clk)
Endpoint: _1302_ (rising edge-triggered flip-flop clocked by clk)
Path Group: clk
Path Type: max

Fanout     Cap    Slew   Delay    Time   Description
-----------------------------------------------------------------------------
                  0.15    0.00    0.00   clock clk (rise edge)
                          0.00    0.00   clock network delay (ideal)
                          2.00    2.00 ^ input external delay
                  0.72    0.53    2.53 ^ rst_n (in)
    37    0.16                           rst_n (net)
                  0.73    0.00    2.53 ^ _0590_/C_N (sky130_fd_sc_hd__or3b_2)
                  0.13    0.61    3.14 v _0590_/X (sky130_fd_sc_hd__or3b_2)
     8    0.02                           _0519_ (net)
                  0.13    0.00    3.14 v _0591_/B (sky130_fd_sc_hd__or2_2)
                  0.11    0.40    3.53 v _0591_/X (sky130_fd_sc_hd__or2_2)
     9    0.03                           _0520_ (net)
                  0.11    0.00    3.54 v _0657_/B (sky130_fd_sc_hd__or2_2)
                  0.07    0.32    3.86 v _0657_/X (sky130_fd_sc_hd__or2_2)
     2    0.01                           _0560_ (net)
                  0.07    0.00    3.86 v _0660_/S (sky130_fd_sc_hd__mux2_2)
                  0.05    0.28    4.14 v _0660_/X (sky130_fd_sc_hd__mux2_2)
     1    0.00                           _0562_ (net)
                  0.05    0.00    4.14 v _0661_/A (sky130_fd_sc_hd__buf_1)
                  0.02    0.09    4.23 v _0661_/X (sky130_fd_sc_hd__buf_1)
     1    0.00                           _0136_ (net)
                  0.02    0.00    4.23 v _1302_/D (sky130_fd_sc_hd__dfxtp_2)
                                  4.23   data arrival time

                  0.15   10.00   10.00   clock clk (rise edge)
                          0.00   10.00   clock network delay (ideal)
                         -0.25    9.75   clock uncertainty
                          0.00    9.75   clock reconvergence pessimism
                                  9.75 ^ _1302_/CLK (sky130_fd_sc_hd__dfxtp_2)
                         -0.08    9.67   library setup time
                                  9.67   data required time
-----------------------------------------------------------------------------
                                  9.67   data required time
                                 -4.23   data arrival time
-----------------------------------------------------------------------------
                                  5.44   slack (MET)


Startpoint: rst_n (input port clocked by clk)
Endpoint: _1295_ (rising edge-triggered flip-flop clocked by clk)
Path Group: clk
Path Type: max

Fanout     Cap    Slew   Delay    Time   Description
-----------------------------------------------------------------------------
                  0.15    0.00    0.00   clock clk (rise edge)
                          0.00    0.00   clock network delay (ideal)
                          2.00    2.00 ^ input external delay
                  0.72    0.53    2.53 ^ rst_n (in)
    37    0.16                           rst_n (net)
                  0.73    0.00    2.53 ^ _0590_/C_N (sky130_fd_sc_hd__or3b_2)
                  0.13    0.61    3.14 v _0590_/X (sky130_fd_sc_hd__or3b_2)
     8    0.02                           _0519_ (net)
                  0.13    0.00    3.14 v _0591_/B (sky130_fd_sc_hd__or2_2)
                  0.11    0.40    3.53 v _0591_/X (sky130_fd_sc_hd__or2_2)
     9    0.03                           _0520_ (net)
                  0.11    0.00    3.54 v _0642_/B (sky130_fd_sc_hd__or2_2)
                  0.07    0.32    3.86 v _0642_/X (sky130_fd_sc_hd__or2_2)
     2    0.01                           _0551_ (net)
                  0.07    0.00    3.86 v _0643_/S (sky130_fd_sc_hd__mux2_2)
                  0.05    0.28    4.14 v _0643_/X (sky130_fd_sc_hd__mux2_2)
     1    0.00                           _0552_ (net)
                  0.05    0.00    4.14 v _0644_/A (sky130_fd_sc_hd__buf_1)
                  0.02    0.09    4.23 v _0644_/X (sky130_fd_sc_hd__buf_1)
     1    0.00                           _0129_ (net)
                  0.02    0.00    4.23 v _1295_/D (sky130_fd_sc_hd__dfxtp_2)
                                  4.23   data arrival time

                  0.15   10.00   10.00   clock clk (rise edge)
                          0.00   10.00   clock network delay (ideal)
                         -0.25    9.75   clock uncertainty
                          0.00    9.75   clock reconvergence pessimism
                                  9.75 ^ _1295_/CLK (sky130_fd_sc_hd__dfxtp_2)
                         -0.08    9.67   library setup time
                                  9.67   data required time
-----------------------------------------------------------------------------
                                  9.67   data required time
                                 -4.23   data arrival time
-----------------------------------------------------------------------------
                                  5.44   slack (MET)


Startpoint: rst_n (input port clocked by clk)
Endpoint: _1296_ (rising edge-triggered flip-flop clocked by clk)
Path Group: clk
Path Type: max

Fanout     Cap    Slew   Delay    Time   Description
-----------------------------------------------------------------------------
                  0.15    0.00    0.00   clock clk (rise edge)
                          0.00    0.00   clock network delay (ideal)
                          2.00    2.00 ^ input external delay
                  0.72    0.53    2.53 ^ rst_n (in)
    37    0.16                           rst_n (net)
                  0.73    0.00    2.53 ^ _0590_/C_N (sky130_fd_sc_hd__or3b_2)
                  0.13    0.61    3.14 v _0590_/X (sky130_fd_sc_hd__or3b_2)
     8    0.02                           _0519_ (net)
                  0.13    0.00    3.14 v _0591_/B (sky130_fd_sc_hd__or2_2)
                  0.11    0.40    3.53 v _0591_/X (sky130_fd_sc_hd__or2_2)
     9    0.03                           _0520_ (net)
                  0.11    0.00    3.54 v _0642_/B (sky130_fd_sc_hd__or2_2)
                  0.07    0.32    3.86 v _0642_/X (sky130_fd_sc_hd__or2_2)
     2    0.01                           _0551_ (net)
                  0.07    0.00    3.86 v _0645_/S (sky130_fd_sc_hd__mux2_2)
                  0.05    0.28    4.14 v _0645_/X (sky130_fd_sc_hd__mux2_2)
     1    0.00                           _0553_ (net)
                  0.05    0.00    4.14 v _0646_/A (sky130_fd_sc_hd__buf_1)
                  0.02    0.09    4.23 v _0646_/X (sky130_fd_sc_hd__buf_1)
     1    0.00                           _0130_ (net)
                  0.02    0.00    4.23 v _1296_/D (sky130_fd_sc_hd__dfxtp_2)
                                  4.23   data arrival time

                  0.15   10.00   10.00   clock clk (rise edge)
                          0.00   10.00   clock network delay (ideal)
                         -0.25    9.75   clock uncertainty
                          0.00    9.75   clock reconvergence pessimism
                                  9.75 ^ _1296_/CLK (sky130_fd_sc_hd__dfxtp_2)
                         -0.08    9.67   library setup time
                                  9.67   data required time
-----------------------------------------------------------------------------
                                  9.67   data required time
                                 -4.23   data arrival time
-----------------------------------------------------------------------------
                                  5.44   slack (MET)


Startpoint: rst_n (input port clocked by clk)
Endpoint: _1270_ (rising edge-triggered flip-flop clocked by clk)
Path Group: clk
Path Type: max

Fanout     Cap    Slew   Delay    Time   Description
-----------------------------------------------------------------------------
                  0.15    0.00    0.00   clock clk (rise edge)
                          0.00    0.00   clock network delay (ideal)
                          2.00    2.00 ^ input external delay
                  0.72    0.53    2.53 ^ rst_n (in)
    37    0.16                           rst_n (net)
                  0.73    0.00    2.53 ^ _1092_/B (sky130_fd_sc_hd__nand3b_2)
                  0.25    0.32    2.85 v _1092_/Y (sky130_fd_sc_hd__nand3b_2)
     8    0.03                           _0466_ (net)
                  0.25    0.00    2.85 v _1093_/B (sky130_fd_sc_hd__or2_2)
                  0.05    0.36    3.21 v _1093_/X (sky130_fd_sc_hd__or2_2)
     1    0.00                           _0467_ (net)
                  0.05    0.00    3.21 v _1094_/A (sky130_fd_sc_hd__buf_1)
                  0.20    0.24    3.45 v _1094_/X (sky130_fd_sc_hd__buf_1)
     9    0.03                           _0468_ (net)
                  0.20    0.00    3.45 v _1162_/B (sky130_fd_sc_hd__or2_2)
                  0.07    0.37    3.82 v _1162_/X (sky130_fd_sc_hd__or2_2)
     2    0.01                           _0510_ (net)
                  0.07    0.00    3.82 v _1165_/S (sky130_fd_sc_hd__mux2_2)
                  0.05    0.28    4.10 v _1165_/X (sky130_fd_sc_hd__mux2_2)
     1    0.00                           _0512_ (net)
                  0.05    0.00    4.10 v _1166_/A (sky130_fd_sc_hd__buf_1)
                  0.02    0.09    4.19 v _1166_/X (sky130_fd_sc_hd__buf_1)
     1    0.00                           _0104_ (net)
                  0.02    0.00    4.19 v _1270_/D (sky130_fd_sc_hd__dfxtp_2)
                                  4.19   data arrival time

                  0.15   10.00   10.00   clock clk (rise edge)
                          0.00   10.00   clock network delay (ideal)
                         -0.25    9.75   clock uncertainty
                          0.00    9.75   clock reconvergence pessimism
                                  9.75 ^ _1270_/CLK (sky130_fd_sc_hd__dfxtp_2)
                         -0.08    9.67   library setup time
                                  9.67   data required time
-----------------------------------------------------------------------------
                                  9.67   data required time
                                 -4.19   data arrival time
-----------------------------------------------------------------------------
                                  5.48   slack (MET)


Startpoint: rst_n (input port clocked by clk)
Endpoint: _1269_ (rising edge-triggered flip-flop clocked by clk)
Path Group: clk
Path Type: max

Fanout     Cap    Slew   Delay    Time   Description
-----------------------------------------------------------------------------
                  0.15    0.00    0.00   clock clk (rise edge)
                          0.00    0.00   clock network delay (ideal)
                          2.00    2.00 ^ input external delay
                  0.72    0.53    2.53 ^ rst_n (in)
    37    0.16                           rst_n (net)
                  0.73    0.00    2.53 ^ _1092_/B (sky130_fd_sc_hd__nand3b_2)
                  0.25    0.32    2.85 v _1092_/Y (sky130_fd_sc_hd__nand3b_2)
     8    0.03                           _0466_ (net)
                  0.25    0.00    2.85 v _1093_/B (sky130_fd_sc_hd__or2_2)
                  0.05    0.36    3.21 v _1093_/X (sky130_fd_sc_hd__or2_2)
     1    0.00                           _0467_ (net)
                  0.05    0.00    3.21 v _1094_/A (sky130_fd_sc_hd__buf_1)
                  0.20    0.24    3.45 v _1094_/X (sky130_fd_sc_hd__buf_1)
     9    0.03                           _0468_ (net)
                  0.20    0.00    3.45 v _1162_/B (sky130_fd_sc_hd__or2_2)
                  0.07    0.37    3.82 v _1162_/X (sky130_fd_sc_hd__or2_2)
     2    0.01                           _0510_ (net)
                  0.07    0.00    3.82 v _1163_/S (sky130_fd_sc_hd__mux2_2)
                  0.05    0.28    4.10 v _1163_/X (sky130_fd_sc_hd__mux2_2)
     1    0.00                           _0511_ (net)
                  0.05    0.00    4.10 v _1164_/A (sky130_fd_sc_hd__buf_1)
                  0.02    0.09    4.19 v _1164_/X (sky130_fd_sc_hd__buf_1)
     1    0.00                           _0103_ (net)
                  0.02    0.00    4.19 v _1269_/D (sky130_fd_sc_hd__dfxtp_2)
                                  4.19   data arrival time

                  0.15   10.00   10.00   clock clk (rise edge)
                          0.00   10.00   clock network delay (ideal)
                         -0.25    9.75   clock uncertainty
                          0.00    9.75   clock reconvergence pessimism
                                  9.75 ^ _1269_/CLK (sky130_fd_sc_hd__dfxtp_2)
                         -0.08    9.67   library setup time
                                  9.67   data required time
-----------------------------------------------------------------------------
                                  9.67   data required time
                                 -4.19   data arrival time
-----------------------------------------------------------------------------
                                  5.48   slack (MET)


Startpoint: rst_n (input port clocked by clk)
Endpoint: _1265_ (rising edge-triggered flip-flop clocked by clk)
Path Group: clk
Path Type: max

Fanout     Cap    Slew   Delay    Time   Description
-----------------------------------------------------------------------------
                  0.15    0.00    0.00   clock clk (rise edge)
                          0.00    0.00   clock network delay (ideal)
                          2.00    2.00 ^ input external delay
                  0.72    0.53    2.53 ^ rst_n (in)
    37    0.16                           rst_n (net)
                  0.73    0.00    2.53 ^ _1092_/B (sky130_fd_sc_hd__nand3b_2)
                  0.25    0.32    2.85 v _1092_/Y (sky130_fd_sc_hd__nand3b_2)
     8    0.03                           _0466_ (net)
                  0.25    0.00    2.85 v _1093_/B (sky130_fd_sc_hd__or2_2)
                  0.05    0.36    3.21 v _1093_/X (sky130_fd_sc_hd__or2_2)
     1    0.00                           _0467_ (net)
                  0.05    0.00    3.21 v _1094_/A (sky130_fd_sc_hd__buf_1)
                  0.20    0.24    3.45 v _1094_/X (sky130_fd_sc_hd__buf_1)
     9    0.03                           _0468_ (net)
                  0.20    0.00    3.45 v _1152_/B (sky130_fd_sc_hd__or2_2)
                  0.06    0.36    3.82 v _1152_/X (sky130_fd_sc_hd__or2_2)
     2    0.01                           _0504_ (net)
                  0.06    0.00    3.82 v _1153_/S (sky130_fd_sc_hd__mux2_2)
                  0.05    0.28    4.10 v _1153_/X (sky130_fd_sc_hd__mux2_2)
     1    0.00                           _0505_ (net)
                  0.05    0.00    4.10 v _1154_/A (sky130_fd_sc_hd__buf_1)
                  0.02    0.09    4.18 v _1154_/X (sky130_fd_sc_hd__buf_1)
     1    0.00                           _0099_ (net)
                  0.02    0.00    4.18 v _1265_/D (sky130_fd_sc_hd__dfxtp_2)
                                  4.18   data arrival time

                  0.15   10.00   10.00   clock clk (rise edge)
                          0.00   10.00   clock network delay (ideal)
                         -0.25    9.75   clock uncertainty
                          0.00    9.75   clock reconvergence pessimism
                                  9.75 ^ _1265_/CLK (sky130_fd_sc_hd__dfxtp_2)
                         -0.08    9.67   library setup time
                                  9.67   data required time
-----------------------------------------------------------------------------
                                  9.67   data required time
                                 -4.18   data arrival time
-----------------------------------------------------------------------------
                                  5.49   slack (MET)


Startpoint: rst_n (input port clocked by clk)
Endpoint: _1266_ (rising edge-triggered flip-flop clocked by clk)
Path Group: clk
Path Type: max

Fanout     Cap    Slew   Delay    Time   Description
-----------------------------------------------------------------------------
                  0.15    0.00    0.00   clock clk (rise edge)
                          0.00    0.00   clock network delay (ideal)
                          2.00    2.00 ^ input external delay
                  0.72    0.53    2.53 ^ rst_n (in)
    37    0.16                           rst_n (net)
                  0.73    0.00    2.53 ^ _1092_/B (sky130_fd_sc_hd__nand3b_2)
                  0.25    0.32    2.85 v _1092_/Y (sky130_fd_sc_hd__nand3b_2)
     8    0.03                           _0466_ (net)
                  0.25    0.00    2.85 v _1093_/B (sky130_fd_sc_hd__or2_2)
                  0.05    0.36    3.21 v _1093_/X (sky130_fd_sc_hd__or2_2)
     1    0.00                           _0467_ (net)
                  0.05    0.00    3.21 v _1094_/A (sky130_fd_sc_hd__buf_1)
                  0.20    0.24    3.45 v _1094_/X (sky130_fd_sc_hd__buf_1)
     9    0.03                           _0468_ (net)
                  0.20    0.00    3.45 v _1152_/B (sky130_fd_sc_hd__or2_2)
                  0.06    0.36    3.82 v _1152_/X (sky130_fd_sc_hd__or2_2)
     2    0.01                           _0504_ (net)
                  0.06    0.00    3.82 v _1155_/S (sky130_fd_sc_hd__mux2_2)
                  0.05    0.28    4.10 v _1155_/X (sky130_fd_sc_hd__mux2_2)
     1    0.00                           _0506_ (net)
                  0.05    0.00    4.10 v _1156_/A (sky130_fd_sc_hd__buf_1)
                  0.02    0.09    4.18 v _1156_/X (sky130_fd_sc_hd__buf_1)
     1    0.00                           _0100_ (net)
                  0.02    0.00    4.18 v _1266_/D (sky130_fd_sc_hd__dfxtp_2)
                                  4.18   data arrival time

                  0.15   10.00   10.00   clock clk (rise edge)
                          0.00   10.00   clock network delay (ideal)
                         -0.25    9.75   clock uncertainty
                          0.00    9.75   clock reconvergence pessimism
                                  9.75 ^ _1266_/CLK (sky130_fd_sc_hd__dfxtp_2)
                         -0.08    9.67   library setup time
                                  9.67   data required time
-----------------------------------------------------------------------------
                                  9.67   data required time
                                 -4.18   data arrival time
-----------------------------------------------------------------------------
                                  5.49   slack (MET)


Startpoint: rst_n (input port clocked by clk)
Endpoint: _1271_ (rising edge-triggered flip-flop clocked by clk)
Path Group: clk
Path Type: max

Fanout     Cap    Slew   Delay    Time   Description
-----------------------------------------------------------------------------
                  0.15    0.00    0.00   clock clk (rise edge)
                          0.00    0.00   clock network delay (ideal)
                          2.00    2.00 ^ input external delay
                  0.72    0.53    2.53 ^ rst_n (in)
    37    0.16                           rst_n (net)
                  0.73    0.00    2.53 ^ _1092_/B (sky130_fd_sc_hd__nand3b_2)
                  0.25    0.32    2.85 v _1092_/Y (sky130_fd_sc_hd__nand3b_2)
     8    0.03                           _0466_ (net)
                  0.25    0.00    2.85 v _1093_/B (sky130_fd_sc_hd__or2_2)
                  0.05    0.36    3.21 v _1093_/X (sky130_fd_sc_hd__or2_2)
     1    0.00                           _0467_ (net)
                  0.05    0.00    3.21 v _1094_/A (sky130_fd_sc_hd__buf_1)
                  0.20    0.24    3.45 v _1094_/X (sky130_fd_sc_hd__buf_1)
     9    0.03                           _0468_ (net)
                  0.20    0.00    3.45 v _1167_/B (sky130_fd_sc_hd__or2_2)
                  0.07    0.36    3.82 v _1167_/X (sky130_fd_sc_hd__or2_2)
     2    0.01                           _0513_ (net)
                  0.07    0.00    3.82 v _1168_/S (sky130_fd_sc_hd__mux2_2)
                  0.05    0.28    4.10 v _1168_/X (sky130_fd_sc_hd__mux2_2)
     1    0.00                           _0514_ (net)
                  0.05    0.00    4.10 v _0582_/A (sky130_fd_sc_hd__buf_1)
                  0.02    0.09    4.18 v _0582_/X (sky130_fd_sc_hd__buf_1)
     1    0.00                           _0105_ (net)
                  0.02    0.00    4.18 v _1271_/D (sky130_fd_sc_hd__dfxtp_2)
                                  4.18   data arrival time

                  0.15   10.00   10.00   clock clk (rise edge)
                          0.00   10.00   clock network delay (ideal)
                         -0.25    9.75   clock uncertainty
                          0.00    9.75   clock reconvergence pessimism
                                  9.75 ^ _1271_/CLK (sky130_fd_sc_hd__dfxtp_2)
                         -0.08    9.67   library setup time
                                  9.67   data required time
-----------------------------------------------------------------------------
                                  9.67   data required time
                                 -4.18   data arrival time
-----------------------------------------------------------------------------
                                  5.49   slack (MET)


Startpoint: rst_n (input port clocked by clk)
Endpoint: _1272_ (rising edge-triggered flip-flop clocked by clk)
Path Group: clk
Path Type: max

Fanout     Cap    Slew   Delay    Time   Description
-----------------------------------------------------------------------------
                  0.15    0.00    0.00   clock clk (rise edge)
                          0.00    0.00   clock network delay (ideal)
                          2.00    2.00 ^ input external delay
                  0.72    0.53    2.53 ^ rst_n (in)
    37    0.16                           rst_n (net)
                  0.73    0.00    2.53 ^ _1092_/B (sky130_fd_sc_hd__nand3b_2)
                  0.25    0.32    2.85 v _1092_/Y (sky130_fd_sc_hd__nand3b_2)
     8    0.03                           _0466_ (net)
                  0.25    0.00    2.85 v _1093_/B (sky130_fd_sc_hd__or2_2)
                  0.05    0.36    3.21 v _1093_/X (sky130_fd_sc_hd__or2_2)
     1    0.00                           _0467_ (net)
                  0.05    0.00    3.21 v _1094_/A (sky130_fd_sc_hd__buf_1)
                  0.20    0.24    3.45 v _1094_/X (sky130_fd_sc_hd__buf_1)
     9    0.03                           _0468_ (net)
                  0.20    0.00    3.45 v _1167_/B (sky130_fd_sc_hd__or2_2)
                  0.07    0.36    3.82 v _1167_/X (sky130_fd_sc_hd__or2_2)
     2    0.01                           _0513_ (net)
                  0.07    0.00    3.82 v _0583_/S (sky130_fd_sc_hd__mux2_2)
                  0.05    0.28    4.10 v _0583_/X (sky130_fd_sc_hd__mux2_2)
     1    0.00                           _0515_ (net)
                  0.05    0.00    4.10 v _0584_/A (sky130_fd_sc_hd__buf_1)
                  0.02    0.09    4.18 v _0584_/X (sky130_fd_sc_hd__buf_1)
     1    0.00                           _0106_ (net)
                  0.02    0.00    4.18 v _1272_/D (sky130_fd_sc_hd__dfxtp_2)
                                  4.18   data arrival time

                  0.15   10.00   10.00   clock clk (rise edge)
                          0.00   10.00   clock network delay (ideal)
                         -0.25    9.75   clock uncertainty
                          0.00    9.75   clock reconvergence pessimism
                                  9.75 ^ _1272_/CLK (sky130_fd_sc_hd__dfxtp_2)
                         -0.08    9.67   library setup time
                                  9.67   data required time
-----------------------------------------------------------------------------
                                  9.67   data required time
                                 -4.18   data arrival time
-----------------------------------------------------------------------------
                                  5.49   slack (MET)


Startpoint: rst_n (input port clocked by clk)
Endpoint: _1273_ (rising edge-triggered flip-flop clocked by clk)
Path Group: clk
Path Type: max

Fanout     Cap    Slew   Delay    Time   Description
-----------------------------------------------------------------------------
                  0.15    0.00    0.00   clock clk (rise edge)
                          0.00    0.00   clock network delay (ideal)
                          2.00    2.00 ^ input external delay
                  0.72    0.53    2.53 ^ rst_n (in)
    37    0.16                           rst_n (net)
                  0.73    0.00    2.53 ^ _1092_/B (sky130_fd_sc_hd__nand3b_2)
                  0.25    0.32    2.85 v _1092_/Y (sky130_fd_sc_hd__nand3b_2)
     8    0.03                           _0466_ (net)
                  0.25    0.00    2.85 v _1093_/B (sky130_fd_sc_hd__or2_2)
                  0.05    0.36    3.21 v _1093_/X (sky130_fd_sc_hd__or2_2)
     1    0.00                           _0467_ (net)
                  0.05    0.00    3.21 v _1094_/A (sky130_fd_sc_hd__buf_1)
                  0.20    0.24    3.45 v _1094_/X (sky130_fd_sc_hd__buf_1)
     9    0.03                           _0468_ (net)
                  0.20    0.00    3.45 v _0585_/B (sky130_fd_sc_hd__or2_2)
                  0.07    0.36    3.82 v _0585_/X (sky130_fd_sc_hd__or2_2)
     2    0.01                           _0516_ (net)
                  0.07    0.00    3.82 v _0586_/S (sky130_fd_sc_hd__mux2_2)
                  0.05    0.28    4.10 v _0586_/X (sky130_fd_sc_hd__mux2_2)
     1    0.00                           _0517_ (net)
                  0.05    0.00    4.10 v _0587_/A (sky130_fd_sc_hd__buf_1)
                  0.02    0.09    4.18 v _0587_/X (sky130_fd_sc_hd__buf_1)
     1    0.00                           _0107_ (net)
                  0.02    0.00    4.18 v _1273_/D (sky130_fd_sc_hd__dfxtp_2)
                                  4.18   data arrival time

                  0.15   10.00   10.00   clock clk (rise edge)
                          0.00   10.00   clock network delay (ideal)
                         -0.25    9.75   clock uncertainty
                          0.00    9.75   clock reconvergence pessimism
                                  9.75 ^ _1273_/CLK (sky130_fd_sc_hd__dfxtp_2)
                         -0.08    9.67   library setup time
                                  9.67   data required time
-----------------------------------------------------------------------------
                                  9.67   data required time
                                 -4.18   data arrival time
-----------------------------------------------------------------------------
                                  5.49   slack (MET)


Startpoint: rst_n (input port clocked by clk)
Endpoint: _1274_ (rising edge-triggered flip-flop clocked by clk)
Path Group: clk
Path Type: max

Fanout     Cap    Slew   Delay    Time   Description
-----------------------------------------------------------------------------
                  0.15    0.00    0.00   clock clk (rise edge)
                          0.00    0.00   clock network delay (ideal)
                          2.00    2.00 ^ input external delay
                  0.72    0.53    2.53 ^ rst_n (in)
    37    0.16                           rst_n (net)
                  0.73    0.00    2.53 ^ _1092_/B (sky130_fd_sc_hd__nand3b_2)
                  0.25    0.32    2.85 v _1092_/Y (sky130_fd_sc_hd__nand3b_2)
     8    0.03                           _0466_ (net)
                  0.25    0.00    2.85 v _1093_/B (sky130_fd_sc_hd__or2_2)
                  0.05    0.36    3.21 v _1093_/X (sky130_fd_sc_hd__or2_2)
     1    0.00                           _0467_ (net)
                  0.05    0.00    3.21 v _1094_/A (sky130_fd_sc_hd__buf_1)
                  0.20    0.24    3.45 v _1094_/X (sky130_fd_sc_hd__buf_1)
     9    0.03                           _0468_ (net)
                  0.20    0.00    3.45 v _0585_/B (sky130_fd_sc_hd__or2_2)
                  0.07    0.36    3.82 v _0585_/X (sky130_fd_sc_hd__or2_2)
     2    0.01                           _0516_ (net)
                  0.07    0.00    3.82 v _0588_/S (sky130_fd_sc_hd__mux2_2)
                  0.05    0.28    4.09 v _0588_/X (sky130_fd_sc_hd__mux2_2)
     1    0.00                           _0518_ (net)
                  0.05    0.00    4.09 v _0589_/A (sky130_fd_sc_hd__buf_1)
                  0.02    0.09    4.18 v _0589_/X (sky130_fd_sc_hd__buf_1)
     1    0.00                           _0108_ (net)
                  0.02    0.00    4.18 v _1274_/D (sky130_fd_sc_hd__dfxtp_2)
                                  4.18   data arrival time

                  0.15   10.00   10.00   clock clk (rise edge)
                          0.00   10.00   clock network delay (ideal)
                         -0.25    9.75   clock uncertainty
                          0.00    9.75   clock reconvergence pessimism
                                  9.75 ^ _1274_/CLK (sky130_fd_sc_hd__dfxtp_2)
                         -0.08    9.67   library setup time
                                  9.67   data required time
-----------------------------------------------------------------------------
                                  9.67   data required time
                                 -4.18   data arrival time
-----------------------------------------------------------------------------
                                  5.49   slack (MET)


Startpoint: rst_n (input port clocked by clk)
Endpoint: _1238_ (rising edge-triggered flip-flop clocked by clk)
Path Group: clk
Path Type: max

Fanout     Cap    Slew   Delay    Time   Description
-----------------------------------------------------------------------------
                  0.15    0.00    0.00   clock clk (rise edge)
                          0.00    0.00   clock network delay (ideal)
                          2.00    2.00 ^ input external delay
                  0.72    0.53    2.53 ^ rst_n (in)
    37    0.16                           rst_n (net)
                  0.73    0.00    2.53 ^ _1005_/C (sky130_fd_sc_hd__nand3b_2)
                  0.24    0.31    2.84 v _1005_/Y (sky130_fd_sc_hd__nand3b_2)
     8    0.03                           _0411_ (net)
                  0.24    0.00    2.84 v _1006_/B (sky130_fd_sc_hd__or2_2)
                  0.05    0.36    3.20 v _1006_/X (sky130_fd_sc_hd__or2_2)
     1    0.00                           _0412_ (net)
                  0.05    0.00    3.20 v _1007_/A (sky130_fd_sc_hd__buf_1)
                  0.20    0.24    3.44 v _1007_/X (sky130_fd_sc_hd__buf_1)
     9    0.03                           _0413_ (net)
                  0.20    0.00    3.44 v _1077_/B (sky130_fd_sc_hd__or2_2)
                  0.07    0.37    3.81 v _1077_/X (sky130_fd_sc_hd__or2_2)
     2    0.01                           _0457_ (net)
                  0.07    0.00    3.81 v _1080_/S (sky130_fd_sc_hd__mux2_2)
                  0.05    0.28    4.09 v _1080_/X (sky130_fd_sc_hd__mux2_2)
     1    0.00                           _0459_ (net)
                  0.05    0.00    4.09 v _1081_/A (sky130_fd_sc_hd__buf_1)
                  0.02    0.09    4.18 v _1081_/X (sky130_fd_sc_hd__buf_1)
     1    0.00                           _0072_ (net)
                  0.02    0.00    4.18 v _1238_/D (sky130_fd_sc_hd__dfxtp_2)
                                  4.18   data arrival time

                  0.15   10.00   10.00   clock clk (rise edge)
                          0.00   10.00   clock network delay (ideal)
                         -0.25    9.75   clock uncertainty
                          0.00    9.75   clock reconvergence pessimism
                                  9.75 ^ _1238_/CLK (sky130_fd_sc_hd__dfxtp_2)
                         -0.08    9.67   library setup time
                                  9.67   data required time
-----------------------------------------------------------------------------
                                  9.67   data required time
                                 -4.18   data arrival time
-----------------------------------------------------------------------------
                                  5.50   slack (MET)


Startpoint: rst_n (input port clocked by clk)
Endpoint: _1233_ (rising edge-triggered flip-flop clocked by clk)
Path Group: clk
Path Type: max

Fanout     Cap    Slew   Delay    Time   Description
-----------------------------------------------------------------------------
                  0.15    0.00    0.00   clock clk (rise edge)
                          0.00    0.00   clock network delay (ideal)
                          2.00    2.00 ^ input external delay
                  0.72    0.53    2.53 ^ rst_n (in)
    37    0.16                           rst_n (net)
                  0.73    0.00    2.53 ^ _1005_/C (sky130_fd_sc_hd__nand3b_2)
                  0.24    0.31    2.84 v _1005_/Y (sky130_fd_sc_hd__nand3b_2)
     8    0.03                           _0411_ (net)
                  0.24    0.00    2.84 v _1006_/B (sky130_fd_sc_hd__or2_2)
                  0.05    0.36    3.20 v _1006_/X (sky130_fd_sc_hd__or2_2)
     1    0.00                           _0412_ (net)
                  0.05    0.00    3.20 v _1007_/A (sky130_fd_sc_hd__buf_1)
                  0.20    0.24    3.44 v _1007_/X (sky130_fd_sc_hd__buf_1)
     9    0.03                           _0413_ (net)
                  0.20    0.00    3.44 v _1067_/B (sky130_fd_sc_hd__or2_2)
                  0.07    0.37    3.81 v _1067_/X (sky130_fd_sc_hd__or2_2)
     2    0.01                           _0451_ (net)
                  0.07    0.00    3.81 v _1068_/S (sky130_fd_sc_hd__mux2_2)
                  0.05    0.28    4.09 v _1068_/X (sky130_fd_sc_hd__mux2_2)
     1    0.00                           _0452_ (net)
                  0.05    0.00    4.09 v _1069_/A (sky130_fd_sc_hd__buf_1)
                  0.02    0.09    4.17 v _1069_/X (sky130_fd_sc_hd__buf_1)
     1    0.00                           _0067_ (net)
                  0.02    0.00    4.17 v _1233_/D (sky130_fd_sc_hd__dfxtp_2)
                                  4.17   data arrival time

                  0.15   10.00   10.00   clock clk (rise edge)
                          0.00   10.00   clock network delay (ideal)
                         -0.25    9.75   clock uncertainty
                          0.00    9.75   clock reconvergence pessimism
                                  9.75 ^ _1233_/CLK (sky130_fd_sc_hd__dfxtp_2)
                         -0.08    9.67   library setup time
                                  9.67   data required time
-----------------------------------------------------------------------------
                                  9.67   data required time
                                 -4.17   data arrival time
-----------------------------------------------------------------------------
                                  5.50   slack (MET)


Startpoint: rst_n (input port clocked by clk)
Endpoint: _1242_ (rising edge-triggered flip-flop clocked by clk)
Path Group: clk
Path Type: max

Fanout     Cap    Slew   Delay    Time   Description
-----------------------------------------------------------------------------
                  0.15    0.00    0.00   clock clk (rise edge)
                          0.00    0.00   clock network delay (ideal)
                          2.00    2.00 ^ input external delay
                  0.72    0.53    2.53 ^ rst_n (in)
    37    0.16                           rst_n (net)
                  0.73    0.00    2.53 ^ _1005_/C (sky130_fd_sc_hd__nand3b_2)
                  0.24    0.31    2.84 v _1005_/Y (sky130_fd_sc_hd__nand3b_2)
     8    0.03                           _0411_ (net)
                  0.24    0.00    2.84 v _1006_/B (sky130_fd_sc_hd__or2_2)
                  0.05    0.36    3.20 v _1006_/X (sky130_fd_sc_hd__or2_2)
     1    0.00                           _0412_ (net)
                  0.05    0.00    3.20 v _1007_/A (sky130_fd_sc_hd__buf_1)
                  0.20    0.24    3.44 v _1007_/X (sky130_fd_sc_hd__buf_1)
     9    0.03                           _0413_ (net)
                  0.20    0.00    3.44 v _1087_/B (sky130_fd_sc_hd__or2_2)
                  0.07    0.37    3.80 v _1087_/X (sky130_fd_sc_hd__or2_2)
     2    0.01                           _0463_ (net)
                  0.07    0.00    3.80 v _1090_/S (sky130_fd_sc_hd__mux2_2)
                  0.05    0.28    4.09 v _1090_/X (sky130_fd_sc_hd__mux2_2)
     1    0.00                           _0465_ (net)
                  0.05    0.00    4.09 v _1091_/A (sky130_fd_sc_hd__buf_1)
                  0.02    0.09    4.17 v _1091_/X (sky130_fd_sc_hd__buf_1)
     1    0.00                           _0076_ (net)
                  0.02    0.00    4.17 v _1242_/D (sky130_fd_sc_hd__dfxtp_2)
                                  4.17   data arrival time

                  0.15   10.00   10.00   clock clk (rise edge)
                          0.00   10.00   clock network delay (ideal)
                         -0.25    9.75   clock uncertainty
                          0.00    9.75   clock reconvergence pessimism
                                  9.75 ^ _1242_/CLK (sky130_fd_sc_hd__dfxtp_2)
                         -0.08    9.67   library setup time
                                  9.67   data required time
-----------------------------------------------------------------------------
                                  9.67   data required time
                                 -4.17   data arrival time
-----------------------------------------------------------------------------
                                  5.50   slack (MET)


Startpoint: rst_n (input port clocked by clk)
Endpoint: _1237_ (rising edge-triggered flip-flop clocked by clk)
Path Group: clk
Path Type: max

Fanout     Cap    Slew   Delay    Time   Description
-----------------------------------------------------------------------------
                  0.15    0.00    0.00   clock clk (rise edge)
                          0.00    0.00   clock network delay (ideal)
                          2.00    2.00 ^ input external delay
                  0.72    0.53    2.53 ^ rst_n (in)
    37    0.16                           rst_n (net)
                  0.73    0.00    2.53 ^ _1005_/C (sky130_fd_sc_hd__nand3b_2)
                  0.24    0.31    2.84 v _1005_/Y (sky130_fd_sc_hd__nand3b_2)
     8    0.03                           _0411_ (net)
                  0.24    0.00    2.84 v _1006_/B (sky130_fd_sc_hd__or2_2)
                  0.05    0.36    3.20 v _1006_/X (sky130_fd_sc_hd__or2_2)
     1    0.00                           _0412_ (net)
                  0.05    0.00    3.20 v _1007_/A (sky130_fd_sc_hd__buf_1)
                  0.20    0.24    3.44 v _1007_/X (sky130_fd_sc_hd__buf_1)
     9    0.03                           _0413_ (net)
                  0.20    0.00    3.44 v _1077_/B (sky130_fd_sc_hd__or2_2)
                  0.07    0.37    3.81 v _1077_/X (sky130_fd_sc_hd__or2_2)
     2    0.01                           _0457_ (net)
                  0.07    0.00    3.81 v _1078_/S (sky130_fd_sc_hd__mux2_2)
                  0.05    0.28    4.09 v _1078_/X (sky130_fd_sc_hd__mux2_2)
     1    0.00                           _0458_ (net)
                  0.05    0.00    4.09 v _1079_/A (sky130_fd_sc_hd__buf_1)
                  0.02    0.09    4.17 v _1079_/X (sky130_fd_sc_hd__buf_1)
     1    0.00                           _0071_ (net)
                  0.02    0.00    4.17 v _1237_/D (sky130_fd_sc_hd__dfxtp_2)
                                  4.17   data arrival time

                  0.15   10.00   10.00   clock clk (rise edge)
                          0.00   10.00   clock network delay (ideal)
                         -0.25    9.75   clock uncertainty
                          0.00    9.75   clock reconvergence pessimism
                                  9.75 ^ _1237_/CLK (sky130_fd_sc_hd__dfxtp_2)
                         -0.08    9.67   library setup time
                                  9.67   data required time
-----------------------------------------------------------------------------
                                  9.67   data required time
                                 -4.17   data arrival time
-----------------------------------------------------------------------------
                                  5.50   slack (MET)


Startpoint: rst_n (input port clocked by clk)
Endpoint: _1234_ (rising edge-triggered flip-flop clocked by clk)
Path Group: clk
Path Type: max

Fanout     Cap    Slew   Delay    Time   Description
-----------------------------------------------------------------------------
                  0.15    0.00    0.00   clock clk (rise edge)
                          0.00    0.00   clock network delay (ideal)
                          2.00    2.00 ^ input external delay
                  0.72    0.53    2.53 ^ rst_n (in)
    37    0.16                           rst_n (net)
                  0.73    0.00    2.53 ^ _1005_/C (sky130_fd_sc_hd__nand3b_2)
                  0.24    0.31    2.84 v _1005_/Y (sky130_fd_sc_hd__nand3b_2)
     8    0.03                           _0411_ (net)
                  0.24    0.00    2.84 v _1006_/B (sky130_fd_sc_hd__or2_2)
                  0.05    0.36    3.20 v _1006_/X (sky130_fd_sc_hd__or2_2)
     1    0.00                           _0412_ (net)
                  0.05    0.00    3.20 v _1007_/A (sky130_fd_sc_hd__buf_1)
                  0.20    0.24    3.44 v _1007_/X (sky130_fd_sc_hd__buf_1)
     9    0.03                           _0413_ (net)
                  0.20    0.00    3.44 v _1067_/B (sky130_fd_sc_hd__or2_2)
                  0.07    0.37    3.81 v _1067_/X (sky130_fd_sc_hd__or2_2)
     2    0.01                           _0451_ (net)
                  0.07    0.00    3.81 v _1070_/S (sky130_fd_sc_hd__mux2_2)
                  0.05    0.28    4.09 v _1070_/X (sky130_fd_sc_hd__mux2_2)
     1    0.00                           _0453_ (net)
                  0.05    0.00    4.09 v _1071_/A (sky130_fd_sc_hd__buf_1)
                  0.02    0.09    4.17 v _1071_/X (sky130_fd_sc_hd__buf_1)
     1    0.00                           _0068_ (net)
                  0.02    0.00    4.17 v _1234_/D (sky130_fd_sc_hd__dfxtp_2)
                                  4.17   data arrival time

                  0.15   10.00   10.00   clock clk (rise edge)
                          0.00   10.00   clock network delay (ideal)
                         -0.25    9.75   clock uncertainty
                          0.00    9.75   clock reconvergence pessimism
                                  9.75 ^ _1234_/CLK (sky130_fd_sc_hd__dfxtp_2)
                         -0.08    9.67   library setup time
                                  9.67   data required time
-----------------------------------------------------------------------------
                                  9.67   data required time
                                 -4.17   data arrival time
-----------------------------------------------------------------------------
                                  5.50   slack (MET)


Startpoint: rst_n (input port clocked by clk)
Endpoint: _1241_ (rising edge-triggered flip-flop clocked by clk)
Path Group: clk
Path Type: max

Fanout     Cap    Slew   Delay    Time   Description
-----------------------------------------------------------------------------
                  0.15    0.00    0.00   clock clk (rise edge)
                          0.00    0.00   clock network delay (ideal)
                          2.00    2.00 ^ input external delay
                  0.72    0.53    2.53 ^ rst_n (in)
    37    0.16                           rst_n (net)
                  0.73    0.00    2.53 ^ _1005_/C (sky130_fd_sc_hd__nand3b_2)
                  0.24    0.31    2.84 v _1005_/Y (sky130_fd_sc_hd__nand3b_2)
     8    0.03                           _0411_ (net)
                  0.24    0.00    2.84 v _1006_/B (sky130_fd_sc_hd__or2_2)
                  0.05    0.36    3.20 v _1006_/X (sky130_fd_sc_hd__or2_2)
     1    0.00                           _0412_ (net)
                  0.05    0.00    3.20 v _1007_/A (sky130_fd_sc_hd__buf_1)
                  0.20    0.24    3.44 v _1007_/X (sky130_fd_sc_hd__buf_1)
     9    0.03                           _0413_ (net)
                  0.20    0.00    3.44 v _1087_/B (sky130_fd_sc_hd__or2_2)
                  0.07    0.37    3.80 v _1087_/X (sky130_fd_sc_hd__or2_2)
     2    0.01                           _0463_ (net)
                  0.07    0.00    3.80 v _1088_/S (sky130_fd_sc_hd__mux2_2)
                  0.05    0.28    4.09 v _1088_/X (sky130_fd_sc_hd__mux2_2)
     1    0.00                           _0464_ (net)
                  0.05    0.00    4.09 v _1089_/A (sky130_fd_sc_hd__buf_1)
                  0.02    0.09    4.17 v _1089_/X (sky130_fd_sc_hd__buf_1)
     1    0.00                           _0075_ (net)
                  0.02    0.00    4.17 v _1241_/D (sky130_fd_sc_hd__dfxtp_2)
                                  4.17   data arrival time

                  0.15   10.00   10.00   clock clk (rise edge)
                          0.00   10.00   clock network delay (ideal)
                         -0.25    9.75   clock uncertainty
                          0.00    9.75   clock reconvergence pessimism
                                  9.75 ^ _1241_/CLK (sky130_fd_sc_hd__dfxtp_2)
                         -0.08    9.67   library setup time
                                  9.67   data required time
-----------------------------------------------------------------------------
                                  9.67   data required time
                                 -4.17   data arrival time
-----------------------------------------------------------------------------
                                  5.50   slack (MET)


Startpoint: rst_n (input port clocked by clk)
Endpoint: _1206_ (rising edge-triggered flip-flop clocked by clk)
Path Group: clk
Path Type: max

Fanout     Cap    Slew   Delay    Time   Description
-----------------------------------------------------------------------------
                  0.15    0.00    0.00   clock clk (rise edge)
                          0.00    0.00   clock network delay (ideal)
                          2.00    2.00 ^ input external delay
                  0.72    0.53    2.53 ^ rst_n (in)
    37    0.16                           rst_n (net)
                  0.73    0.00    2.53 ^ _0869_/C (sky130_fd_sc_hd__nand3_2)
                  0.22    0.29    2.82 v _0869_/Y (sky130_fd_sc_hd__nand3_2)
     8    0.03                           _0314_ (net)
                  0.22    0.00    2.82 v _0871_/A (sky130_fd_sc_hd__or2_2)
                  0.05    0.37    3.19 v _0871_/X (sky130_fd_sc_hd__or2_2)
     1    0.00                           _0316_ (net)
                  0.05    0.00    3.19 v _0872_/A (sky130_fd_sc_hd__buf_1)
                  0.19    0.23    3.42 v _0872_/X (sky130_fd_sc_hd__buf_1)
     9    0.03                           _0317_ (net)
                  0.19    0.00    3.42 v _0988_/A (sky130_fd_sc_hd__or2_2)
                  0.07    0.38    3.80 v _0988_/X (sky130_fd_sc_hd__or2_2)
     2    0.01                           _0400_ (net)
                  0.07    0.00    3.80 v _0991_/S (sky130_fd_sc_hd__mux2_2)
                  0.05    0.28    4.09 v _0991_/X (sky130_fd_sc_hd__mux2_2)
     1    0.00                           _0402_ (net)
                  0.05    0.00    4.09 v _0992_/A (sky130_fd_sc_hd__buf_1)
                  0.02    0.09    4.17 v _0992_/X (sky130_fd_sc_hd__buf_1)
     1    0.00                           _0040_ (net)
                  0.02    0.00    4.17 v _1206_/D (sky130_fd_sc_hd__dfxtp_2)
                                  4.17   data arrival time

                  0.15   10.00   10.00   clock clk (rise edge)
                          0.00   10.00   clock network delay (ideal)
                         -0.25    9.75   clock uncertainty
                          0.00    9.75   clock reconvergence pessimism
                                  9.75 ^ _1206_/CLK (sky130_fd_sc_hd__dfxtp_2)
                         -0.08    9.67   library setup time
                                  9.67   data required time
-----------------------------------------------------------------------------
                                  9.67   data required time
                                 -4.17   data arrival time
-----------------------------------------------------------------------------
                                  5.50   slack (MET)


Startpoint: rst_n (input port clocked by clk)
Endpoint: _1207_ (rising edge-triggered flip-flop clocked by clk)
Path Group: clk
Path Type: max

Fanout     Cap    Slew   Delay    Time   Description
-----------------------------------------------------------------------------
                  0.15    0.00    0.00   clock clk (rise edge)
                          0.00    0.00   clock network delay (ideal)
                          2.00    2.00 ^ input external delay
                  0.72    0.53    2.53 ^ rst_n (in)
    37    0.16                           rst_n (net)
                  0.73    0.00    2.53 ^ _0869_/C (sky130_fd_sc_hd__nand3_2)
                  0.22    0.29    2.82 v _0869_/Y (sky130_fd_sc_hd__nand3_2)
     8    0.03                           _0314_ (net)
                  0.22    0.00    2.82 v _0871_/A (sky130_fd_sc_hd__or2_2)
                  0.05    0.37    3.19 v _0871_/X (sky130_fd_sc_hd__or2_2)
     1    0.00                           _0316_ (net)
                  0.05    0.00    3.19 v _0872_/A (sky130_fd_sc_hd__buf_1)
                  0.19    0.23    3.42 v _0872_/X (sky130_fd_sc_hd__buf_1)
     9    0.03                           _0317_ (net)
                  0.19    0.00    3.42 v _0994_/A (sky130_fd_sc_hd__or2_2)
                  0.07    0.38    3.80 v _0994_/X (sky130_fd_sc_hd__or2_2)
     2    0.01                           _0404_ (net)
                  0.07    0.00    3.80 v _0995_/S (sky130_fd_sc_hd__mux2_2)
                  0.05    0.28    4.08 v _0995_/X (sky130_fd_sc_hd__mux2_2)
     1    0.00                           _0405_ (net)
                  0.05    0.00    4.08 v _0996_/A (sky130_fd_sc_hd__buf_1)
                  0.02    0.09    4.17 v _0996_/X (sky130_fd_sc_hd__buf_1)
     1    0.00                           _0041_ (net)
                  0.02    0.00    4.17 v _1207_/D (sky130_fd_sc_hd__dfxtp_2)
                                  4.17   data arrival time

                  0.15   10.00   10.00   clock clk (rise edge)
                          0.00   10.00   clock network delay (ideal)
                         -0.25    9.75   clock uncertainty
                          0.00    9.75   clock reconvergence pessimism
                                  9.75 ^ _1207_/CLK (sky130_fd_sc_hd__dfxtp_2)
                         -0.08    9.67   library setup time
                                  9.67   data required time
-----------------------------------------------------------------------------
                                  9.67   data required time
                                 -4.17   data arrival time
-----------------------------------------------------------------------------
                                  5.50   slack (MET)


Startpoint: rst_n (input port clocked by clk)
Endpoint: _1205_ (rising edge-triggered flip-flop clocked by clk)
Path Group: clk
Path Type: max

Fanout     Cap    Slew   Delay    Time   Description
-----------------------------------------------------------------------------
                  0.15    0.00    0.00   clock clk (rise edge)
                          0.00    0.00   clock network delay (ideal)
                          2.00    2.00 ^ input external delay
                  0.72    0.53    2.53 ^ rst_n (in)
    37    0.16                           rst_n (net)
                  0.73    0.00    2.53 ^ _0869_/C (sky130_fd_sc_hd__nand3_2)
                  0.22    0.29    2.82 v _0869_/Y (sky130_fd_sc_hd__nand3_2)
     8    0.03                           _0314_ (net)
                  0.22    0.00    2.82 v _0871_/A (sky130_fd_sc_hd__or2_2)
                  0.05    0.37    3.19 v _0871_/X (sky130_fd_sc_hd__or2_2)
     1    0.00                           _0316_ (net)
                  0.05    0.00    3.19 v _0872_/A (sky130_fd_sc_hd__buf_1)
                  0.19    0.23    3.42 v _0872_/X (sky130_fd_sc_hd__buf_1)
     9    0.03                           _0317_ (net)
                  0.19    0.00    3.42 v _0988_/A (sky130_fd_sc_hd__or2_2)
                  0.07    0.38    3.80 v _0988_/X (sky130_fd_sc_hd__or2_2)
     2    0.01                           _0400_ (net)
                  0.07    0.00    3.80 v _0989_/S (sky130_fd_sc_hd__mux2_2)
                  0.05    0.28    4.08 v _0989_/X (sky130_fd_sc_hd__mux2_2)
     1    0.00                           _0401_ (net)
                  0.05    0.00    4.08 v _0990_/A (sky130_fd_sc_hd__buf_1)
                  0.02    0.09    4.17 v _0990_/X (sky130_fd_sc_hd__buf_1)
     1    0.00                           _0039_ (net)
                  0.02    0.00    4.17 v _1205_/D (sky130_fd_sc_hd__dfxtp_2)
                                  4.17   data arrival time

                  0.15   10.00   10.00   clock clk (rise edge)
                          0.00   10.00   clock network delay (ideal)
                         -0.25    9.75   clock uncertainty
                          0.00    9.75   clock reconvergence pessimism
                                  9.75 ^ _1205_/CLK (sky130_fd_sc_hd__dfxtp_2)
                         -0.08    9.67   library setup time
                                  9.67   data required time
-----------------------------------------------------------------------------
                                  9.67   data required time
                                 -4.17   data arrival time
-----------------------------------------------------------------------------
                                  5.50   slack (MET)


Startpoint: rst_n (input port clocked by clk)
Endpoint: _1208_ (rising edge-triggered flip-flop clocked by clk)
Path Group: clk
Path Type: max

Fanout     Cap    Slew   Delay    Time   Description
-----------------------------------------------------------------------------
                  0.15    0.00    0.00   clock clk (rise edge)
                          0.00    0.00   clock network delay (ideal)
                          2.00    2.00 ^ input external delay
                  0.72    0.53    2.53 ^ rst_n (in)
    37    0.16                           rst_n (net)
                  0.73    0.00    2.53 ^ _0869_/C (sky130_fd_sc_hd__nand3_2)
                  0.22    0.29    2.82 v _0869_/Y (sky130_fd_sc_hd__nand3_2)
     8    0.03                           _0314_ (net)
                  0.22    0.00    2.82 v _0871_/A (sky130_fd_sc_hd__or2_2)
                  0.05    0.37    3.19 v _0871_/X (sky130_fd_sc_hd__or2_2)
     1    0.00                           _0316_ (net)
                  0.05    0.00    3.19 v _0872_/A (sky130_fd_sc_hd__buf_1)
                  0.19    0.23    3.42 v _0872_/X (sky130_fd_sc_hd__buf_1)
     9    0.03                           _0317_ (net)
                  0.19    0.00    3.42 v _0994_/A (sky130_fd_sc_hd__or2_2)
                  0.07    0.38    3.80 v _0994_/X (sky130_fd_sc_hd__or2_2)
     2    0.01                           _0404_ (net)
                  0.07    0.00    3.80 v _0997_/S (sky130_fd_sc_hd__mux2_2)
                  0.05    0.28    4.08 v _0997_/X (sky130_fd_sc_hd__mux2_2)
     1    0.00                           _0406_ (net)
                  0.05    0.00    4.08 v _0998_/A (sky130_fd_sc_hd__buf_1)
                  0.02    0.09    4.17 v _0998_/X (sky130_fd_sc_hd__buf_1)
     1    0.00                           _0042_ (net)
                  0.02    0.00    4.17 v _1208_/D (sky130_fd_sc_hd__dfxtp_2)
                                  4.17   data arrival time

                  0.15   10.00   10.00   clock clk (rise edge)
                          0.00   10.00   clock network delay (ideal)
                         -0.25    9.75   clock uncertainty
                          0.00    9.75   clock reconvergence pessimism
                                  9.75 ^ _1208_/CLK (sky130_fd_sc_hd__dfxtp_2)
                         -0.08    9.67   library setup time
                                  9.67   data required time
-----------------------------------------------------------------------------
                                  9.67   data required time
                                 -4.17   data arrival time
-----------------------------------------------------------------------------
                                  5.50   slack (MET)


Startpoint: rst_n (input port clocked by clk)
Endpoint: _1209_ (rising edge-triggered flip-flop clocked by clk)
Path Group: clk
Path Type: max

Fanout     Cap    Slew   Delay    Time   Description
-----------------------------------------------------------------------------
                  0.15    0.00    0.00   clock clk (rise edge)
                          0.00    0.00   clock network delay (ideal)
                          2.00    2.00 ^ input external delay
                  0.72    0.53    2.53 ^ rst_n (in)
    37    0.16                           rst_n (net)
                  0.73    0.00    2.53 ^ _0869_/C (sky130_fd_sc_hd__nand3_2)
                  0.22    0.29    2.82 v _0869_/Y (sky130_fd_sc_hd__nand3_2)
     8    0.03                           _0314_ (net)
                  0.22    0.00    2.82 v _0871_/A (sky130_fd_sc_hd__or2_2)
                  0.05    0.37    3.19 v _0871_/X (sky130_fd_sc_hd__or2_2)
     1    0.00                           _0316_ (net)
                  0.05    0.00    3.19 v _0872_/A (sky130_fd_sc_hd__buf_1)
                  0.19    0.23    3.42 v _0872_/X (sky130_fd_sc_hd__buf_1)
     9    0.03                           _0317_ (net)
                  0.19    0.00    3.42 v _1000_/A (sky130_fd_sc_hd__or2_2)
                  0.07    0.38    3.80 v _1000_/X (sky130_fd_sc_hd__or2_2)
     2    0.01                           _0408_ (net)
                  0.07    0.00    3.80 v _1001_/S (sky130_fd_sc_hd__mux2_2)
                  0.05    0.28    4.08 v _1001_/X (sky130_fd_sc_hd__mux2_2)
     1    0.00                           _0409_ (net)
                  0.05    0.00    4.08 v _1002_/A (sky130_fd_sc_hd__buf_1)
                  0.02    0.09    4.17 v _1002_/X (sky130_fd_sc_hd__buf_1)
     1    0.00                           _0043_ (net)
                  0.02    0.00    4.17 v _1209_/D (sky130_fd_sc_hd__dfxtp_2)
                                  4.17   data arrival time

                  0.15   10.00   10.00   clock clk (rise edge)
                          0.00   10.00   clock network delay (ideal)
                         -0.25    9.75   clock uncertainty
                          0.00    9.75   clock reconvergence pessimism
                                  9.75 ^ _1209_/CLK (sky130_fd_sc_hd__dfxtp_2)
                         -0.08    9.67   library setup time
                                  9.67   data required time
-----------------------------------------------------------------------------
                                  9.67   data required time
                                 -4.17   data arrival time
-----------------------------------------------------------------------------
                                  5.50   slack (MET)


Startpoint: rst_n (input port clocked by clk)
Endpoint: _1210_ (rising edge-triggered flip-flop clocked by clk)
Path Group: clk
Path Type: max

Fanout     Cap    Slew   Delay    Time   Description
-----------------------------------------------------------------------------
                  0.15    0.00    0.00   clock clk (rise edge)
                          0.00    0.00   clock network delay (ideal)
                          2.00    2.00 ^ input external delay
                  0.72    0.53    2.53 ^ rst_n (in)
    37    0.16                           rst_n (net)
                  0.73    0.00    2.53 ^ _0869_/C (sky130_fd_sc_hd__nand3_2)
                  0.22    0.29    2.82 v _0869_/Y (sky130_fd_sc_hd__nand3_2)
     8    0.03                           _0314_ (net)
                  0.22    0.00    2.82 v _0871_/A (sky130_fd_sc_hd__or2_2)
                  0.05    0.37    3.19 v _0871_/X (sky130_fd_sc_hd__or2_2)
     1    0.00                           _0316_ (net)
                  0.05    0.00    3.19 v _0872_/A (sky130_fd_sc_hd__buf_1)
                  0.19    0.23    3.42 v _0872_/X (sky130_fd_sc_hd__buf_1)
     9    0.03                           _0317_ (net)
                  0.19    0.00    3.42 v _1000_/A (sky130_fd_sc_hd__or2_2)
                  0.07    0.38    3.80 v _1000_/X (sky130_fd_sc_hd__or2_2)
     2    0.01                           _0408_ (net)
                  0.07    0.00    3.80 v _1003_/S (sky130_fd_sc_hd__mux2_2)
                  0.05    0.28    4.08 v _1003_/X (sky130_fd_sc_hd__mux2_2)
     1    0.00                           _0410_ (net)
                  0.05    0.00    4.08 v _1004_/A (sky130_fd_sc_hd__buf_1)
                  0.02    0.09    4.17 v _1004_/X (sky130_fd_sc_hd__buf_1)
     1    0.00                           _0044_ (net)
                  0.02    0.00    4.17 v _1210_/D (sky130_fd_sc_hd__dfxtp_2)
                                  4.17   data arrival time

                  0.15   10.00   10.00   clock clk (rise edge)
                          0.00   10.00   clock network delay (ideal)
                         -0.25    9.75   clock uncertainty
                          0.00    9.75   clock reconvergence pessimism
                                  9.75 ^ _1210_/CLK (sky130_fd_sc_hd__dfxtp_2)
                         -0.08    9.67   library setup time
                                  9.67   data required time
-----------------------------------------------------------------------------
                                  9.67   data required time
                                 -4.17   data arrival time
-----------------------------------------------------------------------------
                                  5.50   slack (MET)


Startpoint: rst_n (input port clocked by clk)
Endpoint: _1239_ (rising edge-triggered flip-flop clocked by clk)
Path Group: clk
Path Type: max

Fanout     Cap    Slew   Delay    Time   Description
-----------------------------------------------------------------------------
                  0.15    0.00    0.00   clock clk (rise edge)
                          0.00    0.00   clock network delay (ideal)
                          2.00    2.00 ^ input external delay
                  0.72    0.53    2.53 ^ rst_n (in)
    37    0.16                           rst_n (net)
                  0.73    0.00    2.53 ^ _1005_/C (sky130_fd_sc_hd__nand3b_2)
                  0.24    0.31    2.84 v _1005_/Y (sky130_fd_sc_hd__nand3b_2)
     8    0.03                           _0411_ (net)
                  0.24    0.00    2.84 v _1006_/B (sky130_fd_sc_hd__or2_2)
                  0.05    0.36    3.20 v _1006_/X (sky130_fd_sc_hd__or2_2)
     1    0.00                           _0412_ (net)
                  0.05    0.00    3.20 v _1007_/A (sky130_fd_sc_hd__buf_1)
                  0.20    0.24    3.44 v _1007_/X (sky130_fd_sc_hd__buf_1)
     9    0.03                           _0413_ (net)
                  0.20    0.00    3.44 v _1082_/B (sky130_fd_sc_hd__or2_2)
                  0.07    0.37    3.80 v _1082_/X (sky130_fd_sc_hd__or2_2)
     2    0.01                           _0460_ (net)
                  0.07    0.00    3.80 v _1083_/S (sky130_fd_sc_hd__mux2_2)
                  0.05    0.28    4.08 v _1083_/X (sky130_fd_sc_hd__mux2_2)
     1    0.00                           _0461_ (net)
                  0.05    0.00    4.08 v _1084_/A (sky130_fd_sc_hd__buf_1)
                  0.02    0.09    4.17 v _1084_/X (sky130_fd_sc_hd__buf_1)
     1    0.00                           _0073_ (net)
                  0.02    0.00    4.17 v _1239_/D (sky130_fd_sc_hd__dfxtp_2)
                                  4.17   data arrival time

                  0.15   10.00   10.00   clock clk (rise edge)
                          0.00   10.00   clock network delay (ideal)
                         -0.25    9.75   clock uncertainty
                          0.00    9.75   clock reconvergence pessimism
                                  9.75 ^ _1239_/CLK (sky130_fd_sc_hd__dfxtp_2)
                         -0.08    9.67   library setup time
                                  9.67   data required time
-----------------------------------------------------------------------------
                                  9.67   data required time
                                 -4.17   data arrival time
-----------------------------------------------------------------------------
                                  5.50   slack (MET)


Startpoint: rst_n (input port clocked by clk)
Endpoint: _1240_ (rising edge-triggered flip-flop clocked by clk)
Path Group: clk
Path Type: max

Fanout     Cap    Slew   Delay    Time   Description
-----------------------------------------------------------------------------
                  0.15    0.00    0.00   clock clk (rise edge)
                          0.00    0.00   clock network delay (ideal)
                          2.00    2.00 ^ input external delay
                  0.72    0.53    2.53 ^ rst_n (in)
    37    0.16                           rst_n (net)
                  0.73    0.00    2.53 ^ _1005_/C (sky130_fd_sc_hd__nand3b_2)
                  0.24    0.31    2.84 v _1005_/Y (sky130_fd_sc_hd__nand3b_2)
     8    0.03                           _0411_ (net)
                  0.24    0.00    2.84 v _1006_/B (sky130_fd_sc_hd__or2_2)
                  0.05    0.36    3.20 v _1006_/X (sky130_fd_sc_hd__or2_2)
     1    0.00                           _0412_ (net)
                  0.05    0.00    3.20 v _1007_/A (sky130_fd_sc_hd__buf_1)
                  0.20    0.24    3.44 v _1007_/X (sky130_fd_sc_hd__buf_1)
     9    0.03                           _0413_ (net)
                  0.20    0.00    3.44 v _1082_/B (sky130_fd_sc_hd__or2_2)
                  0.07    0.37    3.80 v _1082_/X (sky130_fd_sc_hd__or2_2)
     2    0.01                           _0460_ (net)
                  0.07    0.00    3.80 v _1085_/S (sky130_fd_sc_hd__mux2_2)
                  0.05    0.28    4.08 v _1085_/X (sky130_fd_sc_hd__mux2_2)
     1    0.00                           _0462_ (net)
                  0.05    0.00    4.08 v _1086_/A (sky130_fd_sc_hd__buf_1)
                  0.02    0.09    4.17 v _1086_/X (sky130_fd_sc_hd__buf_1)
     1    0.00                           _0074_ (net)
                  0.02    0.00    4.17 v _1240_/D (sky130_fd_sc_hd__dfxtp_2)
                                  4.17   data arrival time

                  0.15   10.00   10.00   clock clk (rise edge)
                          0.00   10.00   clock network delay (ideal)
                         -0.25    9.75   clock uncertainty
                          0.00    9.75   clock reconvergence pessimism
                                  9.75 ^ _1240_/CLK (sky130_fd_sc_hd__dfxtp_2)
                         -0.08    9.67   library setup time
                                  9.67   data required time
-----------------------------------------------------------------------------
                                  9.67   data required time
                                 -4.17   data arrival time
-----------------------------------------------------------------------------
                                  5.50   slack (MET)


Startpoint: rst_n (input port clocked by clk)
Endpoint: _1202_ (rising edge-triggered flip-flop clocked by clk)
Path Group: clk
Path Type: max

Fanout     Cap    Slew   Delay    Time   Description
-----------------------------------------------------------------------------
                  0.15    0.00    0.00   clock clk (rise edge)
                          0.00    0.00   clock network delay (ideal)
                          2.00    2.00 ^ input external delay
                  0.72    0.53    2.53 ^ rst_n (in)
    37    0.16                           rst_n (net)
                  0.73    0.00    2.53 ^ _0869_/C (sky130_fd_sc_hd__nand3_2)
                  0.22    0.29    2.82 v _0869_/Y (sky130_fd_sc_hd__nand3_2)
     8    0.03                           _0314_ (net)
                  0.22    0.00    2.82 v _0871_/A (sky130_fd_sc_hd__or2_2)
                  0.05    0.37    3.19 v _0871_/X (sky130_fd_sc_hd__or2_2)
     1    0.00                           _0316_ (net)
                  0.05    0.00    3.19 v _0872_/A (sky130_fd_sc_hd__buf_1)
                  0.19    0.23    3.42 v _0872_/X (sky130_fd_sc_hd__buf_1)
     9    0.03                           _0317_ (net)
                  0.19    0.00    3.42 v _0976_/A (sky130_fd_sc_hd__or2_2)
                  0.07    0.38    3.80 v _0976_/X (sky130_fd_sc_hd__or2_2)
     2    0.01                           _0392_ (net)
                  0.07    0.00    3.80 v _0979_/S (sky130_fd_sc_hd__mux2_2)
                  0.05    0.28    4.08 v _0979_/X (sky130_fd_sc_hd__mux2_2)
     1    0.00                           _0394_ (net)
                  0.05    0.00    4.08 v _0980_/A (sky130_fd_sc_hd__buf_1)
                  0.02    0.09    4.17 v _0980_/X (sky130_fd_sc_hd__buf_1)
     1    0.00                           _0036_ (net)
                  0.02    0.00    4.17 v _1202_/D (sky130_fd_sc_hd__dfxtp_2)
                                  4.17   data arrival time

                  0.15   10.00   10.00   clock clk (rise edge)
                          0.00   10.00   clock network delay (ideal)
                         -0.25    9.75   clock uncertainty
                          0.00    9.75   clock reconvergence pessimism
                                  9.75 ^ _1202_/CLK (sky130_fd_sc_hd__dfxtp_2)
                         -0.08    9.67   library setup time
                                  9.67   data required time
-----------------------------------------------------------------------------
                                  9.67   data required time
                                 -4.17   data arrival time
-----------------------------------------------------------------------------
                                  5.50   slack (MET)


Startpoint: rst_n (input port clocked by clk)
Endpoint: _1201_ (rising edge-triggered flip-flop clocked by clk)
Path Group: clk
Path Type: max

Fanout     Cap    Slew   Delay    Time   Description
-----------------------------------------------------------------------------
                  0.15    0.00    0.00   clock clk (rise edge)
                          0.00    0.00   clock network delay (ideal)
                          2.00    2.00 ^ input external delay
                  0.72    0.53    2.53 ^ rst_n (in)
    37    0.16                           rst_n (net)
                  0.73    0.00    2.53 ^ _0869_/C (sky130_fd_sc_hd__nand3_2)
                  0.22    0.29    2.82 v _0869_/Y (sky130_fd_sc_hd__nand3_2)
     8    0.03                           _0314_ (net)
                  0.22    0.00    2.82 v _0871_/A (sky130_fd_sc_hd__or2_2)
                  0.05    0.37    3.19 v _0871_/X (sky130_fd_sc_hd__or2_2)
     1    0.00                           _0316_ (net)
                  0.05    0.00    3.19 v _0872_/A (sky130_fd_sc_hd__buf_1)
                  0.19    0.23    3.42 v _0872_/X (sky130_fd_sc_hd__buf_1)
     9    0.03                           _0317_ (net)
                  0.19    0.00    3.42 v _0976_/A (sky130_fd_sc_hd__or2_2)
                  0.07    0.38    3.80 v _0976_/X (sky130_fd_sc_hd__or2_2)
     2    0.01                           _0392_ (net)
                  0.07    0.00    3.80 v _0977_/S (sky130_fd_sc_hd__mux2_2)
                  0.05    0.28    4.08 v _0977_/X (sky130_fd_sc_hd__mux2_2)
     1    0.00                           _0393_ (net)
                  0.05    0.00    4.08 v _0978_/A (sky130_fd_sc_hd__buf_1)
                  0.02    0.09    4.17 v _0978_/X (sky130_fd_sc_hd__buf_1)
     1    0.00                           _0035_ (net)
                  0.02    0.00    4.17 v _1201_/D (sky130_fd_sc_hd__dfxtp_2)
                                  4.17   data arrival time

                  0.15   10.00   10.00   clock clk (rise edge)
                          0.00   10.00   clock network delay (ideal)
                         -0.25    9.75   clock uncertainty
                          0.00    9.75   clock reconvergence pessimism
                                  9.75 ^ _1201_/CLK (sky130_fd_sc_hd__dfxtp_2)
                         -0.08    9.67   library setup time
                                  9.67   data required time
-----------------------------------------------------------------------------
                                  9.67   data required time
                                 -4.17   data arrival time
-----------------------------------------------------------------------------
                                  5.50   slack (MET)


Startpoint: rst_n (input port clocked by clk)
Endpoint: _1292_ (rising edge-triggered flip-flop clocked by clk)
Path Group: clk
Path Type: max

Fanout     Cap    Slew   Delay    Time   Description
-----------------------------------------------------------------------------
                  0.15    0.00    0.00   clock clk (rise edge)
                          0.00    0.00   clock network delay (ideal)
                          2.00    2.00 ^ input external delay
                  0.72    0.53    2.53 ^ rst_n (in)
    37    0.16                           rst_n (net)
                  0.73    0.00    2.53 ^ _0590_/C_N (sky130_fd_sc_hd__or3b_2)
                  0.13    0.61    3.14 v _0590_/X (sky130_fd_sc_hd__or3b_2)
     8    0.02                           _0519_ (net)
                  0.13    0.00    3.14 v _0591_/B (sky130_fd_sc_hd__or2_2)
                  0.11    0.40    3.53 v _0591_/X (sky130_fd_sc_hd__or2_2)
     9    0.03                           _0520_ (net)
                  0.11    0.00    3.54 v _0632_/B (sky130_fd_sc_hd__nor2_2)
                  0.11    0.13    3.67 ^ _0632_/Y (sky130_fd_sc_hd__nor2_2)
     2    0.01                           _0545_ (net)
                  0.11    0.00    3.67 ^ _0635_/S (sky130_fd_sc_hd__mux2_2)
                  0.05    0.35    4.02 v _0635_/X (sky130_fd_sc_hd__mux2_2)
     1    0.00                           _0547_ (net)
                  0.05    0.00    4.02 v _0636_/A (sky130_fd_sc_hd__buf_1)
                  0.02    0.09    4.11 v _0636_/X (sky130_fd_sc_hd__buf_1)
     1    0.00                           _0126_ (net)
                  0.02    0.00    4.11 v _1292_/D (sky130_fd_sc_hd__dfxtp_2)
                                  4.11   data arrival time

                  0.15   10.00   10.00   clock clk (rise edge)
                          0.00   10.00   clock network delay (ideal)
                         -0.25    9.75   clock uncertainty
                          0.00    9.75   clock reconvergence pessimism
                                  9.75 ^ _1292_/CLK (sky130_fd_sc_hd__dfxtp_2)
                         -0.08    9.67   library setup time
                                  9.67   data required time
-----------------------------------------------------------------------------
                                  9.67   data required time
                                 -4.11   data arrival time
-----------------------------------------------------------------------------
                                  5.56   slack (MET)


Startpoint: rst_n (input port clocked by clk)
Endpoint: _1291_ (rising edge-triggered flip-flop clocked by clk)
Path Group: clk
Path Type: max

Fanout     Cap    Slew   Delay    Time   Description
-----------------------------------------------------------------------------
                  0.15    0.00    0.00   clock clk (rise edge)
                          0.00    0.00   clock network delay (ideal)
                          2.00    2.00 ^ input external delay
                  0.72    0.53    2.53 ^ rst_n (in)
    37    0.16                           rst_n (net)
                  0.73    0.00    2.53 ^ _0590_/C_N (sky130_fd_sc_hd__or3b_2)
                  0.13    0.61    3.14 v _0590_/X (sky130_fd_sc_hd__or3b_2)
     8    0.02                           _0519_ (net)
                  0.13    0.00    3.14 v _0591_/B (sky130_fd_sc_hd__or2_2)
                  0.11    0.40    3.53 v _0591_/X (sky130_fd_sc_hd__or2_2)
     9    0.03                           _0520_ (net)
                  0.11    0.00    3.54 v _0632_/B (sky130_fd_sc_hd__nor2_2)
                  0.11    0.13    3.67 ^ _0632_/Y (sky130_fd_sc_hd__nor2_2)
     2    0.01                           _0545_ (net)
                  0.11    0.00    3.67 ^ _0633_/S (sky130_fd_sc_hd__mux2_2)
                  0.05    0.35    4.02 v _0633_/X (sky130_fd_sc_hd__mux2_2)
     1    0.00                           _0546_ (net)
                  0.05    0.00    4.02 v _0634_/A (sky130_fd_sc_hd__buf_1)
                  0.02    0.09    4.11 v _0634_/X (sky130_fd_sc_hd__buf_1)
     1    0.00                           _0125_ (net)
                  0.02    0.00    4.11 v _1291_/D (sky130_fd_sc_hd__dfxtp_2)
                                  4.11   data arrival time

                  0.15   10.00   10.00   clock clk (rise edge)
                          0.00   10.00   clock network delay (ideal)
                         -0.25    9.75   clock uncertainty
                          0.00    9.75   clock reconvergence pessimism
                                  9.75 ^ _1291_/CLK (sky130_fd_sc_hd__dfxtp_2)
                         -0.08    9.67   library setup time
                                  9.67   data required time
-----------------------------------------------------------------------------
                                  9.67   data required time
                                 -4.11   data arrival time
-----------------------------------------------------------------------------
                                  5.56   slack (MET)


Startpoint: rst_n (input port clocked by clk)
Endpoint: _1243_ (rising edge-triggered flip-flop clocked by clk)
Path Group: clk
Path Type: max

Fanout     Cap    Slew   Delay    Time   Description
-----------------------------------------------------------------------------
                  0.15    0.00    0.00   clock clk (rise edge)
                          0.00    0.00   clock network delay (ideal)
                          2.00    2.00 ^ input external delay
                  0.72    0.53    2.53 ^ rst_n (in)
    37    0.16                           rst_n (net)
                  0.73    0.00    2.53 ^ _1092_/B (sky130_fd_sc_hd__nand3b_2)
                  0.25    0.32    2.85 v _1092_/Y (sky130_fd_sc_hd__nand3b_2)
     8    0.03                           _0466_ (net)
                  0.25    0.00    2.85 v _1093_/B (sky130_fd_sc_hd__or2_2)
                  0.05    0.36    3.21 v _1093_/X (sky130_fd_sc_hd__or2_2)
     1    0.00                           _0467_ (net)
                  0.05    0.00    3.21 v _1094_/A (sky130_fd_sc_hd__buf_1)
                  0.20    0.24    3.45 v _1094_/X (sky130_fd_sc_hd__buf_1)
     9    0.03                           _0468_ (net)
                  0.20    0.00    3.45 v _1095_/B (sky130_fd_sc_hd__nor2_2)
                  0.13    0.18    3.64 ^ _1095_/Y (sky130_fd_sc_hd__nor2_2)
     2    0.01                           _0469_ (net)
                  0.13    0.00    3.64 ^ _1096_/S (sky130_fd_sc_hd__mux2_2)
                  0.05    0.36    3.99 v _1096_/X (sky130_fd_sc_hd__mux2_2)
     1    0.00                           _0470_ (net)
                  0.05    0.00    3.99 v _1097_/A (sky130_fd_sc_hd__buf_1)
                  0.02    0.09    4.08 v _1097_/X (sky130_fd_sc_hd__buf_1)
     1    0.00                           _0077_ (net)
                  0.02    0.00    4.08 v _1243_/D (sky130_fd_sc_hd__dfxtp_2)
                                  4.08   data arrival time

                  0.15   10.00   10.00   clock clk (rise edge)
                          0.00   10.00   clock network delay (ideal)
                         -0.25    9.75   clock uncertainty
                          0.00    9.75   clock reconvergence pessimism
                                  9.75 ^ _1243_/CLK (sky130_fd_sc_hd__dfxtp_2)
                         -0.08    9.67   library setup time
                                  9.67   data required time
-----------------------------------------------------------------------------
                                  9.67   data required time
                                 -4.08   data arrival time
-----------------------------------------------------------------------------
                                  5.59   slack (MET)


Startpoint: rst_n (input port clocked by clk)
Endpoint: _1244_ (rising edge-triggered flip-flop clocked by clk)
Path Group: clk
Path Type: max

Fanout     Cap    Slew   Delay    Time   Description
-----------------------------------------------------------------------------
                  0.15    0.00    0.00   clock clk (rise edge)
                          0.00    0.00   clock network delay (ideal)
                          2.00    2.00 ^ input external delay
                  0.72    0.53    2.53 ^ rst_n (in)
    37    0.16                           rst_n (net)
                  0.73    0.00    2.53 ^ _1092_/B (sky130_fd_sc_hd__nand3b_2)
                  0.25    0.32    2.85 v _1092_/Y (sky130_fd_sc_hd__nand3b_2)
     8    0.03                           _0466_ (net)
                  0.25    0.00    2.85 v _1093_/B (sky130_fd_sc_hd__or2_2)
                  0.05    0.36    3.21 v _1093_/X (sky130_fd_sc_hd__or2_2)
     1    0.00                           _0467_ (net)
                  0.05    0.00    3.21 v _1094_/A (sky130_fd_sc_hd__buf_1)
                  0.20    0.24    3.45 v _1094_/X (sky130_fd_sc_hd__buf_1)
     9    0.03                           _0468_ (net)
                  0.20    0.00    3.45 v _1095_/B (sky130_fd_sc_hd__nor2_2)
                  0.13    0.18    3.64 ^ _1095_/Y (sky130_fd_sc_hd__nor2_2)
     2    0.01                           _0469_ (net)
                  0.13    0.00    3.64 ^ _1098_/S (sky130_fd_sc_hd__mux2_2)
                  0.05    0.36    3.99 v _1098_/X (sky130_fd_sc_hd__mux2_2)
     1    0.00                           _0471_ (net)
                  0.05    0.00    3.99 v _1099_/A (sky130_fd_sc_hd__buf_1)
                  0.02    0.09    4.08 v _1099_/X (sky130_fd_sc_hd__buf_1)
     1    0.00                           _0078_ (net)
                  0.02    0.00    4.08 v _1244_/D (sky130_fd_sc_hd__dfxtp_2)
                                  4.08   data arrival time

                  0.15   10.00   10.00   clock clk (rise edge)
                          0.00   10.00   clock network delay (ideal)
                         -0.25    9.75   clock uncertainty
                          0.00    9.75   clock reconvergence pessimism
                                  9.75 ^ _1244_/CLK (sky130_fd_sc_hd__dfxtp_2)
                         -0.08    9.67   library setup time
                                  9.67   data required time
-----------------------------------------------------------------------------
                                  9.67   data required time
                                 -4.08   data arrival time
-----------------------------------------------------------------------------
                                  5.59   slack (MET)


Startpoint: rst_n (input port clocked by clk)
Endpoint: _1267_ (rising edge-triggered flip-flop clocked by clk)
Path Group: clk
Path Type: max

Fanout     Cap    Slew   Delay    Time   Description
-----------------------------------------------------------------------------
                  0.15    0.00    0.00   clock clk (rise edge)
                          0.00    0.00   clock network delay (ideal)
                          2.00    2.00 ^ input external delay
                  0.72    0.53    2.53 ^ rst_n (in)
    37    0.16                           rst_n (net)
                  0.73    0.00    2.53 ^ _1092_/B (sky130_fd_sc_hd__nand3b_2)
                  0.25    0.32    2.85 v _1092_/Y (sky130_fd_sc_hd__nand3b_2)
     8    0.03                           _0466_ (net)
                  0.25    0.00    2.85 v _1093_/B (sky130_fd_sc_hd__or2_2)
                  0.05    0.36    3.21 v _1093_/X (sky130_fd_sc_hd__or2_2)
     1    0.00                           _0467_ (net)
                  0.05    0.00    3.21 v _1094_/A (sky130_fd_sc_hd__buf_1)
                  0.20    0.24    3.45 v _1094_/X (sky130_fd_sc_hd__buf_1)
     9    0.03                           _0468_ (net)
                  0.20    0.00    3.45 v _1157_/B (sky130_fd_sc_hd__nor2_2)
                  0.12    0.17    3.63 ^ _1157_/Y (sky130_fd_sc_hd__nor2_2)
     2    0.01                           _0507_ (net)
                  0.12    0.00    3.63 ^ _1158_/S (sky130_fd_sc_hd__mux2_2)
                  0.05    0.36    3.98 v _1158_/X (sky130_fd_sc_hd__mux2_2)
     1    0.00                           _0508_ (net)
                  0.05    0.00    3.98 v _1159_/A (sky130_fd_sc_hd__buf_1)
                  0.02    0.09    4.07 v _1159_/X (sky130_fd_sc_hd__buf_1)
     1    0.00                           _0101_ (net)
                  0.02    0.00    4.07 v _1267_/D (sky130_fd_sc_hd__dfxtp_2)
                                  4.07   data arrival time

                  0.15   10.00   10.00   clock clk (rise edge)
                          0.00   10.00   clock network delay (ideal)
                         -0.25    9.75   clock uncertainty
                          0.00    9.75   clock reconvergence pessimism
                                  9.75 ^ _1267_/CLK (sky130_fd_sc_hd__dfxtp_2)
                         -0.08    9.67   library setup time
                                  9.67   data required time
-----------------------------------------------------------------------------
                                  9.67   data required time
                                 -4.07   data arrival time
-----------------------------------------------------------------------------
                                  5.60   slack (MET)


Startpoint: rst_n (input port clocked by clk)
Endpoint: _1268_ (rising edge-triggered flip-flop clocked by clk)
Path Group: clk
Path Type: max

Fanout     Cap    Slew   Delay    Time   Description
-----------------------------------------------------------------------------
                  0.15    0.00    0.00   clock clk (rise edge)
                          0.00    0.00   clock network delay (ideal)
                          2.00    2.00 ^ input external delay
                  0.72    0.53    2.53 ^ rst_n (in)
    37    0.16                           rst_n (net)
                  0.73    0.00    2.53 ^ _1092_/B (sky130_fd_sc_hd__nand3b_2)
                  0.25    0.32    2.85 v _1092_/Y (sky130_fd_sc_hd__nand3b_2)
     8    0.03                           _0466_ (net)
                  0.25    0.00    2.85 v _1093_/B (sky130_fd_sc_hd__or2_2)
                  0.05    0.36    3.21 v _1093_/X (sky130_fd_sc_hd__or2_2)
     1    0.00                           _0467_ (net)
                  0.05    0.00    3.21 v _1094_/A (sky130_fd_sc_hd__buf_1)
                  0.20    0.24    3.45 v _1094_/X (sky130_fd_sc_hd__buf_1)
     9    0.03                           _0468_ (net)
                  0.20    0.00    3.45 v _1157_/B (sky130_fd_sc_hd__nor2_2)
                  0.12    0.17    3.63 ^ _1157_/Y (sky130_fd_sc_hd__nor2_2)
     2    0.01                           _0507_ (net)
                  0.12    0.00    3.63 ^ _1160_/S (sky130_fd_sc_hd__mux2_2)
                  0.05    0.36    3.98 v _1160_/X (sky130_fd_sc_hd__mux2_2)
     1    0.00                           _0509_ (net)
                  0.05    0.00    3.98 v _1161_/A (sky130_fd_sc_hd__buf_1)
                  0.02    0.09    4.07 v _1161_/X (sky130_fd_sc_hd__buf_1)
     1    0.00                           _0102_ (net)
                  0.02    0.00    4.07 v _1268_/D (sky130_fd_sc_hd__dfxtp_2)
                                  4.07   data arrival time

                  0.15   10.00   10.00   clock clk (rise edge)
                          0.00   10.00   clock network delay (ideal)
                         -0.25    9.75   clock uncertainty
                          0.00    9.75   clock reconvergence pessimism
                                  9.75 ^ _1268_/CLK (sky130_fd_sc_hd__dfxtp_2)
                         -0.08    9.67   library setup time
                                  9.67   data required time
-----------------------------------------------------------------------------
                                  9.67   data required time
                                 -4.07   data arrival time
-----------------------------------------------------------------------------
                                  5.60   slack (MET)


Startpoint: rst_n (input port clocked by clk)
Endpoint: _1264_ (rising edge-triggered flip-flop clocked by clk)
Path Group: clk
Path Type: max

Fanout     Cap    Slew   Delay    Time   Description
-----------------------------------------------------------------------------
                  0.15    0.00    0.00   clock clk (rise edge)
                          0.00    0.00   clock network delay (ideal)
                          2.00    2.00 ^ input external delay
                  0.72    0.53    2.53 ^ rst_n (in)
    37    0.16                           rst_n (net)
                  0.73    0.00    2.53 ^ _1092_/B (sky130_fd_sc_hd__nand3b_2)
                  0.25    0.32    2.85 v _1092_/Y (sky130_fd_sc_hd__nand3b_2)
     8    0.03                           _0466_ (net)
                  0.25    0.00    2.85 v _1093_/B (sky130_fd_sc_hd__or2_2)
                  0.05    0.36    3.21 v _1093_/X (sky130_fd_sc_hd__or2_2)
     1    0.00                           _0467_ (net)
                  0.05    0.00    3.21 v _1094_/A (sky130_fd_sc_hd__buf_1)
                  0.20    0.24    3.45 v _1094_/X (sky130_fd_sc_hd__buf_1)
     9    0.03                           _0468_ (net)
                  0.20    0.00    3.45 v _1146_/B (sky130_fd_sc_hd__nor2_2)
                  0.12    0.17    3.62 ^ _1146_/Y (sky130_fd_sc_hd__nor2_2)
     2    0.01                           _0500_ (net)
                  0.12    0.00    3.62 ^ _1149_/S (sky130_fd_sc_hd__mux2_2)
                  0.05    0.35    3.98 v _1149_/X (sky130_fd_sc_hd__mux2_2)
     1    0.00                           _0502_ (net)
                  0.05    0.00    3.98 v _1150_/A (sky130_fd_sc_hd__buf_1)
                  0.02    0.09    4.07 v _1150_/X (sky130_fd_sc_hd__buf_1)
     1    0.00                           _0098_ (net)
                  0.02    0.00    4.07 v _1264_/D (sky130_fd_sc_hd__dfxtp_2)
                                  4.07   data arrival time

                  0.15   10.00   10.00   clock clk (rise edge)
                          0.00   10.00   clock network delay (ideal)
                         -0.25    9.75   clock uncertainty
                          0.00    9.75   clock reconvergence pessimism
                                  9.75 ^ _1264_/CLK (sky130_fd_sc_hd__dfxtp_2)
                         -0.08    9.67   library setup time
                                  9.67   data required time
-----------------------------------------------------------------------------
                                  9.67   data required time
                                 -4.07   data arrival time
-----------------------------------------------------------------------------
                                  5.61   slack (MET)


Startpoint: rst_n (input port clocked by clk)
Endpoint: _1261_ (rising edge-triggered flip-flop clocked by clk)
Path Group: clk
Path Type: max

Fanout     Cap    Slew   Delay    Time   Description
-----------------------------------------------------------------------------
                  0.15    0.00    0.00   clock clk (rise edge)
                          0.00    0.00   clock network delay (ideal)
                          2.00    2.00 ^ input external delay
                  0.72    0.53    2.53 ^ rst_n (in)
    37    0.16                           rst_n (net)
                  0.73    0.00    2.53 ^ _1092_/B (sky130_fd_sc_hd__nand3b_2)
                  0.25    0.32    2.85 v _1092_/Y (sky130_fd_sc_hd__nand3b_2)
     8    0.03                           _0466_ (net)
                  0.25    0.00    2.85 v _1093_/B (sky130_fd_sc_hd__or2_2)
                  0.05    0.36    3.21 v _1093_/X (sky130_fd_sc_hd__or2_2)
     1    0.00                           _0467_ (net)
                  0.05    0.00    3.21 v _1094_/A (sky130_fd_sc_hd__buf_1)
                  0.20    0.24    3.45 v _1094_/X (sky130_fd_sc_hd__buf_1)
     9    0.03                           _0468_ (net)
                  0.20    0.00    3.45 v _1141_/B (sky130_fd_sc_hd__nor2_2)
                  0.12    0.17    3.62 ^ _1141_/Y (sky130_fd_sc_hd__nor2_2)
     2    0.01                           _0497_ (net)
                  0.12    0.00    3.62 ^ _1142_/S (sky130_fd_sc_hd__mux2_2)
                  0.05    0.35    3.98 v _1142_/X (sky130_fd_sc_hd__mux2_2)
     1    0.00                           _0498_ (net)
                  0.05    0.00    3.98 v _1143_/A (sky130_fd_sc_hd__buf_1)
                  0.02    0.09    4.06 v _1143_/X (sky130_fd_sc_hd__buf_1)
     1    0.00                           _0095_ (net)
                  0.02    0.00    4.06 v _1261_/D (sky130_fd_sc_hd__dfxtp_2)
                                  4.06   data arrival time

                  0.15   10.00   10.00   clock clk (rise edge)
                          0.00   10.00   clock network delay (ideal)
                         -0.25    9.75   clock uncertainty
                          0.00    9.75   clock reconvergence pessimism
                                  9.75 ^ _1261_/CLK (sky130_fd_sc_hd__dfxtp_2)
                         -0.08    9.67   library setup time
                                  9.67   data required time
-----------------------------------------------------------------------------
                                  9.67   data required time
                                 -4.06   data arrival time
-----------------------------------------------------------------------------
                                  5.61   slack (MET)


Startpoint: rst_n (input port clocked by clk)
Endpoint: _1263_ (rising edge-triggered flip-flop clocked by clk)
Path Group: clk
Path Type: max

Fanout     Cap    Slew   Delay    Time   Description
-----------------------------------------------------------------------------
                  0.15    0.00    0.00   clock clk (rise edge)
                          0.00    0.00   clock network delay (ideal)
                          2.00    2.00 ^ input external delay
                  0.72    0.53    2.53 ^ rst_n (in)
    37    0.16                           rst_n (net)
                  0.73    0.00    2.53 ^ _1092_/B (sky130_fd_sc_hd__nand3b_2)
                  0.25    0.32    2.85 v _1092_/Y (sky130_fd_sc_hd__nand3b_2)
     8    0.03                           _0466_ (net)
                  0.25    0.00    2.85 v _1093_/B (sky130_fd_sc_hd__or2_2)
                  0.05    0.36    3.21 v _1093_/X (sky130_fd_sc_hd__or2_2)
     1    0.00                           _0467_ (net)
                  0.05    0.00    3.21 v _1094_/A (sky130_fd_sc_hd__buf_1)
                  0.20    0.24    3.45 v _1094_/X (sky130_fd_sc_hd__buf_1)
     9    0.03                           _0468_ (net)
                  0.20    0.00    3.45 v _1146_/B (sky130_fd_sc_hd__nor2_2)
                  0.12    0.17    3.62 ^ _1146_/Y (sky130_fd_sc_hd__nor2_2)
     2    0.01                           _0500_ (net)
                  0.12    0.00    3.62 ^ _1147_/S (sky130_fd_sc_hd__mux2_2)
                  0.05    0.35    3.98 v _1147_/X (sky130_fd_sc_hd__mux2_2)
     1    0.00                           _0501_ (net)
                  0.05    0.00    3.98 v _1148_/A (sky130_fd_sc_hd__buf_1)
                  0.02    0.09    4.07 v _1148_/X (sky130_fd_sc_hd__buf_1)
     1    0.00                           _0097_ (net)
                  0.02    0.00    4.07 v _1263_/D (sky130_fd_sc_hd__dfxtp_2)
                                  4.07   data arrival time

                  0.15   10.00   10.00   clock clk (rise edge)
                          0.00   10.00   clock network delay (ideal)
                         -0.25    9.75   clock uncertainty
                          0.00    9.75   clock reconvergence pessimism
                                  9.75 ^ _1263_/CLK (sky130_fd_sc_hd__dfxtp_2)
                         -0.08    9.67   library setup time
                                  9.67   data required time
-----------------------------------------------------------------------------
                                  9.67   data required time
                                 -4.07   data arrival time
-----------------------------------------------------------------------------
                                  5.61   slack (MET)


Startpoint: rst_n (input port clocked by clk)
Endpoint: _1262_ (rising edge-triggered flip-flop clocked by clk)
Path Group: clk
Path Type: max

Fanout     Cap    Slew   Delay    Time   Description
-----------------------------------------------------------------------------
                  0.15    0.00    0.00   clock clk (rise edge)
                          0.00    0.00   clock network delay (ideal)
                          2.00    2.00 ^ input external delay
                  0.72    0.53    2.53 ^ rst_n (in)
    37    0.16                           rst_n (net)
                  0.73    0.00    2.53 ^ _1092_/B (sky130_fd_sc_hd__nand3b_2)
                  0.25    0.32    2.85 v _1092_/Y (sky130_fd_sc_hd__nand3b_2)
     8    0.03                           _0466_ (net)
                  0.25    0.00    2.85 v _1093_/B (sky130_fd_sc_hd__or2_2)
                  0.05    0.36    3.21 v _1093_/X (sky130_fd_sc_hd__or2_2)
     1    0.00                           _0467_ (net)
                  0.05    0.00    3.21 v _1094_/A (sky130_fd_sc_hd__buf_1)
                  0.20    0.24    3.45 v _1094_/X (sky130_fd_sc_hd__buf_1)
     9    0.03                           _0468_ (net)
                  0.20    0.00    3.45 v _1141_/B (sky130_fd_sc_hd__nor2_2)
                  0.12    0.17    3.62 ^ _1141_/Y (sky130_fd_sc_hd__nor2_2)
     2    0.01                           _0497_ (net)
                  0.12    0.00    3.62 ^ _1144_/S (sky130_fd_sc_hd__mux2_2)
                  0.05    0.35    3.98 v _1144_/X (sky130_fd_sc_hd__mux2_2)
     1    0.00                           _0499_ (net)
                  0.05    0.00    3.98 v _1145_/A (sky130_fd_sc_hd__buf_1)
                  0.02    0.09    4.06 v _1145_/X (sky130_fd_sc_hd__buf_1)
     1    0.00                           _0096_ (net)
                  0.02    0.00    4.06 v _1262_/D (sky130_fd_sc_hd__dfxtp_2)
                                  4.06   data arrival time

                  0.15   10.00   10.00   clock clk (rise edge)
                          0.00   10.00   clock network delay (ideal)
                         -0.25    9.75   clock uncertainty
                          0.00    9.75   clock reconvergence pessimism
                                  9.75 ^ _1262_/CLK (sky130_fd_sc_hd__dfxtp_2)
                         -0.08    9.67   library setup time
                                  9.67   data required time
-----------------------------------------------------------------------------
                                  9.67   data required time
                                 -4.06   data arrival time
-----------------------------------------------------------------------------
                                  5.61   slack (MET)


Startpoint: rst_n (input port clocked by clk)
Endpoint: _1260_ (rising edge-triggered flip-flop clocked by clk)
Path Group: clk
Path Type: max

Fanout     Cap    Slew   Delay    Time   Description
-----------------------------------------------------------------------------
                  0.15    0.00    0.00   clock clk (rise edge)
                          0.00    0.00   clock network delay (ideal)
                          2.00    2.00 ^ input external delay
                  0.72    0.53    2.53 ^ rst_n (in)
    37    0.16                           rst_n (net)
                  0.73    0.00    2.53 ^ _1092_/B (sky130_fd_sc_hd__nand3b_2)
                  0.25    0.32    2.85 v _1092_/Y (sky130_fd_sc_hd__nand3b_2)
     8    0.03                           _0466_ (net)
                  0.25    0.00    2.85 v _1093_/B (sky130_fd_sc_hd__or2_2)
                  0.05    0.36    3.21 v _1093_/X (sky130_fd_sc_hd__or2_2)
     1    0.00                           _0467_ (net)
                  0.05    0.00    3.21 v _1094_/A (sky130_fd_sc_hd__buf_1)
                  0.20    0.24    3.45 v _1094_/X (sky130_fd_sc_hd__buf_1)
     9    0.03                           _0468_ (net)
                  0.20    0.00    3.45 v _1136_/B (sky130_fd_sc_hd__nor2_2)
                  0.12    0.17    3.62 ^ _1136_/Y (sky130_fd_sc_hd__nor2_2)
     2    0.01                           _0494_ (net)
                  0.12    0.00    3.62 ^ _1139_/S (sky130_fd_sc_hd__mux2_2)
                  0.05    0.35    3.98 v _1139_/X (sky130_fd_sc_hd__mux2_2)
     1    0.00                           _0496_ (net)
                  0.05    0.00    3.98 v _1140_/A (sky130_fd_sc_hd__buf_1)
                  0.02    0.09    4.06 v _1140_/X (sky130_fd_sc_hd__buf_1)
     1    0.00                           _0094_ (net)
                  0.02    0.00    4.06 v _1260_/D (sky130_fd_sc_hd__dfxtp_2)
                                  4.06   data arrival time

                  0.15   10.00   10.00   clock clk (rise edge)
                          0.00   10.00   clock network delay (ideal)
                         -0.25    9.75   clock uncertainty
                          0.00    9.75   clock reconvergence pessimism
                                  9.75 ^ _1260_/CLK (sky130_fd_sc_hd__dfxtp_2)
                         -0.08    9.67   library setup time
                                  9.67   data required time
-----------------------------------------------------------------------------
                                  9.67   data required time
                                 -4.06   data arrival time
-----------------------------------------------------------------------------
                                  5.61   slack (MET)


Startpoint: rst_n (input port clocked by clk)
Endpoint: _1259_ (rising edge-triggered flip-flop clocked by clk)
Path Group: clk
Path Type: max

Fanout     Cap    Slew   Delay    Time   Description
-----------------------------------------------------------------------------
                  0.15    0.00    0.00   clock clk (rise edge)
                          0.00    0.00   clock network delay (ideal)
                          2.00    2.00 ^ input external delay
                  0.72    0.53    2.53 ^ rst_n (in)
    37    0.16                           rst_n (net)
                  0.73    0.00    2.53 ^ _1092_/B (sky130_fd_sc_hd__nand3b_2)
                  0.25    0.32    2.85 v _1092_/Y (sky130_fd_sc_hd__nand3b_2)
     8    0.03                           _0466_ (net)
                  0.25    0.00    2.85 v _1093_/B (sky130_fd_sc_hd__or2_2)
                  0.05    0.36    3.21 v _1093_/X (sky130_fd_sc_hd__or2_2)
     1    0.00                           _0467_ (net)
                  0.05    0.00    3.21 v _1094_/A (sky130_fd_sc_hd__buf_1)
                  0.20    0.24    3.45 v _1094_/X (sky130_fd_sc_hd__buf_1)
     9    0.03                           _0468_ (net)
                  0.20    0.00    3.45 v _1136_/B (sky130_fd_sc_hd__nor2_2)
                  0.12    0.17    3.62 ^ _1136_/Y (sky130_fd_sc_hd__nor2_2)
     2    0.01                           _0494_ (net)
                  0.12    0.00    3.62 ^ _1137_/S (sky130_fd_sc_hd__mux2_2)
                  0.05    0.35    3.98 v _1137_/X (sky130_fd_sc_hd__mux2_2)
     1    0.00                           _0495_ (net)
                  0.05    0.00    3.98 v _1138_/A (sky130_fd_sc_hd__buf_1)
                  0.02    0.09    4.06 v _1138_/X (sky130_fd_sc_hd__buf_1)
     1    0.00                           _0093_ (net)
                  0.02    0.00    4.06 v _1259_/D (sky130_fd_sc_hd__dfxtp_2)
                                  4.06   data arrival time

                  0.15   10.00   10.00   clock clk (rise edge)
                          0.00   10.00   clock network delay (ideal)
                         -0.25    9.75   clock uncertainty
                          0.00    9.75   clock reconvergence pessimism
                                  9.75 ^ _1259_/CLK (sky130_fd_sc_hd__dfxtp_2)
                         -0.08    9.67   library setup time
                                  9.67   data required time
-----------------------------------------------------------------------------
                                  9.67   data required time
                                 -4.06   data arrival time
-----------------------------------------------------------------------------
                                  5.61   slack (MET)


Startpoint: rst_n (input port clocked by clk)
Endpoint: _1196_ (rising edge-triggered flip-flop clocked by clk)
Path Group: clk
Path Type: max

Fanout     Cap    Slew   Delay    Time   Description
-----------------------------------------------------------------------------
                  0.15    0.00    0.00   clock clk (rise edge)
                          0.00    0.00   clock network delay (ideal)
                          2.00    2.00 ^ input external delay
                  0.72    0.53    2.53 ^ rst_n (in)
    37    0.16                           rst_n (net)
                  0.73    0.00    2.53 ^ _0869_/C (sky130_fd_sc_hd__nand3_2)
                  0.22    0.29    2.82 v _0869_/Y (sky130_fd_sc_hd__nand3_2)
     8    0.03                           _0314_ (net)
                  0.22    0.00    2.82 v _0871_/A (sky130_fd_sc_hd__or2_2)
                  0.05    0.37    3.19 v _0871_/X (sky130_fd_sc_hd__or2_2)
     1    0.00                           _0316_ (net)
                  0.05    0.00    3.19 v _0872_/A (sky130_fd_sc_hd__buf_1)
                  0.19    0.23    3.42 v _0872_/X (sky130_fd_sc_hd__buf_1)
     9    0.03                           _0317_ (net)
                  0.19    0.00    3.42 v _0958_/A (sky130_fd_sc_hd__nor2_2)
                  0.12    0.19    3.62 ^ _0958_/Y (sky130_fd_sc_hd__nor2_2)
     2    0.01                           _0380_ (net)
                  0.12    0.00    3.62 ^ _0961_/S (sky130_fd_sc_hd__mux2_2)
                  0.05    0.36    3.97 v _0961_/X (sky130_fd_sc_hd__mux2_2)
     1    0.00                           _0382_ (net)
                  0.05    0.00    3.97 v _0962_/A (sky130_fd_sc_hd__buf_1)
                  0.02    0.09    4.06 v _0962_/X (sky130_fd_sc_hd__buf_1)
     1    0.00                           _0030_ (net)
                  0.02    0.00    4.06 v _1196_/D (sky130_fd_sc_hd__dfxtp_2)
                                  4.06   data arrival time

                  0.15   10.00   10.00   clock clk (rise edge)
                          0.00   10.00   clock network delay (ideal)
                         -0.25    9.75   clock uncertainty
                          0.00    9.75   clock reconvergence pessimism
                                  9.75 ^ _1196_/CLK (sky130_fd_sc_hd__dfxtp_2)
                         -0.08    9.67   library setup time
                                  9.67   data required time
-----------------------------------------------------------------------------
                                  9.67   data required time
                                 -4.06   data arrival time
-----------------------------------------------------------------------------
                                  5.61   slack (MET)


Startpoint: rst_n (input port clocked by clk)
Endpoint: _1204_ (rising edge-triggered flip-flop clocked by clk)
Path Group: clk
Path Type: max

Fanout     Cap    Slew   Delay    Time   Description
-----------------------------------------------------------------------------
                  0.15    0.00    0.00   clock clk (rise edge)
                          0.00    0.00   clock network delay (ideal)
                          2.00    2.00 ^ input external delay
                  0.72    0.53    2.53 ^ rst_n (in)
    37    0.16                           rst_n (net)
                  0.73    0.00    2.53 ^ _0869_/C (sky130_fd_sc_hd__nand3_2)
                  0.22    0.29    2.82 v _0869_/Y (sky130_fd_sc_hd__nand3_2)
     8    0.03                           _0314_ (net)
                  0.22    0.00    2.82 v _0871_/A (sky130_fd_sc_hd__or2_2)
                  0.05    0.37    3.19 v _0871_/X (sky130_fd_sc_hd__or2_2)
     1    0.00                           _0316_ (net)
                  0.05    0.00    3.19 v _0872_/A (sky130_fd_sc_hd__buf_1)
                  0.19    0.23    3.42 v _0872_/X (sky130_fd_sc_hd__buf_1)
     9    0.03                           _0317_ (net)
                  0.19    0.00    3.42 v _0982_/A (sky130_fd_sc_hd__nor2_2)
                  0.12    0.19    3.62 ^ _0982_/Y (sky130_fd_sc_hd__nor2_2)
     2    0.01                           _0396_ (net)
                  0.12    0.00    3.62 ^ _0985_/S (sky130_fd_sc_hd__mux2_2)
                  0.05    0.35    3.97 v _0985_/X (sky130_fd_sc_hd__mux2_2)
     1    0.00                           _0398_ (net)
                  0.05    0.00    3.97 v _0986_/A (sky130_fd_sc_hd__buf_1)
                  0.02    0.09    4.06 v _0986_/X (sky130_fd_sc_hd__buf_1)
     1    0.00                           _0038_ (net)
                  0.02    0.00    4.06 v _1204_/D (sky130_fd_sc_hd__dfxtp_2)
                                  4.06   data arrival time

                  0.15   10.00   10.00   clock clk (rise edge)
                          0.00   10.00   clock network delay (ideal)
                         -0.25    9.75   clock uncertainty
                          0.00    9.75   clock reconvergence pessimism
                                  9.75 ^ _1204_/CLK (sky130_fd_sc_hd__dfxtp_2)
                         -0.08    9.67   library setup time
                                  9.67   data required time
-----------------------------------------------------------------------------
                                  9.67   data required time
                                 -4.06   data arrival time
-----------------------------------------------------------------------------
                                  5.61   slack (MET)


Startpoint: rst_n (input port clocked by clk)
Endpoint: _1195_ (rising edge-triggered flip-flop clocked by clk)
Path Group: clk
Path Type: max

Fanout     Cap    Slew   Delay    Time   Description
-----------------------------------------------------------------------------
                  0.15    0.00    0.00   clock clk (rise edge)
                          0.00    0.00   clock network delay (ideal)
                          2.00    2.00 ^ input external delay
                  0.72    0.53    2.53 ^ rst_n (in)
    37    0.16                           rst_n (net)
                  0.73    0.00    2.53 ^ _0869_/C (sky130_fd_sc_hd__nand3_2)
                  0.22    0.29    2.82 v _0869_/Y (sky130_fd_sc_hd__nand3_2)
     8    0.03                           _0314_ (net)
                  0.22    0.00    2.82 v _0871_/A (sky130_fd_sc_hd__or2_2)
                  0.05    0.37    3.19 v _0871_/X (sky130_fd_sc_hd__or2_2)
     1    0.00                           _0316_ (net)
                  0.05    0.00    3.19 v _0872_/A (sky130_fd_sc_hd__buf_1)
                  0.19    0.23    3.42 v _0872_/X (sky130_fd_sc_hd__buf_1)
     9    0.03                           _0317_ (net)
                  0.19    0.00    3.42 v _0958_/A (sky130_fd_sc_hd__nor2_2)
                  0.12    0.19    3.62 ^ _0958_/Y (sky130_fd_sc_hd__nor2_2)
     2    0.01                           _0380_ (net)
                  0.12    0.00    3.62 ^ _0959_/S (sky130_fd_sc_hd__mux2_2)
                  0.05    0.35    3.97 v _0959_/X (sky130_fd_sc_hd__mux2_2)
     1    0.00                           _0381_ (net)
                  0.05    0.00    3.97 v _0960_/A (sky130_fd_sc_hd__buf_1)
                  0.02    0.09    4.06 v _0960_/X (sky130_fd_sc_hd__buf_1)
     1    0.00                           _0029_ (net)
                  0.02    0.00    4.06 v _1195_/D (sky130_fd_sc_hd__dfxtp_2)
                                  4.06   data arrival time

                  0.15   10.00   10.00   clock clk (rise edge)
                          0.00   10.00   clock network delay (ideal)
                         -0.25    9.75   clock uncertainty
                          0.00    9.75   clock reconvergence pessimism
                                  9.75 ^ _1195_/CLK (sky130_fd_sc_hd__dfxtp_2)
                         -0.08    9.67   library setup time
                                  9.67   data required time
-----------------------------------------------------------------------------
                                  9.67   data required time
                                 -4.06   data arrival time
-----------------------------------------------------------------------------
                                  5.61   slack (MET)


Startpoint: rst_n (input port clocked by clk)
Endpoint: _1197_ (rising edge-triggered flip-flop clocked by clk)
Path Group: clk
Path Type: max

Fanout     Cap    Slew   Delay    Time   Description
-----------------------------------------------------------------------------
                  0.15    0.00    0.00   clock clk (rise edge)
                          0.00    0.00   clock network delay (ideal)
                          2.00    2.00 ^ input external delay
                  0.72    0.53    2.53 ^ rst_n (in)
    37    0.16                           rst_n (net)
                  0.73    0.00    2.53 ^ _0869_/C (sky130_fd_sc_hd__nand3_2)
                  0.22    0.29    2.82 v _0869_/Y (sky130_fd_sc_hd__nand3_2)
     8    0.03                           _0314_ (net)
                  0.22    0.00    2.82 v _0871_/A (sky130_fd_sc_hd__or2_2)
                  0.05    0.37    3.19 v _0871_/X (sky130_fd_sc_hd__or2_2)
     1    0.00                           _0316_ (net)
                  0.05    0.00    3.19 v _0872_/A (sky130_fd_sc_hd__buf_1)
                  0.19    0.23    3.42 v _0872_/X (sky130_fd_sc_hd__buf_1)
     9    0.03                           _0317_ (net)
                  0.19    0.00    3.42 v _0964_/A (sky130_fd_sc_hd__nor2_2)
                  0.12    0.19    3.62 ^ _0964_/Y (sky130_fd_sc_hd__nor2_2)
     2    0.01                           _0384_ (net)
                  0.12    0.00    3.62 ^ _0965_/S (sky130_fd_sc_hd__mux2_2)
                  0.05    0.35    3.97 v _0965_/X (sky130_fd_sc_hd__mux2_2)
     1    0.00                           _0385_ (net)
                  0.05    0.00    3.97 v _0966_/A (sky130_fd_sc_hd__buf_1)
                  0.02    0.09    4.06 v _0966_/X (sky130_fd_sc_hd__buf_1)
     1    0.00                           _0031_ (net)
                  0.02    0.00    4.06 v _1197_/D (sky130_fd_sc_hd__dfxtp_2)
                                  4.06   data arrival time

                  0.15   10.00   10.00   clock clk (rise edge)
                          0.00   10.00   clock network delay (ideal)
                         -0.25    9.75   clock uncertainty
                          0.00    9.75   clock reconvergence pessimism
                                  9.75 ^ _1197_/CLK (sky130_fd_sc_hd__dfxtp_2)
                         -0.08    9.67   library setup time
                                  9.67   data required time
-----------------------------------------------------------------------------
                                  9.67   data required time
                                 -4.06   data arrival time
-----------------------------------------------------------------------------
                                  5.61   slack (MET)


Startpoint: rst_n (input port clocked by clk)
Endpoint: _1199_ (rising edge-triggered flip-flop clocked by clk)
Path Group: clk
Path Type: max

Fanout     Cap    Slew   Delay    Time   Description
-----------------------------------------------------------------------------
                  0.15    0.00    0.00   clock clk (rise edge)
                          0.00    0.00   clock network delay (ideal)
                          2.00    2.00 ^ input external delay
                  0.72    0.53    2.53 ^ rst_n (in)
    37    0.16                           rst_n (net)
                  0.73    0.00    2.53 ^ _0869_/C (sky130_fd_sc_hd__nand3_2)
                  0.22    0.29    2.82 v _0869_/Y (sky130_fd_sc_hd__nand3_2)
     8    0.03                           _0314_ (net)
                  0.22    0.00    2.82 v _0871_/A (sky130_fd_sc_hd__or2_2)
                  0.05    0.37    3.19 v _0871_/X (sky130_fd_sc_hd__or2_2)
     1    0.00                           _0316_ (net)
                  0.05    0.00    3.19 v _0872_/A (sky130_fd_sc_hd__buf_1)
                  0.19    0.23    3.42 v _0872_/X (sky130_fd_sc_hd__buf_1)
     9    0.03                           _0317_ (net)
                  0.19    0.00    3.42 v _0970_/A (sky130_fd_sc_hd__nor2_2)
                  0.11    0.19    3.62 ^ _0970_/Y (sky130_fd_sc_hd__nor2_2)
     2    0.01                           _0388_ (net)
                  0.11    0.00    3.62 ^ _0971_/S (sky130_fd_sc_hd__mux2_2)
                  0.05    0.35    3.97 v _0971_/X (sky130_fd_sc_hd__mux2_2)
     1    0.00                           _0389_ (net)
                  0.05    0.00    3.97 v _0972_/A (sky130_fd_sc_hd__buf_1)
                  0.02    0.09    4.06 v _0972_/X (sky130_fd_sc_hd__buf_1)
     1    0.00                           _0033_ (net)
                  0.02    0.00    4.06 v _1199_/D (sky130_fd_sc_hd__dfxtp_2)
                                  4.06   data arrival time

                  0.15   10.00   10.00   clock clk (rise edge)
                          0.00   10.00   clock network delay (ideal)
                         -0.25    9.75   clock uncertainty
                          0.00    9.75   clock reconvergence pessimism
                                  9.75 ^ _1199_/CLK (sky130_fd_sc_hd__dfxtp_2)
                         -0.08    9.67   library setup time
                                  9.67   data required time
-----------------------------------------------------------------------------
                                  9.67   data required time
                                 -4.06   data arrival time
-----------------------------------------------------------------------------
                                  5.62   slack (MET)


Startpoint: rst_n (input port clocked by clk)
Endpoint: _1200_ (rising edge-triggered flip-flop clocked by clk)
Path Group: clk
Path Type: max

Fanout     Cap    Slew   Delay    Time   Description
-----------------------------------------------------------------------------
                  0.15    0.00    0.00   clock clk (rise edge)
                          0.00    0.00   clock network delay (ideal)
                          2.00    2.00 ^ input external delay
                  0.72    0.53    2.53 ^ rst_n (in)
    37    0.16                           rst_n (net)
                  0.73    0.00    2.53 ^ _0869_/C (sky130_fd_sc_hd__nand3_2)
                  0.22    0.29    2.82 v _0869_/Y (sky130_fd_sc_hd__nand3_2)
     8    0.03                           _0314_ (net)
                  0.22    0.00    2.82 v _0871_/A (sky130_fd_sc_hd__or2_2)
                  0.05    0.37    3.19 v _0871_/X (sky130_fd_sc_hd__or2_2)
     1    0.00                           _0316_ (net)
                  0.05    0.00    3.19 v _0872_/A (sky130_fd_sc_hd__buf_1)
                  0.19    0.23    3.42 v _0872_/X (sky130_fd_sc_hd__buf_1)
     9    0.03                           _0317_ (net)
                  0.19    0.00    3.42 v _0970_/A (sky130_fd_sc_hd__nor2_2)
                  0.11    0.19    3.62 ^ _0970_/Y (sky130_fd_sc_hd__nor2_2)
     2    0.01                           _0388_ (net)
                  0.11    0.00    3.62 ^ _0973_/S (sky130_fd_sc_hd__mux2_2)
                  0.05    0.35    3.97 v _0973_/X (sky130_fd_sc_hd__mux2_2)
     1    0.00                           _0390_ (net)
                  0.05    0.00    3.97 v _0974_/A (sky130_fd_sc_hd__buf_1)
                  0.02    0.09    4.05 v _0974_/X (sky130_fd_sc_hd__buf_1)
     1    0.00                           _0034_ (net)
                  0.02    0.00    4.05 v _1200_/D (sky130_fd_sc_hd__dfxtp_2)
                                  4.05   data arrival time

                  0.15   10.00   10.00   clock clk (rise edge)
                          0.00   10.00   clock network delay (ideal)
                         -0.25    9.75   clock uncertainty
                          0.00    9.75   clock reconvergence pessimism
                                  9.75 ^ _1200_/CLK (sky130_fd_sc_hd__dfxtp_2)
                         -0.08    9.67   library setup time
                                  9.67   data required time
-----------------------------------------------------------------------------
                                  9.67   data required time
                                 -4.05   data arrival time
-----------------------------------------------------------------------------
                                  5.62   slack (MET)


Startpoint: rst_n (input port clocked by clk)
Endpoint: _1203_ (rising edge-triggered flip-flop clocked by clk)
Path Group: clk
Path Type: max

Fanout     Cap    Slew   Delay    Time   Description
-----------------------------------------------------------------------------
                  0.15    0.00    0.00   clock clk (rise edge)
                          0.00    0.00   clock network delay (ideal)
                          2.00    2.00 ^ input external delay
                  0.72    0.53    2.53 ^ rst_n (in)
    37    0.16                           rst_n (net)
                  0.73    0.00    2.53 ^ _0869_/C (sky130_fd_sc_hd__nand3_2)
                  0.22    0.29    2.82 v _0869_/Y (sky130_fd_sc_hd__nand3_2)
     8    0.03                           _0314_ (net)
                  0.22    0.00    2.82 v _0871_/A (sky130_fd_sc_hd__or2_2)
                  0.05    0.37    3.19 v _0871_/X (sky130_fd_sc_hd__or2_2)
     1    0.00                           _0316_ (net)
                  0.05    0.00    3.19 v _0872_/A (sky130_fd_sc_hd__buf_1)
                  0.19    0.23    3.42 v _0872_/X (sky130_fd_sc_hd__buf_1)
     9    0.03                           _0317_ (net)
                  0.19    0.00    3.42 v _0982_/A (sky130_fd_sc_hd__nor2_2)
                  0.12    0.19    3.62 ^ _0982_/Y (sky130_fd_sc_hd__nor2_2)
     2    0.01                           _0396_ (net)
                  0.12    0.00    3.62 ^ _0983_/S (sky130_fd_sc_hd__mux2_2)
                  0.05    0.35    3.97 v _0983_/X (sky130_fd_sc_hd__mux2_2)
     1    0.00                           _0397_ (net)
                  0.05    0.00    3.97 v _0984_/A (sky130_fd_sc_hd__buf_1)
                  0.02    0.09    4.05 v _0984_/X (sky130_fd_sc_hd__buf_1)
     1    0.00                           _0037_ (net)
                  0.02    0.00    4.05 v _1203_/D (sky130_fd_sc_hd__dfxtp_2)
                                  4.05   data arrival time

                  0.15   10.00   10.00   clock clk (rise edge)
                          0.00   10.00   clock network delay (ideal)
                         -0.25    9.75   clock uncertainty
                          0.00    9.75   clock reconvergence pessimism
                                  9.75 ^ _1203_/CLK (sky130_fd_sc_hd__dfxtp_2)
                         -0.08    9.67   library setup time
                                  9.67   data required time
-----------------------------------------------------------------------------
                                  9.67   data required time
                                 -4.05   data arrival time
-----------------------------------------------------------------------------
                                  5.62   slack (MET)


Startpoint: rst_n (input port clocked by clk)
Endpoint: _1198_ (rising edge-triggered flip-flop clocked by clk)
Path Group: clk
Path Type: max

Fanout     Cap    Slew   Delay    Time   Description
-----------------------------------------------------------------------------
                  0.15    0.00    0.00   clock clk (rise edge)
                          0.00    0.00   clock network delay (ideal)
                          2.00    2.00 ^ input external delay
                  0.72    0.53    2.53 ^ rst_n (in)
    37    0.16                           rst_n (net)
                  0.73    0.00    2.53 ^ _0869_/C (sky130_fd_sc_hd__nand3_2)
                  0.22    0.29    2.82 v _0869_/Y (sky130_fd_sc_hd__nand3_2)
     8    0.03                           _0314_ (net)
                  0.22    0.00    2.82 v _0871_/A (sky130_fd_sc_hd__or2_2)
                  0.05    0.37    3.19 v _0871_/X (sky130_fd_sc_hd__or2_2)
     1    0.00                           _0316_ (net)
                  0.05    0.00    3.19 v _0872_/A (sky130_fd_sc_hd__buf_1)
                  0.19    0.23    3.42 v _0872_/X (sky130_fd_sc_hd__buf_1)
     9    0.03                           _0317_ (net)
                  0.19    0.00    3.42 v _0964_/A (sky130_fd_sc_hd__nor2_2)
                  0.12    0.19    3.62 ^ _0964_/Y (sky130_fd_sc_hd__nor2_2)
     2    0.01                           _0384_ (net)
                  0.12    0.00    3.62 ^ _0967_/S (sky130_fd_sc_hd__mux2_2)
                  0.05    0.35    3.97 v _0967_/X (sky130_fd_sc_hd__mux2_2)
     1    0.00                           _0386_ (net)
                  0.05    0.00    3.97 v _0968_/A (sky130_fd_sc_hd__buf_1)
                  0.02    0.09    4.05 v _0968_/X (sky130_fd_sc_hd__buf_1)
     1    0.00                           _0032_ (net)
                  0.02    0.00    4.05 v _1198_/D (sky130_fd_sc_hd__dfxtp_2)
                                  4.05   data arrival time

                  0.15   10.00   10.00   clock clk (rise edge)
                          0.00   10.00   clock network delay (ideal)
                         -0.25    9.75   clock uncertainty
                          0.00    9.75   clock reconvergence pessimism
                                  9.75 ^ _1198_/CLK (sky130_fd_sc_hd__dfxtp_2)
                         -0.08    9.67   library setup time
                                  9.67   data required time
-----------------------------------------------------------------------------
                                  9.67   data required time
                                 -4.05   data arrival time
-----------------------------------------------------------------------------
                                  5.62   slack (MET)


Startpoint: rst_n (input port clocked by clk)
Endpoint: _1229_ (rising edge-triggered flip-flop clocked by clk)
Path Group: clk
Path Type: max

Fanout     Cap    Slew   Delay    Time   Description
-----------------------------------------------------------------------------
                  0.15    0.00    0.00   clock clk (rise edge)
                          0.00    0.00   clock network delay (ideal)
                          2.00    2.00 ^ input external delay
                  0.72    0.53    2.53 ^ rst_n (in)
    37    0.16                           rst_n (net)
                  0.73    0.00    2.53 ^ _1005_/C (sky130_fd_sc_hd__nand3b_2)
                  0.24    0.31    2.84 v _1005_/Y (sky130_fd_sc_hd__nand3b_2)
     8    0.03                           _0411_ (net)
                  0.24    0.00    2.84 v _1006_/B (sky130_fd_sc_hd__or2_2)
                  0.05    0.36    3.20 v _1006_/X (sky130_fd_sc_hd__or2_2)
     1    0.00                           _0412_ (net)
                  0.05    0.00    3.20 v _1007_/A (sky130_fd_sc_hd__buf_1)
                  0.20    0.24    3.44 v _1007_/X (sky130_fd_sc_hd__buf_1)
     9    0.03                           _0413_ (net)
                  0.20    0.00    3.44 v _1057_/B (sky130_fd_sc_hd__nor2_2)
                  0.12    0.17    3.61 ^ _1057_/Y (sky130_fd_sc_hd__nor2_2)
     2    0.01                           _0445_ (net)
                  0.12    0.00    3.61 ^ _1058_/S (sky130_fd_sc_hd__mux2_2)
                  0.05    0.36    3.97 v _1058_/X (sky130_fd_sc_hd__mux2_2)
     1    0.00                           _0446_ (net)
                  0.05    0.00    3.97 v _1059_/A (sky130_fd_sc_hd__buf_1)
                  0.02    0.09    4.05 v _1059_/X (sky130_fd_sc_hd__buf_1)
     1    0.00                           _0063_ (net)
                  0.02    0.00    4.05 v _1229_/D (sky130_fd_sc_hd__dfxtp_2)
                                  4.05   data arrival time

                  0.15   10.00   10.00   clock clk (rise edge)
                          0.00   10.00   clock network delay (ideal)
                         -0.25    9.75   clock uncertainty
                          0.00    9.75   clock reconvergence pessimism
                                  9.75 ^ _1229_/CLK (sky130_fd_sc_hd__dfxtp_2)
                         -0.08    9.67   library setup time
                                  9.67   data required time
-----------------------------------------------------------------------------
                                  9.67   data required time
                                 -4.05   data arrival time
-----------------------------------------------------------------------------
                                  5.62   slack (MET)


Startpoint: rst_n (input port clocked by clk)
Endpoint: _1235_ (rising edge-triggered flip-flop clocked by clk)
Path Group: clk
Path Type: max

Fanout     Cap    Slew   Delay    Time   Description
-----------------------------------------------------------------------------
                  0.15    0.00    0.00   clock clk (rise edge)
                          0.00    0.00   clock network delay (ideal)
                          2.00    2.00 ^ input external delay
                  0.72    0.53    2.53 ^ rst_n (in)
    37    0.16                           rst_n (net)
                  0.73    0.00    2.53 ^ _1005_/C (sky130_fd_sc_hd__nand3b_2)
                  0.24    0.31    2.84 v _1005_/Y (sky130_fd_sc_hd__nand3b_2)
     8    0.03                           _0411_ (net)
                  0.24    0.00    2.84 v _1006_/B (sky130_fd_sc_hd__or2_2)
                  0.05    0.36    3.20 v _1006_/X (sky130_fd_sc_hd__or2_2)
     1    0.00                           _0412_ (net)
                  0.05    0.00    3.20 v _1007_/A (sky130_fd_sc_hd__buf_1)
                  0.20    0.24    3.44 v _1007_/X (sky130_fd_sc_hd__buf_1)
     9    0.03                           _0413_ (net)
                  0.20    0.00    3.44 v _1072_/B (sky130_fd_sc_hd__nor2_2)
                  0.12    0.18    3.61 ^ _1072_/Y (sky130_fd_sc_hd__nor2_2)
     2    0.01                           _0454_ (net)
                  0.12    0.00    3.61 ^ _1073_/S (sky130_fd_sc_hd__mux2_2)
                  0.05    0.35    3.97 v _1073_/X (sky130_fd_sc_hd__mux2_2)
     1    0.00                           _0455_ (net)
                  0.05    0.00    3.97 v _1074_/A (sky130_fd_sc_hd__buf_1)
                  0.02    0.09    4.05 v _1074_/X (sky130_fd_sc_hd__buf_1)
     1    0.00                           _0069_ (net)
                  0.02    0.00    4.05 v _1235_/D (sky130_fd_sc_hd__dfxtp_2)
                                  4.05   data arrival time

                  0.15   10.00   10.00   clock clk (rise edge)
                          0.00   10.00   clock network delay (ideal)
                         -0.25    9.75   clock uncertainty
                          0.00    9.75   clock reconvergence pessimism
                                  9.75 ^ _1235_/CLK (sky130_fd_sc_hd__dfxtp_2)
                         -0.08    9.67   library setup time
                                  9.67   data required time
-----------------------------------------------------------------------------
                                  9.67   data required time
                                 -4.05   data arrival time
-----------------------------------------------------------------------------
                                  5.62   slack (MET)


Startpoint: rst_n (input port clocked by clk)
Endpoint: _1236_ (rising edge-triggered flip-flop clocked by clk)
Path Group: clk
Path Type: max

Fanout     Cap    Slew   Delay    Time   Description
-----------------------------------------------------------------------------
                  0.15    0.00    0.00   clock clk (rise edge)
                          0.00    0.00   clock network delay (ideal)
                          2.00    2.00 ^ input external delay
                  0.72    0.53    2.53 ^ rst_n (in)
    37    0.16                           rst_n (net)
                  0.73    0.00    2.53 ^ _1005_/C (sky130_fd_sc_hd__nand3b_2)
                  0.24    0.31    2.84 v _1005_/Y (sky130_fd_sc_hd__nand3b_2)
     8    0.03                           _0411_ (net)
                  0.24    0.00    2.84 v _1006_/B (sky130_fd_sc_hd__or2_2)
                  0.05    0.36    3.20 v _1006_/X (sky130_fd_sc_hd__or2_2)
     1    0.00                           _0412_ (net)
                  0.05    0.00    3.20 v _1007_/A (sky130_fd_sc_hd__buf_1)
                  0.20    0.24    3.44 v _1007_/X (sky130_fd_sc_hd__buf_1)
     9    0.03                           _0413_ (net)
                  0.20    0.00    3.44 v _1072_/B (sky130_fd_sc_hd__nor2_2)
                  0.12    0.18    3.61 ^ _1072_/Y (sky130_fd_sc_hd__nor2_2)
     2    0.01                           _0454_ (net)
                  0.12    0.00    3.61 ^ _1075_/S (sky130_fd_sc_hd__mux2_2)
                  0.05    0.35    3.97 v _1075_/X (sky130_fd_sc_hd__mux2_2)
     1    0.00                           _0456_ (net)
                  0.05    0.00    3.97 v _1076_/A (sky130_fd_sc_hd__buf_1)
                  0.02    0.09    4.05 v _1076_/X (sky130_fd_sc_hd__buf_1)
     1    0.00                           _0070_ (net)
                  0.02    0.00    4.05 v _1236_/D (sky130_fd_sc_hd__dfxtp_2)
                                  4.05   data arrival time

                  0.15   10.00   10.00   clock clk (rise edge)
                          0.00   10.00   clock network delay (ideal)
                         -0.25    9.75   clock uncertainty
                          0.00    9.75   clock reconvergence pessimism
                                  9.75 ^ _1236_/CLK (sky130_fd_sc_hd__dfxtp_2)
                         -0.08    9.67   library setup time
                                  9.67   data required time
-----------------------------------------------------------------------------
                                  9.67   data required time
                                 -4.05   data arrival time
-----------------------------------------------------------------------------
                                  5.62   slack (MET)


Startpoint: rst_n (input port clocked by clk)
Endpoint: _1230_ (rising edge-triggered flip-flop clocked by clk)
Path Group: clk
Path Type: max

Fanout     Cap    Slew   Delay    Time   Description
-----------------------------------------------------------------------------
                  0.15    0.00    0.00   clock clk (rise edge)
                          0.00    0.00   clock network delay (ideal)
                          2.00    2.00 ^ input external delay
                  0.72    0.53    2.53 ^ rst_n (in)
    37    0.16                           rst_n (net)
                  0.73    0.00    2.53 ^ _1005_/C (sky130_fd_sc_hd__nand3b_2)
                  0.24    0.31    2.84 v _1005_/Y (sky130_fd_sc_hd__nand3b_2)
     8    0.03                           _0411_ (net)
                  0.24    0.00    2.84 v _1006_/B (sky130_fd_sc_hd__or2_2)
                  0.05    0.36    3.20 v _1006_/X (sky130_fd_sc_hd__or2_2)
     1    0.00                           _0412_ (net)
                  0.05    0.00    3.20 v _1007_/A (sky130_fd_sc_hd__buf_1)
                  0.20    0.24    3.44 v _1007_/X (sky130_fd_sc_hd__buf_1)
     9    0.03                           _0413_ (net)
                  0.20    0.00    3.44 v _1057_/B (sky130_fd_sc_hd__nor2_2)
                  0.12    0.17    3.61 ^ _1057_/Y (sky130_fd_sc_hd__nor2_2)
     2    0.01                           _0445_ (net)
                  0.12    0.00    3.61 ^ _1060_/S (sky130_fd_sc_hd__mux2_2)
                  0.05    0.35    3.96 v _1060_/X (sky130_fd_sc_hd__mux2_2)
     1    0.00                           _0447_ (net)
                  0.05    0.00    3.96 v _1061_/A (sky130_fd_sc_hd__buf_1)
                  0.02    0.09    4.05 v _1061_/X (sky130_fd_sc_hd__buf_1)
     1    0.00                           _0064_ (net)
                  0.02    0.00    4.05 v _1230_/D (sky130_fd_sc_hd__dfxtp_2)
                                  4.05   data arrival time

                  0.15   10.00   10.00   clock clk (rise edge)
                          0.00   10.00   clock network delay (ideal)
                         -0.25    9.75   clock uncertainty
                          0.00    9.75   clock reconvergence pessimism
                                  9.75 ^ _1230_/CLK (sky130_fd_sc_hd__dfxtp_2)
                         -0.08    9.67   library setup time
                                  9.67   data required time
-----------------------------------------------------------------------------
                                  9.67   data required time
                                 -4.05   data arrival time
-----------------------------------------------------------------------------
                                  5.62   slack (MET)


Startpoint: rst_n (input port clocked by clk)
Endpoint: _1211_ (rising edge-triggered flip-flop clocked by clk)
Path Group: clk
Path Type: max

Fanout     Cap    Slew   Delay    Time   Description
-----------------------------------------------------------------------------
                  0.15    0.00    0.00   clock clk (rise edge)
                          0.00    0.00   clock network delay (ideal)
                          2.00    2.00 ^ input external delay
                  0.72    0.53    2.53 ^ rst_n (in)
    37    0.16                           rst_n (net)
                  0.73    0.00    2.53 ^ _1005_/C (sky130_fd_sc_hd__nand3b_2)
                  0.24    0.31    2.84 v _1005_/Y (sky130_fd_sc_hd__nand3b_2)
     8    0.03                           _0411_ (net)
                  0.24    0.00    2.84 v _1006_/B (sky130_fd_sc_hd__or2_2)
                  0.05    0.36    3.20 v _1006_/X (sky130_fd_sc_hd__or2_2)
     1    0.00                           _0412_ (net)
                  0.05    0.00    3.20 v _1007_/A (sky130_fd_sc_hd__buf_1)
                  0.20    0.24    3.44 v _1007_/X (sky130_fd_sc_hd__buf_1)
     9    0.03                           _0413_ (net)
                  0.20    0.00    3.44 v _1008_/B (sky130_fd_sc_hd__nor2_2)
                  0.12    0.17    3.61 ^ _1008_/Y (sky130_fd_sc_hd__nor2_2)
     2    0.01                           _0414_ (net)
                  0.12    0.00    3.61 ^ _1009_/S (sky130_fd_sc_hd__mux2_2)
                  0.05    0.36    3.96 v _1009_/X (sky130_fd_sc_hd__mux2_2)
     1    0.00                           _0415_ (net)
                  0.05    0.00    3.96 v _1010_/A (sky130_fd_sc_hd__buf_1)
                  0.02    0.09    4.05 v _1010_/X (sky130_fd_sc_hd__buf_1)
     1    0.00                           _0045_ (net)
                  0.02    0.00    4.05 v _1211_/D (sky130_fd_sc_hd__dfxtp_2)
                                  4.05   data arrival time

                  0.15   10.00   10.00   clock clk (rise edge)
                          0.00   10.00   clock network delay (ideal)
                         -0.25    9.75   clock uncertainty
                          0.00    9.75   clock reconvergence pessimism
                                  9.75 ^ _1211_/CLK (sky130_fd_sc_hd__dfxtp_2)
                         -0.08    9.67   library setup time
                                  9.67   data required time
-----------------------------------------------------------------------------
                                  9.67   data required time
                                 -4.05   data arrival time
-----------------------------------------------------------------------------
                                  5.62   slack (MET)


Startpoint: rst_n (input port clocked by clk)
Endpoint: _1231_ (rising edge-triggered flip-flop clocked by clk)
Path Group: clk
Path Type: max

Fanout     Cap    Slew   Delay    Time   Description
-----------------------------------------------------------------------------
                  0.15    0.00    0.00   clock clk (rise edge)
                          0.00    0.00   clock network delay (ideal)
                          2.00    2.00 ^ input external delay
                  0.72    0.53    2.53 ^ rst_n (in)
    37    0.16                           rst_n (net)
                  0.73    0.00    2.53 ^ _1005_/C (sky130_fd_sc_hd__nand3b_2)
                  0.24    0.31    2.84 v _1005_/Y (sky130_fd_sc_hd__nand3b_2)
     8    0.03                           _0411_ (net)
                  0.24    0.00    2.84 v _1006_/B (sky130_fd_sc_hd__or2_2)
                  0.05    0.36    3.20 v _1006_/X (sky130_fd_sc_hd__or2_2)
     1    0.00                           _0412_ (net)
                  0.05    0.00    3.20 v _1007_/A (sky130_fd_sc_hd__buf_1)
                  0.20    0.24    3.44 v _1007_/X (sky130_fd_sc_hd__buf_1)
     9    0.03                           _0413_ (net)
                  0.20    0.00    3.44 v _1062_/B (sky130_fd_sc_hd__nor2_2)
                  0.12    0.17    3.61 ^ _1062_/Y (sky130_fd_sc_hd__nor2_2)
     2    0.01                           _0448_ (net)
                  0.12    0.00    3.61 ^ _1063_/S (sky130_fd_sc_hd__mux2_2)
                  0.05    0.36    3.96 v _1063_/X (sky130_fd_sc_hd__mux2_2)
     1    0.00                           _0449_ (net)
                  0.05    0.00    3.96 v _1064_/A (sky130_fd_sc_hd__buf_1)
                  0.02    0.09    4.05 v _1064_/X (sky130_fd_sc_hd__buf_1)
     1    0.00                           _0065_ (net)
                  0.02    0.00    4.05 v _1231_/D (sky130_fd_sc_hd__dfxtp_2)
                                  4.05   data arrival time

                  0.15   10.00   10.00   clock clk (rise edge)
                          0.00   10.00   clock network delay (ideal)
                         -0.25    9.75   clock uncertainty
                          0.00    9.75   clock reconvergence pessimism
                                  9.75 ^ _1231_/CLK (sky130_fd_sc_hd__dfxtp_2)
                         -0.08    9.67   library setup time
                                  9.67   data required time
-----------------------------------------------------------------------------
                                  9.67   data required time
                                 -4.05   data arrival time
-----------------------------------------------------------------------------
                                  5.62   slack (MET)


Startpoint: rst_n (input port clocked by clk)
Endpoint: _1227_ (rising edge-triggered flip-flop clocked by clk)
Path Group: clk
Path Type: max

Fanout     Cap    Slew   Delay    Time   Description
-----------------------------------------------------------------------------
                  0.15    0.00    0.00   clock clk (rise edge)
                          0.00    0.00   clock network delay (ideal)
                          2.00    2.00 ^ input external delay
                  0.72    0.53    2.53 ^ rst_n (in)
    37    0.16                           rst_n (net)
                  0.73    0.00    2.53 ^ _1005_/C (sky130_fd_sc_hd__nand3b_2)
                  0.24    0.31    2.84 v _1005_/Y (sky130_fd_sc_hd__nand3b_2)
     8    0.03                           _0411_ (net)
                  0.24    0.00    2.84 v _1006_/B (sky130_fd_sc_hd__or2_2)
                  0.05    0.36    3.20 v _1006_/X (sky130_fd_sc_hd__or2_2)
     1    0.00                           _0412_ (net)
                  0.05    0.00    3.20 v _1007_/A (sky130_fd_sc_hd__buf_1)
                  0.20    0.24    3.44 v _1007_/X (sky130_fd_sc_hd__buf_1)
     9    0.03                           _0413_ (net)
                  0.20    0.00    3.44 v _1052_/B (sky130_fd_sc_hd__nor2_2)
                  0.12    0.17    3.61 ^ _1052_/Y (sky130_fd_sc_hd__nor2_2)
     2    0.01                           _0442_ (net)
                  0.12    0.00    3.61 ^ _1053_/S (sky130_fd_sc_hd__mux2_2)
                  0.05    0.35    3.96 v _1053_/X (sky130_fd_sc_hd__mux2_2)
     1    0.00                           _0443_ (net)
                  0.05    0.00    3.96 v _1054_/A (sky130_fd_sc_hd__buf_1)
                  0.02    0.09    4.05 v _1054_/X (sky130_fd_sc_hd__buf_1)
     1    0.00                           _0061_ (net)
                  0.02    0.00    4.05 v _1227_/D (sky130_fd_sc_hd__dfxtp_2)
                                  4.05   data arrival time

                  0.15   10.00   10.00   clock clk (rise edge)
                          0.00   10.00   clock network delay (ideal)
                         -0.25    9.75   clock uncertainty
                          0.00    9.75   clock reconvergence pessimism
                                  9.75 ^ _1227_/CLK (sky130_fd_sc_hd__dfxtp_2)
                         -0.08    9.67   library setup time
                                  9.67   data required time
-----------------------------------------------------------------------------
                                  9.67   data required time
                                 -4.05   data arrival time
-----------------------------------------------------------------------------
                                  5.62   slack (MET)


Startpoint: rst_n (input port clocked by clk)
Endpoint: _1232_ (rising edge-triggered flip-flop clocked by clk)
Path Group: clk
Path Type: max

Fanout     Cap    Slew   Delay    Time   Description
-----------------------------------------------------------------------------
                  0.15    0.00    0.00   clock clk (rise edge)
                          0.00    0.00   clock network delay (ideal)
                          2.00    2.00 ^ input external delay
                  0.72    0.53    2.53 ^ rst_n (in)
    37    0.16                           rst_n (net)
                  0.73    0.00    2.53 ^ _1005_/C (sky130_fd_sc_hd__nand3b_2)
                  0.24    0.31    2.84 v _1005_/Y (sky130_fd_sc_hd__nand3b_2)
     8    0.03                           _0411_ (net)
                  0.24    0.00    2.84 v _1006_/B (sky130_fd_sc_hd__or2_2)
                  0.05    0.36    3.20 v _1006_/X (sky130_fd_sc_hd__or2_2)
     1    0.00                           _0412_ (net)
                  0.05    0.00    3.20 v _1007_/A (sky130_fd_sc_hd__buf_1)
                  0.20    0.24    3.44 v _1007_/X (sky130_fd_sc_hd__buf_1)
     9    0.03                           _0413_ (net)
                  0.20    0.00    3.44 v _1062_/B (sky130_fd_sc_hd__nor2_2)
                  0.12    0.17    3.61 ^ _1062_/Y (sky130_fd_sc_hd__nor2_2)
     2    0.01                           _0448_ (net)
                  0.12    0.00    3.61 ^ _1065_/S (sky130_fd_sc_hd__mux2_2)
                  0.05    0.35    3.96 v _1065_/X (sky130_fd_sc_hd__mux2_2)
     1    0.00                           _0450_ (net)
                  0.05    0.00    3.96 v _1066_/A (sky130_fd_sc_hd__buf_1)
                  0.02    0.09    4.05 v _1066_/X (sky130_fd_sc_hd__buf_1)
     1    0.00                           _0066_ (net)
                  0.02    0.00    4.05 v _1232_/D (sky130_fd_sc_hd__dfxtp_2)
                                  4.05   data arrival time

                  0.15   10.00   10.00   clock clk (rise edge)
                          0.00   10.00   clock network delay (ideal)
                         -0.25    9.75   clock uncertainty
                          0.00    9.75   clock reconvergence pessimism
                                  9.75 ^ _1232_/CLK (sky130_fd_sc_hd__dfxtp_2)
                         -0.08    9.67   library setup time
                                  9.67   data required time
-----------------------------------------------------------------------------
                                  9.67   data required time
                                 -4.05   data arrival time
-----------------------------------------------------------------------------
                                  5.62   slack (MET)


Startpoint: rst_n (input port clocked by clk)
Endpoint: _1228_ (rising edge-triggered flip-flop clocked by clk)
Path Group: clk
Path Type: max

Fanout     Cap    Slew   Delay    Time   Description
-----------------------------------------------------------------------------
                  0.15    0.00    0.00   clock clk (rise edge)
                          0.00    0.00   clock network delay (ideal)
                          2.00    2.00 ^ input external delay
                  0.72    0.53    2.53 ^ rst_n (in)
    37    0.16                           rst_n (net)
                  0.73    0.00    2.53 ^ _1005_/C (sky130_fd_sc_hd__nand3b_2)
                  0.24    0.31    2.84 v _1005_/Y (sky130_fd_sc_hd__nand3b_2)
     8    0.03                           _0411_ (net)
                  0.24    0.00    2.84 v _1006_/B (sky130_fd_sc_hd__or2_2)
                  0.05    0.36    3.20 v _1006_/X (sky130_fd_sc_hd__or2_2)
     1    0.00                           _0412_ (net)
                  0.05    0.00    3.20 v _1007_/A (sky130_fd_sc_hd__buf_1)
                  0.20    0.24    3.44 v _1007_/X (sky130_fd_sc_hd__buf_1)
     9    0.03                           _0413_ (net)
                  0.20    0.00    3.44 v _1052_/B (sky130_fd_sc_hd__nor2_2)
                  0.12    0.17    3.61 ^ _1052_/Y (sky130_fd_sc_hd__nor2_2)
     2    0.01                           _0442_ (net)
                  0.12    0.00    3.61 ^ _1055_/S (sky130_fd_sc_hd__mux2_2)
                  0.05    0.35    3.96 v _1055_/X (sky130_fd_sc_hd__mux2_2)
     1    0.00                           _0444_ (net)
                  0.05    0.00    3.96 v _1056_/A (sky130_fd_sc_hd__buf_1)
                  0.02    0.09    4.05 v _1056_/X (sky130_fd_sc_hd__buf_1)
     1    0.00                           _0062_ (net)
                  0.02    0.00    4.05 v _1228_/D (sky130_fd_sc_hd__dfxtp_2)
                                  4.05   data arrival time

                  0.15   10.00   10.00   clock clk (rise edge)
                          0.00   10.00   clock network delay (ideal)
                         -0.25    9.75   clock uncertainty
                          0.00    9.75   clock reconvergence pessimism
                                  9.75 ^ _1228_/CLK (sky130_fd_sc_hd__dfxtp_2)
                         -0.08    9.67   library setup time
                                  9.67   data required time
-----------------------------------------------------------------------------
                                  9.67   data required time
                                 -4.05   data arrival time
-----------------------------------------------------------------------------
                                  5.62   slack (MET)


Startpoint: rst_n (input port clocked by clk)
Endpoint: _1212_ (rising edge-triggered flip-flop clocked by clk)
Path Group: clk
Path Type: max

Fanout     Cap    Slew   Delay    Time   Description
-----------------------------------------------------------------------------
                  0.15    0.00    0.00   clock clk (rise edge)
                          0.00    0.00   clock network delay (ideal)
                          2.00    2.00 ^ input external delay
                  0.72    0.53    2.53 ^ rst_n (in)
    37    0.16                           rst_n (net)
                  0.73    0.00    2.53 ^ _1005_/C (sky130_fd_sc_hd__nand3b_2)
                  0.24    0.31    2.84 v _1005_/Y (sky130_fd_sc_hd__nand3b_2)
     8    0.03                           _0411_ (net)
                  0.24    0.00    2.84 v _1006_/B (sky130_fd_sc_hd__or2_2)
                  0.05    0.36    3.20 v _1006_/X (sky130_fd_sc_hd__or2_2)
     1    0.00                           _0412_ (net)
                  0.05    0.00    3.20 v _1007_/A (sky130_fd_sc_hd__buf_1)
                  0.20    0.24    3.44 v _1007_/X (sky130_fd_sc_hd__buf_1)
     9    0.03                           _0413_ (net)
                  0.20    0.00    3.44 v _1008_/B (sky130_fd_sc_hd__nor2_2)
                  0.12    0.17    3.61 ^ _1008_/Y (sky130_fd_sc_hd__nor2_2)
     2    0.01                           _0414_ (net)
                  0.12    0.00    3.61 ^ _1011_/S (sky130_fd_sc_hd__mux2_2)
                  0.05    0.35    3.96 v _1011_/X (sky130_fd_sc_hd__mux2_2)
     1    0.00                           _0416_ (net)
                  0.05    0.00    3.96 v _1012_/A (sky130_fd_sc_hd__buf_1)
                  0.02    0.09    4.05 v _1012_/X (sky130_fd_sc_hd__buf_1)
     1    0.00                           _0046_ (net)
                  0.02    0.00    4.05 v _1212_/D (sky130_fd_sc_hd__dfxtp_2)
                                  4.05   data arrival time

                  0.15   10.00   10.00   clock clk (rise edge)
                          0.00   10.00   clock network delay (ideal)
                         -0.25    9.75   clock uncertainty
                          0.00    9.75   clock reconvergence pessimism
                                  9.75 ^ _1212_/CLK (sky130_fd_sc_hd__dfxtp_2)
                         -0.08    9.67   library setup time
                                  9.67   data required time
-----------------------------------------------------------------------------
                                  9.67   data required time
                                 -4.05   data arrival time
-----------------------------------------------------------------------------
                                  5.62   slack (MET)


Startpoint: rst_n (input port clocked by clk)
Endpoint: _1169_ (rising edge-triggered flip-flop clocked by clk)
Path Group: clk
Path Type: max

Fanout     Cap    Slew   Delay    Time   Description
-----------------------------------------------------------------------------
                  0.15    0.00    0.00   clock clk (rise edge)
                          0.00    0.00   clock network delay (ideal)
                          2.00    2.00 ^ input external delay
                  0.72    0.53    2.53 ^ rst_n (in)
    37    0.16                           rst_n (net)
                  0.73    0.00    2.53 ^ _0869_/C (sky130_fd_sc_hd__nand3_2)
                  0.22    0.29    2.82 v _0869_/Y (sky130_fd_sc_hd__nand3_2)
     8    0.03                           _0314_ (net)
                  0.22    0.00    2.82 v _0871_/A (sky130_fd_sc_hd__or2_2)
                  0.05    0.37    3.19 v _0871_/X (sky130_fd_sc_hd__or2_2)
     1    0.00                           _0316_ (net)
                  0.05    0.00    3.19 v _0872_/A (sky130_fd_sc_hd__buf_1)
                  0.19    0.23    3.42 v _0872_/X (sky130_fd_sc_hd__buf_1)
     9    0.03                           _0317_ (net)
                  0.19    0.00    3.42 v _0873_/B (sky130_fd_sc_hd__nor2_2)
                  0.12    0.17    3.59 ^ _0873_/Y (sky130_fd_sc_hd__nor2_2)
     2    0.01                           _0318_ (net)
                  0.12    0.00    3.59 ^ _0874_/S (sky130_fd_sc_hd__mux2_2)
                  0.05    0.35    3.95 v _0874_/X (sky130_fd_sc_hd__mux2_2)
     1    0.00                           _0319_ (net)
                  0.05    0.00    3.95 v _0875_/A (sky130_fd_sc_hd__buf_1)
                  0.02    0.09    4.03 v _0875_/X (sky130_fd_sc_hd__buf_1)
     1    0.00                           _0006_ (net)
                  0.02    0.00    4.03 v _1169_/D (sky130_fd_sc_hd__dfxtp_2)
                                  4.03   data arrival time

                  0.15   10.00   10.00   clock clk (rise edge)
                          0.00   10.00   clock network delay (ideal)
                         -0.25    9.75   clock uncertainty
                          0.00    9.75   clock reconvergence pessimism
                                  9.75 ^ _1169_/CLK (sky130_fd_sc_hd__dfxtp_2)
                         -0.08    9.67   library setup time
                                  9.67   data required time
-----------------------------------------------------------------------------
                                  9.67   data required time
                                 -4.03   data arrival time
-----------------------------------------------------------------------------
                                  5.64   slack (MET)


Startpoint: rst_n (input port clocked by clk)
Endpoint: _1170_ (rising edge-triggered flip-flop clocked by clk)
Path Group: clk
Path Type: max

Fanout     Cap    Slew   Delay    Time   Description
-----------------------------------------------------------------------------
                  0.15    0.00    0.00   clock clk (rise edge)
                          0.00    0.00   clock network delay (ideal)
                          2.00    2.00 ^ input external delay
                  0.72    0.53    2.53 ^ rst_n (in)
    37    0.16                           rst_n (net)
                  0.73    0.00    2.53 ^ _0869_/C (sky130_fd_sc_hd__nand3_2)
                  0.22    0.29    2.82 v _0869_/Y (sky130_fd_sc_hd__nand3_2)
     8    0.03                           _0314_ (net)
                  0.22    0.00    2.82 v _0871_/A (sky130_fd_sc_hd__or2_2)
                  0.05    0.37    3.19 v _0871_/X (sky130_fd_sc_hd__or2_2)
     1    0.00                           _0316_ (net)
                  0.05    0.00    3.19 v _0872_/A (sky130_fd_sc_hd__buf_1)
                  0.19    0.23    3.42 v _0872_/X (sky130_fd_sc_hd__buf_1)
     9    0.03                           _0317_ (net)
                  0.19    0.00    3.42 v _0873_/B (sky130_fd_sc_hd__nor2_2)
                  0.12    0.17    3.59 ^ _0873_/Y (sky130_fd_sc_hd__nor2_2)
     2    0.01                           _0318_ (net)
                  0.12    0.00    3.59 ^ _0877_/S (sky130_fd_sc_hd__mux2_2)
                  0.05    0.35    3.95 v _0877_/X (sky130_fd_sc_hd__mux2_2)
     1    0.00                           _0321_ (net)
                  0.05    0.00    3.95 v _0878_/A (sky130_fd_sc_hd__buf_1)
                  0.02    0.09    4.03 v _0878_/X (sky130_fd_sc_hd__buf_1)
     1    0.00                           _0007_ (net)
                  0.02    0.00    4.03 v _1170_/D (sky130_fd_sc_hd__dfxtp_2)
                                  4.03   data arrival time

                  0.15   10.00   10.00   clock clk (rise edge)
                          0.00   10.00   clock network delay (ideal)
                         -0.25    9.75   clock uncertainty
                          0.00    9.75   clock reconvergence pessimism
                                  9.75 ^ _1170_/CLK (sky130_fd_sc_hd__dfxtp_2)
                         -0.08    9.67   library setup time
                                  9.67   data required time
-----------------------------------------------------------------------------
                                  9.67   data required time
                                 -4.03   data arrival time
-----------------------------------------------------------------------------
                                  5.64   slack (MET)


Startpoint: rst_n (input port clocked by clk)
Endpoint: _1289_ (rising edge-triggered flip-flop clocked by clk)
Path Group: clk
Path Type: max

Fanout     Cap    Slew   Delay    Time   Description
-----------------------------------------------------------------------------
                  0.15    0.00    0.00   clock clk (rise edge)
                          0.00    0.00   clock network delay (ideal)
                          2.00    2.00 ^ input external delay
                  0.72    0.53    2.53 ^ rst_n (in)
    37    0.16                           rst_n (net)
                  0.73    0.00    2.53 ^ _0590_/C_N (sky130_fd_sc_hd__or3b_2)
                  0.13    0.61    3.14 v _0590_/X (sky130_fd_sc_hd__or3b_2)
     8    0.02                           _0519_ (net)
                  0.13    0.00    3.14 v _0627_/C (sky130_fd_sc_hd__or3_2)
                  0.09    0.47    3.61 v _0627_/X (sky130_fd_sc_hd__or3_2)
     2    0.01                           _0542_ (net)
                  0.09    0.00    3.61 v _0628_/S (sky130_fd_sc_hd__mux2_2)
                  0.05    0.29    3.90 v _0628_/X (sky130_fd_sc_hd__mux2_2)
     1    0.00                           _0543_ (net)
                  0.05    0.00    3.90 v _0629_/A (sky130_fd_sc_hd__buf_1)
                  0.02    0.09    3.99 v _0629_/X (sky130_fd_sc_hd__buf_1)
     1    0.00                           _0123_ (net)
                  0.02    0.00    3.99 v _1289_/D (sky130_fd_sc_hd__dfxtp_2)
                                  3.99   data arrival time

                  0.15   10.00   10.00   clock clk (rise edge)
                          0.00   10.00   clock network delay (ideal)
                         -0.25    9.75   clock uncertainty
                          0.00    9.75   clock reconvergence pessimism
                                  9.75 ^ _1289_/CLK (sky130_fd_sc_hd__dfxtp_2)
                         -0.08    9.67   library setup time
                                  9.67   data required time
-----------------------------------------------------------------------------
                                  9.67   data required time
                                 -3.99   data arrival time
-----------------------------------------------------------------------------
                                  5.68   slack (MET)


Startpoint: rst_n (input port clocked by clk)
Endpoint: _1290_ (rising edge-triggered flip-flop clocked by clk)
Path Group: clk
Path Type: max

Fanout     Cap    Slew   Delay    Time   Description
-----------------------------------------------------------------------------
                  0.15    0.00    0.00   clock clk (rise edge)
                          0.00    0.00   clock network delay (ideal)
                          2.00    2.00 ^ input external delay
                  0.72    0.53    2.53 ^ rst_n (in)
    37    0.16                           rst_n (net)
                  0.73    0.00    2.53 ^ _0590_/C_N (sky130_fd_sc_hd__or3b_2)
                  0.13    0.61    3.14 v _0590_/X (sky130_fd_sc_hd__or3b_2)
     8    0.02                           _0519_ (net)
                  0.13    0.00    3.14 v _0627_/C (sky130_fd_sc_hd__or3_2)
                  0.09    0.47    3.61 v _0627_/X (sky130_fd_sc_hd__or3_2)
     2    0.01                           _0542_ (net)
                  0.09    0.00    3.61 v _0630_/S (sky130_fd_sc_hd__mux2_2)
                  0.05    0.29    3.90 v _0630_/X (sky130_fd_sc_hd__mux2_2)
     1    0.00                           _0544_ (net)
                  0.05    0.00    3.90 v _0631_/A (sky130_fd_sc_hd__buf_1)
                  0.02    0.09    3.99 v _0631_/X (sky130_fd_sc_hd__buf_1)
     1    0.00                           _0124_ (net)
                  0.02    0.00    3.99 v _1290_/D (sky130_fd_sc_hd__dfxtp_2)
                                  3.99   data arrival time

                  0.15   10.00   10.00   clock clk (rise edge)
                          0.00   10.00   clock network delay (ideal)
                         -0.25    9.75   clock uncertainty
                          0.00    9.75   clock reconvergence pessimism
                                  9.75 ^ _1290_/CLK (sky130_fd_sc_hd__dfxtp_2)
                         -0.08    9.67   library setup time
                                  9.67   data required time
-----------------------------------------------------------------------------
                                  9.67   data required time
                                 -3.99   data arrival time
-----------------------------------------------------------------------------
                                  5.68   slack (MET)


Startpoint: rst_n (input port clocked by clk)
Endpoint: _1278_ (rising edge-triggered flip-flop clocked by clk)
Path Group: clk
Path Type: max

Fanout     Cap    Slew   Delay    Time   Description
-----------------------------------------------------------------------------
                  0.15    0.00    0.00   clock clk (rise edge)
                          0.00    0.00   clock network delay (ideal)
                          2.00    2.00 ^ input external delay
                  0.72    0.53    2.53 ^ rst_n (in)
    37    0.16                           rst_n (net)
                  0.73    0.00    2.53 ^ _0590_/C_N (sky130_fd_sc_hd__or3b_2)
                  0.13    0.61    3.14 v _0590_/X (sky130_fd_sc_hd__or3b_2)
     8    0.02                           _0519_ (net)
                  0.13    0.00    3.14 v _0597_/B (sky130_fd_sc_hd__or2_2)
                  0.08    0.36    3.49 v _0597_/X (sky130_fd_sc_hd__or2_2)
     2    0.01                           _0524_ (net)
                  0.08    0.00    3.49 v _0600_/S (sky130_fd_sc_hd__mux2_2)
                  0.05    0.29    3.78 v _0600_/X (sky130_fd_sc_hd__mux2_2)
     1    0.00                           _0526_ (net)
                  0.05    0.00    3.78 v _0601_/A (sky130_fd_sc_hd__buf_1)
                  0.02    0.09    3.87 v _0601_/X (sky130_fd_sc_hd__buf_1)
     1    0.00                           _0112_ (net)
                  0.02    0.00    3.87 v _1278_/D (sky130_fd_sc_hd__dfxtp_2)
                                  3.87   data arrival time

                  0.15   10.00   10.00   clock clk (rise edge)
                          0.00   10.00   clock network delay (ideal)
                         -0.25    9.75   clock uncertainty
                          0.00    9.75   clock reconvergence pessimism
                                  9.75 ^ _1278_/CLK (sky130_fd_sc_hd__dfxtp_2)
                         -0.08    9.67   library setup time
                                  9.67   data required time
-----------------------------------------------------------------------------
                                  9.67   data required time
                                 -3.87   data arrival time
-----------------------------------------------------------------------------
                                  5.80   slack (MET)


Startpoint: rst_n (input port clocked by clk)
Endpoint: _1277_ (rising edge-triggered flip-flop clocked by clk)
Path Group: clk
Path Type: max

Fanout     Cap    Slew   Delay    Time   Description
-----------------------------------------------------------------------------
                  0.15    0.00    0.00   clock clk (rise edge)
                          0.00    0.00   clock network delay (ideal)
                          2.00    2.00 ^ input external delay
                  0.72    0.53    2.53 ^ rst_n (in)
    37    0.16                           rst_n (net)
                  0.73    0.00    2.53 ^ _0590_/C_N (sky130_fd_sc_hd__or3b_2)
                  0.13    0.61    3.14 v _0590_/X (sky130_fd_sc_hd__or3b_2)
     8    0.02                           _0519_ (net)
                  0.13    0.00    3.14 v _0597_/B (sky130_fd_sc_hd__or2_2)
                  0.08    0.36    3.49 v _0597_/X (sky130_fd_sc_hd__or2_2)
     2    0.01                           _0524_ (net)
                  0.08    0.00    3.49 v _0598_/S (sky130_fd_sc_hd__mux2_2)
                  0.05    0.29    3.78 v _0598_/X (sky130_fd_sc_hd__mux2_2)
     1    0.00                           _0525_ (net)
                  0.05    0.00    3.78 v _0599_/A (sky130_fd_sc_hd__buf_1)
                  0.02    0.09    3.87 v _0599_/X (sky130_fd_sc_hd__buf_1)
     1    0.00                           _0111_ (net)
                  0.02    0.00    3.87 v _1277_/D (sky130_fd_sc_hd__dfxtp_2)
                                  3.87   data arrival time

                  0.15   10.00   10.00   clock clk (rise edge)
                          0.00   10.00   clock network delay (ideal)
                         -0.25    9.75   clock uncertainty
                          0.00    9.75   clock reconvergence pessimism
                                  9.75 ^ _1277_/CLK (sky130_fd_sc_hd__dfxtp_2)
                         -0.08    9.67   library setup time
                                  9.67   data required time
-----------------------------------------------------------------------------
                                  9.67   data required time
                                 -3.87   data arrival time
-----------------------------------------------------------------------------
                                  5.80   slack (MET)


Startpoint: rst_n (input port clocked by clk)
Endpoint: _1282_ (rising edge-triggered flip-flop clocked by clk)
Path Group: clk
Path Type: max

Fanout     Cap    Slew   Delay    Time   Description
-----------------------------------------------------------------------------
                  0.15    0.00    0.00   clock clk (rise edge)
                          0.00    0.00   clock network delay (ideal)
                          2.00    2.00 ^ input external delay
                  0.72    0.53    2.53 ^ rst_n (in)
    37    0.16                           rst_n (net)
                  0.73    0.00    2.53 ^ _0590_/C_N (sky130_fd_sc_hd__or3b_2)
                  0.13    0.61    3.14 v _0590_/X (sky130_fd_sc_hd__or3b_2)
     8    0.02                           _0519_ (net)
                  0.13    0.00    3.14 v _0607_/B (sky130_fd_sc_hd__or2_2)
                  0.07    0.34    3.48 v _0607_/X (sky130_fd_sc_hd__or2_2)
     2    0.01                           _0530_ (net)
                  0.07    0.00    3.48 v _0610_/S (sky130_fd_sc_hd__mux2_2)
                  0.05    0.28    3.77 v _0610_/X (sky130_fd_sc_hd__mux2_2)
     1    0.00                           _0532_ (net)
                  0.05    0.00    3.77 v _0611_/A (sky130_fd_sc_hd__buf_1)
                  0.02    0.09    3.85 v _0611_/X (sky130_fd_sc_hd__buf_1)
     1    0.00                           _0116_ (net)
                  0.02    0.00    3.85 v _1282_/D (sky130_fd_sc_hd__dfxtp_2)
                                  3.85   data arrival time

                  0.15   10.00   10.00   clock clk (rise edge)
                          0.00   10.00   clock network delay (ideal)
                         -0.25    9.75   clock uncertainty
                          0.00    9.75   clock reconvergence pessimism
                                  9.75 ^ _1282_/CLK (sky130_fd_sc_hd__dfxtp_2)
                         -0.08    9.67   library setup time
                                  9.67   data required time
-----------------------------------------------------------------------------
                                  9.67   data required time
                                 -3.85   data arrival time
-----------------------------------------------------------------------------
                                  5.82   slack (MET)


Startpoint: rst_n (input port clocked by clk)
Endpoint: _1279_ (rising edge-triggered flip-flop clocked by clk)
Path Group: clk
Path Type: max

Fanout     Cap    Slew   Delay    Time   Description
-----------------------------------------------------------------------------
                  0.15    0.00    0.00   clock clk (rise edge)
                          0.00    0.00   clock network delay (ideal)
                          2.00    2.00 ^ input external delay
                  0.72    0.53    2.53 ^ rst_n (in)
    37    0.16                           rst_n (net)
                  0.73    0.00    2.53 ^ _0590_/C_N (sky130_fd_sc_hd__or3b_2)
                  0.13    0.61    3.14 v _0590_/X (sky130_fd_sc_hd__or3b_2)
     8    0.02                           _0519_ (net)
                  0.13    0.00    3.14 v _0602_/B (sky130_fd_sc_hd__or2_2)
                  0.07    0.34    3.48 v _0602_/X (sky130_fd_sc_hd__or2_2)
     2    0.01                           _0527_ (net)
                  0.07    0.00    3.48 v _0603_/S (sky130_fd_sc_hd__mux2_2)
                  0.05    0.28    3.76 v _0603_/X (sky130_fd_sc_hd__mux2_2)
     1    0.00                           _0528_ (net)
                  0.05    0.00    3.76 v _0604_/A (sky130_fd_sc_hd__buf_1)
                  0.02    0.09    3.85 v _0604_/X (sky130_fd_sc_hd__buf_1)
     1    0.00                           _0113_ (net)
                  0.02    0.00    3.85 v _1279_/D (sky130_fd_sc_hd__dfxtp_2)
                                  3.85   data arrival time

                  0.15   10.00   10.00   clock clk (rise edge)
                          0.00   10.00   clock network delay (ideal)
                         -0.25    9.75   clock uncertainty
                          0.00    9.75   clock reconvergence pessimism
                                  9.75 ^ _1279_/CLK (sky130_fd_sc_hd__dfxtp_2)
                         -0.08    9.67   library setup time
                                  9.67   data required time
-----------------------------------------------------------------------------
                                  9.67   data required time
                                 -3.85   data arrival time
-----------------------------------------------------------------------------
                                  5.82   slack (MET)


Startpoint: rst_n (input port clocked by clk)
Endpoint: _1281_ (rising edge-triggered flip-flop clocked by clk)
Path Group: clk
Path Type: max

Fanout     Cap    Slew   Delay    Time   Description
-----------------------------------------------------------------------------
                  0.15    0.00    0.00   clock clk (rise edge)
                          0.00    0.00   clock network delay (ideal)
                          2.00    2.00 ^ input external delay
                  0.72    0.53    2.53 ^ rst_n (in)
    37    0.16                           rst_n (net)
                  0.73    0.00    2.53 ^ _0590_/C_N (sky130_fd_sc_hd__or3b_2)
                  0.13    0.61    3.14 v _0590_/X (sky130_fd_sc_hd__or3b_2)
     8    0.02                           _0519_ (net)
                  0.13    0.00    3.14 v _0607_/B (sky130_fd_sc_hd__or2_2)
                  0.07    0.34    3.48 v _0607_/X (sky130_fd_sc_hd__or2_2)
     2    0.01                           _0530_ (net)
                  0.07    0.00    3.48 v _0608_/S (sky130_fd_sc_hd__mux2_2)
                  0.05    0.28    3.76 v _0608_/X (sky130_fd_sc_hd__mux2_2)
     1    0.00                           _0531_ (net)
                  0.05    0.00    3.76 v _0609_/A (sky130_fd_sc_hd__buf_1)
                  0.02    0.09    3.85 v _0609_/X (sky130_fd_sc_hd__buf_1)
     1    0.00                           _0115_ (net)
                  0.02    0.00    3.85 v _1281_/D (sky130_fd_sc_hd__dfxtp_2)
                                  3.85   data arrival time

                  0.15   10.00   10.00   clock clk (rise edge)
                          0.00   10.00   clock network delay (ideal)
                         -0.25    9.75   clock uncertainty
                          0.00    9.75   clock reconvergence pessimism
                                  9.75 ^ _1281_/CLK (sky130_fd_sc_hd__dfxtp_2)
                         -0.08    9.67   library setup time
                                  9.67   data required time
-----------------------------------------------------------------------------
                                  9.67   data required time
                                 -3.85   data arrival time
-----------------------------------------------------------------------------
                                  5.82   slack (MET)


Startpoint: rst_n (input port clocked by clk)
Endpoint: _1280_ (rising edge-triggered flip-flop clocked by clk)
Path Group: clk
Path Type: max

Fanout     Cap    Slew   Delay    Time   Description
-----------------------------------------------------------------------------
                  0.15    0.00    0.00   clock clk (rise edge)
                          0.00    0.00   clock network delay (ideal)
                          2.00    2.00 ^ input external delay
                  0.72    0.53    2.53 ^ rst_n (in)
    37    0.16                           rst_n (net)
                  0.73    0.00    2.53 ^ _0590_/C_N (sky130_fd_sc_hd__or3b_2)
                  0.13    0.61    3.14 v _0590_/X (sky130_fd_sc_hd__or3b_2)
     8    0.02                           _0519_ (net)
                  0.13    0.00    3.14 v _0602_/B (sky130_fd_sc_hd__or2_2)
                  0.07    0.34    3.48 v _0602_/X (sky130_fd_sc_hd__or2_2)
     2    0.01                           _0527_ (net)
                  0.07    0.00    3.48 v _0605_/S (sky130_fd_sc_hd__mux2_2)
                  0.05    0.28    3.76 v _0605_/X (sky130_fd_sc_hd__mux2_2)
     1    0.00                           _0529_ (net)
                  0.05    0.00    3.76 v _0606_/A (sky130_fd_sc_hd__buf_1)
                  0.02    0.09    3.85 v _0606_/X (sky130_fd_sc_hd__buf_1)
     1    0.00                           _0114_ (net)
                  0.02    0.00    3.85 v _1280_/D (sky130_fd_sc_hd__dfxtp_2)
                                  3.85   data arrival time

                  0.15   10.00   10.00   clock clk (rise edge)
                          0.00   10.00   clock network delay (ideal)
                         -0.25    9.75   clock uncertainty
                          0.00    9.75   clock reconvergence pessimism
                                  9.75 ^ _1280_/CLK (sky130_fd_sc_hd__dfxtp_2)
                         -0.08    9.67   library setup time
                                  9.67   data required time
-----------------------------------------------------------------------------
                                  9.67   data required time
                                 -3.85   data arrival time
-----------------------------------------------------------------------------
                                  5.82   slack (MET)


Startpoint: rst_n (input port clocked by clk)
Endpoint: _1288_ (rising edge-triggered flip-flop clocked by clk)
Path Group: clk
Path Type: max

Fanout     Cap    Slew   Delay    Time   Description
-----------------------------------------------------------------------------
                  0.15    0.00    0.00   clock clk (rise edge)
                          0.00    0.00   clock network delay (ideal)
                          2.00    2.00 ^ input external delay
                  0.72    0.53    2.53 ^ rst_n (in)
    37    0.16                           rst_n (net)
                  0.73    0.00    2.53 ^ _0590_/C_N (sky130_fd_sc_hd__or3b_2)
                  0.13    0.61    3.14 v _0590_/X (sky130_fd_sc_hd__or3b_2)
     8    0.02                           _0519_ (net)
                  0.13    0.00    3.14 v _0622_/B (sky130_fd_sc_hd__or2_2)
                  0.07    0.34    3.48 v _0622_/X (sky130_fd_sc_hd__or2_2)
     2    0.01                           _0539_ (net)
                  0.07    0.00    3.48 v _0625_/S (sky130_fd_sc_hd__mux2_2)
                  0.05    0.28    3.76 v _0625_/X (sky130_fd_sc_hd__mux2_2)
     1    0.00                           _0541_ (net)
                  0.05    0.00    3.76 v _0626_/A (sky130_fd_sc_hd__buf_1)
                  0.02    0.09    3.85 v _0626_/X (sky130_fd_sc_hd__buf_1)
     1    0.00                           _0122_ (net)
                  0.02    0.00    3.85 v _1288_/D (sky130_fd_sc_hd__dfxtp_2)
                                  3.85   data arrival time

                  0.15   10.00   10.00   clock clk (rise edge)
                          0.00   10.00   clock network delay (ideal)
                         -0.25    9.75   clock uncertainty
                          0.00    9.75   clock reconvergence pessimism
                                  9.75 ^ _1288_/CLK (sky130_fd_sc_hd__dfxtp_2)
                         -0.08    9.67   library setup time
                                  9.67   data required time
-----------------------------------------------------------------------------
                                  9.67   data required time
                                 -3.85   data arrival time
-----------------------------------------------------------------------------
                                  5.83   slack (MET)


Startpoint: rst_n (input port clocked by clk)
Endpoint: _1287_ (rising edge-triggered flip-flop clocked by clk)
Path Group: clk
Path Type: max

Fanout     Cap    Slew   Delay    Time   Description
-----------------------------------------------------------------------------
                  0.15    0.00    0.00   clock clk (rise edge)
                          0.00    0.00   clock network delay (ideal)
                          2.00    2.00 ^ input external delay
                  0.72    0.53    2.53 ^ rst_n (in)
    37    0.16                           rst_n (net)
                  0.73    0.00    2.53 ^ _0590_/C_N (sky130_fd_sc_hd__or3b_2)
                  0.13    0.61    3.14 v _0590_/X (sky130_fd_sc_hd__or3b_2)
     8    0.02                           _0519_ (net)
                  0.13    0.00    3.14 v _0622_/B (sky130_fd_sc_hd__or2_2)
                  0.07    0.34    3.48 v _0622_/X (sky130_fd_sc_hd__or2_2)
     2    0.01                           _0539_ (net)
                  0.07    0.00    3.48 v _0623_/S (sky130_fd_sc_hd__mux2_2)
                  0.05    0.28    3.76 v _0623_/X (sky130_fd_sc_hd__mux2_2)
     1    0.00                           _0540_ (net)
                  0.05    0.00    3.76 v _0624_/A (sky130_fd_sc_hd__buf_1)
                  0.02    0.09    3.85 v _0624_/X (sky130_fd_sc_hd__buf_1)
     1    0.00                           _0121_ (net)
                  0.02    0.00    3.85 v _1287_/D (sky130_fd_sc_hd__dfxtp_2)
                                  3.85   data arrival time

                  0.15   10.00   10.00   clock clk (rise edge)
                          0.00   10.00   clock network delay (ideal)
                         -0.25    9.75   clock uncertainty
                          0.00    9.75   clock reconvergence pessimism
                                  9.75 ^ _1287_/CLK (sky130_fd_sc_hd__dfxtp_2)
                         -0.08    9.67   library setup time
                                  9.67   data required time
-----------------------------------------------------------------------------
                                  9.67   data required time
                                 -3.85   data arrival time
-----------------------------------------------------------------------------
                                  5.83   slack (MET)


Startpoint: rst_n (input port clocked by clk)
Endpoint: _1286_ (rising edge-triggered flip-flop clocked by clk)
Path Group: clk
Path Type: max

Fanout     Cap    Slew   Delay    Time   Description
-----------------------------------------------------------------------------
                  0.15    0.00    0.00   clock clk (rise edge)
                          0.00    0.00   clock network delay (ideal)
                          2.00    2.00 ^ input external delay
                  0.72    0.53    2.53 ^ rst_n (in)
    37    0.16                           rst_n (net)
                  0.73    0.00    2.53 ^ _0590_/C_N (sky130_fd_sc_hd__or3b_2)
                  0.13    0.61    3.14 v _0590_/X (sky130_fd_sc_hd__or3b_2)
     8    0.02                           _0519_ (net)
                  0.13    0.00    3.14 v _0617_/B (sky130_fd_sc_hd__or2_2)
                  0.07    0.33    3.47 v _0617_/X (sky130_fd_sc_hd__or2_2)
     2    0.01                           _0536_ (net)
                  0.07    0.00    3.47 v _0620_/S (sky130_fd_sc_hd__mux2_2)
                  0.05    0.28    3.75 v _0620_/X (sky130_fd_sc_hd__mux2_2)
     1    0.00                           _0538_ (net)
                  0.05    0.00    3.75 v _0621_/A (sky130_fd_sc_hd__buf_1)
                  0.02    0.09    3.84 v _0621_/X (sky130_fd_sc_hd__buf_1)
     1    0.00                           _0120_ (net)
                  0.02    0.00    3.84 v _1286_/D (sky130_fd_sc_hd__dfxtp_2)
                                  3.84   data arrival time

                  0.15   10.00   10.00   clock clk (rise edge)
                          0.00   10.00   clock network delay (ideal)
                         -0.25    9.75   clock uncertainty
                          0.00    9.75   clock reconvergence pessimism
                                  9.75 ^ _1286_/CLK (sky130_fd_sc_hd__dfxtp_2)
                         -0.08    9.67   library setup time
                                  9.67   data required time
-----------------------------------------------------------------------------
                                  9.67   data required time
                                 -3.84   data arrival time
-----------------------------------------------------------------------------
                                  5.83   slack (MET)


Startpoint: rst_n (input port clocked by clk)
Endpoint: _1285_ (rising edge-triggered flip-flop clocked by clk)
Path Group: clk
Path Type: max

Fanout     Cap    Slew   Delay    Time   Description
-----------------------------------------------------------------------------
                  0.15    0.00    0.00   clock clk (rise edge)
                          0.00    0.00   clock network delay (ideal)
                          2.00    2.00 ^ input external delay
                  0.72    0.53    2.53 ^ rst_n (in)
    37    0.16                           rst_n (net)
                  0.73    0.00    2.53 ^ _0590_/C_N (sky130_fd_sc_hd__or3b_2)
                  0.13    0.61    3.14 v _0590_/X (sky130_fd_sc_hd__or3b_2)
     8    0.02                           _0519_ (net)
                  0.13    0.00    3.14 v _0617_/B (sky130_fd_sc_hd__or2_2)
                  0.07    0.33    3.47 v _0617_/X (sky130_fd_sc_hd__or2_2)
     2    0.01                           _0536_ (net)
                  0.07    0.00    3.47 v _0618_/S (sky130_fd_sc_hd__mux2_2)
                  0.05    0.28    3.75 v _0618_/X (sky130_fd_sc_hd__mux2_2)
     1    0.00                           _0537_ (net)
                  0.05    0.00    3.75 v _0619_/A (sky130_fd_sc_hd__buf_1)
                  0.02    0.09    3.84 v _0619_/X (sky130_fd_sc_hd__buf_1)
     1    0.00                           _0119_ (net)
                  0.02    0.00    3.84 v _1285_/D (sky130_fd_sc_hd__dfxtp_2)
                                  3.84   data arrival time

                  0.15   10.00   10.00   clock clk (rise edge)
                          0.00   10.00   clock network delay (ideal)
                         -0.25    9.75   clock uncertainty
                          0.00    9.75   clock reconvergence pessimism
                                  9.75 ^ _1285_/CLK (sky130_fd_sc_hd__dfxtp_2)
                         -0.08    9.67   library setup time
                                  9.67   data required time
-----------------------------------------------------------------------------
                                  9.67   data required time
                                 -3.84   data arrival time
-----------------------------------------------------------------------------
                                  5.83   slack (MET)


Startpoint: rst_n (input port clocked by clk)
Endpoint: _1193_ (rising edge-triggered flip-flop clocked by clk)
Path Group: clk
Path Type: max

Fanout     Cap    Slew   Delay    Time   Description
-----------------------------------------------------------------------------
                  0.15    0.00    0.00   clock clk (rise edge)
                          0.00    0.00   clock network delay (ideal)
                          2.00    2.00 ^ input external delay
                  0.72    0.53    2.53 ^ rst_n (in)
    37    0.16                           rst_n (net)
                  0.73    0.00    2.53 ^ _0869_/C (sky130_fd_sc_hd__nand3_2)
                  0.22    0.29    2.82 v _0869_/Y (sky130_fd_sc_hd__nand3_2)
     8    0.03                           _0314_ (net)
                  0.22    0.00    2.82 v _0953_/A (sky130_fd_sc_hd__or3_2)
                  0.10    0.59    3.41 v _0953_/X (sky130_fd_sc_hd__or3_2)
     2    0.01                           _0377_ (net)
                  0.10    0.00    3.41 v _0954_/S (sky130_fd_sc_hd__mux2_2)
                  0.05    0.29    3.70 v _0954_/X (sky130_fd_sc_hd__mux2_2)
     1    0.00                           _0378_ (net)
                  0.05    0.00    3.70 v _0955_/A (sky130_fd_sc_hd__buf_1)
                  0.02    0.09    3.79 v _0955_/X (sky130_fd_sc_hd__buf_1)
     1    0.00                           _0027_ (net)
                  0.02    0.00    3.79 v _1193_/D (sky130_fd_sc_hd__dfxtp_2)
                                  3.79   data arrival time

                  0.15   10.00   10.00   clock clk (rise edge)
                          0.00   10.00   clock network delay (ideal)
                         -0.25    9.75   clock uncertainty
                          0.00    9.75   clock reconvergence pessimism
                                  9.75 ^ _1193_/CLK (sky130_fd_sc_hd__dfxtp_2)
                         -0.08    9.67   library setup time
                                  9.67   data required time
-----------------------------------------------------------------------------
                                  9.67   data required time
                                 -3.79   data arrival time
-----------------------------------------------------------------------------
                                  5.88   slack (MET)


Startpoint: rst_n (input port clocked by clk)
Endpoint: _1194_ (rising edge-triggered flip-flop clocked by clk)
Path Group: clk
Path Type: max

Fanout     Cap    Slew   Delay    Time   Description
-----------------------------------------------------------------------------
                  0.15    0.00    0.00   clock clk (rise edge)
                          0.00    0.00   clock network delay (ideal)
                          2.00    2.00 ^ input external delay
                  0.72    0.53    2.53 ^ rst_n (in)
    37    0.16                           rst_n (net)
                  0.73    0.00    2.53 ^ _0869_/C (sky130_fd_sc_hd__nand3_2)
                  0.22    0.29    2.82 v _0869_/Y (sky130_fd_sc_hd__nand3_2)
     8    0.03                           _0314_ (net)
                  0.22    0.00    2.82 v _0953_/A (sky130_fd_sc_hd__or3_2)
                  0.10    0.59    3.41 v _0953_/X (sky130_fd_sc_hd__or3_2)
     2    0.01                           _0377_ (net)
                  0.10    0.00    3.41 v _0956_/S (sky130_fd_sc_hd__mux2_2)
                  0.05    0.29    3.70 v _0956_/X (sky130_fd_sc_hd__mux2_2)
     1    0.00                           _0379_ (net)
                  0.05    0.00    3.70 v _0957_/A (sky130_fd_sc_hd__buf_1)
                  0.02    0.09    3.79 v _0957_/X (sky130_fd_sc_hd__buf_1)
     1    0.00                           _0028_ (net)
                  0.02    0.00    3.79 v _1194_/D (sky130_fd_sc_hd__dfxtp_2)
                                  3.79   data arrival time

                  0.15   10.00   10.00   clock clk (rise edge)
                          0.00   10.00   clock network delay (ideal)
                         -0.25    9.75   clock uncertainty
                          0.00    9.75   clock reconvergence pessimism
                                  9.75 ^ _1194_/CLK (sky130_fd_sc_hd__dfxtp_2)
                         -0.08    9.67   library setup time
                                  9.67   data required time
-----------------------------------------------------------------------------
                                  9.67   data required time
                                 -3.79   data arrival time
-----------------------------------------------------------------------------
                                  5.88   slack (MET)


Startpoint: rst_n (input port clocked by clk)
Endpoint: _1258_ (rising edge-triggered flip-flop clocked by clk)
Path Group: clk
Path Type: max

Fanout     Cap    Slew   Delay    Time   Description
-----------------------------------------------------------------------------
                  0.15    0.00    0.00   clock clk (rise edge)
                          0.00    0.00   clock network delay (ideal)
                          2.00    2.00 ^ input external delay
                  0.72    0.53    2.53 ^ rst_n (in)
    37    0.16                           rst_n (net)
                  0.73    0.00    2.53 ^ _1092_/B (sky130_fd_sc_hd__nand3b_2)
                  0.25    0.32    2.85 v _1092_/Y (sky130_fd_sc_hd__nand3b_2)
     8    0.03                           _0466_ (net)
                  0.25    0.00    2.85 v _1130_/C (sky130_fd_sc_hd__or3_2)
                  0.09    0.52    3.38 v _1130_/X (sky130_fd_sc_hd__or3_2)
     2    0.01                           _0490_ (net)
                  0.09    0.00    3.38 v _1134_/S (sky130_fd_sc_hd__mux2_2)
                  0.05    0.29    3.67 v _1134_/X (sky130_fd_sc_hd__mux2_2)
     1    0.00                           _0493_ (net)
                  0.05    0.00    3.67 v _1135_/A (sky130_fd_sc_hd__buf_1)
                  0.02    0.09    3.75 v _1135_/X (sky130_fd_sc_hd__buf_1)
     1    0.00                           _0092_ (net)
                  0.02    0.00    3.75 v _1258_/D (sky130_fd_sc_hd__dfxtp_2)
                                  3.75   data arrival time

                  0.15   10.00   10.00   clock clk (rise edge)
                          0.00   10.00   clock network delay (ideal)
                         -0.25    9.75   clock uncertainty
                          0.00    9.75   clock reconvergence pessimism
                                  9.75 ^ _1258_/CLK (sky130_fd_sc_hd__dfxtp_2)
                         -0.08    9.67   library setup time
                                  9.67   data required time
-----------------------------------------------------------------------------
                                  9.67   data required time
                                 -3.75   data arrival time
-----------------------------------------------------------------------------
                                  5.92   slack (MET)


Startpoint: rst_n (input port clocked by clk)
Endpoint: _1257_ (rising edge-triggered flip-flop clocked by clk)
Path Group: clk
Path Type: max

Fanout     Cap    Slew   Delay    Time   Description
-----------------------------------------------------------------------------
                  0.15    0.00    0.00   clock clk (rise edge)
                          0.00    0.00   clock network delay (ideal)
                          2.00    2.00 ^ input external delay
                  0.72    0.53    2.53 ^ rst_n (in)
    37    0.16                           rst_n (net)
                  0.73    0.00    2.53 ^ _1092_/B (sky130_fd_sc_hd__nand3b_2)
                  0.25    0.32    2.85 v _1092_/Y (sky130_fd_sc_hd__nand3b_2)
     8    0.03                           _0466_ (net)
                  0.25    0.00    2.85 v _1130_/C (sky130_fd_sc_hd__or3_2)
                  0.09    0.52    3.38 v _1130_/X (sky130_fd_sc_hd__or3_2)
     2    0.01                           _0490_ (net)
                  0.09    0.00    3.38 v _1131_/S (sky130_fd_sc_hd__mux2_2)
                  0.05    0.29    3.67 v _1131_/X (sky130_fd_sc_hd__mux2_2)
     1    0.00                           _0491_ (net)
                  0.05    0.00    3.67 v _1132_/A (sky130_fd_sc_hd__buf_1)
                  0.02    0.09    3.75 v _1132_/X (sky130_fd_sc_hd__buf_1)
     1    0.00                           _0091_ (net)
                  0.02    0.00    3.75 v _1257_/D (sky130_fd_sc_hd__dfxtp_2)
                                  3.75   data arrival time

                  0.15   10.00   10.00   clock clk (rise edge)
                          0.00   10.00   clock network delay (ideal)
                         -0.25    9.75   clock uncertainty
                          0.00    9.75   clock reconvergence pessimism
                                  9.75 ^ _1257_/CLK (sky130_fd_sc_hd__dfxtp_2)
                         -0.08    9.67   library setup time
                                  9.67   data required time
-----------------------------------------------------------------------------
                                  9.67   data required time
                                 -3.75   data arrival time
-----------------------------------------------------------------------------
                                  5.92   slack (MET)


Startpoint: rst_n (input port clocked by clk)
Endpoint: _1226_ (rising edge-triggered flip-flop clocked by clk)
Path Group: clk
Path Type: max

Fanout     Cap    Slew   Delay    Time   Description
-----------------------------------------------------------------------------
                  0.15    0.00    0.00   clock clk (rise edge)
                          0.00    0.00   clock network delay (ideal)
                          2.00    2.00 ^ input external delay
                  0.72    0.53    2.53 ^ rst_n (in)
    37    0.16                           rst_n (net)
                  0.73    0.00    2.53 ^ _1005_/C (sky130_fd_sc_hd__nand3b_2)
                  0.24    0.31    2.84 v _1005_/Y (sky130_fd_sc_hd__nand3b_2)
     8    0.03                           _0411_ (net)
                  0.24    0.00    2.84 v _1047_/C (sky130_fd_sc_hd__or3_2)
                  0.09    0.52    3.36 v _1047_/X (sky130_fd_sc_hd__or3_2)
     2    0.01                           _0439_ (net)
                  0.09    0.00    3.36 v _1050_/S (sky130_fd_sc_hd__mux2_2)
                  0.05    0.29    3.65 v _1050_/X (sky130_fd_sc_hd__mux2_2)
     1    0.00                           _0441_ (net)
                  0.05    0.00    3.65 v _1051_/A (sky130_fd_sc_hd__buf_1)
                  0.02    0.09    3.74 v _1051_/X (sky130_fd_sc_hd__buf_1)
     1    0.00                           _0060_ (net)
                  0.02    0.00    3.74 v _1226_/D (sky130_fd_sc_hd__dfxtp_2)
                                  3.74   data arrival time

                  0.15   10.00   10.00   clock clk (rise edge)
                          0.00   10.00   clock network delay (ideal)
                         -0.25    9.75   clock uncertainty
                          0.00    9.75   clock reconvergence pessimism
                                  9.75 ^ _1226_/CLK (sky130_fd_sc_hd__dfxtp_2)
                         -0.08    9.67   library setup time
                                  9.67   data required time
-----------------------------------------------------------------------------
                                  9.67   data required time
                                 -3.74   data arrival time
-----------------------------------------------------------------------------
                                  5.93   slack (MET)


Startpoint: rst_n (input port clocked by clk)
Endpoint: _1225_ (rising edge-triggered flip-flop clocked by clk)
Path Group: clk
Path Type: max

Fanout     Cap    Slew   Delay    Time   Description
-----------------------------------------------------------------------------
                  0.15    0.00    0.00   clock clk (rise edge)
                          0.00    0.00   clock network delay (ideal)
                          2.00    2.00 ^ input external delay
                  0.72    0.53    2.53 ^ rst_n (in)
    37    0.16                           rst_n (net)
                  0.73    0.00    2.53 ^ _1005_/C (sky130_fd_sc_hd__nand3b_2)
                  0.24    0.31    2.84 v _1005_/Y (sky130_fd_sc_hd__nand3b_2)
     8    0.03                           _0411_ (net)
                  0.24    0.00    2.84 v _1047_/C (sky130_fd_sc_hd__or3_2)
                  0.09    0.52    3.36 v _1047_/X (sky130_fd_sc_hd__or3_2)
     2    0.01                           _0439_ (net)
                  0.09    0.00    3.36 v _1048_/S (sky130_fd_sc_hd__mux2_2)
                  0.05    0.29    3.65 v _1048_/X (sky130_fd_sc_hd__mux2_2)
     1    0.00                           _0440_ (net)
                  0.05    0.00    3.65 v _1049_/A (sky130_fd_sc_hd__buf_1)
                  0.02    0.09    3.74 v _1049_/X (sky130_fd_sc_hd__buf_1)
     1    0.00                           _0059_ (net)
                  0.02    0.00    3.74 v _1225_/D (sky130_fd_sc_hd__dfxtp_2)
                                  3.74   data arrival time

                  0.15   10.00   10.00   clock clk (rise edge)
                          0.00   10.00   clock network delay (ideal)
                         -0.25    9.75   clock uncertainty
                          0.00    9.75   clock reconvergence pessimism
                                  9.75 ^ _1225_/CLK (sky130_fd_sc_hd__dfxtp_2)
                         -0.08    9.67   library setup time
                                  9.67   data required time
-----------------------------------------------------------------------------
                                  9.67   data required time
                                 -3.74   data arrival time
-----------------------------------------------------------------------------
                                  5.93   slack (MET)


Startpoint: rst_n (input port clocked by clk)
Endpoint: _1283_ (rising edge-triggered flip-flop clocked by clk)
Path Group: clk
Path Type: max

Fanout     Cap    Slew   Delay    Time   Description
-----------------------------------------------------------------------------
                  0.15    0.00    0.00   clock clk (rise edge)
                          0.00    0.00   clock network delay (ideal)
                          2.00    2.00 ^ input external delay
                  0.72    0.53    2.53 ^ rst_n (in)
    37    0.16                           rst_n (net)
                  0.73    0.00    2.53 ^ _0590_/C_N (sky130_fd_sc_hd__or3b_2)
                  0.13    0.61    3.14 v _0590_/X (sky130_fd_sc_hd__or3b_2)
     8    0.02                           _0519_ (net)
                  0.13    0.00    3.14 v _0612_/B (sky130_fd_sc_hd__nor2_2)
                  0.11    0.14    3.28 ^ _0612_/Y (sky130_fd_sc_hd__nor2_2)
     2    0.01                           _0533_ (net)
                  0.11    0.00    3.28 ^ _0613_/S (sky130_fd_sc_hd__mux2_2)
                  0.05    0.35    3.64 v _0613_/X (sky130_fd_sc_hd__mux2_2)
     1    0.00                           _0534_ (net)
                  0.05    0.00    3.64 v _0614_/A (sky130_fd_sc_hd__buf_1)
                  0.02    0.09    3.72 v _0614_/X (sky130_fd_sc_hd__buf_1)
     1    0.00                           _0117_ (net)
                  0.02    0.00    3.72 v _1283_/D (sky130_fd_sc_hd__dfxtp_2)
                                  3.72   data arrival time

                  0.15   10.00   10.00   clock clk (rise edge)
                          0.00   10.00   clock network delay (ideal)
                         -0.25    9.75   clock uncertainty
                          0.00    9.75   clock reconvergence pessimism
                                  9.75 ^ _1283_/CLK (sky130_fd_sc_hd__dfxtp_2)
                         -0.08    9.67   library setup time
                                  9.67   data required time
-----------------------------------------------------------------------------
                                  9.67   data required time
                                 -3.72   data arrival time
-----------------------------------------------------------------------------
                                  5.95   slack (MET)


Startpoint: rst_n (input port clocked by clk)
Endpoint: _1284_ (rising edge-triggered flip-flop clocked by clk)
Path Group: clk
Path Type: max

Fanout     Cap    Slew   Delay    Time   Description
-----------------------------------------------------------------------------
                  0.15    0.00    0.00   clock clk (rise edge)
                          0.00    0.00   clock network delay (ideal)
                          2.00    2.00 ^ input external delay
                  0.72    0.53    2.53 ^ rst_n (in)
    37    0.16                           rst_n (net)
                  0.73    0.00    2.53 ^ _0590_/C_N (sky130_fd_sc_hd__or3b_2)
                  0.13    0.61    3.14 v _0590_/X (sky130_fd_sc_hd__or3b_2)
     8    0.02                           _0519_ (net)
                  0.13    0.00    3.14 v _0612_/B (sky130_fd_sc_hd__nor2_2)
                  0.11    0.14    3.28 ^ _0612_/Y (sky130_fd_sc_hd__nor2_2)
     2    0.01                           _0533_ (net)
                  0.11    0.00    3.28 ^ _0615_/S (sky130_fd_sc_hd__mux2_2)
                  0.05    0.35    3.64 v _0615_/X (sky130_fd_sc_hd__mux2_2)
     1    0.00                           _0535_ (net)
                  0.05    0.00    3.64 v _0616_/A (sky130_fd_sc_hd__buf_1)
                  0.02    0.09    3.72 v _0616_/X (sky130_fd_sc_hd__buf_1)
     1    0.00                           _0118_ (net)
                  0.02    0.00    3.72 v _1284_/D (sky130_fd_sc_hd__dfxtp_2)
                                  3.72   data arrival time

                  0.15   10.00   10.00   clock clk (rise edge)
                          0.00   10.00   clock network delay (ideal)
                         -0.25    9.75   clock uncertainty
                          0.00    9.75   clock reconvergence pessimism
                                  9.75 ^ _1284_/CLK (sky130_fd_sc_hd__dfxtp_2)
                         -0.08    9.67   library setup time
                                  9.67   data required time
-----------------------------------------------------------------------------
                                  9.67   data required time
                                 -3.72   data arrival time
-----------------------------------------------------------------------------
                                  5.95   slack (MET)


Startpoint: rst_n (input port clocked by clk)
Endpoint: _1247_ (rising edge-triggered flip-flop clocked by clk)
Path Group: clk
Path Type: max

Fanout     Cap    Slew   Delay    Time   Description
-----------------------------------------------------------------------------
                  0.15    0.00    0.00   clock clk (rise edge)
                          0.00    0.00   clock network delay (ideal)
                          2.00    2.00 ^ input external delay
                  0.72    0.53    2.53 ^ rst_n (in)
    37    0.16                           rst_n (net)
                  0.73    0.00    2.53 ^ _1092_/B (sky130_fd_sc_hd__nand3b_2)
                  0.25    0.32    2.85 v _1092_/Y (sky130_fd_sc_hd__nand3b_2)
     8    0.03                           _0466_ (net)
                  0.25    0.00    2.85 v _1105_/B (sky130_fd_sc_hd__or2_2)
                  0.07    0.39    3.25 v _1105_/X (sky130_fd_sc_hd__or2_2)
     2    0.01                           _0475_ (net)
                  0.07    0.00    3.25 v _1106_/S (sky130_fd_sc_hd__mux2_2)
                  0.05    0.28    3.53 v _1106_/X (sky130_fd_sc_hd__mux2_2)
     1    0.00                           _0476_ (net)
                  0.05    0.00    3.53 v _1107_/A (sky130_fd_sc_hd__buf_1)
                  0.02    0.09    3.62 v _1107_/X (sky130_fd_sc_hd__buf_1)
     1    0.00                           _0081_ (net)
                  0.02    0.00    3.62 v _1247_/D (sky130_fd_sc_hd__dfxtp_2)
                                  3.62   data arrival time

                  0.15   10.00   10.00   clock clk (rise edge)
                          0.00   10.00   clock network delay (ideal)
                         -0.25    9.75   clock uncertainty
                          0.00    9.75   clock reconvergence pessimism
                                  9.75 ^ _1247_/CLK (sky130_fd_sc_hd__dfxtp_2)
                         -0.08    9.67   library setup time
                                  9.67   data required time
-----------------------------------------------------------------------------
                                  9.67   data required time
                                 -3.62   data arrival time
-----------------------------------------------------------------------------
                                  6.05   slack (MET)


Startpoint: rst_n (input port clocked by clk)
Endpoint: _1248_ (rising edge-triggered flip-flop clocked by clk)
Path Group: clk
Path Type: max

Fanout     Cap    Slew   Delay    Time   Description
-----------------------------------------------------------------------------
                  0.15    0.00    0.00   clock clk (rise edge)
                          0.00    0.00   clock network delay (ideal)
                          2.00    2.00 ^ input external delay
                  0.72    0.53    2.53 ^ rst_n (in)
    37    0.16                           rst_n (net)
                  0.73    0.00    2.53 ^ _1092_/B (sky130_fd_sc_hd__nand3b_2)
                  0.25    0.32    2.85 v _1092_/Y (sky130_fd_sc_hd__nand3b_2)
     8    0.03                           _0466_ (net)
                  0.25    0.00    2.85 v _1105_/B (sky130_fd_sc_hd__or2_2)
                  0.07    0.39    3.25 v _1105_/X (sky130_fd_sc_hd__or2_2)
     2    0.01                           _0475_ (net)
                  0.07    0.00    3.25 v _1108_/S (sky130_fd_sc_hd__mux2_2)
                  0.05    0.28    3.53 v _1108_/X (sky130_fd_sc_hd__mux2_2)
     1    0.00                           _0477_ (net)
                  0.05    0.00    3.53 v _1109_/A (sky130_fd_sc_hd__buf_1)
                  0.02    0.09    3.62 v _1109_/X (sky130_fd_sc_hd__buf_1)
     1    0.00                           _0082_ (net)
                  0.02    0.00    3.62 v _1248_/D (sky130_fd_sc_hd__dfxtp_2)
                                  3.62   data arrival time

                  0.15   10.00   10.00   clock clk (rise edge)
                          0.00   10.00   clock network delay (ideal)
                         -0.25    9.75   clock uncertainty
                          0.00    9.75   clock reconvergence pessimism
                                  9.75 ^ _1248_/CLK (sky130_fd_sc_hd__dfxtp_2)
                         -0.08    9.67   library setup time
                                  9.67   data required time
-----------------------------------------------------------------------------
                                  9.67   data required time
                                 -3.62   data arrival time
-----------------------------------------------------------------------------
                                  6.05   slack (MET)


Startpoint: rst_n (input port clocked by clk)
Endpoint: _1250_ (rising edge-triggered flip-flop clocked by clk)
Path Group: clk
Path Type: max

Fanout     Cap    Slew   Delay    Time   Description
-----------------------------------------------------------------------------
                  0.15    0.00    0.00   clock clk (rise edge)
                          0.00    0.00   clock network delay (ideal)
                          2.00    2.00 ^ input external delay
                  0.72    0.53    2.53 ^ rst_n (in)
    37    0.16                           rst_n (net)
                  0.73    0.00    2.53 ^ _1092_/B (sky130_fd_sc_hd__nand3b_2)
                  0.25    0.32    2.85 v _1092_/Y (sky130_fd_sc_hd__nand3b_2)
     8    0.03                           _0466_ (net)
                  0.25    0.00    2.85 v _1110_/B (sky130_fd_sc_hd__or2_2)
                  0.07    0.39    3.25 v _1110_/X (sky130_fd_sc_hd__or2_2)
     2    0.01                           _0478_ (net)
                  0.07    0.00    3.25 v _1113_/S (sky130_fd_sc_hd__mux2_2)
                  0.05    0.28    3.53 v _1113_/X (sky130_fd_sc_hd__mux2_2)
     1    0.00                           _0480_ (net)
                  0.05    0.00    3.53 v _1114_/A (sky130_fd_sc_hd__buf_1)
                  0.02    0.09    3.62 v _1114_/X (sky130_fd_sc_hd__buf_1)
     1    0.00                           _0084_ (net)
                  0.02    0.00    3.62 v _1250_/D (sky130_fd_sc_hd__dfxtp_2)
                                  3.62   data arrival time

                  0.15   10.00   10.00   clock clk (rise edge)
                          0.00   10.00   clock network delay (ideal)
                         -0.25    9.75   clock uncertainty
                          0.00    9.75   clock reconvergence pessimism
                                  9.75 ^ _1250_/CLK (sky130_fd_sc_hd__dfxtp_2)
                         -0.08    9.67   library setup time
                                  9.67   data required time
-----------------------------------------------------------------------------
                                  9.67   data required time
                                 -3.62   data arrival time
-----------------------------------------------------------------------------
                                  6.06   slack (MET)


Startpoint: rst_n (input port clocked by clk)
Endpoint: _1249_ (rising edge-triggered flip-flop clocked by clk)
Path Group: clk
Path Type: max

Fanout     Cap    Slew   Delay    Time   Description
-----------------------------------------------------------------------------
                  0.15    0.00    0.00   clock clk (rise edge)
                          0.00    0.00   clock network delay (ideal)
                          2.00    2.00 ^ input external delay
                  0.72    0.53    2.53 ^ rst_n (in)
    37    0.16                           rst_n (net)
                  0.73    0.00    2.53 ^ _1092_/B (sky130_fd_sc_hd__nand3b_2)
                  0.25    0.32    2.85 v _1092_/Y (sky130_fd_sc_hd__nand3b_2)
     8    0.03                           _0466_ (net)
                  0.25    0.00    2.85 v _1110_/B (sky130_fd_sc_hd__or2_2)
                  0.07    0.39    3.25 v _1110_/X (sky130_fd_sc_hd__or2_2)
     2    0.01                           _0478_ (net)
                  0.07    0.00    3.25 v _1111_/S (sky130_fd_sc_hd__mux2_2)
                  0.05    0.28    3.53 v _1111_/X (sky130_fd_sc_hd__mux2_2)
     1    0.00                           _0479_ (net)
                  0.05    0.00    3.53 v _1112_/A (sky130_fd_sc_hd__buf_1)
                  0.02    0.09    3.62 v _1112_/X (sky130_fd_sc_hd__buf_1)
     1    0.00                           _0083_ (net)
                  0.02    0.00    3.62 v _1249_/D (sky130_fd_sc_hd__dfxtp_2)
                                  3.62   data arrival time

                  0.15   10.00   10.00   clock clk (rise edge)
                          0.00   10.00   clock network delay (ideal)
                         -0.25    9.75   clock uncertainty
                          0.00    9.75   clock reconvergence pessimism
                                  9.75 ^ _1249_/CLK (sky130_fd_sc_hd__dfxtp_2)
                         -0.08    9.67   library setup time
                                  9.67   data required time
-----------------------------------------------------------------------------
                                  9.67   data required time
                                 -3.62   data arrival time
-----------------------------------------------------------------------------
                                  6.06   slack (MET)


Startpoint: rst_n (input port clocked by clk)
Endpoint: _1245_ (rising edge-triggered flip-flop clocked by clk)
Path Group: clk
Path Type: max

Fanout     Cap    Slew   Delay    Time   Description
-----------------------------------------------------------------------------
                  0.15    0.00    0.00   clock clk (rise edge)
                          0.00    0.00   clock network delay (ideal)
                          2.00    2.00 ^ input external delay
                  0.72    0.53    2.53 ^ rst_n (in)
    37    0.16                           rst_n (net)
                  0.73    0.00    2.53 ^ _1092_/B (sky130_fd_sc_hd__nand3b_2)
                  0.25    0.32    2.85 v _1092_/Y (sky130_fd_sc_hd__nand3b_2)
     8    0.03                           _0466_ (net)
                  0.25    0.00    2.85 v _1100_/B (sky130_fd_sc_hd__or2_2)
                  0.07    0.39    3.24 v _1100_/X (sky130_fd_sc_hd__or2_2)
     2    0.01                           _0472_ (net)
                  0.07    0.00    3.24 v _1101_/S (sky130_fd_sc_hd__mux2_2)
                  0.05    0.28    3.52 v _1101_/X (sky130_fd_sc_hd__mux2_2)
     1    0.00                           _0473_ (net)
                  0.05    0.00    3.52 v _1102_/A (sky130_fd_sc_hd__buf_1)
                  0.02    0.09    3.61 v _1102_/X (sky130_fd_sc_hd__buf_1)
     1    0.00                           _0079_ (net)
                  0.02    0.00    3.61 v _1245_/D (sky130_fd_sc_hd__dfxtp_2)
                                  3.61   data arrival time

                  0.15   10.00   10.00   clock clk (rise edge)
                          0.00   10.00   clock network delay (ideal)
                         -0.25    9.75   clock uncertainty
                          0.00    9.75   clock reconvergence pessimism
                                  9.75 ^ _1245_/CLK (sky130_fd_sc_hd__dfxtp_2)
                         -0.08    9.67   library setup time
                                  9.67   data required time
-----------------------------------------------------------------------------
                                  9.67   data required time
                                 -3.61   data arrival time
-----------------------------------------------------------------------------
                                  6.07   slack (MET)


Startpoint: rst_n (input port clocked by clk)
Endpoint: _1246_ (rising edge-triggered flip-flop clocked by clk)
Path Group: clk
Path Type: max

Fanout     Cap    Slew   Delay    Time   Description
-----------------------------------------------------------------------------
                  0.15    0.00    0.00   clock clk (rise edge)
                          0.00    0.00   clock network delay (ideal)
                          2.00    2.00 ^ input external delay
                  0.72    0.53    2.53 ^ rst_n (in)
    37    0.16                           rst_n (net)
                  0.73    0.00    2.53 ^ _1092_/B (sky130_fd_sc_hd__nand3b_2)
                  0.25    0.32    2.85 v _1092_/Y (sky130_fd_sc_hd__nand3b_2)
     8    0.03                           _0466_ (net)
                  0.25    0.00    2.85 v _1100_/B (sky130_fd_sc_hd__or2_2)
                  0.07    0.39    3.24 v _1100_/X (sky130_fd_sc_hd__or2_2)
     2    0.01                           _0472_ (net)
                  0.07    0.00    3.24 v _1103_/S (sky130_fd_sc_hd__mux2_2)
                  0.05    0.28    3.52 v _1103_/X (sky130_fd_sc_hd__mux2_2)
     1    0.00                           _0474_ (net)
                  0.05    0.00    3.52 v _1104_/A (sky130_fd_sc_hd__buf_1)
                  0.02    0.09    3.60 v _1104_/X (sky130_fd_sc_hd__buf_1)
     1    0.00                           _0080_ (net)
                  0.02    0.00    3.60 v _1246_/D (sky130_fd_sc_hd__dfxtp_2)
                                  3.60   data arrival time

                  0.15   10.00   10.00   clock clk (rise edge)
                          0.00   10.00   clock network delay (ideal)
                         -0.25    9.75   clock uncertainty
                          0.00    9.75   clock reconvergence pessimism
                                  9.75 ^ _1246_/CLK (sky130_fd_sc_hd__dfxtp_2)
                         -0.08    9.67   library setup time
                                  9.67   data required time
-----------------------------------------------------------------------------
                                  9.67   data required time
                                 -3.60   data arrival time
-----------------------------------------------------------------------------
                                  6.07   slack (MET)


Startpoint: rst_n (input port clocked by clk)
Endpoint: _1216_ (rising edge-triggered flip-flop clocked by clk)
Path Group: clk
Path Type: max

Fanout     Cap    Slew   Delay    Time   Description
-----------------------------------------------------------------------------
                  0.15    0.00    0.00   clock clk (rise edge)
                          0.00    0.00   clock network delay (ideal)
                          2.00    2.00 ^ input external delay
                  0.72    0.53    2.53 ^ rst_n (in)
    37    0.16                           rst_n (net)
                  0.73    0.00    2.53 ^ _1005_/C (sky130_fd_sc_hd__nand3b_2)
                  0.24    0.31    2.84 v _1005_/Y (sky130_fd_sc_hd__nand3b_2)
     8    0.03                           _0411_ (net)
                  0.24    0.00    2.84 v _1018_/B (sky130_fd_sc_hd__or2_2)
                  0.07    0.39    3.23 v _1018_/X (sky130_fd_sc_hd__or2_2)
     2    0.01                           _0420_ (net)
                  0.07    0.00    3.23 v _1022_/S (sky130_fd_sc_hd__mux2_2)
                  0.05    0.28    3.51 v _1022_/X (sky130_fd_sc_hd__mux2_2)
     1    0.00                           _0423_ (net)
                  0.05    0.00    3.51 v _1023_/A (sky130_fd_sc_hd__buf_1)
                  0.02    0.09    3.60 v _1023_/X (sky130_fd_sc_hd__buf_1)
     1    0.00                           _0050_ (net)
                  0.02    0.00    3.60 v _1216_/D (sky130_fd_sc_hd__dfxtp_2)
                                  3.60   data arrival time

                  0.15   10.00   10.00   clock clk (rise edge)
                          0.00   10.00   clock network delay (ideal)
                         -0.25    9.75   clock uncertainty
                          0.00    9.75   clock reconvergence pessimism
                                  9.75 ^ _1216_/CLK (sky130_fd_sc_hd__dfxtp_2)
                         -0.08    9.67   library setup time
                                  9.67   data required time
-----------------------------------------------------------------------------
                                  9.67   data required time
                                 -3.60   data arrival time
-----------------------------------------------------------------------------
                                  6.08   slack (MET)


Startpoint: rst_n (input port clocked by clk)
Endpoint: _1215_ (rising edge-triggered flip-flop clocked by clk)
Path Group: clk
Path Type: max

Fanout     Cap    Slew   Delay    Time   Description
-----------------------------------------------------------------------------
                  0.15    0.00    0.00   clock clk (rise edge)
                          0.00    0.00   clock network delay (ideal)
                          2.00    2.00 ^ input external delay
                  0.72    0.53    2.53 ^ rst_n (in)
    37    0.16                           rst_n (net)
                  0.73    0.00    2.53 ^ _1005_/C (sky130_fd_sc_hd__nand3b_2)
                  0.24    0.31    2.84 v _1005_/Y (sky130_fd_sc_hd__nand3b_2)
     8    0.03                           _0411_ (net)
                  0.24    0.00    2.84 v _1018_/B (sky130_fd_sc_hd__or2_2)
                  0.07    0.39    3.23 v _1018_/X (sky130_fd_sc_hd__or2_2)
     2    0.01                           _0420_ (net)
                  0.07    0.00    3.23 v _1019_/S (sky130_fd_sc_hd__mux2_2)
                  0.05    0.28    3.51 v _1019_/X (sky130_fd_sc_hd__mux2_2)
     1    0.00                           _0421_ (net)
                  0.05    0.00    3.51 v _1020_/A (sky130_fd_sc_hd__buf_1)
                  0.02    0.09    3.60 v _1020_/X (sky130_fd_sc_hd__buf_1)
     1    0.00                           _0049_ (net)
                  0.02    0.00    3.60 v _1215_/D (sky130_fd_sc_hd__dfxtp_2)
                                  3.60   data arrival time

                  0.15   10.00   10.00   clock clk (rise edge)
                          0.00   10.00   clock network delay (ideal)
                         -0.25    9.75   clock uncertainty
                          0.00    9.75   clock reconvergence pessimism
                                  9.75 ^ _1215_/CLK (sky130_fd_sc_hd__dfxtp_2)
                         -0.08    9.67   library setup time
                                  9.67   data required time
-----------------------------------------------------------------------------
                                  9.67   data required time
                                 -3.60   data arrival time
-----------------------------------------------------------------------------
                                  6.08   slack (MET)


Startpoint: rst_n (input port clocked by clk)
Endpoint: _1217_ (rising edge-triggered flip-flop clocked by clk)
Path Group: clk
Path Type: max

Fanout     Cap    Slew   Delay    Time   Description
-----------------------------------------------------------------------------
                  0.15    0.00    0.00   clock clk (rise edge)
                          0.00    0.00   clock network delay (ideal)
                          2.00    2.00 ^ input external delay
                  0.72    0.53    2.53 ^ rst_n (in)
    37    0.16                           rst_n (net)
                  0.73    0.00    2.53 ^ _1005_/C (sky130_fd_sc_hd__nand3b_2)
                  0.24    0.31    2.84 v _1005_/Y (sky130_fd_sc_hd__nand3b_2)
     8    0.03                           _0411_ (net)
                  0.24    0.00    2.84 v _1025_/B (sky130_fd_sc_hd__or2_2)
                  0.07    0.39    3.22 v _1025_/X (sky130_fd_sc_hd__or2_2)
     2    0.01                           _0425_ (net)
                  0.07    0.00    3.22 v _1026_/S (sky130_fd_sc_hd__mux2_2)
                  0.05    0.28    3.51 v _1026_/X (sky130_fd_sc_hd__mux2_2)
     1    0.00                           _0426_ (net)
                  0.05    0.00    3.51 v _1027_/A (sky130_fd_sc_hd__buf_1)
                  0.02    0.09    3.59 v _1027_/X (sky130_fd_sc_hd__buf_1)
     1    0.00                           _0051_ (net)
                  0.02    0.00    3.59 v _1217_/D (sky130_fd_sc_hd__dfxtp_2)
                                  3.59   data arrival time

                  0.15   10.00   10.00   clock clk (rise edge)
                          0.00   10.00   clock network delay (ideal)
                         -0.25    9.75   clock uncertainty
                          0.00    9.75   clock reconvergence pessimism
                                  9.75 ^ _1217_/CLK (sky130_fd_sc_hd__dfxtp_2)
                         -0.08    9.67   library setup time
                                  9.67   data required time
-----------------------------------------------------------------------------
                                  9.67   data required time
                                 -3.59   data arrival time
-----------------------------------------------------------------------------
                                  6.08   slack (MET)


Startpoint: rst_n (input port clocked by clk)
Endpoint: _1218_ (rising edge-triggered flip-flop clocked by clk)
Path Group: clk
Path Type: max

Fanout     Cap    Slew   Delay    Time   Description
-----------------------------------------------------------------------------
                  0.15    0.00    0.00   clock clk (rise edge)
                          0.00    0.00   clock network delay (ideal)
                          2.00    2.00 ^ input external delay
                  0.72    0.53    2.53 ^ rst_n (in)
    37    0.16                           rst_n (net)
                  0.73    0.00    2.53 ^ _1005_/C (sky130_fd_sc_hd__nand3b_2)
                  0.24    0.31    2.84 v _1005_/Y (sky130_fd_sc_hd__nand3b_2)
     8    0.03                           _0411_ (net)
                  0.24    0.00    2.84 v _1025_/B (sky130_fd_sc_hd__or2_2)
                  0.07    0.39    3.22 v _1025_/X (sky130_fd_sc_hd__or2_2)
     2    0.01                           _0425_ (net)
                  0.07    0.00    3.22 v _1028_/S (sky130_fd_sc_hd__mux2_2)
                  0.05    0.28    3.51 v _1028_/X (sky130_fd_sc_hd__mux2_2)
     1    0.00                           _0427_ (net)
                  0.05    0.00    3.51 v _1029_/A (sky130_fd_sc_hd__buf_1)
                  0.02    0.09    3.59 v _1029_/X (sky130_fd_sc_hd__buf_1)
     1    0.00                           _0052_ (net)
                  0.02    0.00    3.59 v _1218_/D (sky130_fd_sc_hd__dfxtp_2)
                                  3.59   data arrival time

                  0.15   10.00   10.00   clock clk (rise edge)
                          0.00   10.00   clock network delay (ideal)
                         -0.25    9.75   clock uncertainty
                          0.00    9.75   clock reconvergence pessimism
                                  9.75 ^ _1218_/CLK (sky130_fd_sc_hd__dfxtp_2)
                         -0.08    9.67   library setup time
                                  9.67   data required time
-----------------------------------------------------------------------------
                                  9.67   data required time
                                 -3.59   data arrival time
-----------------------------------------------------------------------------
                                  6.08   slack (MET)


Startpoint: rst_n (input port clocked by clk)
Endpoint: _1214_ (rising edge-triggered flip-flop clocked by clk)
Path Group: clk
Path Type: max

Fanout     Cap    Slew   Delay    Time   Description
-----------------------------------------------------------------------------
                  0.15    0.00    0.00   clock clk (rise edge)
                          0.00    0.00   clock network delay (ideal)
                          2.00    2.00 ^ input external delay
                  0.72    0.53    2.53 ^ rst_n (in)
    37    0.16                           rst_n (net)
                  0.73    0.00    2.53 ^ _1005_/C (sky130_fd_sc_hd__nand3b_2)
                  0.24    0.31    2.84 v _1005_/Y (sky130_fd_sc_hd__nand3b_2)
     8    0.03                           _0411_ (net)
                  0.24    0.00    2.84 v _1013_/B (sky130_fd_sc_hd__or2_2)
                  0.07    0.39    3.22 v _1013_/X (sky130_fd_sc_hd__or2_2)
     2    0.01                           _0417_ (net)
                  0.07    0.00    3.22 v _1016_/S (sky130_fd_sc_hd__mux2_2)
                  0.05    0.28    3.50 v _1016_/X (sky130_fd_sc_hd__mux2_2)
     1    0.00                           _0419_ (net)
                  0.05    0.00    3.50 v _1017_/A (sky130_fd_sc_hd__buf_1)
                  0.02    0.09    3.59 v _1017_/X (sky130_fd_sc_hd__buf_1)
     1    0.00                           _0048_ (net)
                  0.02    0.00    3.59 v _1214_/D (sky130_fd_sc_hd__dfxtp_2)
                                  3.59   data arrival time

                  0.15   10.00   10.00   clock clk (rise edge)
                          0.00   10.00   clock network delay (ideal)
                         -0.25    9.75   clock uncertainty
                          0.00    9.75   clock reconvergence pessimism
                                  9.75 ^ _1214_/CLK (sky130_fd_sc_hd__dfxtp_2)
                         -0.08    9.67   library setup time
                                  9.67   data required time
-----------------------------------------------------------------------------
                                  9.67   data required time
                                 -3.59   data arrival time
-----------------------------------------------------------------------------
                                  6.08   slack (MET)


Startpoint: rst_n (input port clocked by clk)
Endpoint: _1213_ (rising edge-triggered flip-flop clocked by clk)
Path Group: clk
Path Type: max

Fanout     Cap    Slew   Delay    Time   Description
-----------------------------------------------------------------------------
                  0.15    0.00    0.00   clock clk (rise edge)
                          0.00    0.00   clock network delay (ideal)
                          2.00    2.00 ^ input external delay
                  0.72    0.53    2.53 ^ rst_n (in)
    37    0.16                           rst_n (net)
                  0.73    0.00    2.53 ^ _1005_/C (sky130_fd_sc_hd__nand3b_2)
                  0.24    0.31    2.84 v _1005_/Y (sky130_fd_sc_hd__nand3b_2)
     8    0.03                           _0411_ (net)
                  0.24    0.00    2.84 v _1013_/B (sky130_fd_sc_hd__or2_2)
                  0.07    0.39    3.22 v _1013_/X (sky130_fd_sc_hd__or2_2)
     2    0.01                           _0417_ (net)
                  0.07    0.00    3.22 v _1014_/S (sky130_fd_sc_hd__mux2_2)
                  0.05    0.28    3.50 v _1014_/X (sky130_fd_sc_hd__mux2_2)
     1    0.00                           _0418_ (net)
                  0.05    0.00    3.50 v _1015_/A (sky130_fd_sc_hd__buf_1)
                  0.02    0.09    3.59 v _1015_/X (sky130_fd_sc_hd__buf_1)
     1    0.00                           _0047_ (net)
                  0.02    0.00    3.59 v _1213_/D (sky130_fd_sc_hd__dfxtp_2)
                                  3.59   data arrival time

                  0.15   10.00   10.00   clock clk (rise edge)
                          0.00   10.00   clock network delay (ideal)
                         -0.25    9.75   clock uncertainty
                          0.00    9.75   clock reconvergence pessimism
                                  9.75 ^ _1213_/CLK (sky130_fd_sc_hd__dfxtp_2)
                         -0.08    9.67   library setup time
                                  9.67   data required time
-----------------------------------------------------------------------------
                                  9.67   data required time
                                 -3.59   data arrival time
-----------------------------------------------------------------------------
                                  6.08   slack (MET)


Startpoint: rst_n (input port clocked by clk)
Endpoint: _1182_ (rising edge-triggered flip-flop clocked by clk)
Path Group: clk
Path Type: max

Fanout     Cap    Slew   Delay    Time   Description
-----------------------------------------------------------------------------
                  0.15    0.00    0.00   clock clk (rise edge)
                          0.00    0.00   clock network delay (ideal)
                          2.00    2.00 ^ input external delay
                  0.72    0.53    2.53 ^ rst_n (in)
    37    0.16                           rst_n (net)
                  0.73    0.00    2.53 ^ _0869_/C (sky130_fd_sc_hd__nand3_2)
                  0.22    0.29    2.82 v _0869_/Y (sky130_fd_sc_hd__nand3_2)
     8    0.03                           _0314_ (net)
                  0.22    0.00    2.82 v _0912_/A (sky130_fd_sc_hd__or2_2)
                  0.07    0.40    3.22 v _0912_/X (sky130_fd_sc_hd__or2_2)
     2    0.01                           _0348_ (net)
                  0.07    0.00    3.22 v _0917_/S (sky130_fd_sc_hd__mux2_2)
                  0.05    0.28    3.50 v _0917_/X (sky130_fd_sc_hd__mux2_2)
     1    0.00                           _0352_ (net)
                  0.05    0.00    3.50 v _0918_/A (sky130_fd_sc_hd__buf_1)
                  0.02    0.09    3.59 v _0918_/X (sky130_fd_sc_hd__buf_1)
     1    0.00                           _0016_ (net)
                  0.02    0.00    3.59 v _1182_/D (sky130_fd_sc_hd__dfxtp_2)
                                  3.59   data arrival time

                  0.15   10.00   10.00   clock clk (rise edge)
                          0.00   10.00   clock network delay (ideal)
                         -0.25    9.75   clock uncertainty
                          0.00    9.75   clock reconvergence pessimism
                                  9.75 ^ _1182_/CLK (sky130_fd_sc_hd__dfxtp_2)
                         -0.08    9.67   library setup time
                                  9.67   data required time
-----------------------------------------------------------------------------
                                  9.67   data required time
                                 -3.59   data arrival time
-----------------------------------------------------------------------------
                                  6.08   slack (MET)


Startpoint: rst_n (input port clocked by clk)
Endpoint: _1181_ (rising edge-triggered flip-flop clocked by clk)
Path Group: clk
Path Type: max

Fanout     Cap    Slew   Delay    Time   Description
-----------------------------------------------------------------------------
                  0.15    0.00    0.00   clock clk (rise edge)
                          0.00    0.00   clock network delay (ideal)
                          2.00    2.00 ^ input external delay
                  0.72    0.53    2.53 ^ rst_n (in)
    37    0.16                           rst_n (net)
                  0.73    0.00    2.53 ^ _0869_/C (sky130_fd_sc_hd__nand3_2)
                  0.22    0.29    2.82 v _0869_/Y (sky130_fd_sc_hd__nand3_2)
     8    0.03                           _0314_ (net)
                  0.22    0.00    2.82 v _0912_/A (sky130_fd_sc_hd__or2_2)
                  0.07    0.40    3.22 v _0912_/X (sky130_fd_sc_hd__or2_2)
     2    0.01                           _0348_ (net)
                  0.07    0.00    3.22 v _0913_/S (sky130_fd_sc_hd__mux2_2)
                  0.05    0.28    3.50 v _0913_/X (sky130_fd_sc_hd__mux2_2)
     1    0.00                           _0349_ (net)
                  0.05    0.00    3.50 v _0914_/A (sky130_fd_sc_hd__buf_1)
                  0.02    0.09    3.59 v _0914_/X (sky130_fd_sc_hd__buf_1)
     1    0.00                           _0015_ (net)
                  0.02    0.00    3.59 v _1181_/D (sky130_fd_sc_hd__dfxtp_2)
                                  3.59   data arrival time

                  0.15   10.00   10.00   clock clk (rise edge)
                          0.00   10.00   clock network delay (ideal)
                         -0.25    9.75   clock uncertainty
                          0.00    9.75   clock reconvergence pessimism
                                  9.75 ^ _1181_/CLK (sky130_fd_sc_hd__dfxtp_2)
                         -0.08    9.67   library setup time
                                  9.67   data required time
-----------------------------------------------------------------------------
                                  9.67   data required time
                                 -3.59   data arrival time
-----------------------------------------------------------------------------
                                  6.08   slack (MET)


Startpoint: rst_n (input port clocked by clk)
Endpoint: _1186_ (rising edge-triggered flip-flop clocked by clk)
Path Group: clk
Path Type: max

Fanout     Cap    Slew   Delay    Time   Description
-----------------------------------------------------------------------------
                  0.15    0.00    0.00   clock clk (rise edge)
                          0.00    0.00   clock network delay (ideal)
                          2.00    2.00 ^ input external delay
                  0.72    0.53    2.53 ^ rst_n (in)
    37    0.16                           rst_n (net)
                  0.73    0.00    2.53 ^ _0869_/C (sky130_fd_sc_hd__nand3_2)
                  0.22    0.29    2.82 v _0869_/Y (sky130_fd_sc_hd__nand3_2)
     8    0.03                           _0314_ (net)
                  0.22    0.00    2.82 v _0926_/A (sky130_fd_sc_hd__or2_2)
                  0.07    0.39    3.21 v _0926_/X (sky130_fd_sc_hd__or2_2)
     2    0.01                           _0358_ (net)
                  0.07    0.00    3.22 v _0929_/S (sky130_fd_sc_hd__mux2_2)
                  0.05    0.28    3.50 v _0929_/X (sky130_fd_sc_hd__mux2_2)
     1    0.00                           _0360_ (net)
                  0.05    0.00    3.50 v _0930_/A (sky130_fd_sc_hd__buf_1)
                  0.02    0.09    3.58 v _0930_/X (sky130_fd_sc_hd__buf_1)
     1    0.00                           _0020_ (net)
                  0.02    0.00    3.58 v _1186_/D (sky130_fd_sc_hd__dfxtp_2)
                                  3.58   data arrival time

                  0.15   10.00   10.00   clock clk (rise edge)
                          0.00   10.00   clock network delay (ideal)
                         -0.25    9.75   clock uncertainty
                          0.00    9.75   clock reconvergence pessimism
                                  9.75 ^ _1186_/CLK (sky130_fd_sc_hd__dfxtp_2)
                         -0.08    9.67   library setup time
                                  9.67   data required time
-----------------------------------------------------------------------------
                                  9.67   data required time
                                 -3.58   data arrival time
-----------------------------------------------------------------------------
                                  6.09   slack (MET)


Startpoint: rst_n (input port clocked by clk)
Endpoint: _1184_ (rising edge-triggered flip-flop clocked by clk)
Path Group: clk
Path Type: max

Fanout     Cap    Slew   Delay    Time   Description
-----------------------------------------------------------------------------
                  0.15    0.00    0.00   clock clk (rise edge)
                          0.00    0.00   clock network delay (ideal)
                          2.00    2.00 ^ input external delay
                  0.72    0.53    2.53 ^ rst_n (in)
    37    0.16                           rst_n (net)
                  0.73    0.00    2.53 ^ _0869_/C (sky130_fd_sc_hd__nand3_2)
                  0.22    0.29    2.82 v _0869_/Y (sky130_fd_sc_hd__nand3_2)
     8    0.03                           _0314_ (net)
                  0.22    0.00    2.82 v _0920_/A (sky130_fd_sc_hd__or2_2)
                  0.07    0.39    3.21 v _0920_/X (sky130_fd_sc_hd__or2_2)
     2    0.01                           _0354_ (net)
                  0.07    0.00    3.21 v _0923_/S (sky130_fd_sc_hd__mux2_2)
                  0.05    0.28    3.50 v _0923_/X (sky130_fd_sc_hd__mux2_2)
     1    0.00                           _0356_ (net)
                  0.05    0.00    3.50 v _0924_/A (sky130_fd_sc_hd__buf_1)
                  0.02    0.09    3.58 v _0924_/X (sky130_fd_sc_hd__buf_1)
     1    0.00                           _0018_ (net)
                  0.02    0.00    3.58 v _1184_/D (sky130_fd_sc_hd__dfxtp_2)
                                  3.58   data arrival time

                  0.15   10.00   10.00   clock clk (rise edge)
                          0.00   10.00   clock network delay (ideal)
                         -0.25    9.75   clock uncertainty
                          0.00    9.75   clock reconvergence pessimism
                                  9.75 ^ _1184_/CLK (sky130_fd_sc_hd__dfxtp_2)
                         -0.08    9.67   library setup time
                                  9.67   data required time
-----------------------------------------------------------------------------
                                  9.67   data required time
                                 -3.58   data arrival time
-----------------------------------------------------------------------------
                                  6.09   slack (MET)


Startpoint: rst_n (input port clocked by clk)
Endpoint: _1185_ (rising edge-triggered flip-flop clocked by clk)
Path Group: clk
Path Type: max

Fanout     Cap    Slew   Delay    Time   Description
-----------------------------------------------------------------------------
                  0.15    0.00    0.00   clock clk (rise edge)
                          0.00    0.00   clock network delay (ideal)
                          2.00    2.00 ^ input external delay
                  0.72    0.53    2.53 ^ rst_n (in)
    37    0.16                           rst_n (net)
                  0.73    0.00    2.53 ^ _0869_/C (sky130_fd_sc_hd__nand3_2)
                  0.22    0.29    2.82 v _0869_/Y (sky130_fd_sc_hd__nand3_2)
     8    0.03                           _0314_ (net)
                  0.22    0.00    2.82 v _0926_/A (sky130_fd_sc_hd__or2_2)
                  0.07    0.39    3.21 v _0926_/X (sky130_fd_sc_hd__or2_2)
     2    0.01                           _0358_ (net)
                  0.07    0.00    3.22 v _0927_/S (sky130_fd_sc_hd__mux2_2)
                  0.05    0.28    3.50 v _0927_/X (sky130_fd_sc_hd__mux2_2)
     1    0.00                           _0359_ (net)
                  0.05    0.00    3.50 v _0928_/A (sky130_fd_sc_hd__buf_1)
                  0.02    0.09    3.58 v _0928_/X (sky130_fd_sc_hd__buf_1)
     1    0.00                           _0019_ (net)
                  0.02    0.00    3.58 v _1185_/D (sky130_fd_sc_hd__dfxtp_2)
                                  3.58   data arrival time

                  0.15   10.00   10.00   clock clk (rise edge)
                          0.00   10.00   clock network delay (ideal)
                         -0.25    9.75   clock uncertainty
                          0.00    9.75   clock reconvergence pessimism
                                  9.75 ^ _1185_/CLK (sky130_fd_sc_hd__dfxtp_2)
                         -0.08    9.67   library setup time
                                  9.67   data required time
-----------------------------------------------------------------------------
                                  9.67   data required time
                                 -3.58   data arrival time
-----------------------------------------------------------------------------
                                  6.09   slack (MET)


Startpoint: rst_n (input port clocked by clk)
Endpoint: _1183_ (rising edge-triggered flip-flop clocked by clk)
Path Group: clk
Path Type: max

Fanout     Cap    Slew   Delay    Time   Description
-----------------------------------------------------------------------------
                  0.15    0.00    0.00   clock clk (rise edge)
                          0.00    0.00   clock network delay (ideal)
                          2.00    2.00 ^ input external delay
                  0.72    0.53    2.53 ^ rst_n (in)
    37    0.16                           rst_n (net)
                  0.73    0.00    2.53 ^ _0869_/C (sky130_fd_sc_hd__nand3_2)
                  0.22    0.29    2.82 v _0869_/Y (sky130_fd_sc_hd__nand3_2)
     8    0.03                           _0314_ (net)
                  0.22    0.00    2.82 v _0920_/A (sky130_fd_sc_hd__or2_2)
                  0.07    0.39    3.21 v _0920_/X (sky130_fd_sc_hd__or2_2)
     2    0.01                           _0354_ (net)
                  0.07    0.00    3.21 v _0921_/S (sky130_fd_sc_hd__mux2_2)
                  0.05    0.28    3.49 v _0921_/X (sky130_fd_sc_hd__mux2_2)
     1    0.00                           _0355_ (net)
                  0.05    0.00    3.49 v _0922_/A (sky130_fd_sc_hd__buf_1)
                  0.02    0.09    3.58 v _0922_/X (sky130_fd_sc_hd__buf_1)
     1    0.00                           _0017_ (net)
                  0.02    0.00    3.58 v _1183_/D (sky130_fd_sc_hd__dfxtp_2)
                                  3.58   data arrival time

                  0.15   10.00   10.00   clock clk (rise edge)
                          0.00   10.00   clock network delay (ideal)
                         -0.25    9.75   clock uncertainty
                          0.00    9.75   clock reconvergence pessimism
                                  9.75 ^ _1183_/CLK (sky130_fd_sc_hd__dfxtp_2)
                         -0.08    9.67   library setup time
                                  9.67   data required time
-----------------------------------------------------------------------------
                                  9.67   data required time
                                 -3.58   data arrival time
-----------------------------------------------------------------------------
                                  6.09   slack (MET)


Startpoint: rst_n (input port clocked by clk)
Endpoint: _1252_ (rising edge-triggered flip-flop clocked by clk)
Path Group: clk
Path Type: max

Fanout     Cap    Slew   Delay    Time   Description
-----------------------------------------------------------------------------
                  0.15    0.00    0.00   clock clk (rise edge)
                          0.00    0.00   clock network delay (ideal)
                          2.00    2.00 ^ input external delay
                  0.72    0.53    2.53 ^ rst_n (in)
    37    0.16                           rst_n (net)
                  0.73    0.00    2.53 ^ _1092_/B (sky130_fd_sc_hd__nand3b_2)
                  0.25    0.32    2.85 v _1092_/Y (sky130_fd_sc_hd__nand3b_2)
     8    0.03                           _0466_ (net)
                  0.25    0.00    2.85 v _1115_/B (sky130_fd_sc_hd__nor2_2)
                  0.13    0.20    3.05 ^ _1115_/Y (sky130_fd_sc_hd__nor2_2)
     2    0.01                           _0481_ (net)
                  0.13    0.00    3.05 ^ _1118_/S (sky130_fd_sc_hd__mux2_2)
                  0.05    0.36    3.41 v _1118_/X (sky130_fd_sc_hd__mux2_2)
     1    0.00                           _0483_ (net)
                  0.05    0.00    3.41 v _1119_/A (sky130_fd_sc_hd__buf_1)
                  0.02    0.09    3.50 v _1119_/X (sky130_fd_sc_hd__buf_1)
     1    0.00                           _0086_ (net)
                  0.02    0.00    3.50 v _1252_/D (sky130_fd_sc_hd__dfxtp_2)
                                  3.50   data arrival time

                  0.15   10.00   10.00   clock clk (rise edge)
                          0.00   10.00   clock network delay (ideal)
                         -0.25    9.75   clock uncertainty
                          0.00    9.75   clock reconvergence pessimism
                                  9.75 ^ _1252_/CLK (sky130_fd_sc_hd__dfxtp_2)
                         -0.08    9.67   library setup time
                                  9.67   data required time
-----------------------------------------------------------------------------
                                  9.67   data required time
                                 -3.50   data arrival time
-----------------------------------------------------------------------------
                                  6.17   slack (MET)


Startpoint: rst_n (input port clocked by clk)
Endpoint: _1251_ (rising edge-triggered flip-flop clocked by clk)
Path Group: clk
Path Type: max

Fanout     Cap    Slew   Delay    Time   Description
-----------------------------------------------------------------------------
                  0.15    0.00    0.00   clock clk (rise edge)
                          0.00    0.00   clock network delay (ideal)
                          2.00    2.00 ^ input external delay
                  0.72    0.53    2.53 ^ rst_n (in)
    37    0.16                           rst_n (net)
                  0.73    0.00    2.53 ^ _1092_/B (sky130_fd_sc_hd__nand3b_2)
                  0.25    0.32    2.85 v _1092_/Y (sky130_fd_sc_hd__nand3b_2)
     8    0.03                           _0466_ (net)
                  0.25    0.00    2.85 v _1115_/B (sky130_fd_sc_hd__nor2_2)
                  0.13    0.20    3.05 ^ _1115_/Y (sky130_fd_sc_hd__nor2_2)
     2    0.01                           _0481_ (net)
                  0.13    0.00    3.05 ^ _1116_/S (sky130_fd_sc_hd__mux2_2)
                  0.05    0.36    3.41 v _1116_/X (sky130_fd_sc_hd__mux2_2)
     1    0.00                           _0482_ (net)
                  0.05    0.00    3.41 v _1117_/A (sky130_fd_sc_hd__buf_1)
                  0.02    0.09    3.50 v _1117_/X (sky130_fd_sc_hd__buf_1)
     1    0.00                           _0085_ (net)
                  0.02    0.00    3.50 v _1251_/D (sky130_fd_sc_hd__dfxtp_2)
                                  3.50   data arrival time

                  0.15   10.00   10.00   clock clk (rise edge)
                          0.00   10.00   clock network delay (ideal)
                         -0.25    9.75   clock uncertainty
                          0.00    9.75   clock reconvergence pessimism
                                  9.75 ^ _1251_/CLK (sky130_fd_sc_hd__dfxtp_2)
                         -0.08    9.67   library setup time
                                  9.67   data required time
-----------------------------------------------------------------------------
                                  9.67   data required time
                                 -3.50   data arrival time
-----------------------------------------------------------------------------
                                  6.18   slack (MET)


Startpoint: rst_n (input port clocked by clk)
Endpoint: _1254_ (rising edge-triggered flip-flop clocked by clk)
Path Group: clk
Path Type: max

Fanout     Cap    Slew   Delay    Time   Description
-----------------------------------------------------------------------------
                  0.15    0.00    0.00   clock clk (rise edge)
                          0.00    0.00   clock network delay (ideal)
                          2.00    2.00 ^ input external delay
                  0.72    0.53    2.53 ^ rst_n (in)
    37    0.16                           rst_n (net)
                  0.73    0.00    2.53 ^ _1092_/B (sky130_fd_sc_hd__nand3b_2)
                  0.25    0.32    2.85 v _1092_/Y (sky130_fd_sc_hd__nand3b_2)
     8    0.03                           _0466_ (net)
                  0.25    0.00    2.85 v _1120_/B (sky130_fd_sc_hd__nor2_2)
                  0.13    0.20    3.05 ^ _1120_/Y (sky130_fd_sc_hd__nor2_2)
     2    0.01                           _0484_ (net)
                  0.13    0.00    3.05 ^ _1123_/S (sky130_fd_sc_hd__mux2_2)
                  0.05    0.36    3.41 v _1123_/X (sky130_fd_sc_hd__mux2_2)
     1    0.00                           _0486_ (net)
                  0.05    0.00    3.41 v _1124_/A (sky130_fd_sc_hd__buf_1)
                  0.02    0.09    3.49 v _1124_/X (sky130_fd_sc_hd__buf_1)
     1    0.00                           _0088_ (net)
                  0.02    0.00    3.49 v _1254_/D (sky130_fd_sc_hd__dfxtp_2)
                                  3.49   data arrival time

                  0.15   10.00   10.00   clock clk (rise edge)
                          0.00   10.00   clock network delay (ideal)
                         -0.25    9.75   clock uncertainty
                          0.00    9.75   clock reconvergence pessimism
                                  9.75 ^ _1254_/CLK (sky130_fd_sc_hd__dfxtp_2)
                         -0.08    9.67   library setup time
                                  9.67   data required time
-----------------------------------------------------------------------------
                                  9.67   data required time
                                 -3.49   data arrival time
-----------------------------------------------------------------------------
                                  6.18   slack (MET)


Startpoint: rst_n (input port clocked by clk)
Endpoint: _1253_ (rising edge-triggered flip-flop clocked by clk)
Path Group: clk
Path Type: max

Fanout     Cap    Slew   Delay    Time   Description
-----------------------------------------------------------------------------
                  0.15    0.00    0.00   clock clk (rise edge)
                          0.00    0.00   clock network delay (ideal)
                          2.00    2.00 ^ input external delay
                  0.72    0.53    2.53 ^ rst_n (in)
    37    0.16                           rst_n (net)
                  0.73    0.00    2.53 ^ _1092_/B (sky130_fd_sc_hd__nand3b_2)
                  0.25    0.32    2.85 v _1092_/Y (sky130_fd_sc_hd__nand3b_2)
     8    0.03                           _0466_ (net)
                  0.25    0.00    2.85 v _1120_/B (sky130_fd_sc_hd__nor2_2)
                  0.13    0.20    3.05 ^ _1120_/Y (sky130_fd_sc_hd__nor2_2)
     2    0.01                           _0484_ (net)
                  0.13    0.00    3.05 ^ _1121_/S (sky130_fd_sc_hd__mux2_2)
                  0.05    0.36    3.41 v _1121_/X (sky130_fd_sc_hd__mux2_2)
     1    0.00                           _0485_ (net)
                  0.05    0.00    3.41 v _1122_/A (sky130_fd_sc_hd__buf_1)
                  0.02    0.09    3.49 v _1122_/X (sky130_fd_sc_hd__buf_1)
     1    0.00                           _0087_ (net)
                  0.02    0.00    3.49 v _1253_/D (sky130_fd_sc_hd__dfxtp_2)
                                  3.49   data arrival time

                  0.15   10.00   10.00   clock clk (rise edge)
                          0.00   10.00   clock network delay (ideal)
                         -0.25    9.75   clock uncertainty
                          0.00    9.75   clock reconvergence pessimism
                                  9.75 ^ _1253_/CLK (sky130_fd_sc_hd__dfxtp_2)
                         -0.08    9.67   library setup time
                                  9.67   data required time
-----------------------------------------------------------------------------
                                  9.67   data required time
                                 -3.49   data arrival time
-----------------------------------------------------------------------------
                                  6.18   slack (MET)


Startpoint: rst_n (input port clocked by clk)
Endpoint: _1255_ (rising edge-triggered flip-flop clocked by clk)
Path Group: clk
Path Type: max

Fanout     Cap    Slew   Delay    Time   Description
-----------------------------------------------------------------------------
                  0.15    0.00    0.00   clock clk (rise edge)
                          0.00    0.00   clock network delay (ideal)
                          2.00    2.00 ^ input external delay
                  0.72    0.53    2.53 ^ rst_n (in)
    37    0.16                           rst_n (net)
                  0.73    0.00    2.53 ^ _1092_/B (sky130_fd_sc_hd__nand3b_2)
                  0.25    0.32    2.85 v _1092_/Y (sky130_fd_sc_hd__nand3b_2)
     8    0.03                           _0466_ (net)
                  0.25    0.00    2.85 v _1125_/B (sky130_fd_sc_hd__nor2_2)
                  0.13    0.19    3.04 ^ _1125_/Y (sky130_fd_sc_hd__nor2_2)
     2    0.01                           _0487_ (net)
                  0.13    0.00    3.04 ^ _1126_/S (sky130_fd_sc_hd__mux2_2)
                  0.05    0.36    3.40 v _1126_/X (sky130_fd_sc_hd__mux2_2)
     1    0.00                           _0488_ (net)
                  0.05    0.00    3.40 v _1127_/A (sky130_fd_sc_hd__buf_1)
                  0.02    0.09    3.49 v _1127_/X (sky130_fd_sc_hd__buf_1)
     1    0.00                           _0089_ (net)
                  0.02    0.00    3.49 v _1255_/D (sky130_fd_sc_hd__dfxtp_2)
                                  3.49   data arrival time

                  0.15   10.00   10.00   clock clk (rise edge)
                          0.00   10.00   clock network delay (ideal)
                         -0.25    9.75   clock uncertainty
                          0.00    9.75   clock reconvergence pessimism
                                  9.75 ^ _1255_/CLK (sky130_fd_sc_hd__dfxtp_2)
                         -0.08    9.67   library setup time
                                  9.67   data required time
-----------------------------------------------------------------------------
                                  9.67   data required time
                                 -3.49   data arrival time
-----------------------------------------------------------------------------
                                  6.19   slack (MET)


Startpoint: rst_n (input port clocked by clk)
Endpoint: _1256_ (rising edge-triggered flip-flop clocked by clk)
Path Group: clk
Path Type: max

Fanout     Cap    Slew   Delay    Time   Description
-----------------------------------------------------------------------------
                  0.15    0.00    0.00   clock clk (rise edge)
                          0.00    0.00   clock network delay (ideal)
                          2.00    2.00 ^ input external delay
                  0.72    0.53    2.53 ^ rst_n (in)
    37    0.16                           rst_n (net)
                  0.73    0.00    2.53 ^ _1092_/B (sky130_fd_sc_hd__nand3b_2)
                  0.25    0.32    2.85 v _1092_/Y (sky130_fd_sc_hd__nand3b_2)
     8    0.03                           _0466_ (net)
                  0.25    0.00    2.85 v _1125_/B (sky130_fd_sc_hd__nor2_2)
                  0.13    0.19    3.04 ^ _1125_/Y (sky130_fd_sc_hd__nor2_2)
     2    0.01                           _0487_ (net)
                  0.13    0.00    3.04 ^ _1128_/S (sky130_fd_sc_hd__mux2_2)
                  0.05    0.36    3.40 v _1128_/X (sky130_fd_sc_hd__mux2_2)
     1    0.00                           _0489_ (net)
                  0.05    0.00    3.40 v _1129_/A (sky130_fd_sc_hd__buf_1)
                  0.02    0.09    3.49 v _1129_/X (sky130_fd_sc_hd__buf_1)
     1    0.00                           _0090_ (net)
                  0.02    0.00    3.49 v _1256_/D (sky130_fd_sc_hd__dfxtp_2)
                                  3.49   data arrival time

                  0.15   10.00   10.00   clock clk (rise edge)
                          0.00   10.00   clock network delay (ideal)
                         -0.25    9.75   clock uncertainty
                          0.00    9.75   clock reconvergence pessimism
                                  9.75 ^ _1256_/CLK (sky130_fd_sc_hd__dfxtp_2)
                         -0.08    9.67   library setup time
                                  9.67   data required time
-----------------------------------------------------------------------------
                                  9.67   data required time
                                 -3.49   data arrival time
-----------------------------------------------------------------------------
                                  6.19   slack (MET)


Startpoint: rst_n (input port clocked by clk)
Endpoint: _1188_ (rising edge-triggered flip-flop clocked by clk)
Path Group: clk
Path Type: max

Fanout     Cap    Slew   Delay    Time   Description
-----------------------------------------------------------------------------
                  0.15    0.00    0.00   clock clk (rise edge)
                          0.00    0.00   clock network delay (ideal)
                          2.00    2.00 ^ input external delay
                  0.72    0.53    2.53 ^ rst_n (in)
    37    0.16                           rst_n (net)
                  0.73    0.00    2.53 ^ _0869_/C (sky130_fd_sc_hd__nand3_2)
                  0.22    0.29    2.82 v _0869_/Y (sky130_fd_sc_hd__nand3_2)
     8    0.03                           _0314_ (net)
                  0.22    0.00    2.82 v _0934_/A (sky130_fd_sc_hd__nor2_2)
                  0.13    0.21    3.03 ^ _0934_/Y (sky130_fd_sc_hd__nor2_2)
     2    0.01                           _0364_ (net)
                  0.13    0.00    3.03 ^ _0938_/S (sky130_fd_sc_hd__mux2_2)
                  0.05    0.36    3.39 v _0938_/X (sky130_fd_sc_hd__mux2_2)
     1    0.00                           _0367_ (net)
                  0.05    0.00    3.39 v _0939_/A (sky130_fd_sc_hd__buf_1)
                  0.02    0.09    3.48 v _0939_/X (sky130_fd_sc_hd__buf_1)
     1    0.00                           _0022_ (net)
                  0.02    0.00    3.48 v _1188_/D (sky130_fd_sc_hd__dfxtp_2)
                                  3.48   data arrival time

                  0.15   10.00   10.00   clock clk (rise edge)
                          0.00   10.00   clock network delay (ideal)
                         -0.25    9.75   clock uncertainty
                          0.00    9.75   clock reconvergence pessimism
                                  9.75 ^ _1188_/CLK (sky130_fd_sc_hd__dfxtp_2)
                         -0.08    9.67   library setup time
                                  9.67   data required time
-----------------------------------------------------------------------------
                                  9.67   data required time
                                 -3.48   data arrival time
-----------------------------------------------------------------------------
                                  6.19   slack (MET)


Startpoint: rst_n (input port clocked by clk)
Endpoint: _1187_ (rising edge-triggered flip-flop clocked by clk)
Path Group: clk
Path Type: max

Fanout     Cap    Slew   Delay    Time   Description
-----------------------------------------------------------------------------
                  0.15    0.00    0.00   clock clk (rise edge)
                          0.00    0.00   clock network delay (ideal)
                          2.00    2.00 ^ input external delay
                  0.72    0.53    2.53 ^ rst_n (in)
    37    0.16                           rst_n (net)
                  0.73    0.00    2.53 ^ _0869_/C (sky130_fd_sc_hd__nand3_2)
                  0.22    0.29    2.82 v _0869_/Y (sky130_fd_sc_hd__nand3_2)
     8    0.03                           _0314_ (net)
                  0.22    0.00    2.82 v _0934_/A (sky130_fd_sc_hd__nor2_2)
                  0.13    0.21    3.03 ^ _0934_/Y (sky130_fd_sc_hd__nor2_2)
     2    0.01                           _0364_ (net)
                  0.13    0.00    3.03 ^ _0935_/S (sky130_fd_sc_hd__mux2_2)
                  0.05    0.36    3.39 v _0935_/X (sky130_fd_sc_hd__mux2_2)
     1    0.00                           _0365_ (net)
                  0.05    0.00    3.39 v _0936_/A (sky130_fd_sc_hd__buf_1)
                  0.02    0.09    3.48 v _0936_/X (sky130_fd_sc_hd__buf_1)
     1    0.00                           _0021_ (net)
                  0.02    0.00    3.48 v _1187_/D (sky130_fd_sc_hd__dfxtp_2)
                                  3.48   data arrival time

                  0.15   10.00   10.00   clock clk (rise edge)
                          0.00   10.00   clock network delay (ideal)
                         -0.25    9.75   clock uncertainty
                          0.00    9.75   clock reconvergence pessimism
                                  9.75 ^ _1187_/CLK (sky130_fd_sc_hd__dfxtp_2)
                         -0.08    9.67   library setup time
                                  9.67   data required time
-----------------------------------------------------------------------------
                                  9.67   data required time
                                 -3.48   data arrival time
-----------------------------------------------------------------------------
                                  6.20   slack (MET)


Startpoint: rst_n (input port clocked by clk)
Endpoint: _1221_ (rising edge-triggered flip-flop clocked by clk)
Path Group: clk
Path Type: max

Fanout     Cap    Slew   Delay    Time   Description
-----------------------------------------------------------------------------
                  0.15    0.00    0.00   clock clk (rise edge)
                          0.00    0.00   clock network delay (ideal)
                          2.00    2.00 ^ input external delay
                  0.72    0.53    2.53 ^ rst_n (in)
    37    0.16                           rst_n (net)
                  0.73    0.00    2.53 ^ _1005_/C (sky130_fd_sc_hd__nand3b_2)
                  0.24    0.31    2.84 v _1005_/Y (sky130_fd_sc_hd__nand3b_2)
     8    0.03                           _0411_ (net)
                  0.24    0.00    2.84 v _1035_/B (sky130_fd_sc_hd__nor2_2)
                  0.13    0.19    3.03 ^ _1035_/Y (sky130_fd_sc_hd__nor2_2)
     2    0.01                           _0431_ (net)
                  0.13    0.00    3.03 ^ _1036_/S (sky130_fd_sc_hd__mux2_2)
                  0.05    0.36    3.39 v _1036_/X (sky130_fd_sc_hd__mux2_2)
     1    0.00                           _0432_ (net)
                  0.05    0.00    3.39 v _1037_/A (sky130_fd_sc_hd__buf_1)
                  0.02    0.09    3.47 v _1037_/X (sky130_fd_sc_hd__buf_1)
     1    0.00                           _0055_ (net)
                  0.02    0.00    3.47 v _1221_/D (sky130_fd_sc_hd__dfxtp_2)
                                  3.47   data arrival time

                  0.15   10.00   10.00   clock clk (rise edge)
                          0.00   10.00   clock network delay (ideal)
                         -0.25    9.75   clock uncertainty
                          0.00    9.75   clock reconvergence pessimism
                                  9.75 ^ _1221_/CLK (sky130_fd_sc_hd__dfxtp_2)
                         -0.08    9.67   library setup time
                                  9.67   data required time
-----------------------------------------------------------------------------
                                  9.67   data required time
                                 -3.47   data arrival time
-----------------------------------------------------------------------------
                                  6.20   slack (MET)


Startpoint: rst_n (input port clocked by clk)
Endpoint: _1222_ (rising edge-triggered flip-flop clocked by clk)
Path Group: clk
Path Type: max

Fanout     Cap    Slew   Delay    Time   Description
-----------------------------------------------------------------------------
                  0.15    0.00    0.00   clock clk (rise edge)
                          0.00    0.00   clock network delay (ideal)
                          2.00    2.00 ^ input external delay
                  0.72    0.53    2.53 ^ rst_n (in)
    37    0.16                           rst_n (net)
                  0.73    0.00    2.53 ^ _1005_/C (sky130_fd_sc_hd__nand3b_2)
                  0.24    0.31    2.84 v _1005_/Y (sky130_fd_sc_hd__nand3b_2)
     8    0.03                           _0411_ (net)
                  0.24    0.00    2.84 v _1035_/B (sky130_fd_sc_hd__nor2_2)
                  0.13    0.19    3.03 ^ _1035_/Y (sky130_fd_sc_hd__nor2_2)
     2    0.01                           _0431_ (net)
                  0.13    0.00    3.03 ^ _1038_/S (sky130_fd_sc_hd__mux2_2)
                  0.05    0.36    3.38 v _1038_/X (sky130_fd_sc_hd__mux2_2)
     1    0.00                           _0433_ (net)
                  0.05    0.00    3.38 v _1039_/A (sky130_fd_sc_hd__buf_1)
                  0.02    0.09    3.47 v _1039_/X (sky130_fd_sc_hd__buf_1)
     1    0.00                           _0056_ (net)
                  0.02    0.00    3.47 v _1222_/D (sky130_fd_sc_hd__dfxtp_2)
                                  3.47   data arrival time

                  0.15   10.00   10.00   clock clk (rise edge)
                          0.00   10.00   clock network delay (ideal)
                         -0.25    9.75   clock uncertainty
                          0.00    9.75   clock reconvergence pessimism
                                  9.75 ^ _1222_/CLK (sky130_fd_sc_hd__dfxtp_2)
                         -0.08    9.67   library setup time
                                  9.67   data required time
-----------------------------------------------------------------------------
                                  9.67   data required time
                                 -3.47   data arrival time
-----------------------------------------------------------------------------
                                  6.20   slack (MET)


Startpoint: rst_n (input port clocked by clk)
Endpoint: _1223_ (rising edge-triggered flip-flop clocked by clk)
Path Group: clk
Path Type: max

Fanout     Cap    Slew   Delay    Time   Description
-----------------------------------------------------------------------------
                  0.15    0.00    0.00   clock clk (rise edge)
                          0.00    0.00   clock network delay (ideal)
                          2.00    2.00 ^ input external delay
                  0.72    0.53    2.53 ^ rst_n (in)
    37    0.16                           rst_n (net)
                  0.73    0.00    2.53 ^ _1005_/C (sky130_fd_sc_hd__nand3b_2)
                  0.24    0.31    2.84 v _1005_/Y (sky130_fd_sc_hd__nand3b_2)
     8    0.03                           _0411_ (net)
                  0.24    0.00    2.84 v _1041_/B (sky130_fd_sc_hd__nor2_2)
                  0.13    0.19    3.03 ^ _1041_/Y (sky130_fd_sc_hd__nor2_2)
     2    0.01                           _0435_ (net)
                  0.13    0.00    3.03 ^ _1042_/S (sky130_fd_sc_hd__mux2_2)
                  0.05    0.36    3.38 v _1042_/X (sky130_fd_sc_hd__mux2_2)
     1    0.00                           _0436_ (net)
                  0.05    0.00    3.38 v _1043_/A (sky130_fd_sc_hd__buf_1)
                  0.02    0.09    3.47 v _1043_/X (sky130_fd_sc_hd__buf_1)
     1    0.00                           _0057_ (net)
                  0.02    0.00    3.47 v _1223_/D (sky130_fd_sc_hd__dfxtp_2)
                                  3.47   data arrival time

                  0.15   10.00   10.00   clock clk (rise edge)
                          0.00   10.00   clock network delay (ideal)
                         -0.25    9.75   clock uncertainty
                          0.00    9.75   clock reconvergence pessimism
                                  9.75 ^ _1223_/CLK (sky130_fd_sc_hd__dfxtp_2)
                         -0.08    9.67   library setup time
                                  9.67   data required time
-----------------------------------------------------------------------------
                                  9.67   data required time
                                 -3.47   data arrival time
-----------------------------------------------------------------------------
                                  6.20   slack (MET)


Startpoint: rst_n (input port clocked by clk)
Endpoint: _1219_ (rising edge-triggered flip-flop clocked by clk)
Path Group: clk
Path Type: max

Fanout     Cap    Slew   Delay    Time   Description
-----------------------------------------------------------------------------
                  0.15    0.00    0.00   clock clk (rise edge)
                          0.00    0.00   clock network delay (ideal)
                          2.00    2.00 ^ input external delay
                  0.72    0.53    2.53 ^ rst_n (in)
    37    0.16                           rst_n (net)
                  0.73    0.00    2.53 ^ _1005_/C (sky130_fd_sc_hd__nand3b_2)
                  0.24    0.31    2.84 v _1005_/Y (sky130_fd_sc_hd__nand3b_2)
     8    0.03                           _0411_ (net)
                  0.24    0.00    2.84 v _1030_/B (sky130_fd_sc_hd__nor2_2)
                  0.13    0.19    3.03 ^ _1030_/Y (sky130_fd_sc_hd__nor2_2)
     2    0.01                           _0428_ (net)
                  0.13    0.00    3.03 ^ _1031_/S (sky130_fd_sc_hd__mux2_2)
                  0.05    0.36    3.38 v _1031_/X (sky130_fd_sc_hd__mux2_2)
     1    0.00                           _0429_ (net)
                  0.05    0.00    3.38 v _1032_/A (sky130_fd_sc_hd__buf_1)
                  0.02    0.09    3.47 v _1032_/X (sky130_fd_sc_hd__buf_1)
     1    0.00                           _0053_ (net)
                  0.02    0.00    3.47 v _1219_/D (sky130_fd_sc_hd__dfxtp_2)
                                  3.47   data arrival time

                  0.15   10.00   10.00   clock clk (rise edge)
                          0.00   10.00   clock network delay (ideal)
                         -0.25    9.75   clock uncertainty
                          0.00    9.75   clock reconvergence pessimism
                                  9.75 ^ _1219_/CLK (sky130_fd_sc_hd__dfxtp_2)
                         -0.08    9.67   library setup time
                                  9.67   data required time
-----------------------------------------------------------------------------
                                  9.67   data required time
                                 -3.47   data arrival time
-----------------------------------------------------------------------------
                                  6.20   slack (MET)


Startpoint: rst_n (input port clocked by clk)
Endpoint: _1220_ (rising edge-triggered flip-flop clocked by clk)
Path Group: clk
Path Type: max

Fanout     Cap    Slew   Delay    Time   Description
-----------------------------------------------------------------------------
                  0.15    0.00    0.00   clock clk (rise edge)
                          0.00    0.00   clock network delay (ideal)
                          2.00    2.00 ^ input external delay
                  0.72    0.53    2.53 ^ rst_n (in)
    37    0.16                           rst_n (net)
                  0.73    0.00    2.53 ^ _1005_/C (sky130_fd_sc_hd__nand3b_2)
                  0.24    0.31    2.84 v _1005_/Y (sky130_fd_sc_hd__nand3b_2)
     8    0.03                           _0411_ (net)
                  0.24    0.00    2.84 v _1030_/B (sky130_fd_sc_hd__nor2_2)
                  0.13    0.19    3.03 ^ _1030_/Y (sky130_fd_sc_hd__nor2_2)
     2    0.01                           _0428_ (net)
                  0.13    0.00    3.03 ^ _1033_/S (sky130_fd_sc_hd__mux2_2)
                  0.05    0.36    3.38 v _1033_/X (sky130_fd_sc_hd__mux2_2)
     1    0.00                           _0430_ (net)
                  0.05    0.00    3.38 v _1034_/A (sky130_fd_sc_hd__buf_1)
                  0.02    0.09    3.47 v _1034_/X (sky130_fd_sc_hd__buf_1)
     1    0.00                           _0054_ (net)
                  0.02    0.00    3.47 v _1220_/D (sky130_fd_sc_hd__dfxtp_2)
                                  3.47   data arrival time

                  0.15   10.00   10.00   clock clk (rise edge)
                          0.00   10.00   clock network delay (ideal)
                         -0.25    9.75   clock uncertainty
                          0.00    9.75   clock reconvergence pessimism
                                  9.75 ^ _1220_/CLK (sky130_fd_sc_hd__dfxtp_2)
                         -0.08    9.67   library setup time
                                  9.67   data required time
-----------------------------------------------------------------------------
                                  9.67   data required time
                                 -3.47   data arrival time
-----------------------------------------------------------------------------
                                  6.20   slack (MET)


Startpoint: rst_n (input port clocked by clk)
Endpoint: _1224_ (rising edge-triggered flip-flop clocked by clk)
Path Group: clk
Path Type: max

Fanout     Cap    Slew   Delay    Time   Description
-----------------------------------------------------------------------------
                  0.15    0.00    0.00   clock clk (rise edge)
                          0.00    0.00   clock network delay (ideal)
                          2.00    2.00 ^ input external delay
                  0.72    0.53    2.53 ^ rst_n (in)
    37    0.16                           rst_n (net)
                  0.73    0.00    2.53 ^ _1005_/C (sky130_fd_sc_hd__nand3b_2)
                  0.24    0.31    2.84 v _1005_/Y (sky130_fd_sc_hd__nand3b_2)
     8    0.03                           _0411_ (net)
                  0.24    0.00    2.84 v _1041_/B (sky130_fd_sc_hd__nor2_2)
                  0.13    0.19    3.03 ^ _1041_/Y (sky130_fd_sc_hd__nor2_2)
     2    0.01                           _0435_ (net)
                  0.13    0.00    3.03 ^ _1045_/S (sky130_fd_sc_hd__mux2_2)
                  0.05    0.36    3.38 v _1045_/X (sky130_fd_sc_hd__mux2_2)
     1    0.00                           _0438_ (net)
                  0.05    0.00    3.38 v _1046_/A (sky130_fd_sc_hd__buf_1)
                  0.02    0.09    3.47 v _1046_/X (sky130_fd_sc_hd__buf_1)
     1    0.00                           _0058_ (net)
                  0.02    0.00    3.47 v _1224_/D (sky130_fd_sc_hd__dfxtp_2)
                                  3.47   data arrival time

                  0.15   10.00   10.00   clock clk (rise edge)
                          0.00   10.00   clock network delay (ideal)
                         -0.25    9.75   clock uncertainty
                          0.00    9.75   clock reconvergence pessimism
                                  9.75 ^ _1224_/CLK (sky130_fd_sc_hd__dfxtp_2)
                         -0.08    9.67   library setup time
                                  9.67   data required time
-----------------------------------------------------------------------------
                                  9.67   data required time
                                 -3.47   data arrival time
-----------------------------------------------------------------------------
                                  6.20   slack (MET)


Startpoint: rst_n (input port clocked by clk)
Endpoint: _1192_ (rising edge-triggered flip-flop clocked by clk)
Path Group: clk
Path Type: max

Fanout     Cap    Slew   Delay    Time   Description
-----------------------------------------------------------------------------
                  0.15    0.00    0.00   clock clk (rise edge)
                          0.00    0.00   clock network delay (ideal)
                          2.00    2.00 ^ input external delay
                  0.72    0.53    2.53 ^ rst_n (in)
    37    0.16                           rst_n (net)
                  0.73    0.00    2.53 ^ _0869_/C (sky130_fd_sc_hd__nand3_2)
                  0.22    0.29    2.82 v _0869_/Y (sky130_fd_sc_hd__nand3_2)
     8    0.03                           _0314_ (net)
                  0.22    0.00    2.82 v _0947_/A (sky130_fd_sc_hd__nor2_2)
                  0.12    0.20    3.02 ^ _0947_/Y (sky130_fd_sc_hd__nor2_2)
     2    0.01                           _0373_ (net)
                  0.12    0.00    3.02 ^ _0950_/S (sky130_fd_sc_hd__mux2_2)
                  0.05    0.35    3.37 v _0950_/X (sky130_fd_sc_hd__mux2_2)
     1    0.00                           _0375_ (net)
                  0.05    0.00    3.37 v _0951_/A (sky130_fd_sc_hd__buf_1)
                  0.02    0.09    3.46 v _0951_/X (sky130_fd_sc_hd__buf_1)
     1    0.00                           _0026_ (net)
                  0.02    0.00    3.46 v _1192_/D (sky130_fd_sc_hd__dfxtp_2)
                                  3.46   data arrival time

                  0.15   10.00   10.00   clock clk (rise edge)
                          0.00   10.00   clock network delay (ideal)
                         -0.25    9.75   clock uncertainty
                          0.00    9.75   clock reconvergence pessimism
                                  9.75 ^ _1192_/CLK (sky130_fd_sc_hd__dfxtp_2)
                         -0.08    9.67   library setup time
                                  9.67   data required time
-----------------------------------------------------------------------------
                                  9.67   data required time
                                 -3.46   data arrival time
-----------------------------------------------------------------------------
                                  6.21   slack (MET)


Startpoint: rst_n (input port clocked by clk)
Endpoint: _1191_ (rising edge-triggered flip-flop clocked by clk)
Path Group: clk
Path Type: max

Fanout     Cap    Slew   Delay    Time   Description
-----------------------------------------------------------------------------
                  0.15    0.00    0.00   clock clk (rise edge)
                          0.00    0.00   clock network delay (ideal)
                          2.00    2.00 ^ input external delay
                  0.72    0.53    2.53 ^ rst_n (in)
    37    0.16                           rst_n (net)
                  0.73    0.00    2.53 ^ _0869_/C (sky130_fd_sc_hd__nand3_2)
                  0.22    0.29    2.82 v _0869_/Y (sky130_fd_sc_hd__nand3_2)
     8    0.03                           _0314_ (net)
                  0.22    0.00    2.82 v _0947_/A (sky130_fd_sc_hd__nor2_2)
                  0.12    0.20    3.02 ^ _0947_/Y (sky130_fd_sc_hd__nor2_2)
     2    0.01                           _0373_ (net)
                  0.12    0.00    3.02 ^ _0948_/S (sky130_fd_sc_hd__mux2_2)
                  0.05    0.35    3.37 v _0948_/X (sky130_fd_sc_hd__mux2_2)
     1    0.00                           _0374_ (net)
                  0.05    0.00    3.37 v _0949_/A (sky130_fd_sc_hd__buf_1)
                  0.02    0.09    3.46 v _0949_/X (sky130_fd_sc_hd__buf_1)
     1    0.00                           _0025_ (net)
                  0.02    0.00    3.46 v _1191_/D (sky130_fd_sc_hd__dfxtp_2)
                                  3.46   data arrival time

                  0.15   10.00   10.00   clock clk (rise edge)
                          0.00   10.00   clock network delay (ideal)
                         -0.25    9.75   clock uncertainty
                          0.00    9.75   clock reconvergence pessimism
                                  9.75 ^ _1191_/CLK (sky130_fd_sc_hd__dfxtp_2)
                         -0.08    9.67   library setup time
                                  9.67   data required time
-----------------------------------------------------------------------------
                                  9.67   data required time
                                 -3.46   data arrival time
-----------------------------------------------------------------------------
                                  6.21   slack (MET)


Startpoint: rst_n (input port clocked by clk)
Endpoint: _1189_ (rising edge-triggered flip-flop clocked by clk)
Path Group: clk
Path Type: max

Fanout     Cap    Slew   Delay    Time   Description
-----------------------------------------------------------------------------
                  0.15    0.00    0.00   clock clk (rise edge)
                          0.00    0.00   clock network delay (ideal)
                          2.00    2.00 ^ input external delay
                  0.72    0.53    2.53 ^ rst_n (in)
    37    0.16                           rst_n (net)
                  0.73    0.00    2.53 ^ _0869_/C (sky130_fd_sc_hd__nand3_2)
                  0.22    0.29    2.82 v _0869_/Y (sky130_fd_sc_hd__nand3_2)
     8    0.03                           _0314_ (net)
                  0.22    0.00    2.82 v _0941_/A (sky130_fd_sc_hd__nor2_2)
                  0.11    0.20    3.02 ^ _0941_/Y (sky130_fd_sc_hd__nor2_2)
     2    0.01                           _0369_ (net)
                  0.11    0.00    3.02 ^ _0942_/S (sky130_fd_sc_hd__mux2_2)
                  0.05    0.35    3.37 v _0942_/X (sky130_fd_sc_hd__mux2_2)
     1    0.00                           _0370_ (net)
                  0.05    0.00    3.37 v _0943_/A (sky130_fd_sc_hd__buf_1)
                  0.02    0.09    3.46 v _0943_/X (sky130_fd_sc_hd__buf_1)
     1    0.00                           _0023_ (net)
                  0.02    0.00    3.46 v _1189_/D (sky130_fd_sc_hd__dfxtp_2)
                                  3.46   data arrival time

                  0.15   10.00   10.00   clock clk (rise edge)
                          0.00   10.00   clock network delay (ideal)
                         -0.25    9.75   clock uncertainty
                          0.00    9.75   clock reconvergence pessimism
                                  9.75 ^ _1189_/CLK (sky130_fd_sc_hd__dfxtp_2)
                         -0.08    9.67   library setup time
                                  9.67   data required time
-----------------------------------------------------------------------------
                                  9.67   data required time
                                 -3.46   data arrival time
-----------------------------------------------------------------------------
                                  6.21   slack (MET)


Startpoint: rst_n (input port clocked by clk)
Endpoint: _1190_ (rising edge-triggered flip-flop clocked by clk)
Path Group: clk
Path Type: max

Fanout     Cap    Slew   Delay    Time   Description
-----------------------------------------------------------------------------
                  0.15    0.00    0.00   clock clk (rise edge)
                          0.00    0.00   clock network delay (ideal)
                          2.00    2.00 ^ input external delay
                  0.72    0.53    2.53 ^ rst_n (in)
    37    0.16                           rst_n (net)
                  0.73    0.00    2.53 ^ _0869_/C (sky130_fd_sc_hd__nand3_2)
                  0.22    0.29    2.82 v _0869_/Y (sky130_fd_sc_hd__nand3_2)
     8    0.03                           _0314_ (net)
                  0.22    0.00    2.82 v _0941_/A (sky130_fd_sc_hd__nor2_2)
                  0.11    0.20    3.02 ^ _0941_/Y (sky130_fd_sc_hd__nor2_2)
     2    0.01                           _0369_ (net)
                  0.11    0.00    3.02 ^ _0944_/S (sky130_fd_sc_hd__mux2_2)
                  0.05    0.35    3.37 v _0944_/X (sky130_fd_sc_hd__mux2_2)
     1    0.00                           _0371_ (net)
                  0.05    0.00    3.37 v _0945_/A (sky130_fd_sc_hd__buf_1)
                  0.02    0.09    3.46 v _0945_/X (sky130_fd_sc_hd__buf_1)
     1    0.00                           _0024_ (net)
                  0.02    0.00    3.46 v _1190_/D (sky130_fd_sc_hd__dfxtp_2)
                                  3.46   data arrival time

                  0.15   10.00   10.00   clock clk (rise edge)
                          0.00   10.00   clock network delay (ideal)
                         -0.25    9.75   clock uncertainty
                          0.00    9.75   clock reconvergence pessimism
                                  9.75 ^ _1190_/CLK (sky130_fd_sc_hd__dfxtp_2)
                         -0.08    9.67   library setup time
                                  9.67   data required time
-----------------------------------------------------------------------------
                                  9.67   data required time
                                 -3.46   data arrival time
-----------------------------------------------------------------------------
                                  6.21   slack (MET)


Startpoint: _1308_ (rising edge-triggered flip-flop clocked by clk)
Endpoint: _1316_ (rising edge-triggered flip-flop clocked by clk)
Path Group: clk
Path Type: max

Fanout     Cap    Slew   Delay    Time   Description
-----------------------------------------------------------------------------
                  0.15    0.00    0.00   clock clk (rise edge)
                          0.00    0.00   clock network delay (ideal)
                  0.15    0.00    0.00 ^ _1308_/CLK (sky130_fd_sc_hd__dfrtp_2)
                  0.08    0.49    0.49 v _1308_/Q (sky130_fd_sc_hd__dfrtp_2)
     7    0.02                           u_sram.addr_r[0] (net)
                  0.08    0.00    0.49 v _0723_/A (sky130_fd_sc_hd__buf_1)
                  0.13    0.19    0.69 v _0723_/X (sky130_fd_sc_hd__buf_1)
    10    0.02                           _0172_ (net)
                  0.13    0.00    0.69 v _0761_/D (sky130_fd_sc_hd__and4b_2)
                  0.11    0.37    1.06 v _0761_/X (sky130_fd_sc_hd__and4b_2)
     8    0.03                           _0210_ (net)
                  0.11    0.00    1.06 v _0817_/C (sky130_fd_sc_hd__and3_2)
                  0.03    0.24    1.30 v _0817_/X (sky130_fd_sc_hd__and3_2)
     1    0.00                           _0265_ (net)
                  0.03    0.00    1.30 v _0818_/D (sky130_fd_sc_hd__or4_2)
                  0.10    0.55    1.85 v _0818_/X (sky130_fd_sc_hd__or4_2)
     1    0.00                           _0266_ (net)
                  0.10    0.00    1.85 v _0826_/A (sky130_fd_sc_hd__or4_2)
                  0.11    0.71    2.56 v _0826_/X (sky130_fd_sc_hd__or4_2)
     1    0.00                           _0274_ (net)
                  0.11    0.00    2.56 v _0835_/C1 (sky130_fd_sc_hd__a2111o_2)
                  0.08    0.46    3.02 v _0835_/X (sky130_fd_sc_hd__a2111o_2)
     1    0.01                           _0283_ (net)
                  0.08    0.00    3.02 v _0854_/A1 (sky130_fd_sc_hd__o31a_2)
                  0.05    0.36    3.38 v _0854_/X (sky130_fd_sc_hd__o31a_2)
     1    0.00                           _0004_ (net)
                  0.05    0.00    3.38 v _1316_/D (sky130_fd_sc_hd__dfrtp_2)
                                  3.38   data arrival time

                  0.15   10.00   10.00   clock clk (rise edge)
                          0.00   10.00   clock network delay (ideal)
                         -0.25    9.75   clock uncertainty
                          0.00    9.75   clock reconvergence pessimism
                                  9.75 ^ _1316_/CLK (sky130_fd_sc_hd__dfrtp_2)
                         -0.09    9.66   library setup time
                                  9.66   data required time
-----------------------------------------------------------------------------
                                  9.66   data required time
                                 -3.38   data arrival time
-----------------------------------------------------------------------------
                                  6.27   slack (MET)


Startpoint: start (input port clocked by clk)
Endpoint: _1325_ (rising edge-triggered flip-flop clocked by clk)
Path Group: clk
Path Type: max

Fanout     Cap    Slew   Delay    Time   Description
-----------------------------------------------------------------------------
                  0.15    0.00    0.00   clock clk (rise edge)
                          0.00    0.00   clock network delay (ideal)
                          2.00    2.00 ^ input external delay
                  0.05    0.03    2.03 ^ start (in)
     2    0.01                           start (net)
                  0.05    0.00    2.03 ^ _0695_/A_N (sky130_fd_sc_hd__and4bb_2)
                  0.04    0.22    2.26 v _0695_/X (sky130_fd_sc_hd__and4bb_2)
     1    0.00                           _0152_ (net)
                  0.04    0.00    2.26 v _0696_/B1 (sky130_fd_sc_hd__a21o_2)
                  0.03    0.18    2.44 v _0696_/X (sky130_fd_sc_hd__a21o_2)
     1    0.00                           _0153_ (net)
                  0.03    0.00    2.44 v _0697_/A (sky130_fd_sc_hd__buf_1)
                  0.10    0.15    2.59 v _0697_/X (sky130_fd_sc_hd__buf_1)
     5    0.02                           _0003_ (net)
                  0.10    0.00    2.59 v _0701_/A (sky130_fd_sc_hd__or3b_2)
                  0.07    0.49    3.09 v _0701_/X (sky130_fd_sc_hd__or3b_2)
     1    0.00                           _0156_ (net)
                  0.07    0.00    3.09 v _0702_/A (sky130_fd_sc_hd__buf_1)
                  0.02    0.10    3.19 v _0702_/X (sky130_fd_sc_hd__buf_1)
     1    0.00                           u_fsm.next_state[1] (net)
                  0.02    0.00    3.19 v _1325_/D (sky130_fd_sc_hd__dfrtp_2)
                                  3.19   data arrival time

                  0.15   10.00   10.00   clock clk (rise edge)
                          0.00   10.00   clock network delay (ideal)
                         -0.25    9.75   clock uncertainty
                          0.00    9.75   clock reconvergence pessimism
                                  9.75 ^ _1325_/CLK (sky130_fd_sc_hd__dfrtp_2)
                         -0.08    9.67   library setup time
                                  9.67   data required time
-----------------------------------------------------------------------------
                                  9.67   data required time
                                 -3.19   data arrival time
-----------------------------------------------------------------------------
                                  6.48   slack (MET)


Startpoint: _1311_ (rising edge-triggered flip-flop clocked by clk)
Endpoint: _1315_ (rising edge-triggered flip-flop clocked by clk)
Path Group: clk
Path Type: max

Fanout     Cap    Slew   Delay    Time   Description
-----------------------------------------------------------------------------
                  0.15    0.00    0.00   clock clk (rise edge)
                          0.00    0.00   clock network delay (ideal)
                  0.15    0.00    0.00 ^ _1311_/CLK (sky130_fd_sc_hd__dfrtp_2)
                  0.11    0.46    0.46 ^ _1311_/Q (sky130_fd_sc_hd__dfrtp_2)
     7    0.02                           u_sram.addr_r[3] (net)
                  0.11    0.00    0.46 ^ _0722_/A (sky130_fd_sc_hd__buf_1)
                  0.28    0.28    0.74 ^ _0722_/X (sky130_fd_sc_hd__buf_1)
    10    0.02                           _0171_ (net)
                  0.28    0.00    0.74 ^ _0726_/B_N (sky130_fd_sc_hd__and4bb_2)
                  0.10    0.37    1.11 v _0726_/X (sky130_fd_sc_hd__and4bb_2)
     8    0.03                           _0175_ (net)
                  0.10    0.00    1.11 v _0770_/A2 (sky130_fd_sc_hd__a22o_2)
                  0.04    0.29    1.40 v _0770_/X (sky130_fd_sc_hd__a22o_2)
     1    0.00                           _0219_ (net)
                  0.04    0.00    1.40 v _0773_/A (sky130_fd_sc_hd__or3_2)
                  0.07    0.48    1.88 v _0773_/X (sky130_fd_sc_hd__or3_2)
     1    0.00                           _0222_ (net)
                  0.07    0.00    1.88 v _0775_/A3 (sky130_fd_sc_hd__o31a_2)
                  0.05    0.30    2.18 v _0775_/X (sky130_fd_sc_hd__o31a_2)
     1    0.00                           _0224_ (net)
                  0.05    0.00    2.18 v _0797_/A (sky130_fd_sc_hd__or4_2)
                  0.10    0.70    2.88 v _0797_/X (sky130_fd_sc_hd__or4_2)
     1    0.00                           _0246_ (net)
                  0.10    0.00    2.88 v _0798_/B2 (sky130_fd_sc_hd__o221a_2)
                  0.04    0.25    3.13 v _0798_/X (sky130_fd_sc_hd__o221a_2)
     1    0.00                           _0005_ (net)
                  0.04    0.00    3.13 v _1315_/D (sky130_fd_sc_hd__dfrtp_2)
                                  3.13   data arrival time

                  0.15   10.00   10.00   clock clk (rise edge)
                          0.00   10.00   clock network delay (ideal)
                         -0.25    9.75   clock uncertainty
                          0.00    9.75   clock reconvergence pessimism
                                  9.75 ^ _1315_/CLK (sky130_fd_sc_hd__dfrtp_2)
                         -0.09    9.66   library setup time
                                  9.66   data required time
-----------------------------------------------------------------------------
                                  9.66   data required time
                                 -3.13   data arrival time
-----------------------------------------------------------------------------
                                  6.53   slack (MET)


Startpoint: start (input port clocked by clk)
Endpoint: _1323_ (rising edge-triggered flip-flop clocked by clk)
Path Group: clk
Path Type: max

Fanout     Cap    Slew   Delay    Time   Description
-----------------------------------------------------------------------------
                  0.15    0.00    0.00   clock clk (rise edge)
                          0.00    0.00   clock network delay (ideal)
                          2.00    2.00 v input external delay
                  0.02    0.02    2.02 v start (in)
     2    0.01                           start (net)
                  0.02    0.00    2.02 v _0695_/A_N (sky130_fd_sc_hd__and4bb_2)
                  0.05    0.28    2.29 ^ _0695_/X (sky130_fd_sc_hd__and4bb_2)
     1    0.00                           _0152_ (net)
                  0.05    0.00    2.29 ^ _0696_/B1 (sky130_fd_sc_hd__a21o_2)
                  0.03    0.08    2.37 ^ _0696_/X (sky130_fd_sc_hd__a21o_2)
     1    0.00                           _0153_ (net)
                  0.03    0.00    2.37 ^ _0697_/A (sky130_fd_sc_hd__buf_1)
                  0.22    0.21    2.59 ^ _0697_/X (sky130_fd_sc_hd__buf_1)
     5    0.02                           _0003_ (net)
                  0.22    0.00    2.59 ^ _0683_/S (sky130_fd_sc_hd__mux2_2)
                  0.05    0.37    2.96 v _0683_/X (sky130_fd_sc_hd__mux2_2)
     1    0.00                           _0575_ (net)
                  0.05    0.00    2.96 v _0684_/A (sky130_fd_sc_hd__buf_1)
                  0.02    0.09    3.05 v _0684_/X (sky130_fd_sc_hd__buf_1)
     1    0.00                           _0146_ (net)
                  0.02    0.00    3.05 v _1323_/D (sky130_fd_sc_hd__dfrtp_2)
                                  3.05   data arrival time

                  0.15   10.00   10.00   clock clk (rise edge)
                          0.00   10.00   clock network delay (ideal)
                         -0.25    9.75   clock uncertainty
                          0.00    9.75   clock reconvergence pessimism
                                  9.75 ^ _1323_/CLK (sky130_fd_sc_hd__dfrtp_2)
                         -0.08    9.67   library setup time
                                  9.67   data required time
-----------------------------------------------------------------------------
                                  9.67   data required time
                                 -3.05   data arrival time
-----------------------------------------------------------------------------
                                  6.62   slack (MET)


Startpoint: start (input port clocked by clk)
Endpoint: _1326_ (rising edge-triggered flip-flop clocked by clk)
Path Group: clk
Path Type: max

Fanout     Cap    Slew   Delay    Time   Description
-----------------------------------------------------------------------------
                  0.15    0.00    0.00   clock clk (rise edge)
                          0.00    0.00   clock network delay (ideal)
                          2.00    2.00 ^ input external delay
                  0.05    0.03    2.03 ^ start (in)
     2    0.01                           start (net)
                  0.05    0.00    2.03 ^ _0695_/A_N (sky130_fd_sc_hd__and4bb_2)
                  0.04    0.22    2.26 v _0695_/X (sky130_fd_sc_hd__and4bb_2)
     1    0.00                           _0152_ (net)
                  0.04    0.00    2.26 v _0696_/B1 (sky130_fd_sc_hd__a21o_2)
                  0.03    0.18    2.44 v _0696_/X (sky130_fd_sc_hd__a21o_2)
     1    0.00                           _0153_ (net)
                  0.03    0.00    2.44 v _0697_/A (sky130_fd_sc_hd__buf_1)
                  0.10    0.15    2.59 v _0697_/X (sky130_fd_sc_hd__buf_1)
     5    0.02                           _0003_ (net)
                  0.10    0.00    2.59 v _0698_/C1 (sky130_fd_sc_hd__a221o_2)
                  0.05    0.32    2.91 v _0698_/X (sky130_fd_sc_hd__a221o_2)
     1    0.00                           u_fsm.next_state[2] (net)
                  0.05    0.00    2.91 v _1326_/D (sky130_fd_sc_hd__dfrtp_2)
                                  2.91   data arrival time

                  0.15   10.00   10.00   clock clk (rise edge)
                          0.00   10.00   clock network delay (ideal)
                         -0.25    9.75   clock uncertainty
                          0.00    9.75   clock reconvergence pessimism
                                  9.75 ^ _1326_/CLK (sky130_fd_sc_hd__dfrtp_2)
                         -0.09    9.66   library setup time
                                  9.66   data required time
-----------------------------------------------------------------------------
                                  9.66   data required time
                                 -2.91   data arrival time
-----------------------------------------------------------------------------
                                  6.74   slack (MET)


Startpoint: start (input port clocked by clk)
Endpoint: _1324_ (rising edge-triggered flip-flop clocked by clk)
Path Group: clk
Path Type: max

Fanout     Cap    Slew   Delay    Time   Description
-----------------------------------------------------------------------------
                  0.15    0.00    0.00   clock clk (rise edge)
                          0.00    0.00   clock network delay (ideal)
                          2.00    2.00 v input external delay
                  0.02    0.02    2.02 v start (in)
     2    0.01                           start (net)
                  0.02    0.00    2.02 v _0705_/B (sky130_fd_sc_hd__and3b_2)
                  0.04    0.18    2.20 v _0705_/X (sky130_fd_sc_hd__and3b_2)
     1    0.00                           _0158_ (net)
                  0.04    0.00    2.20 v _0706_/A (sky130_fd_sc_hd__buf_1)
                  0.07    0.13    2.32 v _0706_/X (sky130_fd_sc_hd__buf_1)
     3    0.01                           _0002_ (net)
                  0.07    0.00    2.32 v _0708_/C1 (sky130_fd_sc_hd__a211o_2)
                  0.05    0.28    2.60 v _0708_/X (sky130_fd_sc_hd__a211o_2)
     1    0.00                           _0160_ (net)
                  0.05    0.00    2.60 v _0709_/B1 (sky130_fd_sc_hd__a31o_2)
                  0.04    0.21    2.82 v _0709_/X (sky130_fd_sc_hd__a31o_2)
     1    0.00                           u_fsm.next_state[0] (net)
                  0.04    0.00    2.82 v _1324_/D (sky130_fd_sc_hd__dfrtp_2)
                                  2.82   data arrival time

                  0.15   10.00   10.00   clock clk (rise edge)
                          0.00   10.00   clock network delay (ideal)
                         -0.25    9.75   clock uncertainty
                          0.00    9.75   clock reconvergence pessimism
                                  9.75 ^ _1324_/CLK (sky130_fd_sc_hd__dfrtp_2)
                         -0.09    9.66   library setup time
                                  9.66   data required time
-----------------------------------------------------------------------------
                                  9.66   data required time
                                 -2.82   data arrival time
-----------------------------------------------------------------------------
                                  6.85   slack (MET)


Startpoint: start (input port clocked by clk)
Endpoint: _1322_ (rising edge-triggered flip-flop clocked by clk)
Path Group: clk
Path Type: max

Fanout     Cap    Slew   Delay    Time   Description
-----------------------------------------------------------------------------
                  0.15    0.00    0.00   clock clk (rise edge)
                          0.00    0.00   clock network delay (ideal)
                          2.00    2.00 ^ input external delay
                  0.05    0.03    2.03 ^ start (in)
     2    0.01                           start (net)
                  0.05    0.00    2.03 ^ _0705_/B (sky130_fd_sc_hd__and3b_2)
                  0.04    0.17    2.20 ^ _0705_/X (sky130_fd_sc_hd__and3b_2)
     1    0.00                           _0158_ (net)
                  0.04    0.00    2.20 ^ _0706_/A (sky130_fd_sc_hd__buf_1)
                  0.15    0.16    2.36 ^ _0706_/X (sky130_fd_sc_hd__buf_1)
     3    0.01                           _0002_ (net)
                  0.15    0.00    2.36 ^ _0680_/A (sky130_fd_sc_hd__inv_2)
                  0.03    0.04    2.40 v _0680_/Y (sky130_fd_sc_hd__inv_2)
     1    0.00                           _0573_ (net)
                  0.03    0.00    2.40 v _0681_/B2 (sky130_fd_sc_hd__a221o_2)
                  0.05    0.35    2.75 v _0681_/X (sky130_fd_sc_hd__a221o_2)
     1    0.00                           _0145_ (net)
                  0.05    0.00    2.75 v _1322_/D (sky130_fd_sc_hd__dfrtp_2)
                                  2.75   data arrival time

                  0.15   10.00   10.00   clock clk (rise edge)
                          0.00   10.00   clock network delay (ideal)
                         -0.25    9.75   clock uncertainty
                          0.00    9.75   clock reconvergence pessimism
                                  9.75 ^ _1322_/CLK (sky130_fd_sc_hd__dfrtp_2)
                         -0.09    9.66   library setup time
                                  9.66   data required time
-----------------------------------------------------------------------------
                                  9.66   data required time
                                 -2.75   data arrival time
-----------------------------------------------------------------------------
                                  6.90   slack (MET)


Startpoint: start (input port clocked by clk)
Endpoint: _1180_ (rising edge-triggered flip-flop clocked by clk)
Path Group: clk
Path Type: max

Fanout     Cap    Slew   Delay    Time   Description
-----------------------------------------------------------------------------
                  0.15    0.00    0.00   clock clk (rise edge)
                          0.00    0.00   clock network delay (ideal)
                          2.00    2.00 ^ input external delay
                  0.05    0.03    2.03 ^ start (in)
     2    0.01                           start (net)
                  0.05    0.00    2.03 ^ _0695_/A_N (sky130_fd_sc_hd__and4bb_2)
                  0.04    0.22    2.26 v _0695_/X (sky130_fd_sc_hd__and4bb_2)
     1    0.00                           _0152_ (net)
                  0.04    0.00    2.26 v _0696_/B1 (sky130_fd_sc_hd__a21o_2)
                  0.03    0.18    2.44 v _0696_/X (sky130_fd_sc_hd__a21o_2)
     1    0.00                           _0153_ (net)
                  0.03    0.00    2.44 v _0697_/A (sky130_fd_sc_hd__buf_1)
                  0.10    0.15    2.59 v _0697_/X (sky130_fd_sc_hd__buf_1)
     5    0.02                           _0003_ (net)
                  0.10    0.00    2.59 v _0905_/A2 (sky130_fd_sc_hd__o21bai_2)
                  0.08    0.12    2.71 ^ _0905_/Y (sky130_fd_sc_hd__o21bai_2)
     1    0.00                           _0014_ (net)
                  0.08    0.00    2.71 ^ _1180_/D (sky130_fd_sc_hd__dfrtp_2)
                                  2.71   data arrival time

                  0.15   10.00   10.00   clock clk (rise edge)
                          0.00   10.00   clock network delay (ideal)
                         -0.25    9.75   clock uncertainty
                          0.00    9.75   clock reconvergence pessimism
                                  9.75 ^ _1180_/CLK (sky130_fd_sc_hd__dfrtp_2)
                         -0.06    9.69   library setup time
                                  9.69   data required time
-----------------------------------------------------------------------------
                                  9.69   data required time
                                 -2.71   data arrival time
-----------------------------------------------------------------------------
                                  6.98   slack (MET)


Startpoint: start (input port clocked by clk)
Endpoint: _1329_ (rising edge-triggered flip-flop clocked by clk)
Path Group: clk
Path Type: max

Fanout     Cap    Slew   Delay    Time   Description
-----------------------------------------------------------------------------
                  0.15    0.00    0.00   clock clk (rise edge)
                          0.00    0.00   clock network delay (ideal)
                          2.00    2.00 ^ input external delay
                  0.05    0.03    2.03 ^ start (in)
     2    0.01                           start (net)
                  0.05    0.00    2.03 ^ _0695_/A_N (sky130_fd_sc_hd__and4bb_2)
                  0.04    0.22    2.26 v _0695_/X (sky130_fd_sc_hd__and4bb_2)
     1    0.00                           _0152_ (net)
                  0.04    0.00    2.26 v _0696_/B1 (sky130_fd_sc_hd__a21o_2)
                  0.03    0.18    2.44 v _0696_/X (sky130_fd_sc_hd__a21o_2)
     1    0.00                           _0153_ (net)
                  0.03    0.00    2.44 v _0697_/A (sky130_fd_sc_hd__buf_1)
                  0.10    0.15    2.59 v _0697_/X (sky130_fd_sc_hd__buf_1)
     5    0.02                           _0003_ (net)
                  0.10    0.00    2.59 v _1329_/D (sky130_fd_sc_hd__dfrtp_2)
                                  2.59   data arrival time

                  0.15   10.00   10.00   clock clk (rise edge)
                          0.00   10.00   clock network delay (ideal)
                         -0.25    9.75   clock uncertainty
                          0.00    9.75   clock reconvergence pessimism
                                  9.75 ^ _1329_/CLK (sky130_fd_sc_hd__dfrtp_2)
                         -0.12    9.63   library setup time
                                  9.63   data required time
-----------------------------------------------------------------------------
                                  9.63   data required time
                                 -2.59   data arrival time
-----------------------------------------------------------------------------
                                  7.04   slack (MET)


Startpoint: _1329_ (rising edge-triggered flip-flop clocked by clk)
Endpoint: done (output port clocked by clk)
Path Group: clk
Path Type: max

Fanout     Cap    Slew   Delay    Time   Description
-----------------------------------------------------------------------------
                  0.15    0.00    0.00   clock clk (rise edge)
                          0.00    0.00   clock network delay (ideal)
                  0.15    0.00    0.00 ^ _1329_/CLK (sky130_fd_sc_hd__dfrtp_2)
                  0.14    0.55    0.55 v _1329_/Q (sky130_fd_sc_hd__dfrtp_2)
     1    0.05                           done (net)
                  0.14    0.01    0.56 v done (out)
                                  0.56   data arrival time

                  0.15   10.00   10.00   clock clk (rise edge)
                          0.00   10.00   clock network delay (ideal)
                         -0.25    9.75   clock uncertainty
                          0.00    9.75   clock reconvergence pessimism
                         -2.00    7.75   output external delay
                                  7.75   data required time
-----------------------------------------------------------------------------
                                  7.75   data required time
                                 -0.56   data arrival time
-----------------------------------------------------------------------------
                                  7.19   slack (MET)


Startpoint: _1323_ (rising edge-triggered flip-flop clocked by clk)
Endpoint: pass_fail (output port clocked by clk)
Path Group: clk
Path Type: max

Fanout     Cap    Slew   Delay    Time   Description
-----------------------------------------------------------------------------
                  0.15    0.00    0.00   clock clk (rise edge)
                          0.00    0.00   clock network delay (ideal)
                  0.15    0.00    0.00 ^ _1323_/CLK (sky130_fd_sc_hd__dfrtp_2)
                  0.12    0.54    0.54 v _1323_/Q (sky130_fd_sc_hd__dfrtp_2)
     2    0.04                           pass_fail (net)
                  0.12    0.00    0.55 v pass_fail (out)
                                  0.55   data arrival time

                  0.15   10.00   10.00   clock clk (rise edge)
                          0.00   10.00   clock network delay (ideal)
                         -0.25    9.75   clock uncertainty
                          0.00    9.75   clock reconvergence pessimism
                         -2.00    7.75   output external delay
                                  7.75   data required time
-----------------------------------------------------------------------------
                                  7.75   data required time
                                 -0.55   data arrival time
-----------------------------------------------------------------------------
                                  7.20   slack (MET)


Startpoint: rst_n (input port clocked by clk)
Endpoint: _1307_ (recovery check against rising-edge clock clk)
Path Group: asynchronous
Path Type: max

Fanout     Cap    Slew   Delay    Time   Description
-----------------------------------------------------------------------------
                  0.15    0.00    0.00   clock clk (rise edge)
                          0.00    0.00   clock network delay (ideal)
                          2.00    2.00 ^ input external delay
                  0.72    0.53    2.53 ^ rst_n (in)
    37    0.16                           rst_n (net)
                  0.73    0.00    2.53 ^ _1307_/RESET_B (sky130_fd_sc_hd__dfrtp_2)
                                  2.53   data arrival time

                  0.15   10.00   10.00   clock clk (rise edge)
                          0.00   10.00   clock network delay (ideal)
                         -0.25    9.75   clock uncertainty
                          0.00    9.75   clock reconvergence pessimism
                                  9.75 ^ _1307_/CLK (sky130_fd_sc_hd__dfrtp_2)
                          0.04    9.79   library recovery time
                                  9.79   data required time
-----------------------------------------------------------------------------
                                  9.79   data required time
                                 -2.53   data arrival time
-----------------------------------------------------------------------------
                                  7.26   slack (MET)


Startpoint: rst_n (input port clocked by clk)
Endpoint: _1322_ (recovery check against rising-edge clock clk)
Path Group: asynchronous
Path Type: max

Fanout     Cap    Slew   Delay    Time   Description
-----------------------------------------------------------------------------
                  0.15    0.00    0.00   clock clk (rise edge)
                          0.00    0.00   clock network delay (ideal)
                          2.00    2.00 ^ input external delay
                  0.72    0.53    2.53 ^ rst_n (in)
    37    0.16                           rst_n (net)
                  0.73    0.00    2.53 ^ _1322_/RESET_B (sky130_fd_sc_hd__dfrtp_2)
                                  2.53   data arrival time

                  0.15   10.00   10.00   clock clk (rise edge)
                          0.00   10.00   clock network delay (ideal)
                         -0.25    9.75   clock uncertainty
                          0.00    9.75   clock reconvergence pessimism
                                  9.75 ^ _1322_/CLK (sky130_fd_sc_hd__dfrtp_2)
                          0.04    9.79   library recovery time
                                  9.79   data required time
-----------------------------------------------------------------------------
                                  9.79   data required time
                                 -2.53   data arrival time
-----------------------------------------------------------------------------
                                  7.26   slack (MET)


Startpoint: rst_n (input port clocked by clk)
Endpoint: _1323_ (recovery check against rising-edge clock clk)
Path Group: asynchronous
Path Type: max

Fanout     Cap    Slew   Delay    Time   Description
-----------------------------------------------------------------------------
                  0.15    0.00    0.00   clock clk (rise edge)
                          0.00    0.00   clock network delay (ideal)
                          2.00    2.00 ^ input external delay
                  0.72    0.53    2.53 ^ rst_n (in)
    37    0.16                           rst_n (net)
                  0.73    0.00    2.53 ^ _1323_/RESET_B (sky130_fd_sc_hd__dfrtp_2)
                                  2.53   data arrival time

                  0.15   10.00   10.00   clock clk (rise edge)
                          0.00   10.00   clock network delay (ideal)
                         -0.25    9.75   clock uncertainty
                          0.00    9.75   clock reconvergence pessimism
                                  9.75 ^ _1323_/CLK (sky130_fd_sc_hd__dfrtp_2)
                          0.04    9.79   library recovery time
                                  9.79   data required time
-----------------------------------------------------------------------------
                                  9.79   data required time
                                 -2.53   data arrival time
-----------------------------------------------------------------------------
                                  7.26   slack (MET)


Startpoint: rst_n (input port clocked by clk)
Endpoint: _1329_ (recovery check against rising-edge clock clk)
Path Group: asynchronous
Path Type: max

Fanout     Cap    Slew   Delay    Time   Description
-----------------------------------------------------------------------------
                  0.15    0.00    0.00   clock clk (rise edge)
                          0.00    0.00   clock network delay (ideal)
                          2.00    2.00 ^ input external delay
                  0.72    0.53    2.53 ^ rst_n (in)
    37    0.16                           rst_n (net)
                  0.73    0.00    2.53 ^ _1329_/RESET_B (sky130_fd_sc_hd__dfrtp_2)
                                  2.53   data arrival time

                  0.15   10.00   10.00   clock clk (rise edge)
                          0.00   10.00   clock network delay (ideal)
                         -0.25    9.75   clock uncertainty
                          0.00    9.75   clock reconvergence pessimism
                                  9.75 ^ _1329_/CLK (sky130_fd_sc_hd__dfrtp_2)
                          0.04    9.79   library recovery time
                                  9.79   data required time
-----------------------------------------------------------------------------
                                  9.79   data required time
                                 -2.53   data arrival time
-----------------------------------------------------------------------------
                                  7.26   slack (MET)


Startpoint: rst_n (input port clocked by clk)
Endpoint: _1321_ (recovery check against rising-edge clock clk)
Path Group: asynchronous
Path Type: max

Fanout     Cap    Slew   Delay    Time   Description
-----------------------------------------------------------------------------
                  0.15    0.00    0.00   clock clk (rise edge)
                          0.00    0.00   clock network delay (ideal)
                          2.00    2.00 ^ input external delay
                  0.72    0.53    2.53 ^ rst_n (in)
    37    0.16                           rst_n (net)
                  0.73    0.00    2.53 ^ _1321_/RESET_B (sky130_fd_sc_hd__dfrtp_2)
                                  2.53   data arrival time

                  0.15   10.00   10.00   clock clk (rise edge)
                          0.00   10.00   clock network delay (ideal)
                         -0.25    9.75   clock uncertainty
                          0.00    9.75   clock reconvergence pessimism
                                  9.75 ^ _1321_/CLK (sky130_fd_sc_hd__dfrtp_2)
                          0.04    9.79   library recovery time
                                  9.79   data required time
-----------------------------------------------------------------------------
                                  9.79   data required time
                                 -2.53   data arrival time
-----------------------------------------------------------------------------
                                  7.26   slack (MET)


Startpoint: rst_n (input port clocked by clk)
Endpoint: _1318_ (recovery check against rising-edge clock clk)
Path Group: asynchronous
Path Type: max

Fanout     Cap    Slew   Delay    Time   Description
-----------------------------------------------------------------------------
                  0.15    0.00    0.00   clock clk (rise edge)
                          0.00    0.00   clock network delay (ideal)
                          2.00    2.00 ^ input external delay
                  0.72    0.53    2.53 ^ rst_n (in)
    37    0.16                           rst_n (net)
                  0.73    0.00    2.53 ^ _1318_/RESET_B (sky130_fd_sc_hd__dfrtp_2)
                                  2.53   data arrival time

                  0.15   10.00   10.00   clock clk (rise edge)
                          0.00   10.00   clock network delay (ideal)
                         -0.25    9.75   clock uncertainty
                          0.00    9.75   clock reconvergence pessimism
                                  9.75 ^ _1318_/CLK (sky130_fd_sc_hd__dfrtp_2)
                          0.04    9.79   library recovery time
                                  9.79   data required time
-----------------------------------------------------------------------------
                                  9.79   data required time
                                 -2.53   data arrival time
-----------------------------------------------------------------------------
                                  7.26   slack (MET)


Startpoint: rst_n (input port clocked by clk)
Endpoint: _1317_ (recovery check against rising-edge clock clk)
Path Group: asynchronous
Path Type: max

Fanout     Cap    Slew   Delay    Time   Description
-----------------------------------------------------------------------------
                  0.15    0.00    0.00   clock clk (rise edge)
                          0.00    0.00   clock network delay (ideal)
                          2.00    2.00 ^ input external delay
                  0.72    0.53    2.53 ^ rst_n (in)
    37    0.16                           rst_n (net)
                  0.73    0.00    2.53 ^ _1317_/RESET_B (sky130_fd_sc_hd__dfrtp_2)
                                  2.53   data arrival time

                  0.15   10.00   10.00   clock clk (rise edge)
                          0.00   10.00   clock network delay (ideal)
                         -0.25    9.75   clock uncertainty
                          0.00    9.75   clock reconvergence pessimism
                                  9.75 ^ _1317_/CLK (sky130_fd_sc_hd__dfrtp_2)
                          0.04    9.79   library recovery time
                                  9.79   data required time
-----------------------------------------------------------------------------
                                  9.79   data required time
                                 -2.53   data arrival time
-----------------------------------------------------------------------------
                                  7.26   slack (MET)


Startpoint: rst_n (input port clocked by clk)
Endpoint: _1316_ (recovery check against rising-edge clock clk)
Path Group: asynchronous
Path Type: max

Fanout     Cap    Slew   Delay    Time   Description
-----------------------------------------------------------------------------
                  0.15    0.00    0.00   clock clk (rise edge)
                          0.00    0.00   clock network delay (ideal)
                          2.00    2.00 ^ input external delay
                  0.72    0.53    2.53 ^ rst_n (in)
    37    0.16                           rst_n (net)
                  0.73    0.00    2.53 ^ _1316_/RESET_B (sky130_fd_sc_hd__dfrtp_2)
                                  2.53   data arrival time

                  0.15   10.00   10.00   clock clk (rise edge)
                          0.00   10.00   clock network delay (ideal)
                         -0.25    9.75   clock uncertainty
                          0.00    9.75   clock reconvergence pessimism
                                  9.75 ^ _1316_/CLK (sky130_fd_sc_hd__dfrtp_2)
                          0.04    9.79   library recovery time
                                  9.79   data required time
-----------------------------------------------------------------------------
                                  9.79   data required time
                                 -2.53   data arrival time
-----------------------------------------------------------------------------
                                  7.26   slack (MET)


Startpoint: rst_n (input port clocked by clk)
Endpoint: _1315_ (recovery check against rising-edge clock clk)
Path Group: asynchronous
Path Type: max

Fanout     Cap    Slew   Delay    Time   Description
-----------------------------------------------------------------------------
                  0.15    0.00    0.00   clock clk (rise edge)
                          0.00    0.00   clock network delay (ideal)
                          2.00    2.00 ^ input external delay
                  0.72    0.53    2.53 ^ rst_n (in)
    37    0.16                           rst_n (net)
                  0.73    0.00    2.53 ^ _1315_/RESET_B (sky130_fd_sc_hd__dfrtp_2)
                                  2.53   data arrival time

                  0.15   10.00   10.00   clock clk (rise edge)
                          0.00   10.00   clock network delay (ideal)
                         -0.25    9.75   clock uncertainty
                          0.00    9.75   clock reconvergence pessimism
                                  9.75 ^ _1315_/CLK (sky130_fd_sc_hd__dfrtp_2)
                          0.04    9.79   library recovery time
                                  9.79   data required time
-----------------------------------------------------------------------------
                                  9.79   data required time
                                 -2.53   data arrival time
-----------------------------------------------------------------------------
                                  7.26   slack (MET)


Startpoint: rst_n (input port clocked by clk)
Endpoint: _1325_ (recovery check against rising-edge clock clk)
Path Group: asynchronous
Path Type: max

Fanout     Cap    Slew   Delay    Time   Description
-----------------------------------------------------------------------------
                  0.15    0.00    0.00   clock clk (rise edge)
                          0.00    0.00   clock network delay (ideal)
                          2.00    2.00 ^ input external delay
                  0.72    0.53    2.53 ^ rst_n (in)
    37    0.16                           rst_n (net)
                  0.73    0.00    2.53 ^ _1325_/RESET_B (sky130_fd_sc_hd__dfrtp_2)
                                  2.53   data arrival time

                  0.15   10.00   10.00   clock clk (rise edge)
                          0.00   10.00   clock network delay (ideal)
                         -0.25    9.75   clock uncertainty
                          0.00    9.75   clock reconvergence pessimism
                                  9.75 ^ _1325_/CLK (sky130_fd_sc_hd__dfrtp_2)
                          0.04    9.79   library recovery time
                                  9.79   data required time
-----------------------------------------------------------------------------
                                  9.79   data required time
                                 -2.53   data arrival time
-----------------------------------------------------------------------------
                                  7.26   slack (MET)


Startpoint: rst_n (input port clocked by clk)
Endpoint: _1319_ (recovery check against rising-edge clock clk)
Path Group: asynchronous
Path Type: max

Fanout     Cap    Slew   Delay    Time   Description
-----------------------------------------------------------------------------
                  0.15    0.00    0.00   clock clk (rise edge)
                          0.00    0.00   clock network delay (ideal)
                          2.00    2.00 ^ input external delay
                  0.72    0.53    2.53 ^ rst_n (in)
    37    0.16                           rst_n (net)
                  0.73    0.00    2.53 ^ _1319_/RESET_B (sky130_fd_sc_hd__dfrtp_2)
                                  2.53   data arrival time

                  0.15   10.00   10.00   clock clk (rise edge)
                          0.00   10.00   clock network delay (ideal)
                         -0.25    9.75   clock uncertainty
                          0.00    9.75   clock reconvergence pessimism
                                  9.75 ^ _1319_/CLK (sky130_fd_sc_hd__dfrtp_2)
                          0.04    9.79   library recovery time
                                  9.79   data required time
-----------------------------------------------------------------------------
                                  9.79   data required time
                                 -2.53   data arrival time
-----------------------------------------------------------------------------
                                  7.26   slack (MET)


Startpoint: rst_n (input port clocked by clk)
Endpoint: _1314_ (recovery check against rising-edge clock clk)
Path Group: asynchronous
Path Type: max

Fanout     Cap    Slew   Delay    Time   Description
-----------------------------------------------------------------------------
                  0.15    0.00    0.00   clock clk (rise edge)
                          0.00    0.00   clock network delay (ideal)
                          2.00    2.00 ^ input external delay
                  0.72    0.53    2.53 ^ rst_n (in)
    37    0.16                           rst_n (net)
                  0.73    0.00    2.53 ^ _1314_/RESET_B (sky130_fd_sc_hd__dfrtp_2)
                                  2.53   data arrival time

                  0.15   10.00   10.00   clock clk (rise edge)
                          0.00   10.00   clock network delay (ideal)
                         -0.25    9.75   clock uncertainty
                          0.00    9.75   clock reconvergence pessimism
                                  9.75 ^ _1314_/CLK (sky130_fd_sc_hd__dfrtp_2)
                          0.04    9.79   library recovery time
                                  9.79   data required time
-----------------------------------------------------------------------------
                                  9.79   data required time
                                 -2.53   data arrival time
-----------------------------------------------------------------------------
                                  7.26   slack (MET)


Startpoint: rst_n (input port clocked by clk)
Endpoint: _1313_ (recovery check against rising-edge clock clk)
Path Group: asynchronous
Path Type: max

Fanout     Cap    Slew   Delay    Time   Description
-----------------------------------------------------------------------------
                  0.15    0.00    0.00   clock clk (rise edge)
                          0.00    0.00   clock network delay (ideal)
                          2.00    2.00 ^ input external delay
                  0.72    0.53    2.53 ^ rst_n (in)
    37    0.16                           rst_n (net)
                  0.73    0.00    2.53 ^ _1313_/RESET_B (sky130_fd_sc_hd__dfrtp_2)
                                  2.53   data arrival time

                  0.15   10.00   10.00   clock clk (rise edge)
                          0.00   10.00   clock network delay (ideal)
                         -0.25    9.75   clock uncertainty
                          0.00    9.75   clock reconvergence pessimism
                                  9.75 ^ _1313_/CLK (sky130_fd_sc_hd__dfrtp_2)
                          0.04    9.79   library recovery time
                                  9.79   data required time
-----------------------------------------------------------------------------
                                  9.79   data required time
                                 -2.53   data arrival time
-----------------------------------------------------------------------------
                                  7.26   slack (MET)


Startpoint: rst_n (input port clocked by clk)
Endpoint: _1312_ (recovery check against rising-edge clock clk)
Path Group: asynchronous
Path Type: max

Fanout     Cap    Slew   Delay    Time   Description
-----------------------------------------------------------------------------
                  0.15    0.00    0.00   clock clk (rise edge)
                          0.00    0.00   clock network delay (ideal)
                          2.00    2.00 ^ input external delay
                  0.72    0.53    2.53 ^ rst_n (in)
    37    0.16                           rst_n (net)
                  0.73    0.00    2.53 ^ _1312_/RESET_B (sky130_fd_sc_hd__dfrtp_2)
                                  2.53   data arrival time

                  0.15   10.00   10.00   clock clk (rise edge)
                          0.00   10.00   clock network delay (ideal)
                         -0.25    9.75   clock uncertainty
                          0.00    9.75   clock reconvergence pessimism
                                  9.75 ^ _1312_/CLK (sky130_fd_sc_hd__dfrtp_2)
                          0.04    9.79   library recovery time
                                  9.79   data required time
-----------------------------------------------------------------------------
                                  9.79   data required time
                                 -2.53   data arrival time
-----------------------------------------------------------------------------
                                  7.26   slack (MET)


Startpoint: rst_n (input port clocked by clk)
Endpoint: _1324_ (recovery check against rising-edge clock clk)
Path Group: asynchronous
Path Type: max

Fanout     Cap    Slew   Delay    Time   Description
-----------------------------------------------------------------------------
                  0.15    0.00    0.00   clock clk (rise edge)
                          0.00    0.00   clock network delay (ideal)
                          2.00    2.00 ^ input external delay
                  0.72    0.53    2.53 ^ rst_n (in)
    37    0.16                           rst_n (net)
                  0.73    0.00    2.53 ^ _1324_/RESET_B (sky130_fd_sc_hd__dfrtp_2)
                                  2.53   data arrival time

                  0.15   10.00   10.00   clock clk (rise edge)
                          0.00   10.00   clock network delay (ideal)
                         -0.25    9.75   clock uncertainty
                          0.00    9.75   clock reconvergence pessimism
                                  9.75 ^ _1324_/CLK (sky130_fd_sc_hd__dfrtp_2)
                          0.04    9.79   library recovery time
                                  9.79   data required time
-----------------------------------------------------------------------------
                                  9.79   data required time
                                 -2.53   data arrival time
-----------------------------------------------------------------------------
                                  7.26   slack (MET)


Startpoint: rst_n (input port clocked by clk)
Endpoint: _1326_ (recovery check against rising-edge clock clk)
Path Group: asynchronous
Path Type: max

Fanout     Cap    Slew   Delay    Time   Description
-----------------------------------------------------------------------------
                  0.15    0.00    0.00   clock clk (rise edge)
                          0.00    0.00   clock network delay (ideal)
                          2.00    2.00 ^ input external delay
                  0.72    0.53    2.53 ^ rst_n (in)
    37    0.16                           rst_n (net)
                  0.73    0.00    2.53 ^ _1326_/RESET_B (sky130_fd_sc_hd__dfrtp_2)
                                  2.53   data arrival time

                  0.15   10.00   10.00   clock clk (rise edge)
                          0.00   10.00   clock network delay (ideal)
                         -0.25    9.75   clock uncertainty
                          0.00    9.75   clock reconvergence pessimism
                                  9.75 ^ _1326_/CLK (sky130_fd_sc_hd__dfrtp_2)
                          0.04    9.79   library recovery time
                                  9.79   data required time
-----------------------------------------------------------------------------
                                  9.79   data required time
                                 -2.53   data arrival time
-----------------------------------------------------------------------------
                                  7.26   slack (MET)


Startpoint: rst_n (input port clocked by clk)
Endpoint: _1180_ (recovery check against rising-edge clock clk)
Path Group: asynchronous
Path Type: max

Fanout     Cap    Slew   Delay    Time   Description
-----------------------------------------------------------------------------
                  0.15    0.00    0.00   clock clk (rise edge)
                          0.00    0.00   clock network delay (ideal)
                          2.00    2.00 ^ input external delay
                  0.72    0.53    2.53 ^ rst_n (in)
    37    0.16                           rst_n (net)
                  0.73    0.00    2.53 ^ _1180_/RESET_B (sky130_fd_sc_hd__dfrtp_2)
                                  2.53   data arrival time

                  0.15   10.00   10.00   clock clk (rise edge)
                          0.00   10.00   clock network delay (ideal)
                         -0.25    9.75   clock uncertainty
                          0.00    9.75   clock reconvergence pessimism
                                  9.75 ^ _1180_/CLK (sky130_fd_sc_hd__dfrtp_2)
                          0.04    9.79   library recovery time
                                  9.79   data required time
-----------------------------------------------------------------------------
                                  9.79   data required time
                                 -2.53   data arrival time
-----------------------------------------------------------------------------
                                  7.26   slack (MET)


Startpoint: rst_n (input port clocked by clk)
Endpoint: _1172_ (recovery check against rising-edge clock clk)
Path Group: asynchronous
Path Type: max

Fanout     Cap    Slew   Delay    Time   Description
-----------------------------------------------------------------------------
                  0.15    0.00    0.00   clock clk (rise edge)
                          0.00    0.00   clock network delay (ideal)
                          2.00    2.00 ^ input external delay
                  0.72    0.53    2.53 ^ rst_n (in)
    37    0.16                           rst_n (net)
                  0.73    0.00    2.53 ^ _1172_/RESET_B (sky130_fd_sc_hd__dfrtp_2)
                                  2.53   data arrival time

                  0.15   10.00   10.00   clock clk (rise edge)
                          0.00   10.00   clock network delay (ideal)
                         -0.25    9.75   clock uncertainty
                          0.00    9.75   clock reconvergence pessimism
                                  9.75 ^ _1172_/CLK (sky130_fd_sc_hd__dfrtp_2)
                          0.04    9.79   library recovery time
                                  9.79   data required time
-----------------------------------------------------------------------------
                                  9.79   data required time
                                 -2.53   data arrival time
-----------------------------------------------------------------------------
                                  7.26   slack (MET)


Startpoint: rst_n (input port clocked by clk)
Endpoint: _1327_ (recovery check against rising-edge clock clk)
Path Group: asynchronous
Path Type: max

Fanout     Cap    Slew   Delay    Time   Description
-----------------------------------------------------------------------------
                  0.15    0.00    0.00   clock clk (rise edge)
                          0.00    0.00   clock network delay (ideal)
                          2.00    2.00 ^ input external delay
                  0.72    0.53    2.53 ^ rst_n (in)
    37    0.16                           rst_n (net)
                  0.73    0.00    2.53 ^ _1327_/RESET_B (sky130_fd_sc_hd__dfrtp_2)
                                  2.53   data arrival time

                  0.15   10.00   10.00   clock clk (rise edge)
                          0.00   10.00   clock network delay (ideal)
                         -0.25    9.75   clock uncertainty
                          0.00    9.75   clock reconvergence pessimism
                                  9.75 ^ _1327_/CLK (sky130_fd_sc_hd__dfrtp_2)
                          0.04    9.79   library recovery time
                                  9.79   data required time
-----------------------------------------------------------------------------
                                  9.79   data required time
                                 -2.53   data arrival time
-----------------------------------------------------------------------------
                                  7.26   slack (MET)


Startpoint: rst_n (input port clocked by clk)
Endpoint: _1320_ (recovery check against rising-edge clock clk)
Path Group: asynchronous
Path Type: max

Fanout     Cap    Slew   Delay    Time   Description
-----------------------------------------------------------------------------
                  0.15    0.00    0.00   clock clk (rise edge)
                          0.00    0.00   clock network delay (ideal)
                          2.00    2.00 ^ input external delay
                  0.72    0.53    2.53 ^ rst_n (in)
    37    0.16                           rst_n (net)
                  0.73    0.00    2.53 ^ _1320_/RESET_B (sky130_fd_sc_hd__dfrtp_2)
                                  2.53   data arrival time

                  0.15   10.00   10.00   clock clk (rise edge)
                          0.00   10.00   clock network delay (ideal)
                         -0.25    9.75   clock uncertainty
                          0.00    9.75   clock reconvergence pessimism
                                  9.75 ^ _1320_/CLK (sky130_fd_sc_hd__dfrtp_2)
                          0.04    9.79   library recovery time
                                  9.79   data required time
-----------------------------------------------------------------------------
                                  9.79   data required time
                                 -2.53   data arrival time
-----------------------------------------------------------------------------
                                  7.26   slack (MET)


Startpoint: rst_n (input port clocked by clk)
Endpoint: _1179_ (recovery check against rising-edge clock clk)
Path Group: asynchronous
Path Type: max

Fanout     Cap    Slew   Delay    Time   Description
-----------------------------------------------------------------------------
                  0.15    0.00    0.00   clock clk (rise edge)
                          0.00    0.00   clock network delay (ideal)
                          2.00    2.00 ^ input external delay
                  0.72    0.53    2.53 ^ rst_n (in)
    37    0.16                           rst_n (net)
                  0.73    0.00    2.53 ^ _1179_/RESET_B (sky130_fd_sc_hd__dfrtp_2)
                                  2.53   data arrival time

                  0.15   10.00   10.00   clock clk (rise edge)
                          0.00   10.00   clock network delay (ideal)
                         -0.25    9.75   clock uncertainty
                          0.00    9.75   clock reconvergence pessimism
                                  9.75 ^ _1179_/CLK (sky130_fd_sc_hd__dfrtp_2)
                          0.04    9.79   library recovery time
                                  9.79   data required time
-----------------------------------------------------------------------------
                                  9.79   data required time
                                 -2.53   data arrival time
-----------------------------------------------------------------------------
                                  7.26   slack (MET)


Startpoint: rst_n (input port clocked by clk)
Endpoint: _1177_ (recovery check against rising-edge clock clk)
Path Group: asynchronous
Path Type: max

Fanout     Cap    Slew   Delay    Time   Description
-----------------------------------------------------------------------------
                  0.15    0.00    0.00   clock clk (rise edge)
                          0.00    0.00   clock network delay (ideal)
                          2.00    2.00 ^ input external delay
                  0.72    0.53    2.53 ^ rst_n (in)
    37    0.16                           rst_n (net)
                  0.73    0.00    2.53 ^ _1177_/RESET_B (sky130_fd_sc_hd__dfrtp_2)
                                  2.53   data arrival time

                  0.15   10.00   10.00   clock clk (rise edge)
                          0.00   10.00   clock network delay (ideal)
                         -0.25    9.75   clock uncertainty
                          0.00    9.75   clock reconvergence pessimism
                                  9.75 ^ _1177_/CLK (sky130_fd_sc_hd__dfrtp_2)
                          0.04    9.79   library recovery time
                                  9.79   data required time
-----------------------------------------------------------------------------
                                  9.79   data required time
                                 -2.53   data arrival time
-----------------------------------------------------------------------------
                                  7.26   slack (MET)


Startpoint: rst_n (input port clocked by clk)
Endpoint: _1178_ (recovery check against rising-edge clock clk)
Path Group: asynchronous
Path Type: max

Fanout     Cap    Slew   Delay    Time   Description
-----------------------------------------------------------------------------
                  0.15    0.00    0.00   clock clk (rise edge)
                          0.00    0.00   clock network delay (ideal)
                          2.00    2.00 ^ input external delay
                  0.72    0.53    2.53 ^ rst_n (in)
    37    0.16                           rst_n (net)
                  0.73    0.00    2.53 ^ _1178_/RESET_B (sky130_fd_sc_hd__dfrtp_2)
                                  2.53   data arrival time

                  0.15   10.00   10.00   clock clk (rise edge)
                          0.00   10.00   clock network delay (ideal)
                         -0.25    9.75   clock uncertainty
                          0.00    9.75   clock reconvergence pessimism
                                  9.75 ^ _1178_/CLK (sky130_fd_sc_hd__dfrtp_2)
                          0.04    9.79   library recovery time
                                  9.79   data required time
-----------------------------------------------------------------------------
                                  9.79   data required time
                                 -2.53   data arrival time
-----------------------------------------------------------------------------
                                  7.26   slack (MET)


Startpoint: rst_n (input port clocked by clk)
Endpoint: _1175_ (recovery check against rising-edge clock clk)
Path Group: asynchronous
Path Type: max

Fanout     Cap    Slew   Delay    Time   Description
-----------------------------------------------------------------------------
                  0.15    0.00    0.00   clock clk (rise edge)
                          0.00    0.00   clock network delay (ideal)
                          2.00    2.00 ^ input external delay
                  0.72    0.53    2.53 ^ rst_n (in)
    37    0.16                           rst_n (net)
                  0.72    0.00    2.53 ^ _1175_/RESET_B (sky130_fd_sc_hd__dfrtp_2)
                                  2.53   data arrival time

                  0.15   10.00   10.00   clock clk (rise edge)
                          0.00   10.00   clock network delay (ideal)
                         -0.25    9.75   clock uncertainty
                          0.00    9.75   clock reconvergence pessimism
                                  9.75 ^ _1175_/CLK (sky130_fd_sc_hd__dfrtp_2)
                          0.04    9.79   library recovery time
                                  9.79   data required time
-----------------------------------------------------------------------------
                                  9.79   data required time
                                 -2.53   data arrival time
-----------------------------------------------------------------------------
                                  7.26   slack (MET)


Startpoint: rst_n (input port clocked by clk)
Endpoint: _1176_ (recovery check against rising-edge clock clk)
Path Group: asynchronous
Path Type: max

Fanout     Cap    Slew   Delay    Time   Description
-----------------------------------------------------------------------------
                  0.15    0.00    0.00   clock clk (rise edge)
                          0.00    0.00   clock network delay (ideal)
                          2.00    2.00 ^ input external delay
                  0.72    0.53    2.53 ^ rst_n (in)
    37    0.16                           rst_n (net)
                  0.72    0.00    2.53 ^ _1176_/RESET_B (sky130_fd_sc_hd__dfrtp_2)
                                  2.53   data arrival time

                  0.15   10.00   10.00   clock clk (rise edge)
                          0.00   10.00   clock network delay (ideal)
                         -0.25    9.75   clock uncertainty
                          0.00    9.75   clock reconvergence pessimism
                                  9.75 ^ _1176_/CLK (sky130_fd_sc_hd__dfrtp_2)
                          0.04    9.79   library recovery time
                                  9.79   data required time
-----------------------------------------------------------------------------
                                  9.79   data required time
                                 -2.53   data arrival time
-----------------------------------------------------------------------------
                                  7.26   slack (MET)


Startpoint: rst_n (input port clocked by clk)
Endpoint: _1173_ (recovery check against rising-edge clock clk)
Path Group: asynchronous
Path Type: max

Fanout     Cap    Slew   Delay    Time   Description
-----------------------------------------------------------------------------
                  0.15    0.00    0.00   clock clk (rise edge)
                          0.00    0.00   clock network delay (ideal)
                          2.00    2.00 ^ input external delay
                  0.72    0.53    2.53 ^ rst_n (in)
    37    0.16                           rst_n (net)
                  0.72    0.00    2.53 ^ _1173_/RESET_B (sky130_fd_sc_hd__dfrtp_2)
                                  2.53   data arrival time

                  0.15   10.00   10.00   clock clk (rise edge)
                          0.00   10.00   clock network delay (ideal)
                         -0.25    9.75   clock uncertainty
                          0.00    9.75   clock reconvergence pessimism
                                  9.75 ^ _1173_/CLK (sky130_fd_sc_hd__dfrtp_2)
                          0.04    9.79   library recovery time
                                  9.79   data required time
-----------------------------------------------------------------------------
                                  9.79   data required time
                                 -2.53   data arrival time
-----------------------------------------------------------------------------
                                  7.26   slack (MET)


Startpoint: rst_n (input port clocked by clk)
Endpoint: _1309_ (recovery check against rising-edge clock clk)
Path Group: asynchronous
Path Type: max

Fanout     Cap    Slew   Delay    Time   Description
-----------------------------------------------------------------------------
                  0.15    0.00    0.00   clock clk (rise edge)
                          0.00    0.00   clock network delay (ideal)
                          2.00    2.00 ^ input external delay
                  0.72    0.53    2.53 ^ rst_n (in)
    37    0.16                           rst_n (net)
                  0.72    0.00    2.53 ^ _1309_/RESET_B (sky130_fd_sc_hd__dfrtp_2)
                                  2.53   data arrival time

                  0.15   10.00   10.00   clock clk (rise edge)
                          0.00   10.00   clock network delay (ideal)
                         -0.25    9.75   clock uncertainty
                          0.00    9.75   clock reconvergence pessimism
                                  9.75 ^ _1309_/CLK (sky130_fd_sc_hd__dfrtp_2)
                          0.04    9.79   library recovery time
                                  9.79   data required time
-----------------------------------------------------------------------------
                                  9.79   data required time
                                 -2.53   data arrival time
-----------------------------------------------------------------------------
                                  7.26   slack (MET)


Startpoint: rst_n (input port clocked by clk)
Endpoint: _1174_ (recovery check against rising-edge clock clk)
Path Group: asynchronous
Path Type: max

Fanout     Cap    Slew   Delay    Time   Description
-----------------------------------------------------------------------------
                  0.15    0.00    0.00   clock clk (rise edge)
                          0.00    0.00   clock network delay (ideal)
                          2.00    2.00 ^ input external delay
                  0.72    0.53    2.53 ^ rst_n (in)
    37    0.16                           rst_n (net)
                  0.72    0.00    2.53 ^ _1174_/RESET_B (sky130_fd_sc_hd__dfrtp_2)
                                  2.53   data arrival time

                  0.15   10.00   10.00   clock clk (rise edge)
                          0.00   10.00   clock network delay (ideal)
                         -0.25    9.75   clock uncertainty
                          0.00    9.75   clock reconvergence pessimism
                                  9.75 ^ _1174_/CLK (sky130_fd_sc_hd__dfrtp_2)
                          0.04    9.79   library recovery time
                                  9.79   data required time
-----------------------------------------------------------------------------
                                  9.79   data required time
                                 -2.53   data arrival time
-----------------------------------------------------------------------------
                                  7.26   slack (MET)


Startpoint: rst_n (input port clocked by clk)
Endpoint: _1308_ (recovery check against rising-edge clock clk)
Path Group: asynchronous
Path Type: max

Fanout     Cap    Slew   Delay    Time   Description
-----------------------------------------------------------------------------
                  0.15    0.00    0.00   clock clk (rise edge)
                          0.00    0.00   clock network delay (ideal)
                          2.00    2.00 ^ input external delay
                  0.72    0.53    2.53 ^ rst_n (in)
    37    0.16                           rst_n (net)
                  0.72    0.00    2.53 ^ _1308_/RESET_B (sky130_fd_sc_hd__dfrtp_2)
                                  2.53   data arrival time

                  0.15   10.00   10.00   clock clk (rise edge)
                          0.00   10.00   clock network delay (ideal)
                         -0.25    9.75   clock uncertainty
                          0.00    9.75   clock reconvergence pessimism
                                  9.75 ^ _1308_/CLK (sky130_fd_sc_hd__dfrtp_2)
                          0.04    9.79   library recovery time
                                  9.79   data required time
-----------------------------------------------------------------------------
                                  9.79   data required time
                                 -2.53   data arrival time
-----------------------------------------------------------------------------
                                  7.26   slack (MET)


Startpoint: rst_n (input port clocked by clk)
Endpoint: _1310_ (recovery check against rising-edge clock clk)
Path Group: asynchronous
Path Type: max

Fanout     Cap    Slew   Delay    Time   Description
-----------------------------------------------------------------------------
                  0.15    0.00    0.00   clock clk (rise edge)
                          0.00    0.00   clock network delay (ideal)
                          2.00    2.00 ^ input external delay
                  0.72    0.53    2.53 ^ rst_n (in)
    37    0.16                           rst_n (net)
                  0.72    0.00    2.53 ^ _1310_/RESET_B (sky130_fd_sc_hd__dfrtp_2)
                                  2.53   data arrival time

                  0.15   10.00   10.00   clock clk (rise edge)
                          0.00   10.00   clock network delay (ideal)
                         -0.25    9.75   clock uncertainty
                          0.00    9.75   clock reconvergence pessimism
                                  9.75 ^ _1310_/CLK (sky130_fd_sc_hd__dfrtp_2)
                          0.04    9.79   library recovery time
                                  9.79   data required time
-----------------------------------------------------------------------------
                                  9.79   data required time
                                 -2.53   data arrival time
-----------------------------------------------------------------------------
                                  7.27   slack (MET)


Startpoint: rst_n (input port clocked by clk)
Endpoint: _1311_ (recovery check against rising-edge clock clk)
Path Group: asynchronous
Path Type: max

Fanout     Cap    Slew   Delay    Time   Description
-----------------------------------------------------------------------------
                  0.15    0.00    0.00   clock clk (rise edge)
                          0.00    0.00   clock network delay (ideal)
                          2.00    2.00 ^ input external delay
                  0.72    0.53    2.53 ^ rst_n (in)
    37    0.16                           rst_n (net)
                  0.72    0.00    2.53 ^ _1311_/RESET_B (sky130_fd_sc_hd__dfrtp_2)
                                  2.53   data arrival time

                  0.15   10.00   10.00   clock clk (rise edge)
                          0.00   10.00   clock network delay (ideal)
                         -0.25    9.75   clock uncertainty
                          0.00    9.75   clock reconvergence pessimism
                                  9.75 ^ _1311_/CLK (sky130_fd_sc_hd__dfrtp_2)
                          0.04    9.79   library recovery time
                                  9.79   data required time
-----------------------------------------------------------------------------
                                  9.79   data required time
                                 -2.53   data arrival time
-----------------------------------------------------------------------------
                                  7.27   slack (MET)


Startpoint: start (input port clocked by clk)
Endpoint: _1327_ (rising edge-triggered flip-flop clocked by clk)
Path Group: clk
Path Type: max

Fanout     Cap    Slew   Delay    Time   Description
-----------------------------------------------------------------------------
                  0.15    0.00    0.00   clock clk (rise edge)
                          0.00    0.00   clock network delay (ideal)
                          2.00    2.00 ^ input external delay
                  0.05    0.03    2.03 ^ start (in)
     2    0.01                           start (net)
                  0.05    0.00    2.03 ^ _0705_/B (sky130_fd_sc_hd__and3b_2)
                  0.04    0.17    2.20 ^ _0705_/X (sky130_fd_sc_hd__and3b_2)
     1    0.00                           _0158_ (net)
                  0.04    0.00    2.20 ^ _0706_/A (sky130_fd_sc_hd__buf_1)
                  0.15    0.16    2.36 ^ _0706_/X (sky130_fd_sc_hd__buf_1)
     3    0.01                           _0002_ (net)
                  0.15    0.00    2.36 ^ _1327_/D (sky130_fd_sc_hd__dfrtp_2)
                                  2.36   data arrival time

                  0.15   10.00   10.00   clock clk (rise edge)
                          0.00   10.00   clock network delay (ideal)
                         -0.25    9.75   clock uncertainty
                          0.00    9.75   clock reconvergence pessimism
                                  9.75 ^ _1327_/CLK (sky130_fd_sc_hd__dfrtp_2)
                         -0.07    9.68   library setup time
                                  9.68   data required time
-----------------------------------------------------------------------------
                                  9.68   data required time
                                 -2.36   data arrival time
-----------------------------------------------------------------------------
                                  7.32   slack (MET)


Startpoint: rst_n (input port clocked by clk)
Endpoint: _1328_ (recovery check against rising-edge clock clk)
Path Group: asynchronous
Path Type: max

Fanout     Cap    Slew   Delay    Time   Description
-----------------------------------------------------------------------------
                  0.15    0.00    0.00   clock clk (rise edge)
                          0.00    0.00   clock network delay (ideal)
                          2.00    2.00 ^ input external delay
                  0.72    0.53    2.53 ^ rst_n (in)
    37    0.16                           rst_n (net)
                  0.73    0.00    2.53 ^ _1328_/SET_B (sky130_fd_sc_hd__dfstp_2)
                                  2.53   data arrival time

                  0.15   10.00   10.00   clock clk (rise edge)
                          0.00   10.00   clock network delay (ideal)
                         -0.25    9.75   clock uncertainty
                          0.00    9.75   clock reconvergence pessimism
                                  9.75 ^ _1328_/CLK (sky130_fd_sc_hd__dfstp_2)
                          0.12    9.87   library recovery time
                                  9.87   data required time
-----------------------------------------------------------------------------
                                  9.87   data required time
                                 -2.53   data arrival time
-----------------------------------------------------------------------------
                                  7.34   slack (MET)


Startpoint: rst_n (input port clocked by clk)
Endpoint: _1171_ (recovery check against rising-edge clock clk)
Path Group: asynchronous
Path Type: max

Fanout     Cap    Slew   Delay    Time   Description
-----------------------------------------------------------------------------
                  0.15    0.00    0.00   clock clk (rise edge)
                          0.00    0.00   clock network delay (ideal)
                          2.00    2.00 ^ input external delay
                  0.72    0.53    2.53 ^ rst_n (in)
    37    0.16                           rst_n (net)
                  0.73    0.00    2.53 ^ _1171_/SET_B (sky130_fd_sc_hd__dfstp_2)
                                  2.53   data arrival time

                  0.15   10.00   10.00   clock clk (rise edge)
                          0.00   10.00   clock network delay (ideal)
                         -0.25    9.75   clock uncertainty
                          0.00    9.75   clock reconvergence pessimism
                                  9.75 ^ _1171_/CLK (sky130_fd_sc_hd__dfstp_2)
                          0.12    9.87   library recovery time
                                  9.87   data required time
-----------------------------------------------------------------------------
                                  9.87   data required time
                                 -2.53   data arrival time
-----------------------------------------------------------------------------
                                  7.35   slack (MET)


Startpoint: _1173_ (rising edge-triggered flip-flop clocked by clk)
Endpoint: _1176_ (rising edge-triggered flip-flop clocked by clk)
Path Group: clk
Path Type: max

Fanout     Cap    Slew   Delay    Time   Description
-----------------------------------------------------------------------------
                  0.15    0.00    0.00   clock clk (rise edge)
                          0.00    0.00   clock network delay (ideal)
                  0.15    0.00    0.00 ^ _1173_/CLK (sky130_fd_sc_hd__dfrtp_2)
                  0.07    0.42    0.42 ^ _1173_/Q (sky130_fd_sc_hd__dfrtp_2)
     4    0.01                           u_addr_gen.addr[0] (net)
                  0.07    0.00    0.42 ^ _0866_/A (sky130_fd_sc_hd__buf_1)
                  0.31    0.29    0.71 ^ _0866_/X (sky130_fd_sc_hd__buf_1)
    10    0.03                           _0311_ (net)
                  0.31    0.00    0.71 ^ _0895_/B (sky130_fd_sc_hd__nand2_2)
                  0.07    0.10    0.81 v _0895_/Y (sky130_fd_sc_hd__nand2_2)
     3    0.01                           _0335_ (net)
                  0.07    0.00    0.81 v _0896_/A (sky130_fd_sc_hd__or3b_2)
                  0.07    0.48    1.29 v _0896_/X (sky130_fd_sc_hd__or3b_2)
     1    0.00                           _0336_ (net)
                  0.07    0.00    1.29 v _0897_/A (sky130_fd_sc_hd__buf_1)
                  0.21    0.25    1.54 v _0897_/X (sky130_fd_sc_hd__buf_1)
     5    0.04                           _0337_ (net)
                  0.21    0.00    1.54 v _0898_/A2_N (sky130_fd_sc_hd__a2bb2o_2)
                  0.04    0.29    1.83 ^ _0898_/X (sky130_fd_sc_hd__a2bb2o_2)
     1    0.00                           _0011_ (net)
                  0.04    0.00    1.83 ^ _1176_/D (sky130_fd_sc_hd__dfrtp_2)
                                  1.83   data arrival time

                  0.15   10.00   10.00   clock clk (rise edge)
                          0.00   10.00   clock network delay (ideal)
                         -0.25    9.75   clock uncertainty
                          0.00    9.75   clock reconvergence pessimism
                                  9.75 ^ _1176_/CLK (sky130_fd_sc_hd__dfrtp_2)
                         -0.05    9.70   library setup time
                                  9.70   data required time
-----------------------------------------------------------------------------
                                  9.70   data required time
                                 -1.83   data arrival time
-----------------------------------------------------------------------------
                                  7.87   slack (MET)


Startpoint: _1175_ (rising edge-triggered flip-flop clocked by clk)
Endpoint: _1175_ (rising edge-triggered flip-flop clocked by clk)
Path Group: clk
Path Type: max

Fanout     Cap    Slew   Delay    Time   Description
-----------------------------------------------------------------------------
                  0.15    0.00    0.00   clock clk (rise edge)
                          0.00    0.00   clock network delay (ideal)
                  0.15    0.00    0.00 ^ _1175_/CLK (sky130_fd_sc_hd__dfrtp_2)
                  0.11    0.46    0.46 ^ _1175_/Q (sky130_fd_sc_hd__dfrtp_2)
     8    0.02                           u_addr_gen.addr[2] (net)
                  0.11    0.00    0.46 ^ _0857_/D (sky130_fd_sc_hd__and4_2)
                  0.09    0.28    0.75 ^ _0857_/X (sky130_fd_sc_hd__and4_2)
     3    0.01                           _0304_ (net)
                  0.09    0.00    0.75 ^ _0881_/B (sky130_fd_sc_hd__nand2_2)
                  0.05    0.07    0.82 v _0881_/Y (sky130_fd_sc_hd__nand2_2)
     3    0.01                           _0324_ (net)
                  0.05    0.00    0.82 v _0882_/A2 (sky130_fd_sc_hd__o21a_2)
                  0.03    0.20    1.01 v _0882_/X (sky130_fd_sc_hd__o21a_2)
     1    0.00                           _0325_ (net)
                  0.03    0.00    1.01 v _0883_/A2 (sky130_fd_sc_hd__o21ba_2)
                  0.08    0.25    1.27 v _0883_/X (sky130_fd_sc_hd__o21ba_2)
     7    0.02                           _0326_ (net)
                  0.08    0.00    1.27 v _0892_/A3 (sky130_fd_sc_hd__a31o_2)
                  0.03    0.26    1.52 v _0892_/X (sky130_fd_sc_hd__a31o_2)
     1    0.00                           _0333_ (net)
                  0.03    0.00    1.52 v _0893_/B (sky130_fd_sc_hd__and2_2)
                  0.04    0.18    1.71 v _0893_/X (sky130_fd_sc_hd__and2_2)
     1    0.00                           _0334_ (net)
                  0.04    0.00    1.71 v _0894_/A (sky130_fd_sc_hd__buf_1)
                  0.02    0.08    1.79 v _0894_/X (sky130_fd_sc_hd__buf_1)
     1    0.00                           _0010_ (net)
                  0.02    0.00    1.79 v _1175_/D (sky130_fd_sc_hd__dfrtp_2)
                                  1.79   data arrival time

                  0.15   10.00   10.00   clock clk (rise edge)
                          0.00   10.00   clock network delay (ideal)
                         -0.25    9.75   clock uncertainty
                          0.00    9.75   clock reconvergence pessimism
                                  9.75 ^ _1175_/CLK (sky130_fd_sc_hd__dfrtp_2)
                         -0.08    9.67   library setup time
                                  9.67   data required time
-----------------------------------------------------------------------------
                                  9.67   data required time
                                 -1.79   data arrival time
-----------------------------------------------------------------------------
                                  7.88   slack (MET)


Startpoint: _1175_ (rising edge-triggered flip-flop clocked by clk)
Endpoint: _1177_ (rising edge-triggered flip-flop clocked by clk)
Path Group: clk
Path Type: max

Fanout     Cap    Slew   Delay    Time   Description
-----------------------------------------------------------------------------
                  0.15    0.00    0.00   clock clk (rise edge)
                          0.00    0.00   clock network delay (ideal)
                  0.15    0.00    0.00 ^ _1175_/CLK (sky130_fd_sc_hd__dfrtp_2)
                  0.11    0.46    0.46 ^ _1175_/Q (sky130_fd_sc_hd__dfrtp_2)
     8    0.02                           u_addr_gen.addr[2] (net)
                  0.11    0.00    0.46 ^ _0857_/D (sky130_fd_sc_hd__and4_2)
                  0.09    0.28    0.75 ^ _0857_/X (sky130_fd_sc_hd__and4_2)
     3    0.01                           _0304_ (net)
                  0.09    0.00    0.75 ^ _0881_/B (sky130_fd_sc_hd__nand2_2)
                  0.05    0.07    0.82 v _0881_/Y (sky130_fd_sc_hd__nand2_2)
     3    0.01                           _0324_ (net)
                  0.05    0.00    0.82 v _0882_/A2 (sky130_fd_sc_hd__o21a_2)
                  0.03    0.20    1.01 v _0882_/X (sky130_fd_sc_hd__o21a_2)
     1    0.00                           _0325_ (net)
                  0.03    0.00    1.01 v _0883_/A2 (sky130_fd_sc_hd__o21ba_2)
                  0.08    0.25    1.27 v _0883_/X (sky130_fd_sc_hd__o21ba_2)
     7    0.02                           _0326_ (net)
                  0.08    0.00    1.27 v _0900_/A2 (sky130_fd_sc_hd__a21o_2)
                  0.03    0.22    1.49 v _0900_/X (sky130_fd_sc_hd__a21o_2)
     1    0.00                           _0339_ (net)
                  0.03    0.00    1.49 v _0901_/B (sky130_fd_sc_hd__and2_2)
                  0.04    0.18    1.67 v _0901_/X (sky130_fd_sc_hd__and2_2)
     1    0.00                           _0340_ (net)
                  0.04    0.00    1.67 v _0902_/A (sky130_fd_sc_hd__buf_1)
                  0.02    0.09    1.76 v _0902_/X (sky130_fd_sc_hd__buf_1)
     1    0.00                           _0012_ (net)
                  0.02    0.00    1.76 v _1177_/D (sky130_fd_sc_hd__dfrtp_2)
                                  1.76   data arrival time

                  0.15   10.00   10.00   clock clk (rise edge)
                          0.00   10.00   clock network delay (ideal)
                         -0.25    9.75   clock uncertainty
                          0.00    9.75   clock reconvergence pessimism
                                  9.75 ^ _1177_/CLK (sky130_fd_sc_hd__dfrtp_2)
                         -0.08    9.67   library setup time
                                  9.67   data required time
-----------------------------------------------------------------------------
                                  9.67   data required time
                                 -1.76   data arrival time
-----------------------------------------------------------------------------
                                  7.91   slack (MET)


Startpoint: _1175_ (rising edge-triggered flip-flop clocked by clk)
Endpoint: _1178_ (rising edge-triggered flip-flop clocked by clk)
Path Group: clk
Path Type: max

Fanout     Cap    Slew   Delay    Time   Description
-----------------------------------------------------------------------------
                  0.15    0.00    0.00   clock clk (rise edge)
                          0.00    0.00   clock network delay (ideal)
                  0.15    0.00    0.00 ^ _1175_/CLK (sky130_fd_sc_hd__dfrtp_2)
                  0.08    0.49    0.49 v _1175_/Q (sky130_fd_sc_hd__dfrtp_2)
     8    0.02                           u_addr_gen.addr[2] (net)
                  0.08    0.00    0.49 v _0857_/D (sky130_fd_sc_hd__and4_2)
                  0.06    0.28    0.78 v _0857_/X (sky130_fd_sc_hd__and4_2)
     3    0.01                           _0304_ (net)
                  0.06    0.00    0.78 v _0881_/B (sky130_fd_sc_hd__nand2_2)
                  0.06    0.08    0.86 ^ _0881_/Y (sky130_fd_sc_hd__nand2_2)
     3    0.01                           _0324_ (net)
                  0.06    0.00    0.86 ^ _0882_/A2 (sky130_fd_sc_hd__o21a_2)
                  0.03    0.11    0.97 ^ _0882_/X (sky130_fd_sc_hd__o21a_2)
     1    0.00                           _0325_ (net)
                  0.03    0.00    0.97 ^ _0883_/A2 (sky130_fd_sc_hd__o21ba_2)
                  0.15    0.21    1.18 ^ _0883_/X (sky130_fd_sc_hd__o21ba_2)
     7    0.02                           _0326_ (net)
                  0.15    0.00    1.18 ^ _0899_/B1_N (sky130_fd_sc_hd__a21bo_2)
                  0.04    0.25    1.43 v _0899_/X (sky130_fd_sc_hd__a21bo_2)
     2    0.00                           _0338_ (net)
                  0.04    0.00    1.43 v _0904_/B1 (sky130_fd_sc_hd__a2bb2o_2)
                  0.04    0.25    1.69 v _0904_/X (sky130_fd_sc_hd__a2bb2o_2)
     1    0.00                           _0013_ (net)
                  0.04    0.00    1.69 v _1178_/D (sky130_fd_sc_hd__dfrtp_2)
                                  1.69   data arrival time

                  0.15   10.00   10.00   clock clk (rise edge)
                          0.00   10.00   clock network delay (ideal)
                         -0.25    9.75   clock uncertainty
                          0.00    9.75   clock reconvergence pessimism
                                  9.75 ^ _1178_/CLK (sky130_fd_sc_hd__dfrtp_2)
                         -0.09    9.66   library setup time
                                  9.66   data required time
-----------------------------------------------------------------------------
                                  9.66   data required time
                                 -1.69   data arrival time
-----------------------------------------------------------------------------
                                  7.97   slack (MET)


Startpoint: _1175_ (rising edge-triggered flip-flop clocked by clk)
Endpoint: _1174_ (rising edge-triggered flip-flop clocked by clk)
Path Group: clk
Path Type: max

Fanout     Cap    Slew   Delay    Time   Description
-----------------------------------------------------------------------------
                  0.15    0.00    0.00   clock clk (rise edge)
                          0.00    0.00   clock network delay (ideal)
                  0.15    0.00    0.00 ^ _1175_/CLK (sky130_fd_sc_hd__dfrtp_2)
                  0.11    0.46    0.46 ^ _1175_/Q (sky130_fd_sc_hd__dfrtp_2)
     8    0.02                           u_addr_gen.addr[2] (net)
                  0.11    0.00    0.46 ^ _0857_/D (sky130_fd_sc_hd__and4_2)
                  0.09    0.28    0.75 ^ _0857_/X (sky130_fd_sc_hd__and4_2)
     3    0.01                           _0304_ (net)
                  0.09    0.00    0.75 ^ _0881_/B (sky130_fd_sc_hd__nand2_2)
                  0.05    0.07    0.82 v _0881_/Y (sky130_fd_sc_hd__nand2_2)
     3    0.01                           _0324_ (net)
                  0.05    0.00    0.82 v _0882_/A2 (sky130_fd_sc_hd__o21a_2)
                  0.03    0.20    1.01 v _0882_/X (sky130_fd_sc_hd__o21a_2)
     1    0.00                           _0325_ (net)
                  0.03    0.00    1.01 v _0883_/A2 (sky130_fd_sc_hd__o21ba_2)
                  0.08    0.25    1.27 v _0883_/X (sky130_fd_sc_hd__o21ba_2)
     7    0.02                           _0326_ (net)
                  0.08    0.00    1.27 v _0888_/B (sky130_fd_sc_hd__nand2_2)
                  0.06    0.09    1.36 ^ _0888_/Y (sky130_fd_sc_hd__nand2_2)
     3    0.01                           _0330_ (net)
                  0.06    0.00    1.36 ^ _0889_/A2_N (sky130_fd_sc_hd__a2bb2o_2)
                  0.04    0.27    1.63 v _0889_/X (sky130_fd_sc_hd__a2bb2o_2)
     1    0.00                           _0009_ (net)
                  0.04    0.00    1.63 v _1174_/D (sky130_fd_sc_hd__dfrtp_2)
                                  1.63   data arrival time

                  0.15   10.00   10.00   clock clk (rise edge)
                          0.00   10.00   clock network delay (ideal)
                         -0.25    9.75   clock uncertainty
                          0.00    9.75   clock reconvergence pessimism
                                  9.75 ^ _1174_/CLK (sky130_fd_sc_hd__dfrtp_2)
                         -0.09    9.66   library setup time
                                  9.66   data required time
-----------------------------------------------------------------------------
                                  9.66   data required time
                                 -1.63   data arrival time
-----------------------------------------------------------------------------
                                  8.03   slack (MET)


Startpoint: _1317_ (rising edge-triggered flip-flop clocked by clk)
Endpoint: _1328_ (rising edge-triggered flip-flop clocked by clk)
Path Group: clk
Path Type: max

Fanout     Cap    Slew   Delay    Time   Description
-----------------------------------------------------------------------------
                  0.15    0.00    0.00   clock clk (rise edge)
                          0.00    0.00   clock network delay (ideal)
                  0.15    0.00    0.00 ^ _1317_/CLK (sky130_fd_sc_hd__dfrtp_2)
                  0.09    0.51    0.51 v _1317_/Q (sky130_fd_sc_hd__dfrtp_2)
     4    0.02                           u_pattern_gen.state_r[0] (net)
                  0.09    0.00    0.51 v _0862_/A (sky130_fd_sc_hd__xor2_2)
                  0.20    0.24    0.75 ^ _0862_/X (sky130_fd_sc_hd__xor2_2)
     4    0.01                           _0307_ (net)
                  0.20    0.00    0.75 ^ _0906_/A (sky130_fd_sc_hd__buf_1)
                  0.45    0.41    1.17 ^ _0906_/X (sky130_fd_sc_hd__buf_1)
    10    0.04                           _0342_ (net)
                  0.45    0.00    1.17 ^ _0688_/A2 (sky130_fd_sc_hd__a21oi_2)
                  0.07    0.10    1.27 v _0688_/Y (sky130_fd_sc_hd__a21oi_2)
     1    0.00                           _0579_ (net)
                  0.07    0.00    1.27 v _0689_/A1 (sky130_fd_sc_hd__mux2_2)
                  0.05    0.28    1.54 v _0689_/X (sky130_fd_sc_hd__mux2_2)
     1    0.00                           _0580_ (net)
                  0.05    0.00    1.54 v _0690_/A (sky130_fd_sc_hd__buf_1)
                  0.03    0.09    1.63 v _0690_/X (sky130_fd_sc_hd__buf_1)
     1    0.00                           _0147_ (net)
                  0.03    0.00    1.63 v _1328_/D (sky130_fd_sc_hd__dfstp_2)
                                  1.63   data arrival time

                  0.15   10.00   10.00   clock clk (rise edge)
                          0.00   10.00   clock network delay (ideal)
                         -0.25    9.75   clock uncertainty
                          0.00    9.75   clock reconvergence pessimism
                                  9.75 ^ _1328_/CLK (sky130_fd_sc_hd__dfstp_2)
                         -0.04    9.71   library setup time
                                  9.71   data required time
-----------------------------------------------------------------------------
                                  9.71   data required time
                                 -1.63   data arrival time
-----------------------------------------------------------------------------
                                  8.08   slack (MET)


Startpoint: _1175_ (rising edge-triggered flip-flop clocked by clk)
Endpoint: _1173_ (rising edge-triggered flip-flop clocked by clk)
Path Group: clk
Path Type: max

Fanout     Cap    Slew   Delay    Time   Description
-----------------------------------------------------------------------------
                  0.15    0.00    0.00   clock clk (rise edge)
                          0.00    0.00   clock network delay (ideal)
                  0.15    0.00    0.00 ^ _1175_/CLK (sky130_fd_sc_hd__dfrtp_2)
                  0.11    0.46    0.46 ^ _1175_/Q (sky130_fd_sc_hd__dfrtp_2)
     8    0.02                           u_addr_gen.addr[2] (net)
                  0.11    0.00    0.46 ^ _0857_/D (sky130_fd_sc_hd__and4_2)
                  0.09    0.28    0.75 ^ _0857_/X (sky130_fd_sc_hd__and4_2)
     3    0.01                           _0304_ (net)
                  0.09    0.00    0.75 ^ _0881_/B (sky130_fd_sc_hd__nand2_2)
                  0.05    0.07    0.82 v _0881_/Y (sky130_fd_sc_hd__nand2_2)
     3    0.01                           _0324_ (net)
                  0.05    0.00    0.82 v _0882_/A2 (sky130_fd_sc_hd__o21a_2)
                  0.03    0.20    1.01 v _0882_/X (sky130_fd_sc_hd__o21a_2)
     1    0.00                           _0325_ (net)
                  0.03    0.00    1.01 v _0883_/A2 (sky130_fd_sc_hd__o21ba_2)
                  0.08    0.25    1.27 v _0883_/X (sky130_fd_sc_hd__o21ba_2)
     7    0.02                           _0326_ (net)
                  0.08    0.00    1.27 v _0885_/A2 (sky130_fd_sc_hd__o21a_2)
                  0.03    0.21    1.47 v _0885_/X (sky130_fd_sc_hd__o21a_2)
     1    0.00                           _0008_ (net)
                  0.03    0.00    1.47 v _1173_/D (sky130_fd_sc_hd__dfrtp_2)
                                  1.47   data arrival time

                  0.15   10.00   10.00   clock clk (rise edge)
                          0.00   10.00   clock network delay (ideal)
                         -0.25    9.75   clock uncertainty
                          0.00    9.75   clock reconvergence pessimism
                                  9.75 ^ _1173_/CLK (sky130_fd_sc_hd__dfrtp_2)
                         -0.09    9.66   library setup time
                                  9.66   data required time
-----------------------------------------------------------------------------
                                  9.66   data required time
                                 -1.47   data arrival time
-----------------------------------------------------------------------------
                                  8.19   slack (MET)


Startpoint: _1326_ (rising edge-triggered flip-flop clocked by clk)
Endpoint: _1318_ (rising edge-triggered flip-flop clocked by clk)
Path Group: clk
Path Type: max

Fanout     Cap    Slew   Delay    Time   Description
-----------------------------------------------------------------------------
                  0.15    0.00    0.00   clock clk (rise edge)
                          0.00    0.00   clock network delay (ideal)
                  0.15    0.00    0.00 ^ _1326_/CLK (sky130_fd_sc_hd__dfrtp_2)
                  0.08    0.50    0.50 v _1326_/Q (sky130_fd_sc_hd__dfrtp_2)
    10    0.02                           u_fsm.state[2] (net)
                  0.08    0.00    0.50 v _0700_/A (sky130_fd_sc_hd__or3b_2)
                  0.12    0.56    1.06 v _0700_/X (sky130_fd_sc_hd__or3b_2)
     3    0.02                           _0155_ (net)
                  0.12    0.00    1.06 v _0675_/S (sky130_fd_sc_hd__mux2_2)
                  0.05    0.30    1.36 v _0675_/X (sky130_fd_sc_hd__mux2_2)
     1    0.00                           _0570_ (net)
                  0.05    0.00    1.36 v _0676_/A (sky130_fd_sc_hd__buf_1)
                  0.02    0.09    1.45 v _0676_/X (sky130_fd_sc_hd__buf_1)
     1    0.00                           _0143_ (net)
                  0.02    0.00    1.45 v _1318_/D (sky130_fd_sc_hd__dfrtp_2)
                                  1.45   data arrival time

                  0.15   10.00   10.00   clock clk (rise edge)
                          0.00   10.00   clock network delay (ideal)
                         -0.25    9.75   clock uncertainty
                          0.00    9.75   clock reconvergence pessimism
                                  9.75 ^ _1318_/CLK (sky130_fd_sc_hd__dfrtp_2)
                         -0.08    9.67   library setup time
                                  9.67   data required time
-----------------------------------------------------------------------------
                                  9.67   data required time
                                 -1.45   data arrival time
-----------------------------------------------------------------------------
                                  8.22   slack (MET)


Startpoint: _1317_ (rising edge-triggered flip-flop clocked by clk)
Endpoint: _1317_ (rising edge-triggered flip-flop clocked by clk)
Path Group: clk
Path Type: max

Fanout     Cap    Slew   Delay    Time   Description
-----------------------------------------------------------------------------
                  0.15    0.00    0.00   clock clk (rise edge)
                          0.00    0.00   clock network delay (ideal)
                  0.15    0.00    0.00 ^ _1317_/CLK (sky130_fd_sc_hd__dfrtp_2)
                  0.14    0.48    0.48 ^ _1317_/Q (sky130_fd_sc_hd__dfrtp_2)
     4    0.03                           u_pattern_gen.state_r[0] (net)
                  0.14    0.00    0.48 ^ _0915_/A (sky130_fd_sc_hd__buf_1)
                  0.39    0.36    0.84 ^ _0915_/X (sky130_fd_sc_hd__buf_1)
    10    0.03                           _0350_ (net)
                  0.39    0.00    0.84 ^ _0916_/A (sky130_fd_sc_hd__buf_1)
                  0.44    0.43    1.28 ^ _0916_/X (sky130_fd_sc_hd__buf_1)
    10    0.04                           _0351_ (net)
                  0.44    0.00    1.28 ^ _0674_/A (sky130_fd_sc_hd__xnor2_2)
                  0.10    0.17    1.44 ^ _0674_/Y (sky130_fd_sc_hd__xnor2_2)
     1    0.00                           _0142_ (net)
                  0.10    0.00    1.44 ^ _1317_/D (sky130_fd_sc_hd__dfrtp_2)
                                  1.44   data arrival time

                  0.15   10.00   10.00   clock clk (rise edge)
                          0.00   10.00   clock network delay (ideal)
                         -0.25    9.75   clock uncertainty
                          0.00    9.75   clock reconvergence pessimism
                                  9.75 ^ _1317_/CLK (sky130_fd_sc_hd__dfrtp_2)
                         -0.06    9.69   library setup time
                                  9.69   data required time
-----------------------------------------------------------------------------
                                  9.69   data required time
                                 -1.44   data arrival time
-----------------------------------------------------------------------------
                                  8.25   slack (MET)


Startpoint: _1325_ (rising edge-triggered flip-flop clocked by clk)
Endpoint: _1320_ (rising edge-triggered flip-flop clocked by clk)
Path Group: clk
Path Type: max

Fanout     Cap    Slew   Delay    Time   Description
-----------------------------------------------------------------------------
                  0.15    0.00    0.00   clock clk (rise edge)
                          0.00    0.00   clock network delay (ideal)
                  0.15    0.00    0.00 ^ _1325_/CLK (sky130_fd_sc_hd__dfrtp_2)
                  0.07    0.48    0.48 v _1325_/Q (sky130_fd_sc_hd__dfrtp_2)
     5    0.01                           u_fsm.state[1] (net)
                  0.07    0.00    0.48 v _0693_/A (sky130_fd_sc_hd__inv_2)
                  0.05    0.07    0.55 ^ _0693_/Y (sky130_fd_sc_hd__inv_2)
     3    0.01                           _0150_ (net)
                  0.05    0.00    0.55 ^ _0694_/C (sky130_fd_sc_hd__and3_2)
                  0.08    0.22    0.77 ^ _0694_/X (sky130_fd_sc_hd__and3_2)
     4    0.01                           _0151_ (net)
                  0.08    0.00    0.77 ^ _0858_/C (sky130_fd_sc_hd__and4_2)
                  0.07    0.25    1.02 ^ _0858_/X (sky130_fd_sc_hd__and4_2)
     2    0.01                           _0305_ (net)
                  0.07    0.00    1.02 ^ _0677_/A2 (sky130_fd_sc_hd__o21ai_2)
                  0.03    0.05    1.07 v _0677_/Y (sky130_fd_sc_hd__o21ai_2)
     1    0.00                           _0571_ (net)
                  0.03    0.00    1.07 v _0678_/B1 (sky130_fd_sc_hd__a22o_2)
                  0.04    0.20    1.28 v _0678_/X (sky130_fd_sc_hd__a22o_2)
     1    0.00                           _0144_ (net)
                  0.04    0.00    1.28 v _1320_/D (sky130_fd_sc_hd__dfrtp_2)
                                  1.28   data arrival time

                  0.15   10.00   10.00   clock clk (rise edge)
                          0.00   10.00   clock network delay (ideal)
                         -0.25    9.75   clock uncertainty
                          0.00    9.75   clock reconvergence pessimism
                                  9.75 ^ _1320_/CLK (sky130_fd_sc_hd__dfrtp_2)
                         -0.09    9.66   library setup time
                                  9.66   data required time
-----------------------------------------------------------------------------
                                  9.66   data required time
                                 -1.28   data arrival time
-----------------------------------------------------------------------------
                                  8.38   slack (MET)


Startpoint: _1175_ (rising edge-triggered flip-flop clocked by clk)
Endpoint: _1179_ (rising edge-triggered flip-flop clocked by clk)
Path Group: clk
Path Type: max

Fanout     Cap    Slew   Delay    Time   Description
-----------------------------------------------------------------------------
                  0.15    0.00    0.00   clock clk (rise edge)
                          0.00    0.00   clock network delay (ideal)
                  0.15    0.00    0.00 ^ _1175_/CLK (sky130_fd_sc_hd__dfrtp_2)
                  0.08    0.49    0.49 v _1175_/Q (sky130_fd_sc_hd__dfrtp_2)
     8    0.02                           u_addr_gen.addr[2] (net)
                  0.08    0.00    0.49 v _0857_/D (sky130_fd_sc_hd__and4_2)
                  0.06    0.28    0.78 v _0857_/X (sky130_fd_sc_hd__and4_2)
     3    0.01                           _0304_ (net)
                  0.06    0.00    0.78 v _0858_/D (sky130_fd_sc_hd__and4_2)
                  0.05    0.26    1.03 v _0858_/X (sky130_fd_sc_hd__and4_2)
     2    0.01                           _0305_ (net)
                  0.05    0.00    1.03 v _0859_/B1 (sky130_fd_sc_hd__a32o_2)
                  0.04    0.22    1.26 v _0859_/X (sky130_fd_sc_hd__a32o_2)
     1    0.00                           _0581_ (net)
                  0.04    0.00    1.26 v _1179_/D (sky130_fd_sc_hd__dfrtp_2)
                                  1.26   data arrival time

                  0.15   10.00   10.00   clock clk (rise edge)
                          0.00   10.00   clock network delay (ideal)
                         -0.25    9.75   clock uncertainty
                          0.00    9.75   clock reconvergence pessimism
                                  9.75 ^ _1179_/CLK (sky130_fd_sc_hd__dfrtp_2)
                         -0.09    9.66   library setup time
                                  9.66   data required time
-----------------------------------------------------------------------------
                                  9.66   data required time
                                 -1.26   data arrival time
-----------------------------------------------------------------------------
                                  8.41   slack (MET)


Startpoint: _1324_ (rising edge-triggered flip-flop clocked by clk)
Endpoint: _1314_ (rising edge-triggered flip-flop clocked by clk)
Path Group: clk
Path Type: max

Fanout     Cap    Slew   Delay    Time   Description
-----------------------------------------------------------------------------
                  0.15    0.00    0.00   clock clk (rise edge)
                          0.00    0.00   clock network delay (ideal)
                  0.15    0.00    0.00 ^ _1324_/CLK (sky130_fd_sc_hd__dfrtp_2)
                  0.07    0.49    0.49 v _1324_/Q (sky130_fd_sc_hd__dfrtp_2)
     7    0.02                           u_fsm.state[0] (net)
                  0.07    0.00    0.49 v _0691_/B (sky130_fd_sc_hd__and3b_2)
                  0.04    0.22    0.71 v _0691_/X (sky130_fd_sc_hd__and3b_2)
     2    0.00                           _0148_ (net)
                  0.04    0.00    0.71 v _0712_/B (sky130_fd_sc_hd__and2_2)
                  0.04    0.19    0.90 v _0712_/X (sky130_fd_sc_hd__and2_2)
     1    0.00                           _0162_ (net)
                  0.04    0.00    0.90 v _0713_/A (sky130_fd_sc_hd__buf_1)
                  0.03    0.09    0.98 v _0713_/X (sky130_fd_sc_hd__buf_1)
     1    0.00                           u_sram.read_req (net)
                  0.03    0.00    0.98 v _1314_/D (sky130_fd_sc_hd__dfrtp_2)
                                  0.98   data arrival time

                  0.15   10.00   10.00   clock clk (rise edge)
                          0.00   10.00   clock network delay (ideal)
                         -0.25    9.75   clock uncertainty
                          0.00    9.75   clock reconvergence pessimism
                                  9.75 ^ _1314_/CLK (sky130_fd_sc_hd__dfrtp_2)
                         -0.08    9.67   library setup time
                                  9.67   data required time
-----------------------------------------------------------------------------
                                  9.67   data required time
                                 -0.98   data arrival time
-----------------------------------------------------------------------------
                                  8.68   slack (MET)


Startpoint: _1324_ (rising edge-triggered flip-flop clocked by clk)
Endpoint: _1321_ (rising edge-triggered flip-flop clocked by clk)
Path Group: clk
Path Type: max

Fanout     Cap    Slew   Delay    Time   Description
-----------------------------------------------------------------------------
                  0.15    0.00    0.00   clock clk (rise edge)
                          0.00    0.00   clock network delay (ideal)
                  0.15    0.00    0.00 ^ _1324_/CLK (sky130_fd_sc_hd__dfrtp_2)
                  0.07    0.49    0.49 v _1324_/Q (sky130_fd_sc_hd__dfrtp_2)
     7    0.02                           u_fsm.state[0] (net)
                  0.07    0.00    0.49 v _0692_/A (sky130_fd_sc_hd__nor2_2)
                  0.12    0.16    0.65 ^ _0692_/Y (sky130_fd_sc_hd__nor2_2)
     4    0.01                           _0149_ (net)
                  0.12    0.00    0.65 ^ _0710_/C (sky130_fd_sc_hd__and3_2)
                  0.04    0.19    0.84 ^ _0710_/X (sky130_fd_sc_hd__and3_2)
     1    0.00                           _0161_ (net)
                  0.04    0.00    0.84 ^ _0711_/A (sky130_fd_sc_hd__buf_1)
                  0.08    0.11    0.95 ^ _0711_/X (sky130_fd_sc_hd__buf_1)
     2    0.01                           u_comparator.enable (net)
                  0.08    0.00    0.95 ^ _1321_/D (sky130_fd_sc_hd__dfrtp_2)
                                  0.95   data arrival time

                  0.15   10.00   10.00   clock clk (rise edge)
                          0.00   10.00   clock network delay (ideal)
                         -0.25    9.75   clock uncertainty
                          0.00    9.75   clock reconvergence pessimism
                                  9.75 ^ _1321_/CLK (sky130_fd_sc_hd__dfrtp_2)
                         -0.06    9.69   library setup time
                                  9.69   data required time
-----------------------------------------------------------------------------
                                  9.69   data required time
                                 -0.95   data arrival time
-----------------------------------------------------------------------------
                                  8.74   slack (MET)


Startpoint: _1172_ (rising edge-triggered flip-flop clocked by clk)
Endpoint: _1172_ (rising edge-triggered flip-flop clocked by clk)
Path Group: clk
Path Type: max

Fanout     Cap    Slew   Delay    Time   Description
-----------------------------------------------------------------------------
                  0.15    0.00    0.00   clock clk (rise edge)
                          0.00    0.00   clock network delay (ideal)
                  0.15    0.00    0.00 ^ _1172_/CLK (sky130_fd_sc_hd__dfrtp_2)
                  0.06    0.48    0.48 v _1172_/Q (sky130_fd_sc_hd__dfrtp_2)
     5    0.01                           u_addr_gen.state[1] (net)
                  0.06    0.00    0.48 v _0703_/A (sky130_fd_sc_hd__or2_2)
                  0.05    0.30    0.78 v _0703_/X (sky130_fd_sc_hd__or2_2)
     1    0.00                           _0157_ (net)
                  0.05    0.00    0.78 v _0704_/A (sky130_fd_sc_hd__buf_1)
                  0.02    0.09    0.88 v _0704_/X (sky130_fd_sc_hd__buf_1)
     1    0.00                           _0001_ (net)
                  0.02    0.00    0.88 v _1172_/D (sky130_fd_sc_hd__dfrtp_2)
                                  0.88   data arrival time

                  0.15   10.00   10.00   clock clk (rise edge)
                          0.00   10.00   clock network delay (ideal)
                         -0.25    9.75   clock uncertainty
                          0.00    9.75   clock reconvergence pessimism
                                  9.75 ^ _1172_/CLK (sky130_fd_sc_hd__dfrtp_2)
                         -0.08    9.67   library setup time
                                  9.67   data required time
-----------------------------------------------------------------------------
                                  9.67   data required time
                                 -0.88   data arrival time
-----------------------------------------------------------------------------
                                  8.79   slack (MET)


Startpoint: _1171_ (rising edge-triggered flip-flop clocked by clk)
Endpoint: _1171_ (rising edge-triggered flip-flop clocked by clk)
Path Group: clk
Path Type: max

Fanout     Cap    Slew   Delay    Time   Description
-----------------------------------------------------------------------------
                  0.15    0.00    0.00   clock clk (rise edge)
                          0.00    0.00   clock network delay (ideal)
                  0.15    0.00    0.00 ^ _1171_/CLK (sky130_fd_sc_hd__dfstp_2)
                  0.06    0.59    0.59 ^ _1171_/Q (sky130_fd_sc_hd__dfstp_2)
     3    0.01                           u_addr_gen.state[0] (net)
                  0.06    0.00    0.59 ^ _0860_/B (sky130_fd_sc_hd__and2_2)
                  0.04    0.14    0.73 ^ _0860_/X (sky130_fd_sc_hd__and2_2)
     1    0.00                           _0306_ (net)
                  0.04    0.00    0.73 ^ _0861_/A (sky130_fd_sc_hd__buf_1)
                  0.10    0.12    0.85 ^ _0861_/X (sky130_fd_sc_hd__buf_1)
     3    0.01                           _0000_ (net)
                  0.10    0.00    0.85 ^ _1171_/D (sky130_fd_sc_hd__dfstp_2)
                                  0.85   data arrival time

                  0.15   10.00   10.00   clock clk (rise edge)
                          0.00   10.00   clock network delay (ideal)
                         -0.25    9.75   clock uncertainty
                          0.00    9.75   clock reconvergence pessimism
                                  9.75 ^ _1171_/CLK (sky130_fd_sc_hd__dfstp_2)
                         -0.05    9.70   library setup time
                                  9.70   data required time
-----------------------------------------------------------------------------
                                  9.70   data required time
                                 -0.85   data arrival time
-----------------------------------------------------------------------------
                                  8.85   slack (MET)


Startpoint: _1307_ (rising edge-triggered flip-flop clocked by clk)
Endpoint: _1307_ (rising edge-triggered flip-flop clocked by clk)
Path Group: clk
Path Type: max

Fanout     Cap    Slew   Delay    Time   Description
-----------------------------------------------------------------------------
                  0.15    0.00    0.00   clock clk (rise edge)
                          0.00    0.00   clock network delay (ideal)
                  0.15    0.00    0.00 ^ _1307_/CLK (sky130_fd_sc_hd__dfrtp_2)
                  0.05    0.45    0.45 v _1307_/Q (sky130_fd_sc_hd__dfrtp_2)
     2    0.01                           u_fsm.protocol_error (net)
                  0.05    0.00    0.45 v _0672_/A (sky130_fd_sc_hd__buf_1)
                  0.02    0.09    0.54 v _0672_/X (sky130_fd_sc_hd__buf_1)
     1    0.00                           _0569_ (net)
                  0.02    0.00    0.54 v _0673_/A (sky130_fd_sc_hd__buf_1)
                  0.02    0.08    0.62 v _0673_/X (sky130_fd_sc_hd__buf_1)
     1    0.00                           _0141_ (net)
                  0.02    0.00    0.62 v _1307_/D (sky130_fd_sc_hd__dfrtp_2)
                                  0.62   data arrival time

                  0.15   10.00   10.00   clock clk (rise edge)
                          0.00   10.00   clock network delay (ideal)
                         -0.25    9.75   clock uncertainty
                          0.00    9.75   clock reconvergence pessimism
                                  9.75 ^ _1307_/CLK (sky130_fd_sc_hd__dfrtp_2)
                         -0.08    9.67   library setup time
                                  9.67   data required time
-----------------------------------------------------------------------------
                                  9.67   data required time
                                 -0.62   data arrival time
-----------------------------------------------------------------------------
                                  9.05   slack (MET)


Startpoint: _1178_ (rising edge-triggered flip-flop clocked by clk)
Endpoint: _1313_ (rising edge-triggered flip-flop clocked by clk)
Path Group: clk
Path Type: max

Fanout     Cap    Slew   Delay    Time   Description
-----------------------------------------------------------------------------
                  0.15    0.00    0.00   clock clk (rise edge)
                          0.00    0.00   clock network delay (ideal)
                  0.15    0.00    0.00 ^ _1178_/CLK (sky130_fd_sc_hd__dfrtp_2)
                  0.10    0.51    0.51 v _1178_/Q (sky130_fd_sc_hd__dfrtp_2)
     9    0.03                           u_addr_gen.addr[5] (net)
                  0.10    0.00    0.51 v _1313_/D (sky130_fd_sc_hd__dfrtp_2)
                                  0.51   data arrival time

                  0.15   10.00   10.00   clock clk (rise edge)
                          0.00   10.00   clock network delay (ideal)
                         -0.25    9.75   clock uncertainty
                          0.00    9.75   clock reconvergence pessimism
                                  9.75 ^ _1313_/CLK (sky130_fd_sc_hd__dfrtp_2)
                         -0.11    9.64   library setup time
                                  9.64   data required time
-----------------------------------------------------------------------------
                                  9.64   data required time
                                 -0.51   data arrival time
-----------------------------------------------------------------------------
                                  9.12   slack (MET)


Startpoint: _1177_ (rising edge-triggered flip-flop clocked by clk)
Endpoint: _1312_ (rising edge-triggered flip-flop clocked by clk)
Path Group: clk
Path Type: max

Fanout     Cap    Slew   Delay    Time   Description
-----------------------------------------------------------------------------
                  0.15    0.00    0.00   clock clk (rise edge)
                          0.00    0.00   clock network delay (ideal)
                  0.15    0.00    0.00 ^ _1177_/CLK (sky130_fd_sc_hd__dfrtp_2)
                  0.09    0.51    0.51 v _1177_/Q (sky130_fd_sc_hd__dfrtp_2)
     8    0.03                           u_addr_gen.addr[4] (net)
                  0.09    0.00    0.51 v _1312_/D (sky130_fd_sc_hd__dfrtp_2)
                                  0.51   data arrival time

                  0.15   10.00   10.00   clock clk (rise edge)
                          0.00   10.00   clock network delay (ideal)
                         -0.25    9.75   clock uncertainty
                          0.00    9.75   clock reconvergence pessimism
                                  9.75 ^ _1312_/CLK (sky130_fd_sc_hd__dfrtp_2)
                         -0.11    9.64   library setup time
                                  9.64   data required time
-----------------------------------------------------------------------------
                                  9.64   data required time
                                 -0.51   data arrival time
-----------------------------------------------------------------------------
                                  9.13   slack (MET)


Startpoint: _1175_ (rising edge-triggered flip-flop clocked by clk)
Endpoint: _1310_ (rising edge-triggered flip-flop clocked by clk)
Path Group: clk
Path Type: max

Fanout     Cap    Slew   Delay    Time   Description
-----------------------------------------------------------------------------
                  0.15    0.00    0.00   clock clk (rise edge)
                          0.00    0.00   clock network delay (ideal)
                  0.15    0.00    0.00 ^ _1175_/CLK (sky130_fd_sc_hd__dfrtp_2)
                  0.08    0.49    0.49 v _1175_/Q (sky130_fd_sc_hd__dfrtp_2)
     8    0.02                           u_addr_gen.addr[2] (net)
                  0.08    0.00    0.49 v _1310_/D (sky130_fd_sc_hd__dfrtp_2)
                                  0.49   data arrival time

                  0.15   10.00   10.00   clock clk (rise edge)
                          0.00   10.00   clock network delay (ideal)
                         -0.25    9.75   clock uncertainty
                          0.00    9.75   clock reconvergence pessimism
                                  9.75 ^ _1310_/CLK (sky130_fd_sc_hd__dfrtp_2)
                         -0.11    9.64   library setup time
                                  9.64   data required time
-----------------------------------------------------------------------------
                                  9.64   data required time
                                 -0.49   data arrival time
-----------------------------------------------------------------------------
                                  9.15   slack (MET)


Startpoint: _1176_ (rising edge-triggered flip-flop clocked by clk)
Endpoint: _1311_ (rising edge-triggered flip-flop clocked by clk)
Path Group: clk
Path Type: max

Fanout     Cap    Slew   Delay    Time   Description
-----------------------------------------------------------------------------
                  0.15    0.00    0.00   clock clk (rise edge)
                          0.00    0.00   clock network delay (ideal)
                  0.15    0.00    0.00 ^ _1176_/CLK (sky130_fd_sc_hd__dfrtp_2)
                  0.08    0.49    0.49 v _1176_/Q (sky130_fd_sc_hd__dfrtp_2)
     8    0.02                           u_addr_gen.addr[3] (net)
                  0.08    0.00    0.49 v _1311_/D (sky130_fd_sc_hd__dfrtp_2)
                                  0.49   data arrival time

                  0.15   10.00   10.00   clock clk (rise edge)
                          0.00   10.00   clock network delay (ideal)
                         -0.25    9.75   clock uncertainty
                          0.00    9.75   clock reconvergence pessimism
                                  9.75 ^ _1311_/CLK (sky130_fd_sc_hd__dfrtp_2)
                         -0.10    9.65   library setup time
                                  9.65   data required time
-----------------------------------------------------------------------------
                                  9.65   data required time
                                 -0.49   data arrival time
-----------------------------------------------------------------------------
                                  9.15   slack (MET)


Startpoint: _1173_ (rising edge-triggered flip-flop clocked by clk)
Endpoint: _1308_ (rising edge-triggered flip-flop clocked by clk)
Path Group: clk
Path Type: max

Fanout     Cap    Slew   Delay    Time   Description
-----------------------------------------------------------------------------
                  0.15    0.00    0.00   clock clk (rise edge)
                          0.00    0.00   clock network delay (ideal)
                  0.15    0.00    0.00 ^ _1173_/CLK (sky130_fd_sc_hd__dfrtp_2)
                  0.06    0.47    0.47 v _1173_/Q (sky130_fd_sc_hd__dfrtp_2)
     4    0.01                           u_addr_gen.addr[0] (net)
                  0.06    0.00    0.47 v _1308_/D (sky130_fd_sc_hd__dfrtp_2)
                                  0.47   data arrival time

                  0.15   10.00   10.00   clock clk (rise edge)
                          0.00   10.00   clock network delay (ideal)
                         -0.25    9.75   clock uncertainty
                          0.00    9.75   clock reconvergence pessimism
                                  9.75 ^ _1308_/CLK (sky130_fd_sc_hd__dfrtp_2)
                         -0.10    9.65   library setup time
                                  9.65   data required time
-----------------------------------------------------------------------------
                                  9.65   data required time
                                 -0.47   data arrival time
-----------------------------------------------------------------------------
                                  9.19   slack (MET)


Startpoint: _1314_ (rising edge-triggered flip-flop clocked by clk)
Endpoint: _1319_ (rising edge-triggered flip-flop clocked by clk)
Path Group: clk
Path Type: max

Fanout     Cap    Slew   Delay    Time   Description
-----------------------------------------------------------------------------
                  0.15    0.00    0.00   clock clk (rise edge)
                          0.00    0.00   clock network delay (ideal)
                  0.15    0.00    0.00 ^ _1314_/CLK (sky130_fd_sc_hd__dfrtp_2)
                  0.06    0.46    0.46 v _1314_/Q (sky130_fd_sc_hd__dfrtp_2)
     3    0.01                           u_sram.re_r (net)
                  0.06    0.00    0.46 v _1319_/D (sky130_fd_sc_hd__dfrtp_2)
                                  0.46   data arrival time

                  0.15   10.00   10.00   clock clk (rise edge)
                          0.00   10.00   clock network delay (ideal)
                         -0.25    9.75   clock uncertainty
                          0.00    9.75   clock reconvergence pessimism
                                  9.75 ^ _1319_/CLK (sky130_fd_sc_hd__dfrtp_2)
                         -0.10    9.65   library setup time
                                  9.65   data required time
-----------------------------------------------------------------------------
                                  9.65   data required time
                                 -0.46   data arrival time
-----------------------------------------------------------------------------
                                  9.19   slack (MET)


Startpoint: _1174_ (rising edge-triggered flip-flop clocked by clk)
Endpoint: _1309_ (rising edge-triggered flip-flop clocked by clk)
Path Group: clk
Path Type: max

Fanout     Cap    Slew   Delay    Time   Description
-----------------------------------------------------------------------------
                  0.15    0.00    0.00   clock clk (rise edge)
                          0.00    0.00   clock network delay (ideal)
                  0.15    0.00    0.00 ^ _1174_/CLK (sky130_fd_sc_hd__dfrtp_2)
                  0.05    0.45    0.45 v _1174_/Q (sky130_fd_sc_hd__dfrtp_2)
     3    0.01                           u_addr_gen.addr[1] (net)
                  0.05    0.00    0.45 v _1309_/D (sky130_fd_sc_hd__dfrtp_2)
                                  0.45   data arrival time

                  0.15   10.00   10.00   clock clk (rise edge)
                          0.00   10.00   clock network delay (ideal)
                         -0.25    9.75   clock uncertainty
                          0.00    9.75   clock reconvergence pessimism
                                  9.75 ^ _1309_/CLK (sky130_fd_sc_hd__dfrtp_2)
                         -0.09    9.66   library setup time
                                  9.66   data required time
-----------------------------------------------------------------------------
                                  9.66   data required time
                                 -0.45   data arrival time
-----------------------------------------------------------------------------
                                  9.20   slack (MET)



max_report_end
checks_report

===========================================================================
report_checks -unconstrained
===========================================================================
======================= Typical Corner ===================================

Startpoint: rst_n (input port clocked by clk)
Endpoint: _1307_ (recovery check against rising-edge clock clk)
Path Group: asynchronous
Path Type: max

Fanout     Cap    Slew   Delay    Time   Description
-----------------------------------------------------------------------------
                  0.15    0.00    0.00   clock clk (rise edge)
                          0.00    0.00   clock network delay (ideal)
                          2.00    2.00 ^ input external delay
                  0.72    0.53    2.53 ^ rst_n (in)
    37    0.16                           rst_n (net)
                  0.73    0.00    2.53 ^ _1307_/RESET_B (sky130_fd_sc_hd__dfrtp_2)
                                  2.53   data arrival time

                  0.15   10.00   10.00   clock clk (rise edge)
                          0.00   10.00   clock network delay (ideal)
                         -0.25    9.75   clock uncertainty
                          0.00    9.75   clock reconvergence pessimism
                                  9.75 ^ _1307_/CLK (sky130_fd_sc_hd__dfrtp_2)
                          0.04    9.79   library recovery time
                                  9.79   data required time
-----------------------------------------------------------------------------
                                  9.79   data required time
                                 -2.53   data arrival time
-----------------------------------------------------------------------------
                                  7.26   slack (MET)


Startpoint: rst_n (input port clocked by clk)
Endpoint: _1275_ (rising edge-triggered flip-flop clocked by clk)
Path Group: clk
Path Type: max

Fanout     Cap    Slew   Delay    Time   Description
-----------------------------------------------------------------------------
                  0.15    0.00    0.00   clock clk (rise edge)
                          0.00    0.00   clock network delay (ideal)
                          2.00    2.00 ^ input external delay
                  0.72    0.53    2.53 ^ rst_n (in)
    37    0.16                           rst_n (net)
                  0.73    0.00    2.53 ^ _0590_/C_N (sky130_fd_sc_hd__or3b_2)
                  0.13    0.61    3.14 v _0590_/X (sky130_fd_sc_hd__or3b_2)
     8    0.02                           _0519_ (net)
                  0.13    0.00    3.14 v _0591_/B (sky130_fd_sc_hd__or2_2)
                  0.11    0.40    3.53 v _0591_/X (sky130_fd_sc_hd__or2_2)
     9    0.03                           _0520_ (net)
                  0.11    0.00    3.54 v _0592_/B (sky130_fd_sc_hd__or2_2)
                  0.07    0.33    3.86 v _0592_/X (sky130_fd_sc_hd__or2_2)
     2    0.01                           _0521_ (net)
                  0.07    0.00    3.86 v _0593_/S (sky130_fd_sc_hd__mux2_2)
                  0.05    0.28    4.14 v _0593_/X (sky130_fd_sc_hd__mux2_2)
     1    0.00                           _0522_ (net)
                  0.05    0.00    4.14 v _0594_/A (sky130_fd_sc_hd__buf_1)
                  0.02    0.09    4.23 v _0594_/X (sky130_fd_sc_hd__buf_1)
     1    0.00                           _0109_ (net)
                  0.02    0.00    4.23 v _1275_/D (sky130_fd_sc_hd__dfxtp_2)
                                  4.23   data arrival time

                  0.15   10.00   10.00   clock clk (rise edge)
                          0.00   10.00   clock network delay (ideal)
                         -0.25    9.75   clock uncertainty
                          0.00    9.75   clock reconvergence pessimism
                                  9.75 ^ _1275_/CLK (sky130_fd_sc_hd__dfxtp_2)
                         -0.08    9.67   library setup time
                                  9.67   data required time
-----------------------------------------------------------------------------
                                  9.67   data required time
                                 -4.23   data arrival time
-----------------------------------------------------------------------------
                                  5.44   slack (MET)




===========================================================================
report_checks --slack_max -0.01
============================================================================
======================= Typical Corner ===================================

No paths found.


===========================================================================
 report_check_types -max_slew -max_cap -max_fanout -violators
============================================================================
======================= Typical Corner ===================================

max slew

Pin                                    Limit    Slew   Slack
------------------------------------------------------------
_0766_/A2                               0.75    0.91   -0.16 (VIOLATED)
_0845_/B1                               0.75    0.91   -0.16 (VIOLATED)
_0837_/A2                               0.75    0.91   -0.16 (VIOLATED)
_0756_/A2                               0.75    0.91   -0.16 (VIOLATED)
_0749_/A2                               0.75    0.91   -0.16 (VIOLATED)
_0811_/A2                               0.75    0.91   -0.16 (VIOLATED)
_0728_/Y                                0.75    0.91   -0.16 (VIOLATED)
_0732_/B1                               0.75    0.91   -0.16 (VIOLATED)
_0801_/B1                               0.75    0.91   -0.16 (VIOLATED)
_0839_/A2                               0.75    0.82   -0.07 (VIOLATED)
_0771_/A2                               0.75    0.82   -0.07 (VIOLATED)
_0847_/A2                               0.75    0.82   -0.07 (VIOLATED)
_0795_/A2                               0.75    0.82   -0.07 (VIOLATED)
_0746_/B                                0.75    0.82   -0.07 (VIOLATED)
_0808_/B                                0.75    0.82   -0.07 (VIOLATED)
_0725_/Y                                0.75    0.82   -0.07 (VIOLATED)
_0727_/A2                               0.75    0.82   -0.07 (VIOLATED)
_0802_/A2                               0.75    0.82   -0.07 (VIOLATED)

max fanout

Pin                                   Limit Fanout  Slack
---------------------------------------------------------
rst_n                                    10     37    -27 (VIOLATED)



===========================================================================
report_parasitic_annotation -report_unannotated
============================================================================
Found 751 unannotated drivers.
 clk
 rst_n
 start
 _0582_/X
 _0583_/X
 _0584_/X
 _0585_/X
 _0586_/X
 _0587_/X
 _0588_/X
 _0589_/X
 _0590_/X
 _0591_/X
 _0592_/X
 _0593_/X
 _0594_/X
 _0595_/X
 _0596_/X
 _0597_/X
 _0598_/X
 _0599_/X
 _0600_/X
 _0601_/X
 _0602_/X
 _0603_/X
 _0604_/X
 _0605_/X
 _0606_/X
 _0607_/X
 _0608_/X
 _0609_/X
 _0610_/X
 _0611_/X
 _0612_/Y
 _0613_/X
 _0614_/X
 _0615_/X
 _0616_/X
 _0617_/X
 _0618_/X
 _0619_/X
 _0620_/X
 _0621_/X
 _0622_/X
 _0623_/X
 _0624_/X
 _0625_/X
 _0626_/X
 _0627_/X
 _0628_/X
 _0629_/X
 _0630_/X
 _0631_/X
 _0632_/Y
 _0633_/X
 _0634_/X
 _0635_/X
 _0636_/X
 _0637_/X
 _0638_/X
 _0639_/X
 _0640_/X
 _0641_/X
 _0642_/X
 _0643_/X
 _0644_/X
 _0645_/X
 _0646_/X
 _0647_/X
 _0648_/X
 _0649_/X
 _0650_/X
 _0651_/X
 _0652_/X
 _0653_/X
 _0654_/X
 _0655_/X
 _0656_/X
 _0657_/X
 _0658_/X
 _0659_/X
 _0660_/X
 _0661_/X
 _0662_/X
 _0663_/X
 _0664_/X
 _0665_/X
 _0666_/X
 _0667_/X
 _0668_/X
 _0669_/X
 _0670_/X
 _0671_/X
 _0672_/X
 _0673_/X
 _0674_/Y
 _0675_/X
 _0676_/X
 _0677_/Y
 _0678_/X
 _0679_/Y
 _0680_/Y
 _0681_/X
 _0682_/Y
 _0683_/X
 _0684_/X
 _0685_/Y
 _0686_/Y
 _0687_/Y
 _0688_/Y
 _0689_/X
 _0690_/X
 _0691_/X
 _0692_/Y
 _0693_/Y
 _0694_/X
 _0695_/X
 _0696_/X
 _0697_/X
 _0698_/X
 _0699_/Y
 _0700_/X
 _0701_/X
 _0702_/X
 _0703_/X
 _0704_/X
 _0705_/X
 _0706_/X
 _0707_/Y
 _0708_/X
 _0709_/X
 _0710_/X
 _0711_/X
 _0712_/X
 _0713_/X
 _0714_/X
 _0715_/Y
 _0716_/Y
 _0717_/X
 _0718_/Y
 _0719_/Y
 _0720_/X
 _0721_/X
 _0722_/X
 _0723_/X
 _0724_/X
 _0725_/Y
 _0726_/X
 _0727_/X
 _0728_/Y
 _0729_/Y
 _0730_/X
 _0731_/X
 _0732_/X
 _0733_/X
 _0734_/X
 _0735_/X
 _0736_/X
 _0737_/Y
 _0738_/X
 _0739_/X
 _0740_/X
 _0741_/X
 _0742_/X
 _0743_/X
 _0744_/X
 _0745_/X
 _0746_/X
 _0747_/X
 _0748_/X
 _0749_/X
 _0750_/X
 _0751_/X
 _0752_/X
 _0753_/X
 _0754_/X
 _0755_/X
 _0756_/X
 _0757_/X
 _0758_/X
 _0759_/X
 _0760_/X
 _0761_/X
 _0762_/X
 _0763_/X
 _0764_/X
 _0765_/X
 _0766_/X
 _0767_/X
 _0768_/X
 _0769_/X
 _0770_/X
 _0771_/X
 _0772_/X
 _0773_/X
 _0774_/X
 _0775_/X
 _0776_/X
 _0777_/X
 _0778_/X
 _0779_/X
 _0780_/X
 _0781_/X
 _0782_/X
 _0783_/X
 _0784_/X
 _0785_/X
 _0786_/X
 _0787_/X
 _0788_/X
 _0789_/X
 _0790_/X
 _0791_/X
 _0792_/X
 _0793_/X
 _0794_/X
 _0795_/X
 _0796_/X
 _0797_/X
 _0798_/X
 _0799_/X
 _0800_/X
 _0801_/X
 _0802_/X
 _0803_/X
 _0804_/X
 _0805_/X
 _0806_/X
 _0807_/X
 _0808_/X
 _0809_/X
 _0810_/X
 _0811_/X
 _0812_/X
 _0813_/X
 _0814_/X
 _0815_/X
 _0816_/X
 _0817_/X
 _0818_/X
 _0819_/X
 _0820_/X
 _0821_/X
 _0822_/X
 _0823_/X
 _0824_/X
 _0825_/X
 _0826_/X
 _0827_/X
 _0828_/X
 _0829_/X
 _0830_/X
 _0831_/X
 _0832_/X
 _0833_/X
 _0834_/X
 _0835_/X
 _0836_/X
 _0837_/X
 _0838_/X
 _0839_/X
 _0840_/X
 _0841_/X
 _0842_/X
 _0843_/X
 _0844_/X
 _0845_/X
 _0846_/X
 _0847_/X
 _0848_/X
 _0849_/X
 _0850_/X
 _0851_/X
 _0852_/X
 _0853_/X
 _0854_/X
 _0855_/Y
 _0856_/X
 _0857_/X
 _0858_/X
 _0859_/X
 _0860_/X
 _0861_/X
 _0862_/X
 _0863_/X
 _0864_/X
 _0865_/X
 _0866_/X
 _0867_/X
 _0868_/Y
 _0869_/Y
 _0870_/X
 _0871_/X
 _0872_/X
 _0873_/Y
 _0874_/X
 _0875_/X
 _0876_/X
 _0877_/X
 _0878_/X
 _0879_/Y
 _0880_/Y
 _0881_/Y
 _0882_/X
 _0883_/X
 _0884_/Y
 _0885_/X
 _0886_/X
 _0887_/X
 _0888_/Y
 _0889_/X
 _0890_/Y
 _0891_/X
 _0892_/X
 _0893_/X
 _0894_/X
 _0895_/Y
 _0896_/X
 _0897_/X
 _0898_/X
 _0899_/X
 _0900_/X
 _0901_/X
 _0902_/X
 _0903_/X
 _0904_/X
 _0905_/Y
 _0906_/X
 _0907_/X
 _0908_/X
 _0909_/Y
 _0910_/X
 _0911_/X
 _0912_/X
 _0913_/X
 _0914_/X
 _0915_/X
 _0916_/X
 _0917_/X
 _0918_/X
 _0919_/X
 _0920_/X
 _0921_/X
 _0922_/X
 _0923_/X
 _0924_/X
 _0925_/X
 _0926_/X
 _0927_/X
 _0928_/X
 _0929_/X
 _0930_/X
 _0931_/X
 _0932_/X
 _0933_/X
 _0934_/Y
 _0935_/X
 _0936_/X
 _0937_/X
 _0938_/X
 _0939_/X
 _0940_/X
 _0941_/Y
 _0942_/X
 _0943_/X
 _0944_/X
 _0945_/X
 _0946_/X
 _0947_/Y
 _0948_/X
 _0949_/X
 _0950_/X
 _0951_/X
 _0952_/X
 _0953_/X
 _0954_/X
 _0955_/X
 _0956_/X
 _0957_/X
 _0958_/Y
 _0959_/X
 _0960_/X
 _0961_/X
 _0962_/X
 _0963_/X
 _0964_/Y
 _0965_/X
 _0966_/X
 _0967_/X
 _0968_/X
 _0969_/X
 _0970_/Y
 _0971_/X
 _0972_/X
 _0973_/X
 _0974_/X
 _0975_/X
 _0976_/X
 _0977_/X
 _0978_/X
 _0979_/X
 _0980_/X
 _0981_/X
 _0982_/Y
 _0983_/X
 _0984_/X
 _0985_/X
 _0986_/X
 _0987_/X
 _0988_/X
 _0989_/X
 _0990_/X
 _0991_/X
 _0992_/X
 _0993_/X
 _0994_/X
 _0995_/X
 _0996_/X
 _0997_/X
 _0998_/X
 _0999_/X
 _1000_/X
 _1001_/X
 _1002_/X
 _1003_/X
 _1004_/X
 _1005_/Y
 _1006_/X
 _1007_/X
 _1008_/Y
 _1009_/X
 _1010_/X
 _1011_/X
 _1012_/X
 _1013_/X
 _1014_/X
 _1015_/X
 _1016_/X
 _1017_/X
 _1018_/X
 _1019_/X
 _1020_/X
 _1021_/X
 _1022_/X
 _1023_/X
 _1024_/X
 _1025_/X
 _1026_/X
 _1027_/X
 _1028_/X
 _1029_/X
 _1030_/Y
 _1031_/X
 _1032_/X
 _1033_/X
 _1034_/X
 _1035_/Y
 _1036_/X
 _1037_/X
 _1038_/X
 _1039_/X
 _1040_/X
 _1041_/Y
 _1042_/X
 _1043_/X
 _1044_/X
 _1045_/X
 _1046_/X
 _1047_/X
 _1048_/X
 _1049_/X
 _1050_/X
 _1051_/X
 _1052_/Y
 _1053_/X
 _1054_/X
 _1055_/X
 _1056_/X
 _1057_/Y
 _1058_/X
 _1059_/X
 _1060_/X
 _1061_/X
 _1062_/Y
 _1063_/X
 _1064_/X
 _1065_/X
 _1066_/X
 _1067_/X
 _1068_/X
 _1069_/X
 _1070_/X
 _1071_/X
 _1072_/Y
 _1073_/X
 _1074_/X
 _1075_/X
 _1076_/X
 _1077_/X
 _1078_/X
 _1079_/X
 _1080_/X
 _1081_/X
 _1082_/X
 _1083_/X
 _1084_/X
 _1085_/X
 _1086_/X
 _1087_/X
 _1088_/X
 _1089_/X
 _1090_/X
 _1091_/X
 _1092_/Y
 _1093_/X
 _1094_/X
 _1095_/Y
 _1096_/X
 _1097_/X
 _1098_/X
 _1099_/X
 _1100_/X
 _1101_/X
 _1102_/X
 _1103_/X
 _1104_/X
 _1105_/X
 _1106_/X
 _1107_/X
 _1108_/X
 _1109_/X
 _1110_/X
 _1111_/X
 _1112_/X
 _1113_/X
 _1114_/X
 _1115_/Y
 _1116_/X
 _1117_/X
 _1118_/X
 _1119_/X
 _1120_/Y
 _1121_/X
 _1122_/X
 _1123_/X
 _1124_/X
 _1125_/Y
 _1126_/X
 _1127_/X
 _1128_/X
 _1129_/X
 _1130_/X
 _1131_/X
 _1132_/X
 _1133_/X
 _1134_/X
 _1135_/X
 _1136_/Y
 _1137_/X
 _1138_/X
 _1139_/X
 _1140_/X
 _1141_/Y
 _1142_/X
 _1143_/X
 _1144_/X
 _1145_/X
 _1146_/Y
 _1147_/X
 _1148_/X
 _1149_/X
 _1150_/X
 _1151_/X
 _1152_/X
 _1153_/X
 _1154_/X
 _1155_/X
 _1156_/X
 _1157_/Y
 _1158_/X
 _1159_/X
 _1160_/X
 _1161_/X
 _1162_/X
 _1163_/X
 _1164_/X
 _1165_/X
 _1166_/X
 _1167_/X
 _1168_/X
 _1169_/Q
 _1170_/Q
 _1171_/Q
 _1172_/Q
 _1173_/Q
 _1174_/Q
 _1175_/Q
 _1176_/Q
 _1177_/Q
 _1178_/Q
 _1179_/Q
 _1180_/Q
 _1181_/Q
 _1182_/Q
 _1183_/Q
 _1184_/Q
 _1185_/Q
 _1186_/Q
 _1187_/Q
 _1188_/Q
 _1189_/Q
 _1190_/Q
 _1191_/Q
 _1192_/Q
 _1193_/Q
 _1194_/Q
 _1195_/Q
 _1196_/Q
 _1197_/Q
 _1198_/Q
 _1199_/Q
 _1200_/Q
 _1201_/Q
 _1202_/Q
 _1203_/Q
 _1204_/Q
 _1205_/Q
 _1206_/Q
 _1207_/Q
 _1208_/Q
 _1209_/Q
 _1210_/Q
 _1211_/Q
 _1212_/Q
 _1213_/Q
 _1214_/Q
 _1215_/Q
 _1216_/Q
 _1217_/Q
 _1218_/Q
 _1219_/Q
 _1220_/Q
 _1221_/Q
 _1222_/Q
 _1223_/Q
 _1224_/Q
 _1225_/Q
 _1226_/Q
 _1227_/Q
 _1228_/Q
 _1229_/Q
 _1230_/Q
 _1231_/Q
 _1232_/Q
 _1233_/Q
 _1234_/Q
 _1235_/Q
 _1236_/Q
 _1237_/Q
 _1238_/Q
 _1239_/Q
 _1240_/Q
 _1241_/Q
 _1242_/Q
 _1243_/Q
 _1244_/Q
 _1245_/Q
 _1246_/Q
 _1247_/Q
 _1248_/Q
 _1249_/Q
 _1250_/Q
 _1251_/Q
 _1252_/Q
 _1253_/Q
 _1254_/Q
 _1255_/Q
 _1256_/Q
 _1257_/Q
 _1258_/Q
 _1259_/Q
 _1260_/Q
 _1261_/Q
 _1262_/Q
 _1263_/Q
 _1264_/Q
 _1265_/Q
 _1266_/Q
 _1267_/Q
 _1268_/Q
 _1269_/Q
 _1270_/Q
 _1271_/Q
 _1272_/Q
 _1273_/Q
 _1274_/Q
 _1275_/Q
 _1276_/Q
 _1277_/Q
 _1278_/Q
 _1279_/Q
 _1280_/Q
 _1281_/Q
 _1282_/Q
 _1283_/Q
 _1284_/Q
 _1285_/Q
 _1286_/Q
 _1287_/Q
 _1288_/Q
 _1289_/Q
 _1290_/Q
 _1291_/Q
 _1292_/Q
 _1293_/Q
 _1294_/Q
 _1295_/Q
 _1296_/Q
 _1297_/Q
 _1298_/Q
 _1299_/Q
 _1300_/Q
 _1301_/Q
 _1302_/Q
 _1303_/Q
 _1304_/Q
 _1305_/Q
 _1306_/Q
 _1307_/Q
 _1308_/Q
 _1309_/Q
 _1310_/Q
 _1311_/Q
 _1312_/Q
 _1313_/Q
 _1314_/Q
 _1315_/Q
 _1316_/Q
 _1317_/Q
 _1318_/Q
 _1319_/Q
 _1320_/Q
 _1321_/Q
 _1322_/Q
 _1323_/Q
 _1324_/Q
 _1325_/Q
 _1326_/Q
 _1327_/Q
 _1328_/Q
 _1329_/Q
Found 0 partially unannotated drivers.

===========================================================================
max slew violation count 18
max fanout violation count 1
max cap violation count 0
============================================================================

===========================================================================
check_setup -verbose -unconstrained_endpoints -multiple_clock -no_clock -no_input_delay -loops -generated_clocks
===========================================================================
checks_report_end
power_report

===========================================================================
 report_power
============================================================================
======================= Typical Corner ===================================

Group                  Internal  Switching    Leakage      Total
                          Power      Power      Power      Power (Watts)
----------------------------------------------------------------
Sequential             8.00e-04   1.06e-04   1.43e-09   9.06e-04  53.7%
Combinational          4.10e-04   3.73e-04   1.65e-09   7.83e-04  46.3%
Macro                  0.00e+00   0.00e+00   0.00e+00   0.00e+00   0.0%
Pad                    0.00e+00   0.00e+00   0.00e+00   0.00e+00   0.0%
----------------------------------------------------------------
Total                  1.21e-03   4.79e-04   3.08e-09   1.69e-03 100.0%
                          71.7%      28.3%       0.0%

power_report_end
skew_report

===========================================================================
report_clock_skew
============================================================================
Clock clk
Latency      CRPR       Skew
_1169_/CLK ^
   0.97
_1169_/CLK ^
   0.88      0.00       0.09

skew_report_end
summary_report

===========================================================================
report_tns
============================================================================
tns 0.00

===========================================================================
report_wns
============================================================================
wns 0.00

===========================================================================
report_worst_slack -max (Setup)
============================================================================
worst slack 5.44

===========================================================================
report_worst_slack -min (Hold)
============================================================================
worst slack 0.14
summary_report_end
area_report

===========================================================================
report_design_area
============================================================================
Design area 8125 u^2 40% utilization.
area_report_end
[WARNING] Did not save OpenROAD database!
Writing SDF to '/openlane/designs/bist_top/runs/RUN_2026.07.07_06.59.45/results/signoff/bist_top.sdf'…
